run_id,round,task_id,episode_idx,seed,success,episode_length,git_sha
a1_sft_s0_task4_check5,0,4,0,0,0,300,a29848e1b527b87cd6f9351f91c3cfa758b5e423
a1_sft_s0_task4_check5,0,4,1,1,1,85,a29848e1b527b87cd6f9351f91c3cfa758b5e423
a1_sft_s0_task4_check5,0,4,2,2,1,83,a29848e1b527b87cd6f9351f91c3cfa758b5e423
a1_sft_s0_task4_check5,0,4,3,3,0,300,a29848e1b527b87cd6f9351f91c3cfa758b5e423
a1_sft_s0_task4_check5,0,4,4,4,1,79,a29848e1b527b87cd6f9351f91c3cfa758b5e423
a1_sft_s0_task4_check5,0,4,5,5,1,80,a29848e1b527b87cd6f9351f91c3cfa758b5e423
a1_sft_s0_task4_check5,0,4,6,6,0,300,a29848e1b527b87cd6f9351f91c3cfa758b5e423
a1_sft_s0_task4_check5,0,4,7,7,1,82,a29848e1b527b87cd6f9351f91c3cfa758b5e423
a1_sft_s0_task4_check5,0,4,8,8,0,300,a29848e1b527b87cd6f9351f91c3cfa758b5e423
a1_sft_s0_task4_check5,0,4,9,9,0,300,a29848e1b527b87cd6f9351f91c3cfa758b5e423
a1_sft_s0_task4_check5,1,4,0,10,0,300,a29848e1b527b87cd6f9351f91c3cfa758b5e423
a1_sft_s0_task4_check5,1,4,1,11,0,300,a29848e1b527b87cd6f9351f91c3cfa758b5e423
a1_sft_s0_task4_check5,1,4,2,12,1,84,a29848e1b527b87cd6f9351f91c3cfa758b5e423
a1_sft_s0_task4_check5,1,4,3,13,1,87,a29848e1b527b87cd6f9351f91c3cfa758b5e423
a1_sft_s0_task4_check5,1,4,4,14,0,300,a29848e1b527b87cd6f9351f91c3cfa758b5e423
a1_sft_s0_task4_check5,1,4,5,15,0,300,a29848e1b527b87cd6f9351f91c3cfa758b5e423
a1_sft_s0_task4_check5,1,4,6,16,1,88,a29848e1b527b87cd6f9351f91c3cfa758b5e423
a1_sft_s0_task4_check5,1,4,7,17,0,300,a29848e1b527b87cd6f9351f91c3cfa758b5e423
a1_sft_s0_task4_check5,1,4,8,18,0,300,a29848e1b527b87cd6f9351f91c3cfa758b5e423
a1_sft_s0_task4_check5,1,4,9,19,0,300,a29848e1b527b87cd6f9351f91c3cfa758b5e423
a1_sft_s0_task4_check5,0,4,0,0,0,300,ff29db272183912dc513c298f3d8992c19fbb7fc
a1_sft_s0_task4_check5,0,4,1,1,1,85,ff29db272183912dc513c298f3d8992c19fbb7fc
a1_sft_s0_task4_check5,0,4,2,2,1,83,ff29db272183912dc513c298f3d8992c19fbb7fc
a1_sft_s0_task4_check5,0,4,3,3,0,300,ff29db272183912dc513c298f3d8992c19fbb7fc
a1_sft_s0_task4_check5,0,4,4,4,1,79,ff29db272183912dc513c298f3d8992c19fbb7fc
a1_sft_s0_task4_check5,0,4,5,5,1,80,ff29db272183912dc513c298f3d8992c19fbb7fc
a1_sft_s0_task4_check5,0,4,6,6,0,300,ff29db272183912dc513c298f3d8992c19fbb7fc
a1_sft_s0_task4_check5,0,4,7,7,1,82,ff29db272183912dc513c298f3d8992c19fbb7fc
a1_sft_s0_task4_check5,0,4,8,8,0,300,ff29db272183912dc513c298f3d8992c19fbb7fc
a1_sft_s0_task4_check5,0,4,9,9,0,300,ff29db272183912dc513c298f3d8992c19fbb7fc
a1_sft_s0_task4_check5_lr5e-7,0,4,0,0,0,300,9ad4c0c1f8fc4ca0122591cdc6d168fe224b4707
a1_sft_s0_task4_check5_lr5e-7,0,4,1,1,1,85,9ad4c0c1f8fc4ca0122591cdc6d168fe224b4707
a1_sft_s0_task4_check5_lr5e-7,0,4,2,2,1,83,9ad4c0c1f8fc4ca0122591cdc6d168fe224b4707
a1_sft_s0_task4_check5_lr5e-7,0,4,3,3,0,300,9ad4c0c1f8fc4ca0122591cdc6d168fe224b4707
a1_sft_s0_task4_check5_lr5e-7,0,4,4,4,1,79,9ad4c0c1f8fc4ca0122591cdc6d168fe224b4707
a1_sft_s0_task4_check5_lr5e-7,0,4,5,5,1,80,9ad4c0c1f8fc4ca0122591cdc6d168fe224b4707
a1_sft_s0_task4_check5_lr5e-7,0,4,6,6,0,300,9ad4c0c1f8fc4ca0122591cdc6d168fe224b4707
a1_sft_s0_task4_check5_lr5e-7,0,4,7,7,1,82,9ad4c0c1f8fc4ca0122591cdc6d168fe224b4707
a1_sft_s0_task4_check5_lr5e-7,0,4,8,8,0,300,9ad4c0c1f8fc4ca0122591cdc6d168fe224b4707
a1_sft_s0_task4_check5_lr5e-7,0,4,9,9,0,300,9ad4c0c1f8fc4ca0122591cdc6d168fe224b4707
a1_sft_s0_task4_check5_lr5e-7,1,4,0,10,0,300,9ad4c0c1f8fc4ca0122591cdc6d168fe224b4707
a1_sft_s0_task4_check5_lr5e-7,1,4,1,11,0,300,9ad4c0c1f8fc4ca0122591cdc6d168fe224b4707
a1_sft_s0_task4_check5_lr5e-7,1,4,2,12,1,75,9ad4c0c1f8fc4ca0122591cdc6d168fe224b4707
a1_sft_s0_task4_check5_lr5e-7,1,4,3,13,0,300,9ad4c0c1f8fc4ca0122591cdc6d168fe224b4707
a1_sft_s0_task4_check5_lr5e-7,1,4,4,14,0,300,9ad4c0c1f8fc4ca0122591cdc6d168fe224b4707
a1_sft_s0_task4_check5_lr5e-7,1,4,5,15,1,87,9ad4c0c1f8fc4ca0122591cdc6d168fe224b4707
a1_sft_s0_task4_check5_lr5e-7,1,4,6,16,1,78,9ad4c0c1f8fc4ca0122591cdc6d168fe224b4707
a1_sft_s0_task4_check5_lr5e-7,1,4,7,17,1,85,9ad4c0c1f8fc4ca0122591cdc6d168fe224b4707
a1_sft_s0_task4_check5_lr5e-7,1,4,8,18,0,300,9ad4c0c1f8fc4ca0122591cdc6d168fe224b4707
a1_sft_s0_task4_check5_lr5e-7,1,4,9,19,0,300,9ad4c0c1f8fc4ca0122591cdc6d168fe224b4707
a1_sft_s0_task4_check5_lr5e-7,2,4,0,20,1,76,9ad4c0c1f8fc4ca0122591cdc6d168fe224b4707
a1_sft_s0_task4_check5_lr5e-7,2,4,1,21,1,86,9ad4c0c1f8fc4ca0122591cdc6d168fe224b4707
a1_sft_s0_task4_check5_lr5e-7,2,4,2,22,0,300,9ad4c0c1f8fc4ca0122591cdc6d168fe224b4707
a1_sft_s0_task4_check5_lr5e-7,2,4,3,23,0,300,9ad4c0c1f8fc4ca0122591cdc6d168fe224b4707
a1_sft_s0_task4_check5_lr5e-7,2,4,4,24,0,300,9ad4c0c1f8fc4ca0122591cdc6d168fe224b4707
a1_sft_s0_task4_check5_lr5e-7,2,4,5,25,1,80,9ad4c0c1f8fc4ca0122591cdc6d168fe224b4707
a1_sft_s0_task4_check5_lr5e-7,2,4,6,26,1,87,9ad4c0c1f8fc4ca0122591cdc6d168fe224b4707
a1_sft_s0_task4_check5_lr5e-7,2,4,7,27,1,78,9ad4c0c1f8fc4ca0122591cdc6d168fe224b4707
a1_sft_s0_task4_check5_lr5e-7,2,4,8,28,1,85,9ad4c0c1f8fc4ca0122591cdc6d168fe224b4707
a1_sft_s0_task4_check5_lr5e-7,2,4,9,29,1,81,9ad4c0c1f8fc4ca0122591cdc6d168fe224b4707
a1_sft_s0_task4_check5_lr5e-7,3,4,0,30,1,80,9ad4c0c1f8fc4ca0122591cdc6d168fe224b4707
a1_sft_s0_task4_check5_lr5e-7,3,4,1,31,1,87,9ad4c0c1f8fc4ca0122591cdc6d168fe224b4707
a1_sft_s0_task4_check5_lr5e-7,3,4,2,32,0,300,9ad4c0c1f8fc4ca0122591cdc6d168fe224b4707
a1_sft_s0_task4_check5_lr5e-7,3,4,3,33,0,300,9ad4c0c1f8fc4ca0122591cdc6d168fe224b4707
a1_sft_s0_task4_check5_lr5e-7,3,4,4,34,1,83,9ad4c0c1f8fc4ca0122591cdc6d168fe224b4707
a1_sft_s0_task4_check5_lr5e-7,3,4,5,35,1,76,9ad4c0c1f8fc4ca0122591cdc6d168fe224b4707
a1_sft_s0_task4_check5_lr5e-7,3,4,6,36,1,86,9ad4c0c1f8fc4ca0122591cdc6d168fe224b4707
a1_sft_s0_task4_check5_lr5e-7,3,4,7,37,1,86,9ad4c0c1f8fc4ca0122591cdc6d168fe224b4707
a1_sft_s0_task4_check5_lr5e-7,3,4,8,38,0,300,9ad4c0c1f8fc4ca0122591cdc6d168fe224b4707
a1_sft_s0_task4_check5_lr5e-7,3,4,9,39,0,300,9ad4c0c1f8fc4ca0122591cdc6d168fe224b4707
a1_sft_s0_task4_check5_lr5e-7,4,4,0,40,0,300,9ad4c0c1f8fc4ca0122591cdc6d168fe224b4707
a1_sft_s0_task4_check5_lr5e-7,4,4,1,41,1,82,9ad4c0c1f8fc4ca0122591cdc6d168fe224b4707
a1_sft_s0_task4_check5_lr5e-7,4,4,2,42,0,300,9ad4c0c1f8fc4ca0122591cdc6d168fe224b4707
a1_sft_s0_task4_check5_lr5e-7,4,4,3,43,1,81,9ad4c0c1f8fc4ca0122591cdc6d168fe224b4707
a1_sft_s0_task4_check5_lr5e-7,4,4,4,44,1,77,9ad4c0c1f8fc4ca0122591cdc6d168fe224b4707
a1_sft_s0_task4_check5_lr5e-7,4,4,5,45,1,80,9ad4c0c1f8fc4ca0122591cdc6d168fe224b4707
a1_sft_s0_task4_check5_lr5e-7,4,4,6,46,1,81,9ad4c0c1f8fc4ca0122591cdc6d168fe224b4707
a1_sft_s0_task4_check5_lr5e-7,4,4,7,47,0,300,9ad4c0c1f8fc4ca0122591cdc6d168fe224b4707
a1_sft_s0_task4_check5_lr5e-7,4,4,8,48,0,300,9ad4c0c1f8fc4ca0122591cdc6d168fe224b4707
a1_sft_s0_task4_check5_lr5e-7,4,4,9,49,1,83,9ad4c0c1f8fc4ca0122591cdc6d168fe224b4707
a1_sft_s0_task4_check5_lr5e-7,5,4,0,50,0,300,9ad4c0c1f8fc4ca0122591cdc6d168fe224b4707
a1_sft_s0_task4_check5_lr5e-7,5,4,1,51,1,86,9ad4c0c1f8fc4ca0122591cdc6d168fe224b4707
a1_sft_s0_task4_check5_lr5e-7,5,4,2,52,1,81,9ad4c0c1f8fc4ca0122591cdc6d168fe224b4707
a1_sft_s0_task4_check5_lr5e-7,5,4,3,53,0,300,9ad4c0c1f8fc4ca0122591cdc6d168fe224b4707
a1_sft_s0_task4_check5_lr5e-7,5,4,4,54,1,78,9ad4c0c1f8fc4ca0122591cdc6d168fe224b4707
a1_sft_s0_task4_check5_lr5e-7,5,4,5,55,1,84,9ad4c0c1f8fc4ca0122591cdc6d168fe224b4707
a1_sft_s0_task4_check5_lr5e-7,5,4,6,56,0,300,9ad4c0c1f8fc4ca0122591cdc6d168fe224b4707
a1_sft_s0_task4_check5_lr5e-7,5,4,7,57,1,80,9ad4c0c1f8fc4ca0122591cdc6d168fe224b4707
a1_sft_s0_task4_check5_lr5e-7,5,4,8,58,0,300,9ad4c0c1f8fc4ca0122591cdc6d168fe224b4707
a1_sft_s0_task4_check5_lr5e-7,5,4,9,59,0,300,9ad4c0c1f8fc4ca0122591cdc6d168fe224b4707
a1_sft_s0_task4_check5_lr5e-7,6,4,0,60,0,300,9ad4c0c1f8fc4ca0122591cdc6d168fe224b4707
a1_sft_s0_task4_check5_lr5e-7,6,4,1,61,0,300,9ad4c0c1f8fc4ca0122591cdc6d168fe224b4707
a1_sft_s0_task4_check5_lr5e-7,6,4,2,62,1,76,9ad4c0c1f8fc4ca0122591cdc6d168fe224b4707
a1_sft_s0_task4_check5_lr5e-7,6,4,3,63,1,78,9ad4c0c1f8fc4ca0122591cdc6d168fe224b4707
a1_sft_s0_task4_check5_lr5e-7,6,4,4,64,0,300,9ad4c0c1f8fc4ca0122591cdc6d168fe224b4707
a1_sft_s0_task4_check5_lr5e-7,6,4,5,65,1,88,9ad4c0c1f8fc4ca0122591cdc6d168fe224b4707
a1_sft_s0_task4_check5_lr5e-7,6,4,6,66,1,82,9ad4c0c1f8fc4ca0122591cdc6d168fe224b4707
a1_sft_s0_task4_check5_lr5e-7,6,4,7,67,0,300,9ad4c0c1f8fc4ca0122591cdc6d168fe224b4707
a1_sft_s0_task4_check5_lr5e-7,6,4,8,68,0,300,9ad4c0c1f8fc4ca0122591cdc6d168fe224b4707
a1_sft_s0_task4_check5_lr5e-7,6,4,9,69,0,300,9ad4c0c1f8fc4ca0122591cdc6d168fe224b4707
a1_sft_s0_task4_check5_lr5e-7,7,4,0,70,1,81,9ad4c0c1f8fc4ca0122591cdc6d168fe224b4707
a1_sft_s0_task4_check5_lr5e-7,7,4,1,71,1,87,9ad4c0c1f8fc4ca0122591cdc6d168fe224b4707
a1_sft_s0_task4_check5_lr5e-7,7,4,2,72,0,300,9ad4c0c1f8fc4ca0122591cdc6d168fe224b4707
a1_sft_s0_task4_check5_lr5e-7,7,4,3,73,0,300,9ad4c0c1f8fc4ca0122591cdc6d168fe224b4707
a1_sft_s0_task4_check5_lr5e-7,7,4,4,74,0,300,9ad4c0c1f8fc4ca0122591cdc6d168fe224b4707
a1_sft_s0_task4_check5_lr5e-7,7,4,5,75,0,300,9ad4c0c1f8fc4ca0122591cdc6d168fe224b4707
a1_sft_s0_task4_check5_lr5e-7,7,4,6,76,1,79,9ad4c0c1f8fc4ca0122591cdc6d168fe224b4707
a1_sft_s0_task4_check5_lr5e-7,7,4,7,77,1,82,9ad4c0c1f8fc4ca0122591cdc6d168fe224b4707
a1_sft_s0_task4_check5_lr5e-7,7,4,8,78,1,80,9ad4c0c1f8fc4ca0122591cdc6d168fe224b4707
a1_sft_s0_task4_check5_lr5e-7,7,4,9,79,1,79,9ad4c0c1f8fc4ca0122591cdc6d168fe224b4707
a1_sft_s0_task4_check5_lr5e-7,8,4,0,80,1,81,9ad4c0c1f8fc4ca0122591cdc6d168fe224b4707
a1_sft_s0_task4_check5_lr5e-7,8,4,1,81,0,300,9ad4c0c1f8fc4ca0122591cdc6d168fe224b4707
a1_sft_s0_task4_check5_lr5e-7,8,4,2,82,0,300,9ad4c0c1f8fc4ca0122591cdc6d168fe224b4707
a1_sft_s0_task4_check5_lr5e-7,8,4,3,83,1,84,9ad4c0c1f8fc4ca0122591cdc6d168fe224b4707
a1_sft_s0_task4_check5_lr5e-7,8,4,4,84,1,81,9ad4c0c1f8fc4ca0122591cdc6d168fe224b4707
a1_sft_s0_task4_check5_lr5e-7,8,4,5,85,1,77,9ad4c0c1f8fc4ca0122591cdc6d168fe224b4707
a1_sft_s0_task4_check5_lr5e-7,8,4,6,86,1,90,9ad4c0c1f8fc4ca0122591cdc6d168fe224b4707
a1_sft_s0_task4_check5_lr5e-7,8,4,7,87,1,84,9ad4c0c1f8fc4ca0122591cdc6d168fe224b4707
a1_sft_s0_task4_check5_lr5e-7,8,4,8,88,0,300,9ad4c0c1f8fc4ca0122591cdc6d168fe224b4707
a1_sft_s0_task4_check5_lr5e-7,8,4,9,89,0,300,9ad4c0c1f8fc4ca0122591cdc6d168fe224b4707
a1_sft_s0_task4_check5_lr5e-7,9,4,0,90,0,300,9ad4c0c1f8fc4ca0122591cdc6d168fe224b4707
a1_sft_s0_task4_check5_lr5e-7,9,4,1,91,1,82,9ad4c0c1f8fc4ca0122591cdc6d168fe224b4707
a1_sft_s0_task4_check5_lr5e-7,9,4,2,92,1,75,9ad4c0c1f8fc4ca0122591cdc6d168fe224b4707
a1_sft_s0_task4_check5_lr5e-7,9,4,3,93,1,83,9ad4c0c1f8fc4ca0122591cdc6d168fe224b4707
a1_sft_s0_task4_check5_lr5e-7,9,4,4,94,1,77,9ad4c0c1f8fc4ca0122591cdc6d168fe224b4707
a1_sft_s0_task4_check5_lr5e-7,9,4,5,95,1,80,9ad4c0c1f8fc4ca0122591cdc6d168fe224b4707
a1_sft_s0_task4_check5_lr5e-7,9,4,6,96,1,82,9ad4c0c1f8fc4ca0122591cdc6d168fe224b4707
a1_sft_s0_task4_check5_lr5e-7,9,4,7,97,0,300,9ad4c0c1f8fc4ca0122591cdc6d168fe224b4707
a1_sft_s0_task4_check5_lr5e-7,9,4,8,98,0,300,9ad4c0c1f8fc4ca0122591cdc6d168fe224b4707
a1_sft_s0_task4_check5_lr5e-7,9,4,9,99,1,84,9ad4c0c1f8fc4ca0122591cdc6d168fe224b4707
a1_sft_s0_task4_check5_lr5e-7,10,4,0,100,0,300,9ad4c0c1f8fc4ca0122591cdc6d168fe224b4707
a1_sft_s0_task4_check5_lr5e-7,10,4,1,101,1,87,9ad4c0c1f8fc4ca0122591cdc6d168fe224b4707
a1_sft_s0_task4_check5_lr5e-7,10,4,2,102,1,82,9ad4c0c1f8fc4ca0122591cdc6d168fe224b4707
a1_sft_s0_task4_check5_lr5e-7,10,4,3,103,0,300,9ad4c0c1f8fc4ca0122591cdc6d168fe224b4707
a1_sft_s0_task4_check5_lr5e-7,10,4,4,104,0,300,9ad4c0c1f8fc4ca0122591cdc6d168fe224b4707
a1_sft_s0_task4_check5_lr5e-7,10,4,5,105,1,85,9ad4c0c1f8fc4ca0122591cdc6d168fe224b4707
a1_sft_s0_task4_check5_lr5e-7,10,4,6,106,0,300,9ad4c0c1f8fc4ca0122591cdc6d168fe224b4707
a1_sft_s0_task4_check5_lr5e-7,10,4,7,107,1,86,9ad4c0c1f8fc4ca0122591cdc6d168fe224b4707
a1_sft_s0_task4_check5_lr5e-7,10,4,8,108,0,300,9ad4c0c1f8fc4ca0122591cdc6d168fe224b4707
a1_sft_s0_task4_check5_lr5e-7,10,4,9,109,1,76,9ad4c0c1f8fc4ca0122591cdc6d168fe224b4707
a1_sft_s0_task4_check5_lr5e-7,11,4,0,110,0,300,9ad4c0c1f8fc4ca0122591cdc6d168fe224b4707
a1_sft_s0_task4_check5_lr5e-7,11,4,1,111,0,300,9ad4c0c1f8fc4ca0122591cdc6d168fe224b4707
a1_sft_s0_task4_check5_lr5e-7,11,4,2,112,1,76,9ad4c0c1f8fc4ca0122591cdc6d168fe224b4707
a1_sft_s0_task4_check5_lr5e-7,11,4,3,113,1,80,9ad4c0c1f8fc4ca0122591cdc6d168fe224b4707
a1_sft_s0_task4_check5_lr5e-7,11,4,4,114,0,300,9ad4c0c1f8fc4ca0122591cdc6d168fe224b4707
a1_sft_s0_task4_check5_lr5e-7,11,4,5,115,1,87,9ad4c0c1f8fc4ca0122591cdc6d168fe224b4707
a1_sft_s0_task4_check5_lr5e-7,11,4,6,116,1,87,9ad4c0c1f8fc4ca0122591cdc6d168fe224b4707
a1_sft_s0_task4_check5_lr5e-7,11,4,7,117,1,81,9ad4c0c1f8fc4ca0122591cdc6d168fe224b4707
a1_sft_s0_task4_check5_lr5e-7,11,4,8,118,0,300,9ad4c0c1f8fc4ca0122591cdc6d168fe224b4707
a1_sft_s0_task4_check5_lr5e-7,11,4,9,119,0,300,9ad4c0c1f8fc4ca0122591cdc6d168fe224b4707
a1_sft_s0_task4_check5_lr5e-7,12,4,0,120,1,80,9ad4c0c1f8fc4ca0122591cdc6d168fe224b4707
a1_sft_s0_task4_check5_lr5e-7,12,4,1,121,1,92,9ad4c0c1f8fc4ca0122591cdc6d168fe224b4707
a1_sft_s0_task4_check5_lr5e-7,12,4,2,122,0,300,9ad4c0c1f8fc4ca0122591cdc6d168fe224b4707
a1_sft_s0_task4_check5_lr5e-7,12,4,3,123,0,300,9ad4c0c1f8fc4ca0122591cdc6d168fe224b4707
a1_sft_s0_task4_check5_lr5e-7,12,4,4,124,0,300,9ad4c0c1f8fc4ca0122591cdc6d168fe224b4707
a1_sft_s0_task4_check5_lr5e-7,12,4,5,125,0,300,9ad4c0c1f8fc4ca0122591cdc6d168fe224b4707
a1_sft_s0_task4_check5_lr5e-7,12,4,6,126,1,86,9ad4c0c1f8fc4ca0122591cdc6d168fe224b4707
a1_sft_s0_task4_check5_lr5e-7,12,4,7,127,1,82,9ad4c0c1f8fc4ca0122591cdc6d168fe224b4707
a1_sft_s0_task4_check5_lr5e-7,12,4,8,128,1,83,9ad4c0c1f8fc4ca0122591cdc6d168fe224b4707
a1_sft_s0_task4_check5_lr5e-7,12,4,9,129,1,78,9ad4c0c1f8fc4ca0122591cdc6d168fe224b4707
a1_sft_s0_task4_check5_lr5e-7,13,4,0,130,1,78,9ad4c0c1f8fc4ca0122591cdc6d168fe224b4707
a1_sft_s0_task4_check5_lr5e-7,13,4,1,131,1,89,9ad4c0c1f8fc4ca0122591cdc6d168fe224b4707
a1_sft_s0_task4_check5_lr5e-7,13,4,2,132,0,300,9ad4c0c1f8fc4ca0122591cdc6d168fe224b4707
a1_sft_s0_task4_check5_lr5e-7,13,4,3,133,0,300,9ad4c0c1f8fc4ca0122591cdc6d168fe224b4707
a1_sft_s0_task4_check5_lr5e-7,13,4,4,134,1,76,9ad4c0c1f8fc4ca0122591cdc6d168fe224b4707
a1_sft_s0_task4_check5_lr5e-7,13,4,5,135,1,80,9ad4c0c1f8fc4ca0122591cdc6d168fe224b4707
a1_sft_s0_task4_check5_lr5e-7,13,4,6,136,1,89,9ad4c0c1f8fc4ca0122591cdc6d168fe224b4707
a1_sft_s0_task4_check5_lr5e-7,13,4,7,137,1,86,9ad4c0c1f8fc4ca0122591cdc6d168fe224b4707
a1_sft_s0_task4_check5_lr5e-7,13,4,8,138,0,300,9ad4c0c1f8fc4ca0122591cdc6d168fe224b4707
a1_sft_s0_task4_check5_lr5e-7,13,4,9,139,0,300,9ad4c0c1f8fc4ca0122591cdc6d168fe224b4707
a1_sft_s0_task4_check5_lr5e-7,14,4,0,140,0,300,9ad4c0c1f8fc4ca0122591cdc6d168fe224b4707
a1_sft_s0_task4_check5_lr5e-7,14,4,1,141,1,84,9ad4c0c1f8fc4ca0122591cdc6d168fe224b4707
a1_sft_s0_task4_check5_lr5e-7,14,4,2,142,1,77,9ad4c0c1f8fc4ca0122591cdc6d168fe224b4707
a1_sft_s0_task4_check5_lr5e-7,14,4,3,143,1,82,9ad4c0c1f8fc4ca0122591cdc6d168fe224b4707
a1_sft_s0_task4_check5_lr5e-7,14,4,4,144,1,76,9ad4c0c1f8fc4ca0122591cdc6d168fe224b4707
a1_sft_s0_task4_check5_lr5e-7,14,4,5,145,1,80,9ad4c0c1f8fc4ca0122591cdc6d168fe224b4707
a1_sft_s0_task4_check5_lr5e-7,14,4,6,146,1,83,9ad4c0c1f8fc4ca0122591cdc6d168fe224b4707
a1_sft_s0_task4_check5_lr5e-7,14,4,7,147,0,300,9ad4c0c1f8fc4ca0122591cdc6d168fe224b4707
a1_sft_s0_task4_check5_lr5e-7,14,4,8,148,0,300,9ad4c0c1f8fc4ca0122591cdc6d168fe224b4707
a1_sft_s0_task4_check5_lr5e-7,14,4,9,149,1,86,9ad4c0c1f8fc4ca0122591cdc6d168fe224b4707
a1_sft_s0_task4_check5_lr5e-7,15,4,0,150,0,300,9ad4c0c1f8fc4ca0122591cdc6d168fe224b4707
a1_sft_s0_task4_check5_lr5e-7,15,4,1,151,1,87,9ad4c0c1f8fc4ca0122591cdc6d168fe224b4707
a1_sft_s0_task4_check5_lr5e-7,15,4,2,152,1,82,9ad4c0c1f8fc4ca0122591cdc6d168fe224b4707
a1_sft_s0_task4_check5_lr5e-7,15,4,3,153,0,300,9ad4c0c1f8fc4ca0122591cdc6d168fe224b4707
a1_sft_s0_task4_check5_lr5e-7,15,4,4,154,0,300,9ad4c0c1f8fc4ca0122591cdc6d168fe224b4707
a1_sft_s0_task4_check5_lr5e-7,15,4,5,155,1,85,9ad4c0c1f8fc4ca0122591cdc6d168fe224b4707
a1_sft_s0_task4_check5_lr5e-7,15,4,6,156,0,300,9ad4c0c1f8fc4ca0122591cdc6d168fe224b4707
a1_sft_s0_task4_check5_lr5e-7,15,4,7,157,0,300,9ad4c0c1f8fc4ca0122591cdc6d168fe224b4707
a1_sft_s0_task4_check5_lr5e-7,15,4,8,158,0,300,9ad4c0c1f8fc4ca0122591cdc6d168fe224b4707
a1_sft_s0_task4_check5_lr5e-7,15,4,9,159,1,77,9ad4c0c1f8fc4ca0122591cdc6d168fe224b4707
a1_sft_s0_task4_check5_lr5e-7,16,4,0,160,0,300,9ad4c0c1f8fc4ca0122591cdc6d168fe224b4707
a1_sft_s0_task4_check5_lr5e-7,16,4,1,161,0,300,9ad4c0c1f8fc4ca0122591cdc6d168fe224b4707
a1_sft_s0_task4_check5_lr5e-7,16,4,2,162,1,76,9ad4c0c1f8fc4ca0122591cdc6d168fe224b4707
a1_sft_s0_task4_check5_lr5e-7,16,4,3,163,1,77,9ad4c0c1f8fc4ca0122591cdc6d168fe224b4707
a1_sft_s0_task4_check5_lr5e-7,16,4,4,164,0,300,9ad4c0c1f8fc4ca0122591cdc6d168fe224b4707
a1_sft_s0_task4_check5_lr5e-7,16,4,5,165,1,87,9ad4c0c1f8fc4ca0122591cdc6d168fe224b4707
a1_sft_s0_task4_check5_lr5e-7,16,4,6,166,1,82,9ad4c0c1f8fc4ca0122591cdc6d168fe224b4707
a1_sft_s0_task4_check5_lr5e-7,16,4,7,167,1,79,9ad4c0c1f8fc4ca0122591cdc6d168fe224b4707
a1_sft_s0_task4_check5_lr5e-7,16,4,8,168,0,300,9ad4c0c1f8fc4ca0122591cdc6d168fe224b4707
a1_sft_s0_task4_check5_lr5e-7,16,4,9,169,0,300,9ad4c0c1f8fc4ca0122591cdc6d168fe224b4707
a1_sft_s0_task4_check5_lr5e-7,17,4,0,170,1,78,9ad4c0c1f8fc4ca0122591cdc6d168fe224b4707
a1_sft_s0_task4_check5_lr5e-7,17,4,1,171,1,89,9ad4c0c1f8fc4ca0122591cdc6d168fe224b4707
a1_sft_s0_task4_check5_lr5e-7,17,4,2,172,0,300,9ad4c0c1f8fc4ca0122591cdc6d168fe224b4707
a1_sft_s0_task4_check5_lr5e-7,17,4,3,173,0,300,9ad4c0c1f8fc4ca0122591cdc6d168fe224b4707
a1_sft_s0_task4_check5_lr5e-7,17,4,4,174,0,300,9ad4c0c1f8fc4ca0122591cdc6d168fe224b4707
a1_sft_s0_task4_check5_lr5e-7,17,4,5,175,0,300,9ad4c0c1f8fc4ca0122591cdc6d168fe224b4707
a1_sft_s0_task4_check5_lr5e-7,17,4,6,176,1,86,9ad4c0c1f8fc4ca0122591cdc6d168fe224b4707
a1_sft_s0_task4_check5_lr5e-7,17,4,7,177,1,85,9ad4c0c1f8fc4ca0122591cdc6d168fe224b4707
a1_sft_s0_task4_check5_lr5e-7,17,4,8,178,1,86,9ad4c0c1f8fc4ca0122591cdc6d168fe224b4707
a1_sft_s0_task4_check5_lr5e-7,17,4,9,179,1,80,9ad4c0c1f8fc4ca0122591cdc6d168fe224b4707
a1_sft_s0_task4_check5_lr5e-7,18,4,0,180,1,79,9ad4c0c1f8fc4ca0122591cdc6d168fe224b4707
a1_sft_s0_task4_check5_lr5e-7,18,4,1,181,1,92,9ad4c0c1f8fc4ca0122591cdc6d168fe224b4707
a1_sft_s0_task4_check5_lr5e-7,18,4,2,182,0,300,9ad4c0c1f8fc4ca0122591cdc6d168fe224b4707
a1_sft_s0_task4_check5_lr5e-7,18,4,3,183,0,300,9ad4c0c1f8fc4ca0122591cdc6d168fe224b4707
a1_sft_s0_task4_check5_lr5e-7,18,4,4,184,1,81,9ad4c0c1f8fc4ca0122591cdc6d168fe224b4707
a1_sft_s0_task4_check5_lr5e-7,18,4,5,185,1,75,9ad4c0c1f8fc4ca0122591cdc6d168fe224b4707
a1_sft_s0_task4_check5_lr5e-7,18,4,6,186,1,83,9ad4c0c1f8fc4ca0122591cdc6d168fe224b4707
a1_sft_s0_task4_check5_lr5e-7,18,4,7,187,0,300,9ad4c0c1f8fc4ca0122591cdc6d168fe224b4707
a1_sft_s0_task4_check5_lr5e-7,18,4,8,188,0,300,9ad4c0c1f8fc4ca0122591cdc6d168fe224b4707
a1_sft_s0_task4_check5_lr5e-7,18,4,9,189,0,300,9ad4c0c1f8fc4ca0122591cdc6d168fe224b4707
a1_sft_s0_task4_check5_lr5e-7,19,4,0,190,0,300,9ad4c0c1f8fc4ca0122591cdc6d168fe224b4707
a1_sft_s0_task4_check5_lr5e-7,19,4,1,191,1,78,9ad4c0c1f8fc4ca0122591cdc6d168fe224b4707
a1_sft_s0_task4_check5_lr5e-7,19,4,2,192,1,74,9ad4c0c1f8fc4ca0122591cdc6d168fe224b4707
a1_sft_s0_task4_check5_lr5e-7,19,4,3,193,1,82,9ad4c0c1f8fc4ca0122591cdc6d168fe224b4707
a1_sft_s0_task4_check5_lr5e-7,19,4,4,194,1,79,9ad4c0c1f8fc4ca0122591cdc6d168fe224b4707
a1_sft_s0_task4_check5_lr5e-7,19,4,5,195,1,81,9ad4c0c1f8fc4ca0122591cdc6d168fe224b4707
a1_sft_s0_task4_check5_lr5e-7,19,4,6,196,1,85,9ad4c0c1f8fc4ca0122591cdc6d168fe224b4707
a1_sft_s0_task4_check5_lr5e-7,19,4,7,197,0,300,9ad4c0c1f8fc4ca0122591cdc6d168fe224b4707
a1_sft_s0_task4_check5_lr5e-7,19,4,8,198,0,300,9ad4c0c1f8fc4ca0122591cdc6d168fe224b4707
a1_sft_s0_task4_check5_lr5e-7,19,4,9,199,1,88,9ad4c0c1f8fc4ca0122591cdc6d168fe224b4707
a1_sft_s0_task4_check5_lr5e-7,20,4,0,200,0,300,9ad4c0c1f8fc4ca0122591cdc6d168fe224b4707
a1_sft_s0_task4_check5_lr5e-7,20,4,1,201,1,84,9ad4c0c1f8fc4ca0122591cdc6d168fe224b4707
a1_sft_s0_task4_check5_lr5e-7,20,4,2,202,1,82,9ad4c0c1f8fc4ca0122591cdc6d168fe224b4707
a1_sft_s0_task4_check5_lr5e-7,20,4,3,203,0,300,9ad4c0c1f8fc4ca0122591cdc6d168fe224b4707
a1_sft_s0_task4_check5_lr5e-7,20,4,4,204,0,300,9ad4c0c1f8fc4ca0122591cdc6d168fe224b4707
a1_sft_s0_task4_check5_lr5e-7,20,4,5,205,1,83,9ad4c0c1f8fc4ca0122591cdc6d168fe224b4707
a1_sft_s0_task4_check5_lr5e-7,20,4,6,206,0,300,9ad4c0c1f8fc4ca0122591cdc6d168fe224b4707
a1_sft_s0_task4_check5_lr5e-7,20,4,7,207,0,300,9ad4c0c1f8fc4ca0122591cdc6d168fe224b4707
a1_sft_s0_task4_check5_lr5e-7,20,4,8,208,0,300,9ad4c0c1f8fc4ca0122591cdc6d168fe224b4707
a1_sft_s0_task4_check5_lr5e-7,20,4,9,209,0,300,9ad4c0c1f8fc4ca0122591cdc6d168fe224b4707
a1_sft_s0_task4_check5_lr5e-7,21,4,0,210,0,300,9ad4c0c1f8fc4ca0122591cdc6d168fe224b4707
a1_sft_s0_task4_check5_lr5e-7,21,4,1,211,0,300,9ad4c0c1f8fc4ca0122591cdc6d168fe224b4707
a1_sft_s0_task4_check5_lr5e-7,21,4,2,212,1,80,9ad4c0c1f8fc4ca0122591cdc6d168fe224b4707
a1_sft_s0_task4_check5_lr5e-7,21,4,3,213,1,80,9ad4c0c1f8fc4ca0122591cdc6d168fe224b4707
a1_sft_s0_task4_check5_lr5e-7,21,4,4,214,0,300,9ad4c0c1f8fc4ca0122591cdc6d168fe224b4707
a1_sft_s0_task4_check5_lr5e-7,21,4,5,215,1,88,9ad4c0c1f8fc4ca0122591cdc6d168fe224b4707
a1_sft_s0_task4_check5_lr5e-7,21,4,6,216,1,80,9ad4c0c1f8fc4ca0122591cdc6d168fe224b4707
a1_sft_s0_task4_check5_lr5e-7,21,4,7,217,1,86,9ad4c0c1f8fc4ca0122591cdc6d168fe224b4707
a1_sft_s0_task4_check5_lr5e-7,21,4,8,218,0,300,9ad4c0c1f8fc4ca0122591cdc6d168fe224b4707
a1_sft_s0_task4_check5_lr5e-7,21,4,9,219,0,300,9ad4c0c1f8fc4ca0122591cdc6d168fe224b4707
a1_sft_s0_task4_check5_lr5e-7,22,4,0,220,1,81,9ad4c0c1f8fc4ca0122591cdc6d168fe224b4707
a1_sft_s0_task4_check5_lr5e-7,22,4,1,221,1,87,9ad4c0c1f8fc4ca0122591cdc6d168fe224b4707
a1_sft_s0_task4_check5_lr5e-7,22,4,2,222,0,300,9ad4c0c1f8fc4ca0122591cdc6d168fe224b4707
a1_sft_s0_task4_check5_lr5e-7,22,4,3,223,0,300,9ad4c0c1f8fc4ca0122591cdc6d168fe224b4707
a1_sft_s0_task4_check5_lr5e-7,22,4,4,224,0,300,9ad4c0c1f8fc4ca0122591cdc6d168fe224b4707
a1_sft_s0_task4_check5_lr5e-7,22,4,5,225,0,300,9ad4c0c1f8fc4ca0122591cdc6d168fe224b4707
a1_sft_s0_task4_check5_lr5e-7,22,4,6,226,1,87,9ad4c0c1f8fc4ca0122591cdc6d168fe224b4707
a1_sft_s0_task4_check5_lr5e-7,22,4,7,227,1,80,9ad4c0c1f8fc4ca0122591cdc6d168fe224b4707
a1_sft_s0_task4_check5_lr5e-7,22,4,8,228,1,88,9ad4c0c1f8fc4ca0122591cdc6d168fe224b4707
a1_sft_s0_task4_check5_lr5e-7,22,4,9,229,1,80,9ad4c0c1f8fc4ca0122591cdc6d168fe224b4707
a1_sft_s0_task4_check5_lr5e-7,23,4,0,230,1,81,9ad4c0c1f8fc4ca0122591cdc6d168fe224b4707
a1_sft_s0_task4_check5_lr5e-7,23,4,1,231,1,92,9ad4c0c1f8fc4ca0122591cdc6d168fe224b4707
a1_sft_s0_task4_check5_lr5e-7,23,4,2,232,0,300,9ad4c0c1f8fc4ca0122591cdc6d168fe224b4707
a1_sft_s0_task4_check5_lr5e-7,23,4,3,233,1,78,9ad4c0c1f8fc4ca0122591cdc6d168fe224b4707
a1_sft_s0_task4_check5_lr5e-7,23,4,4,234,1,80,9ad4c0c1f8fc4ca0122591cdc6d168fe224b4707
a1_sft_s0_task4_check5_lr5e-7,23,4,5,235,1,79,9ad4c0c1f8fc4ca0122591cdc6d168fe224b4707
a1_sft_s0_task4_check5_lr5e-7,23,4,6,236,1,86,9ad4c0c1f8fc4ca0122591cdc6d168fe224b4707
a1_sft_s0_task4_check5_lr5e-7,23,4,7,237,1,73,9ad4c0c1f8fc4ca0122591cdc6d168fe224b4707
a1_sft_s0_task4_check5_lr5e-7,23,4,8,238,0,300,9ad4c0c1f8fc4ca0122591cdc6d168fe224b4707
a1_sft_s0_task4_check5_lr5e-7,23,4,9,239,0,300,9ad4c0c1f8fc4ca0122591cdc6d168fe224b4707
a1_sft_s0_task4_check5_lr5e-7,24,4,0,240,0,300,9ad4c0c1f8fc4ca0122591cdc6d168fe224b4707
a1_sft_s0_task4_check5_lr5e-7,24,4,1,241,1,78,9ad4c0c1f8fc4ca0122591cdc6d168fe224b4707
a1_sft_s0_task4_check5_lr5e-7,24,4,2,242,0,300,9ad4c0c1f8fc4ca0122591cdc6d168fe224b4707
a1_sft_s0_task4_check5_lr5e-7,24,4,3,243,1,81,9ad4c0c1f8fc4ca0122591cdc6d168fe224b4707
a1_sft_s0_task4_check5_lr5e-7,24,4,4,244,0,300,9ad4c0c1f8fc4ca0122591cdc6d168fe224b4707
a1_sft_s0_task4_check5_lr5e-7,24,4,5,245,1,78,9ad4c0c1f8fc4ca0122591cdc6d168fe224b4707
a1_sft_s0_task4_check5_lr5e-7,24,4,6,246,1,82,9ad4c0c1f8fc4ca0122591cdc6d168fe224b4707
a1_sft_s0_task4_check5_lr5e-7,24,4,7,247,0,300,9ad4c0c1f8fc4ca0122591cdc6d168fe224b4707
a1_sft_s0_task4_check5_lr5e-7,24,4,8,248,0,300,9ad4c0c1f8fc4ca0122591cdc6d168fe224b4707
a1_sft_s0_task4_check5_lr5e-7,24,4,9,249,1,85,9ad4c0c1f8fc4ca0122591cdc6d168fe224b4707
a1_sft_s0_task4_check5_lr5e-7,25,4,0,250,0,300,9ad4c0c1f8fc4ca0122591cdc6d168fe224b4707
a1_sft_s0_task4_check5_lr5e-7,25,4,1,251,1,83,9ad4c0c1f8fc4ca0122591cdc6d168fe224b4707
a1_sft_s0_task4_check5_lr5e-7,25,4,2,252,1,84,9ad4c0c1f8fc4ca0122591cdc6d168fe224b4707
a1_sft_s0_task4_check5_lr5e-7,25,4,3,253,0,300,9ad4c0c1f8fc4ca0122591cdc6d168fe224b4707
a1_sft_s0_task4_check5_lr5e-7,25,4,4,254,0,300,9ad4c0c1f8fc4ca0122591cdc6d168fe224b4707
a1_sft_s0_task4_check5_lr5e-7,25,4,5,255,1,82,9ad4c0c1f8fc4ca0122591cdc6d168fe224b4707
a1_sft_s0_task4_check5_lr5e-7,25,4,6,256,0,300,9ad4c0c1f8fc4ca0122591cdc6d168fe224b4707
a1_sft_s0_task4_check5_lr5e-7,25,4,7,257,1,81,9ad4c0c1f8fc4ca0122591cdc6d168fe224b4707
a1_sft_s0_task4_check5_lr5e-7,25,4,8,258,0,300,9ad4c0c1f8fc4ca0122591cdc6d168fe224b4707
a1_sft_s0_task4_check5_lr5e-7,25,4,9,259,1,77,9ad4c0c1f8fc4ca0122591cdc6d168fe224b4707
a1_sft_s0_task4_check5_lr5e-7,26,4,0,260,0,300,9ad4c0c1f8fc4ca0122591cdc6d168fe224b4707
a1_sft_s0_task4_check5_lr5e-7,26,4,1,261,0,300,9ad4c0c1f8fc4ca0122591cdc6d168fe224b4707
a1_sft_s0_task4_check5_lr5e-7,26,4,2,262,1,76,9ad4c0c1f8fc4ca0122591cdc6d168fe224b4707
a1_sft_s0_task4_check5_lr5e-7,26,4,3,263,1,77,9ad4c0c1f8fc4ca0122591cdc6d168fe224b4707
a1_sft_s0_task4_check5_lr5e-7,26,4,4,264,0,300,9ad4c0c1f8fc4ca0122591cdc6d168fe224b4707
a1_sft_s0_task4_check5_lr5e-7,26,4,5,265,1,87,9ad4c0c1f8fc4ca0122591cdc6d168fe224b4707
a1_sft_s0_task4_check5_lr5e-7,26,4,6,266,1,81,9ad4c0c1f8fc4ca0122591cdc6d168fe224b4707
a1_sft_s0_task4_check5_lr5e-7,26,4,7,267,1,85,9ad4c0c1f8fc4ca0122591cdc6d168fe224b4707
a1_sft_s0_task4_check5_lr5e-7,26,4,8,268,0,300,9ad4c0c1f8fc4ca0122591cdc6d168fe224b4707
a1_sft_s0_task4_check5_lr5e-7,26,4,9,269,0,300,9ad4c0c1f8fc4ca0122591cdc6d168fe224b4707
a1_sft_s0_task4_check5_lr5e-7,27,4,0,270,1,79,9ad4c0c1f8fc4ca0122591cdc6d168fe224b4707
a1_sft_s0_task4_check5_lr5e-7,27,4,1,271,1,87,9ad4c0c1f8fc4ca0122591cdc6d168fe224b4707
a1_sft_s0_task4_check5_lr5e-7,27,4,2,272,0,300,9ad4c0c1f8fc4ca0122591cdc6d168fe224b4707
a1_sft_s0_task4_check5_lr5e-7,27,4,3,273,0,300,9ad4c0c1f8fc4ca0122591cdc6d168fe224b4707
a1_sft_s0_task4_check5_lr5e-7,27,4,4,274,0,300,9ad4c0c1f8fc4ca0122591cdc6d168fe224b4707
a1_sft_s0_task4_check5_lr5e-7,27,4,5,275,1,79,9ad4c0c1f8fc4ca0122591cdc6d168fe224b4707
a1_sft_s0_task4_check5_lr5e-7,27,4,6,276,1,88,9ad4c0c1f8fc4ca0122591cdc6d168fe224b4707
a1_sft_s0_task4_check5_lr5e-7,27,4,7,277,1,82,9ad4c0c1f8fc4ca0122591cdc6d168fe224b4707
a1_sft_s0_task4_check5_lr5e-7,27,4,8,278,1,89,9ad4c0c1f8fc4ca0122591cdc6d168fe224b4707
a1_sft_s0_task4_check5_lr5e-7,27,4,9,279,0,300,9ad4c0c1f8fc4ca0122591cdc6d168fe224b4707
a1_sft_s0_task4_check5_lr5e-7,28,4,0,280,1,79,9ad4c0c1f8fc4ca0122591cdc6d168fe224b4707
a1_sft_s0_task4_check5_lr5e-7,28,4,1,281,1,85,9ad4c0c1f8fc4ca0122591cdc6d168fe224b4707
a1_sft_s0_task4_check5_lr5e-7,28,4,2,282,0,300,9ad4c0c1f8fc4ca0122591cdc6d168fe224b4707
a1_sft_s0_task4_check5_lr5e-7,28,4,3,283,1,81,9ad4c0c1f8fc4ca0122591cdc6d168fe224b4707
a1_sft_s0_task4_check5_lr5e-7,28,4,4,284,1,82,9ad4c0c1f8fc4ca0122591cdc6d168fe224b4707
a1_sft_s0_task4_check5_lr5e-7,28,4,5,285,1,78,9ad4c0c1f8fc4ca0122591cdc6d168fe224b4707
a1_sft_s0_task4_check5_lr5e-7,28,4,6,286,1,84,9ad4c0c1f8fc4ca0122591cdc6d168fe224b4707
a1_sft_s0_task4_check5_lr5e-7,28,4,7,287,0,300,9ad4c0c1f8fc4ca0122591cdc6d168fe224b4707
a1_sft_s0_task4_check5_lr5e-7,28,4,8,288,0,300,9ad4c0c1f8fc4ca0122591cdc6d168fe224b4707
a1_sft_s0_task4_check5_lr5e-7,28,4,9,289,0,300,9ad4c0c1f8fc4ca0122591cdc6d168fe224b4707
a1_sft_s0_task4_check5_lr5e-7,29,4,0,290,0,300,9ad4c0c1f8fc4ca0122591cdc6d168fe224b4707
a1_sft_s0_task4_check5_lr5e-7,29,4,1,291,1,83,9ad4c0c1f8fc4ca0122591cdc6d168fe224b4707
a1_sft_s0_task4_check5_lr5e-7,29,4,2,292,1,75,9ad4c0c1f8fc4ca0122591cdc6d168fe224b4707
a1_sft_s0_task4_check5_lr5e-7,29,4,3,293,1,83,9ad4c0c1f8fc4ca0122591cdc6d168fe224b4707
a1_sft_s0_task4_check5_lr5e-7,29,4,4,294,1,80,9ad4c0c1f8fc4ca0122591cdc6d168fe224b4707
a1_sft_s0_task4_check5_lr5e-7,29,4,5,295,1,80,9ad4c0c1f8fc4ca0122591cdc6d168fe224b4707
a1_sft_s0_task4_check5_lr5e-7,29,4,6,296,1,84,9ad4c0c1f8fc4ca0122591cdc6d168fe224b4707
a1_sft_s0_task4_check5_lr5e-7,29,4,7,297,0,300,9ad4c0c1f8fc4ca0122591cdc6d168fe224b4707
a1_sft_s0_task4_check5_lr5e-7,29,4,8,298,0,300,9ad4c0c1f8fc4ca0122591cdc6d168fe224b4707
a1_sft_s0_task4_check5_lr5e-7,29,4,9,299,1,86,9ad4c0c1f8fc4ca0122591cdc6d168fe224b4707
a1_sft_s0_task4_check6_lr1e-6_wu5,0,4,0,0,0,300,3f7c85302a5878f2412f0de987995cd72cc4ac81
a1_sft_s0_task4_check6_lr1e-6_wu5,0,4,1,1,1,85,3f7c85302a5878f2412f0de987995cd72cc4ac81
a1_sft_s0_task4_check6_lr1e-6_wu5,0,4,2,2,1,83,3f7c85302a5878f2412f0de987995cd72cc4ac81
a1_sft_s0_task4_check6_lr1e-6_wu5,0,4,3,3,0,300,3f7c85302a5878f2412f0de987995cd72cc4ac81
a1_sft_s0_task4_check6_lr1e-6_wu5,0,4,4,4,1,79,3f7c85302a5878f2412f0de987995cd72cc4ac81
a1_sft_s0_task4_check6_lr1e-6_wu5,0,4,5,5,1,80,3f7c85302a5878f2412f0de987995cd72cc4ac81
a1_sft_s0_task4_check6_lr1e-6_wu5,0,4,6,6,0,300,3f7c85302a5878f2412f0de987995cd72cc4ac81
a1_sft_s0_task4_check6_lr1e-6_wu5,0,4,7,7,1,82,3f7c85302a5878f2412f0de987995cd72cc4ac81
a1_sft_s0_task4_check6_lr1e-6_wu5,0,4,8,8,0,300,3f7c85302a5878f2412f0de987995cd72cc4ac81
a1_sft_s0_task4_check6_lr1e-6_wu5,0,4,9,9,0,300,3f7c85302a5878f2412f0de987995cd72cc4ac81
a1_sft_s0_task4_check6_lr1e-6_wu5,1,4,0,10,0,300,3f7c85302a5878f2412f0de987995cd72cc4ac81
a1_sft_s0_task4_check6_lr1e-6_wu5,1,4,1,11,0,300,3f7c85302a5878f2412f0de987995cd72cc4ac81
a1_sft_s0_task4_check6_lr1e-6_wu5,1,4,2,12,0,300,3f7c85302a5878f2412f0de987995cd72cc4ac81
a1_sft_s0_task4_check6_lr1e-6_wu5,1,4,3,13,0,300,3f7c85302a5878f2412f0de987995cd72cc4ac81
a1_sft_s0_task4_check6_lr1e-6_wu5,1,4,4,14,0,300,3f7c85302a5878f2412f0de987995cd72cc4ac81
a1_sft_s0_task4_check6_lr1e-6_wu5,1,4,5,15,1,87,3f7c85302a5878f2412f0de987995cd72cc4ac81
a1_sft_s0_task4_check6_lr1e-6_wu5,1,4,6,16,1,75,3f7c85302a5878f2412f0de987995cd72cc4ac81
a1_sft_s0_task4_check6_lr1e-6_wu5,1,4,7,17,1,82,3f7c85302a5878f2412f0de987995cd72cc4ac81
a1_sft_s0_task4_check6_lr1e-6_wu5,1,4,8,18,0,300,3f7c85302a5878f2412f0de987995cd72cc4ac81
a1_sft_s0_task4_check6_lr1e-6_wu5,1,4,9,19,0,300,3f7c85302a5878f2412f0de987995cd72cc4ac81
a1_sft_s0_task4_check6_lr1e-6_wu5,2,4,0,20,1,79,3f7c85302a5878f2412f0de987995cd72cc4ac81
a1_sft_s0_task4_check6_lr1e-6_wu5,2,4,1,21,1,85,3f7c85302a5878f2412f0de987995cd72cc4ac81
a1_sft_s0_task4_check6_lr1e-6_wu5,2,4,2,22,0,300,3f7c85302a5878f2412f0de987995cd72cc4ac81
a1_sft_s0_task4_check6_lr1e-6_wu5,2,4,3,23,0,300,3f7c85302a5878f2412f0de987995cd72cc4ac81
a1_sft_s0_task4_check6_lr1e-6_wu5,2,4,4,24,0,300,3f7c85302a5878f2412f0de987995cd72cc4ac81
a1_sft_s0_task4_check6_lr1e-6_wu5,2,4,5,25,1,80,3f7c85302a5878f2412f0de987995cd72cc4ac81
a1_sft_s0_task4_check6_lr1e-6_wu5,2,4,6,26,1,83,3f7c85302a5878f2412f0de987995cd72cc4ac81
a1_sft_s0_task4_check6_lr1e-6_wu5,2,4,7,27,1,80,3f7c85302a5878f2412f0de987995cd72cc4ac81
a1_sft_s0_task4_check6_lr1e-6_wu5,2,4,8,28,1,85,3f7c85302a5878f2412f0de987995cd72cc4ac81
a1_sft_s0_task4_check6_lr1e-6_wu5,2,4,9,29,0,300,3f7c85302a5878f2412f0de987995cd72cc4ac81
a1_sft_s0_task4_check6_lr1e-6_wu5,3,4,0,30,1,78,3f7c85302a5878f2412f0de987995cd72cc4ac81
a1_sft_s0_task4_check6_lr1e-6_wu5,3,4,1,31,1,87,3f7c85302a5878f2412f0de987995cd72cc4ac81
a1_sft_s0_task4_check6_lr1e-6_wu5,3,4,2,32,0,300,3f7c85302a5878f2412f0de987995cd72cc4ac81
a1_sft_s0_task4_check6_lr1e-6_wu5,3,4,3,33,1,85,3f7c85302a5878f2412f0de987995cd72cc4ac81
a1_sft_s0_task4_check6_lr1e-6_wu5,3,4,4,34,1,83,3f7c85302a5878f2412f0de987995cd72cc4ac81
a1_sft_s0_task4_check6_lr1e-6_wu5,3,4,5,35,1,77,3f7c85302a5878f2412f0de987995cd72cc4ac81
a1_sft_s0_task4_check6_lr1e-6_wu5,3,4,6,36,1,86,3f7c85302a5878f2412f0de987995cd72cc4ac81
a1_sft_s0_task4_check6_lr1e-6_wu5,3,4,7,37,1,84,3f7c85302a5878f2412f0de987995cd72cc4ac81
a1_sft_s0_task4_check6_lr1e-6_wu5,3,4,8,38,0,300,3f7c85302a5878f2412f0de987995cd72cc4ac81
a1_sft_s0_task4_check6_lr1e-6_wu5,3,4,9,39,0,300,3f7c85302a5878f2412f0de987995cd72cc4ac81
a1_sft_s0_task4_check6_lr1e-6_wu5,4,4,0,40,0,300,3f7c85302a5878f2412f0de987995cd72cc4ac81
a1_sft_s0_task4_check6_lr1e-6_wu5,4,4,1,41,1,82,3f7c85302a5878f2412f0de987995cd72cc4ac81
a1_sft_s0_task4_check6_lr1e-6_wu5,4,4,2,42,1,74,3f7c85302a5878f2412f0de987995cd72cc4ac81
a1_sft_s0_task4_check6_lr1e-6_wu5,4,4,3,43,1,81,3f7c85302a5878f2412f0de987995cd72cc4ac81
a1_sft_s0_task4_check6_lr1e-6_wu5,4,4,4,44,1,78,3f7c85302a5878f2412f0de987995cd72cc4ac81
a1_sft_s0_task4_check6_lr1e-6_wu5,4,4,5,45,1,80,3f7c85302a5878f2412f0de987995cd72cc4ac81
a1_sft_s0_task4_check6_lr1e-6_wu5,4,4,6,46,1,80,3f7c85302a5878f2412f0de987995cd72cc4ac81
a1_sft_s0_task4_check6_lr1e-6_wu5,4,4,7,47,0,300,3f7c85302a5878f2412f0de987995cd72cc4ac81
a1_sft_s0_task4_check6_lr1e-6_wu5,4,4,8,48,0,300,3f7c85302a5878f2412f0de987995cd72cc4ac81
a1_sft_s0_task4_check6_lr1e-6_wu5,4,4,9,49,1,85,3f7c85302a5878f2412f0de987995cd72cc4ac81
a1_sft_s0_task4_check6_lr1e-6_wu5,5,4,0,50,0,300,3f7c85302a5878f2412f0de987995cd72cc4ac81
a1_sft_s0_task4_check6_lr1e-6_wu5,5,4,1,51,1,85,3f7c85302a5878f2412f0de987995cd72cc4ac81
a1_sft_s0_task4_check6_lr1e-6_wu5,5,4,2,52,1,81,3f7c85302a5878f2412f0de987995cd72cc4ac81
a1_sft_s0_task4_check6_lr1e-6_wu5,5,4,3,53,0,300,3f7c85302a5878f2412f0de987995cd72cc4ac81
a1_sft_s0_task4_check6_lr1e-6_wu5,5,4,4,54,1,79,3f7c85302a5878f2412f0de987995cd72cc4ac81
a1_sft_s0_task4_check6_lr1e-6_wu5,5,4,5,55,1,84,3f7c85302a5878f2412f0de987995cd72cc4ac81
a1_sft_s0_task4_check6_lr1e-6_wu5,5,4,6,56,0,300,3f7c85302a5878f2412f0de987995cd72cc4ac81
a1_sft_s0_task4_check6_lr1e-6_wu5,5,4,7,57,1,78,3f7c85302a5878f2412f0de987995cd72cc4ac81
a1_sft_s0_task4_check6_lr1e-6_wu5,5,4,8,58,0,300,3f7c85302a5878f2412f0de987995cd72cc4ac81
a1_sft_s0_task4_check6_lr1e-6_wu5,5,4,9,59,0,300,3f7c85302a5878f2412f0de987995cd72cc4ac81
a1_sft_s0_task4_check6_lr1e-6_wu5,6,4,0,60,0,300,3f7c85302a5878f2412f0de987995cd72cc4ac81
a1_sft_s0_task4_check6_lr1e-6_wu5,6,4,1,61,0,300,3f7c85302a5878f2412f0de987995cd72cc4ac81
a1_sft_s0_task4_check6_lr1e-6_wu5,6,4,2,62,1,77,3f7c85302a5878f2412f0de987995cd72cc4ac81
a1_sft_s0_task4_check6_lr1e-6_wu5,6,4,3,63,1,78,3f7c85302a5878f2412f0de987995cd72cc4ac81
a1_sft_s0_task4_check6_lr1e-6_wu5,6,4,4,64,0,300,3f7c85302a5878f2412f0de987995cd72cc4ac81
a1_sft_s0_task4_check6_lr1e-6_wu5,6,4,5,65,1,87,3f7c85302a5878f2412f0de987995cd72cc4ac81
a1_sft_s0_task4_check6_lr1e-6_wu5,6,4,6,66,1,78,3f7c85302a5878f2412f0de987995cd72cc4ac81
a1_sft_s0_task4_check6_lr1e-6_wu5,6,4,7,67,1,79,3f7c85302a5878f2412f0de987995cd72cc4ac81
a1_sft_s0_task4_check6_lr1e-6_wu5,6,4,8,68,0,300,3f7c85302a5878f2412f0de987995cd72cc4ac81
a1_sft_s0_task4_check6_lr1e-6_wu5,6,4,9,69,0,300,3f7c85302a5878f2412f0de987995cd72cc4ac81
a1_sft_s0_task4_check6_lr1e-6_wu5,7,4,0,70,1,82,3f7c85302a5878f2412f0de987995cd72cc4ac81
a1_sft_s0_task4_check6_lr1e-6_wu5,7,4,1,71,1,84,3f7c85302a5878f2412f0de987995cd72cc4ac81
a1_sft_s0_task4_check6_lr1e-6_wu5,7,4,2,72,0,300,3f7c85302a5878f2412f0de987995cd72cc4ac81
a1_sft_s0_task4_check6_lr1e-6_wu5,7,4,3,73,0,300,3f7c85302a5878f2412f0de987995cd72cc4ac81
a1_sft_s0_task4_check6_lr1e-6_wu5,7,4,4,74,0,300,3f7c85302a5878f2412f0de987995cd72cc4ac81
a1_sft_s0_task4_check6_lr1e-6_wu5,7,4,5,75,0,300,3f7c85302a5878f2412f0de987995cd72cc4ac81
a1_sft_s0_task4_check6_lr1e-6_wu5,7,4,6,76,1,86,3f7c85302a5878f2412f0de987995cd72cc4ac81
a1_sft_s0_task4_check6_lr1e-6_wu5,7,4,7,77,1,82,3f7c85302a5878f2412f0de987995cd72cc4ac81
a1_sft_s0_task4_check6_lr1e-6_wu5,7,4,8,78,1,78,3f7c85302a5878f2412f0de987995cd72cc4ac81
a1_sft_s0_task4_check6_lr1e-6_wu5,7,4,9,79,1,82,3f7c85302a5878f2412f0de987995cd72cc4ac81
a1_sft_s0_task4_check6_lr1e-6_wu5,8,4,0,80,1,82,3f7c85302a5878f2412f0de987995cd72cc4ac81
a1_sft_s0_task4_check6_lr1e-6_wu5,8,4,1,81,1,89,3f7c85302a5878f2412f0de987995cd72cc4ac81
a1_sft_s0_task4_check6_lr1e-6_wu5,8,4,2,82,1,79,3f7c85302a5878f2412f0de987995cd72cc4ac81
a1_sft_s0_task4_check6_lr1e-6_wu5,8,4,3,83,1,86,3f7c85302a5878f2412f0de987995cd72cc4ac81
a1_sft_s0_task4_check6_lr1e-6_wu5,8,4,4,84,1,78,3f7c85302a5878f2412f0de987995cd72cc4ac81
a1_sft_s0_task4_check6_lr1e-6_wu5,8,4,5,85,1,79,3f7c85302a5878f2412f0de987995cd72cc4ac81
a1_sft_s0_task4_check6_lr1e-6_wu5,8,4,6,86,1,82,3f7c85302a5878f2412f0de987995cd72cc4ac81
a1_sft_s0_task4_check6_lr1e-6_wu5,8,4,7,87,1,88,3f7c85302a5878f2412f0de987995cd72cc4ac81
a1_sft_s0_task4_check6_lr1e-6_wu5,8,4,8,88,0,300,3f7c85302a5878f2412f0de987995cd72cc4ac81
a1_sft_s0_task4_check6_lr1e-6_wu5,8,4,9,89,0,300,3f7c85302a5878f2412f0de987995cd72cc4ac81
a1_sft_s0_task4_check6_lr1e-6_wu5,9,4,0,90,0,300,3f7c85302a5878f2412f0de987995cd72cc4ac81
a1_sft_s0_task4_check6_lr1e-6_wu5,9,4,1,91,1,82,3f7c85302a5878f2412f0de987995cd72cc4ac81
a1_sft_s0_task4_check6_lr1e-6_wu5,9,4,2,92,1,75,3f7c85302a5878f2412f0de987995cd72cc4ac81
a1_sft_s0_task4_check6_lr1e-6_wu5,9,4,3,93,1,82,3f7c85302a5878f2412f0de987995cd72cc4ac81
a1_sft_s0_task4_check6_lr1e-6_wu5,9,4,4,94,1,76,3f7c85302a5878f2412f0de987995cd72cc4ac81
a1_sft_s0_task4_check6_lr1e-6_wu5,9,4,5,95,1,82,3f7c85302a5878f2412f0de987995cd72cc4ac81
a1_sft_s0_task4_check6_lr1e-6_wu5,9,4,6,96,1,83,3f7c85302a5878f2412f0de987995cd72cc4ac81
a1_sft_s0_task4_check6_lr1e-6_wu5,9,4,7,97,0,300,3f7c85302a5878f2412f0de987995cd72cc4ac81
a1_sft_s0_task4_check6_lr1e-6_wu5,9,4,8,98,0,300,3f7c85302a5878f2412f0de987995cd72cc4ac81
a1_sft_s0_task4_check6_lr1e-6_wu5,9,4,9,99,1,86,3f7c85302a5878f2412f0de987995cd72cc4ac81
a1_sft_s0_task4_check6_lr1e-6_wu5,10,4,0,100,0,300,3f7c85302a5878f2412f0de987995cd72cc4ac81
a1_sft_s0_task4_check6_lr1e-6_wu5,10,4,1,101,1,88,3f7c85302a5878f2412f0de987995cd72cc4ac81
a1_sft_s0_task4_check6_lr1e-6_wu5,10,4,2,102,1,82,3f7c85302a5878f2412f0de987995cd72cc4ac81
a1_sft_s0_task4_check6_lr1e-6_wu5,10,4,3,103,0,300,3f7c85302a5878f2412f0de987995cd72cc4ac81
a1_sft_s0_task4_check6_lr1e-6_wu5,10,4,4,104,0,300,3f7c85302a5878f2412f0de987995cd72cc4ac81
a1_sft_s0_task4_check6_lr1e-6_wu5,10,4,5,105,1,85,3f7c85302a5878f2412f0de987995cd72cc4ac81
a1_sft_s0_task4_check6_lr1e-6_wu5,10,4,6,106,0,300,3f7c85302a5878f2412f0de987995cd72cc4ac81
a1_sft_s0_task4_check6_lr1e-6_wu5,10,4,7,107,1,80,3f7c85302a5878f2412f0de987995cd72cc4ac81
a1_sft_s0_task4_check6_lr1e-6_wu5,10,4,8,108,0,300,3f7c85302a5878f2412f0de987995cd72cc4ac81
a1_sft_s0_task4_check6_lr1e-6_wu5,10,4,9,109,1,76,3f7c85302a5878f2412f0de987995cd72cc4ac81
a1_sft_s0_task4_check6_lr1e-6_wu5,11,4,0,110,0,300,3f7c85302a5878f2412f0de987995cd72cc4ac81
a1_sft_s0_task4_check6_lr1e-6_wu5,11,4,1,111,0,300,3f7c85302a5878f2412f0de987995cd72cc4ac81
a1_sft_s0_task4_check6_lr1e-6_wu5,11,4,2,112,1,76,3f7c85302a5878f2412f0de987995cd72cc4ac81
a1_sft_s0_task4_check6_lr1e-6_wu5,11,4,3,113,1,80,3f7c85302a5878f2412f0de987995cd72cc4ac81
a1_sft_s0_task4_check6_lr1e-6_wu5,11,4,4,114,0,300,3f7c85302a5878f2412f0de987995cd72cc4ac81
a1_sft_s0_task4_check6_lr1e-6_wu5,11,4,5,115,1,86,3f7c85302a5878f2412f0de987995cd72cc4ac81
a1_sft_s0_task4_check6_lr1e-6_wu5,11,4,6,116,1,80,3f7c85302a5878f2412f0de987995cd72cc4ac81
a1_sft_s0_task4_check6_lr1e-6_wu5,11,4,7,117,1,94,3f7c85302a5878f2412f0de987995cd72cc4ac81
a1_sft_s0_task4_check6_lr1e-6_wu5,11,4,8,118,0,300,3f7c85302a5878f2412f0de987995cd72cc4ac81
a1_sft_s0_task4_check6_lr1e-6_wu5,11,4,9,119,1,77,3f7c85302a5878f2412f0de987995cd72cc4ac81
a1_sft_s0_task4_check6_lr1e-6_wu5,12,4,0,120,1,81,3f7c85302a5878f2412f0de987995cd72cc4ac81
a1_sft_s0_task4_check6_lr1e-6_wu5,12,4,1,121,1,89,3f7c85302a5878f2412f0de987995cd72cc4ac81
a1_sft_s0_task4_check6_lr1e-6_wu5,12,4,2,122,0,300,3f7c85302a5878f2412f0de987995cd72cc4ac81
a1_sft_s0_task4_check6_lr1e-6_wu5,12,4,3,123,0,300,3f7c85302a5878f2412f0de987995cd72cc4ac81
a1_sft_s0_task4_check6_lr1e-6_wu5,12,4,4,124,0,300,3f7c85302a5878f2412f0de987995cd72cc4ac81
a1_sft_s0_task4_check6_lr1e-6_wu5,12,4,5,125,0,300,3f7c85302a5878f2412f0de987995cd72cc4ac81
a1_sft_s0_task4_check6_lr1e-6_wu5,12,4,6,126,1,82,3f7c85302a5878f2412f0de987995cd72cc4ac81
a1_sft_s0_task4_check6_lr1e-6_wu5,12,4,7,127,1,80,3f7c85302a5878f2412f0de987995cd72cc4ac81
a1_sft_s0_task4_check6_lr1e-6_wu5,12,4,8,128,1,82,3f7c85302a5878f2412f0de987995cd72cc4ac81
a1_sft_s0_task4_check6_lr1e-6_wu5,12,4,9,129,1,81,3f7c85302a5878f2412f0de987995cd72cc4ac81
a1_sft_s0_task4_check6_lr1e-6_wu5,13,4,0,130,1,81,3f7c85302a5878f2412f0de987995cd72cc4ac81
a1_sft_s0_task4_check6_lr1e-6_wu5,13,4,1,131,1,88,3f7c85302a5878f2412f0de987995cd72cc4ac81
a1_sft_s0_task4_check6_lr1e-6_wu5,13,4,2,132,1,84,3f7c85302a5878f2412f0de987995cd72cc4ac81
a1_sft_s0_task4_check6_lr1e-6_wu5,13,4,3,133,1,81,3f7c85302a5878f2412f0de987995cd72cc4ac81
a1_sft_s0_task4_check6_lr1e-6_wu5,13,4,4,134,0,300,3f7c85302a5878f2412f0de987995cd72cc4ac81
a1_sft_s0_task4_check6_lr1e-6_wu5,13,4,5,135,1,81,3f7c85302a5878f2412f0de987995cd72cc4ac81
a1_sft_s0_task4_check6_lr1e-6_wu5,13,4,6,136,1,79,3f7c85302a5878f2412f0de987995cd72cc4ac81
a1_sft_s0_task4_check6_lr1e-6_wu5,13,4,7,137,1,90,3f7c85302a5878f2412f0de987995cd72cc4ac81
a1_sft_s0_task4_check6_lr1e-6_wu5,13,4,8,138,0,300,3f7c85302a5878f2412f0de987995cd72cc4ac81
a1_sft_s0_task4_check6_lr1e-6_wu5,13,4,9,139,0,300,3f7c85302a5878f2412f0de987995cd72cc4ac81
a1_sft_s0_task4_check6_lr1e-6_wu5,14,4,0,140,0,300,3f7c85302a5878f2412f0de987995cd72cc4ac81
a1_sft_s0_task4_check6_lr1e-6_wu5,14,4,1,141,1,85,3f7c85302a5878f2412f0de987995cd72cc4ac81
a1_sft_s0_task4_check6_lr1e-6_wu5,14,4,2,142,1,77,3f7c85302a5878f2412f0de987995cd72cc4ac81
a1_sft_s0_task4_check6_lr1e-6_wu5,14,4,3,143,1,82,3f7c85302a5878f2412f0de987995cd72cc4ac81
a1_sft_s0_task4_check6_lr1e-6_wu5,14,4,4,144,1,80,3f7c85302a5878f2412f0de987995cd72cc4ac81
a1_sft_s0_task4_check6_lr1e-6_wu5,14,4,5,145,1,81,3f7c85302a5878f2412f0de987995cd72cc4ac81
a1_sft_s0_task4_check6_lr1e-6_wu5,14,4,6,146,1,83,3f7c85302a5878f2412f0de987995cd72cc4ac81
a1_sft_s0_task4_check6_lr1e-6_wu5,14,4,7,147,0,300,3f7c85302a5878f2412f0de987995cd72cc4ac81
a1_sft_s0_task4_check6_lr1e-6_wu5,14,4,8,148,0,300,3f7c85302a5878f2412f0de987995cd72cc4ac81
a1_sft_s0_task4_check6_lr1e-6_wu5,14,4,9,149,1,87,3f7c85302a5878f2412f0de987995cd72cc4ac81
a1_sft_s0_task4_check6_lr1e-6_wu5,15,4,0,150,0,300,3f7c85302a5878f2412f0de987995cd72cc4ac81
a1_sft_s0_task4_check6_lr1e-6_wu5,15,4,1,151,1,84,3f7c85302a5878f2412f0de987995cd72cc4ac81
a1_sft_s0_task4_check6_lr1e-6_wu5,15,4,2,152,1,83,3f7c85302a5878f2412f0de987995cd72cc4ac81
a1_sft_s0_task4_check6_lr1e-6_wu5,15,4,3,153,0,300,3f7c85302a5878f2412f0de987995cd72cc4ac81
a1_sft_s0_task4_check6_lr1e-6_wu5,15,4,4,154,1,76,3f7c85302a5878f2412f0de987995cd72cc4ac81
a1_sft_s0_task4_check6_lr1e-6_wu5,15,4,5,155,1,85,3f7c85302a5878f2412f0de987995cd72cc4ac81
a1_sft_s0_task4_check6_lr1e-6_wu5,15,4,6,156,0,300,3f7c85302a5878f2412f0de987995cd72cc4ac81
a1_sft_s0_task4_check6_lr1e-6_wu5,15,4,7,157,1,84,3f7c85302a5878f2412f0de987995cd72cc4ac81
a1_sft_s0_task4_check6_lr1e-6_wu5,15,4,8,158,0,300,3f7c85302a5878f2412f0de987995cd72cc4ac81
a1_sft_s0_task4_check6_lr1e-6_wu5,15,4,9,159,1,77,3f7c85302a5878f2412f0de987995cd72cc4ac81
a1_sft_s0_task4_check6_lr1e-6_wu5,16,4,0,160,0,300,3f7c85302a5878f2412f0de987995cd72cc4ac81
a1_sft_s0_task4_check6_lr1e-6_wu5,16,4,1,161,1,78,3f7c85302a5878f2412f0de987995cd72cc4ac81
a1_sft_s0_task4_check6_lr1e-6_wu5,16,4,2,162,1,75,3f7c85302a5878f2412f0de987995cd72cc4ac81
a1_sft_s0_task4_check6_lr1e-6_wu5,16,4,3,163,1,79,3f7c85302a5878f2412f0de987995cd72cc4ac81
a1_sft_s0_task4_check6_lr1e-6_wu5,16,4,4,164,0,300,3f7c85302a5878f2412f0de987995cd72cc4ac81
a1_sft_s0_task4_check6_lr1e-6_wu5,16,4,5,165,1,86,3f7c85302a5878f2412f0de987995cd72cc4ac81
a1_sft_s0_task4_check6_lr1e-6_wu5,16,4,6,166,1,79,3f7c85302a5878f2412f0de987995cd72cc4ac81
a1_sft_s0_task4_check6_lr1e-6_wu5,16,4,7,167,1,85,3f7c85302a5878f2412f0de987995cd72cc4ac81
a1_sft_s0_task4_check6_lr1e-6_wu5,16,4,8,168,0,300,3f7c85302a5878f2412f0de987995cd72cc4ac81
a1_sft_s0_task4_check6_lr1e-6_wu5,16,4,9,169,0,300,3f7c85302a5878f2412f0de987995cd72cc4ac81
a1_sft_s0_task4_check6_lr1e-6_wu5,17,4,0,170,1,81,3f7c85302a5878f2412f0de987995cd72cc4ac81
a1_sft_s0_task4_check6_lr1e-6_wu5,17,4,1,171,1,82,3f7c85302a5878f2412f0de987995cd72cc4ac81
a1_sft_s0_task4_check6_lr1e-6_wu5,17,4,2,172,0,300,3f7c85302a5878f2412f0de987995cd72cc4ac81
a1_sft_s0_task4_check6_lr1e-6_wu5,17,4,3,173,0,300,3f7c85302a5878f2412f0de987995cd72cc4ac81
a1_sft_s0_task4_check6_lr1e-6_wu5,17,4,4,174,0,300,3f7c85302a5878f2412f0de987995cd72cc4ac81
a1_sft_s0_task4_check6_lr1e-6_wu5,17,4,5,175,1,78,3f7c85302a5878f2412f0de987995cd72cc4ac81
a1_sft_s0_task4_check6_lr1e-6_wu5,17,4,6,176,1,86,3f7c85302a5878f2412f0de987995cd72cc4ac81
a1_sft_s0_task4_check6_lr1e-6_wu5,17,4,7,177,1,82,3f7c85302a5878f2412f0de987995cd72cc4ac81
a1_sft_s0_task4_check6_lr1e-6_wu5,17,4,8,178,1,79,3f7c85302a5878f2412f0de987995cd72cc4ac81
a1_sft_s0_task4_check6_lr1e-6_wu5,17,4,9,179,1,83,3f7c85302a5878f2412f0de987995cd72cc4ac81
a1_sft_s0_task4_check6_lr1e-6_wu5,18,4,0,180,1,80,3f7c85302a5878f2412f0de987995cd72cc4ac81
a1_sft_s0_task4_check6_lr1e-6_wu5,18,4,1,181,1,86,3f7c85302a5878f2412f0de987995cd72cc4ac81
a1_sft_s0_task4_check6_lr1e-6_wu5,18,4,2,182,1,81,3f7c85302a5878f2412f0de987995cd72cc4ac81
a1_sft_s0_task4_check6_lr1e-6_wu5,18,4,3,183,1,86,3f7c85302a5878f2412f0de987995cd72cc4ac81
a1_sft_s0_task4_check6_lr1e-6_wu5,18,4,4,184,1,81,3f7c85302a5878f2412f0de987995cd72cc4ac81
a1_sft_s0_task4_check6_lr1e-6_wu5,18,4,5,185,1,81,3f7c85302a5878f2412f0de987995cd72cc4ac81
a1_sft_s0_task4_check6_lr1e-6_wu5,18,4,6,186,1,85,3f7c85302a5878f2412f0de987995cd72cc4ac81
a1_sft_s0_task4_check6_lr1e-6_wu5,18,4,7,187,1,89,3f7c85302a5878f2412f0de987995cd72cc4ac81
a1_sft_s0_task4_check6_lr1e-6_wu5,18,4,8,188,0,300,3f7c85302a5878f2412f0de987995cd72cc4ac81
a1_sft_s0_task4_check6_lr1e-6_wu5,18,4,9,189,0,300,3f7c85302a5878f2412f0de987995cd72cc4ac81
a1_sft_s0_task4_check6_lr1e-6_wu5,19,4,0,190,0,300,3f7c85302a5878f2412f0de987995cd72cc4ac81
a1_sft_s0_task4_check6_lr1e-6_wu5,19,4,1,191,1,78,3f7c85302a5878f2412f0de987995cd72cc4ac81
a1_sft_s0_task4_check6_lr1e-6_wu5,19,4,2,192,1,77,3f7c85302a5878f2412f0de987995cd72cc4ac81
a1_sft_s0_task4_check6_lr1e-6_wu5,19,4,3,193,1,81,3f7c85302a5878f2412f0de987995cd72cc4ac81
a1_sft_s0_task4_check6_lr1e-6_wu5,19,4,4,194,1,78,3f7c85302a5878f2412f0de987995cd72cc4ac81
a1_sft_s0_task4_check6_lr1e-6_wu5,19,4,5,195,1,81,3f7c85302a5878f2412f0de987995cd72cc4ac81
a1_sft_s0_task4_check6_lr1e-6_wu5,19,4,6,196,1,82,3f7c85302a5878f2412f0de987995cd72cc4ac81
a1_sft_s0_task4_check6_lr1e-6_wu5,19,4,7,197,0,300,3f7c85302a5878f2412f0de987995cd72cc4ac81
a1_sft_s0_task4_check6_lr1e-6_wu5,19,4,8,198,0,300,3f7c85302a5878f2412f0de987995cd72cc4ac81
a1_sft_s0_task4_check6_lr1e-6_wu5,19,4,9,199,1,88,3f7c85302a5878f2412f0de987995cd72cc4ac81
a1_sft_s0_task4_check6_lr1e-6_wu5,20,4,0,200,0,300,3f7c85302a5878f2412f0de987995cd72cc4ac81
a1_sft_s0_task4_check6_lr1e-6_wu5,20,4,1,201,1,84,3f7c85302a5878f2412f0de987995cd72cc4ac81
a1_sft_s0_task4_check6_lr1e-6_wu5,20,4,2,202,1,83,3f7c85302a5878f2412f0de987995cd72cc4ac81
a1_sft_s0_task4_check6_lr1e-6_wu5,20,4,3,203,1,87,3f7c85302a5878f2412f0de987995cd72cc4ac81
a1_sft_s0_task4_check6_lr1e-6_wu5,20,4,4,204,1,78,3f7c85302a5878f2412f0de987995cd72cc4ac81
a1_sft_s0_task4_check6_lr1e-6_wu5,20,4,5,205,1,83,3f7c85302a5878f2412f0de987995cd72cc4ac81
a1_sft_s0_task4_check6_lr1e-6_wu5,20,4,6,206,0,300,3f7c85302a5878f2412f0de987995cd72cc4ac81
a1_sft_s0_task4_check6_lr1e-6_wu5,20,4,7,207,1,84,3f7c85302a5878f2412f0de987995cd72cc4ac81
a1_sft_s0_task4_check6_lr1e-6_wu5,20,4,8,208,0,300,3f7c85302a5878f2412f0de987995cd72cc4ac81
a1_sft_s0_task4_check6_lr1e-6_wu5,20,4,9,209,0,300,3f7c85302a5878f2412f0de987995cd72cc4ac81
a1_sft_s0_task4_check6_lr1e-6_wu5,21,4,0,210,0,300,3f7c85302a5878f2412f0de987995cd72cc4ac81
a1_sft_s0_task4_check6_lr1e-6_wu5,21,4,1,211,1,75,3f7c85302a5878f2412f0de987995cd72cc4ac81
a1_sft_s0_task4_check6_lr1e-6_wu5,21,4,2,212,1,79,3f7c85302a5878f2412f0de987995cd72cc4ac81
a1_sft_s0_task4_check6_lr1e-6_wu5,21,4,3,213,1,81,3f7c85302a5878f2412f0de987995cd72cc4ac81
a1_sft_s0_task4_check6_lr1e-6_wu5,21,4,4,214,0,300,3f7c85302a5878f2412f0de987995cd72cc4ac81
a1_sft_s0_task4_check6_lr1e-6_wu5,21,4,5,215,1,83,3f7c85302a5878f2412f0de987995cd72cc4ac81
a1_sft_s0_task4_check6_lr1e-6_wu5,21,4,6,216,1,80,3f7c85302a5878f2412f0de987995cd72cc4ac81
a1_sft_s0_task4_check6_lr1e-6_wu5,21,4,7,217,1,81,3f7c85302a5878f2412f0de987995cd72cc4ac81
a1_sft_s0_task4_check6_lr1e-6_wu5,21,4,8,218,0,300,3f7c85302a5878f2412f0de987995cd72cc4ac81
a1_sft_s0_task4_check6_lr1e-6_wu5,21,4,9,219,0,300,3f7c85302a5878f2412f0de987995cd72cc4ac81
a1_sft_s0_task4_check6_lr1e-6_wu5,22,4,0,220,1,85,3f7c85302a5878f2412f0de987995cd72cc4ac81
a1_sft_s0_task4_check6_lr1e-6_wu5,22,4,1,221,1,83,3f7c85302a5878f2412f0de987995cd72cc4ac81
a1_sft_s0_task4_check6_lr1e-6_wu5,22,4,2,222,0,300,3f7c85302a5878f2412f0de987995cd72cc4ac81
a1_sft_s0_task4_check6_lr1e-6_wu5,22,4,3,223,1,81,3f7c85302a5878f2412f0de987995cd72cc4ac81
a1_sft_s0_task4_check6_lr1e-6_wu5,22,4,4,224,0,300,3f7c85302a5878f2412f0de987995cd72cc4ac81
a1_sft_s0_task4_check6_lr1e-6_wu5,22,4,5,225,0,300,3f7c85302a5878f2412f0de987995cd72cc4ac81
a1_sft_s0_task4_check6_lr1e-6_wu5,22,4,6,226,1,82,3f7c85302a5878f2412f0de987995cd72cc4ac81
a1_sft_s0_task4_check6_lr1e-6_wu5,22,4,7,227,1,83,3f7c85302a5878f2412f0de987995cd72cc4ac81
a1_sft_s0_task4_check6_lr1e-6_wu5,22,4,8,228,1,88,3f7c85302a5878f2412f0de987995cd72cc4ac81
a1_sft_s0_task4_check6_lr1e-6_wu5,22,4,9,229,1,89,3f7c85302a5878f2412f0de987995cd72cc4ac81
a1_sft_s0_task4_check6_lr1e-6_wu5,23,4,0,230,1,84,3f7c85302a5878f2412f0de987995cd72cc4ac81
a1_sft_s0_task4_check6_lr1e-6_wu5,23,4,1,231,1,89,3f7c85302a5878f2412f0de987995cd72cc4ac81
a1_sft_s0_task4_check6_lr1e-6_wu5,23,4,2,232,0,300,3f7c85302a5878f2412f0de987995cd72cc4ac81
a1_sft_s0_task4_check6_lr1e-6_wu5,23,4,3,233,1,87,3f7c85302a5878f2412f0de987995cd72cc4ac81
a1_sft_s0_task4_check6_lr1e-6_wu5,23,4,4,234,1,81,3f7c85302a5878f2412f0de987995cd72cc4ac81
a1_sft_s0_task4_check6_lr1e-6_wu5,23,4,5,235,1,80,3f7c85302a5878f2412f0de987995cd72cc4ac81
a1_sft_s0_task4_check6_lr1e-6_wu5,23,4,6,236,1,82,3f7c85302a5878f2412f0de987995cd72cc4ac81
a1_sft_s0_task4_check6_lr1e-6_wu5,23,4,7,237,1,88,3f7c85302a5878f2412f0de987995cd72cc4ac81
a1_sft_s0_task4_check6_lr1e-6_wu5,23,4,8,238,0,300,3f7c85302a5878f2412f0de987995cd72cc4ac81
a1_sft_s0_task4_check6_lr1e-6_wu5,23,4,9,239,0,300,3f7c85302a5878f2412f0de987995cd72cc4ac81
a1_sft_s0_task4_check6_lr1e-6_wu5,24,4,0,240,0,300,3f7c85302a5878f2412f0de987995cd72cc4ac81
a1_sft_s0_task4_check6_lr1e-6_wu5,24,4,1,241,1,82,3f7c85302a5878f2412f0de987995cd72cc4ac81
a1_sft_s0_task4_check6_lr1e-6_wu5,24,4,2,242,0,300,3f7c85302a5878f2412f0de987995cd72cc4ac81
a1_sft_s0_task4_check6_lr1e-6_wu5,24,4,3,243,1,82,3f7c85302a5878f2412f0de987995cd72cc4ac81
a1_sft_s0_task4_check6_lr1e-6_wu5,24,4,4,244,1,79,3f7c85302a5878f2412f0de987995cd72cc4ac81
a1_sft_s0_task4_check6_lr1e-6_wu5,24,4,5,245,1,81,3f7c85302a5878f2412f0de987995cd72cc4ac81
a1_sft_s0_task4_check6_lr1e-6_wu5,24,4,6,246,1,84,3f7c85302a5878f2412f0de987995cd72cc4ac81
a1_sft_s0_task4_check6_lr1e-6_wu5,24,4,7,247,0,300,3f7c85302a5878f2412f0de987995cd72cc4ac81
a1_sft_s0_task4_check6_lr1e-6_wu5,24,4,8,248,0,300,3f7c85302a5878f2412f0de987995cd72cc4ac81
a1_sft_s0_task4_check6_lr1e-6_wu5,24,4,9,249,1,87,3f7c85302a5878f2412f0de987995cd72cc4ac81
a1_sft_s0_task4_check6_lr1e-6_wu5,25,4,0,250,0,300,3f7c85302a5878f2412f0de987995cd72cc4ac81
a1_sft_s0_task4_check6_lr1e-6_wu5,25,4,1,251,1,85,3f7c85302a5878f2412f0de987995cd72cc4ac81
a1_sft_s0_task4_check6_lr1e-6_wu5,25,4,2,252,1,89,3f7c85302a5878f2412f0de987995cd72cc4ac81
a1_sft_s0_task4_check6_lr1e-6_wu5,25,4,3,253,1,88,3f7c85302a5878f2412f0de987995cd72cc4ac81
a1_sft_s0_task4_check6_lr1e-6_wu5,25,4,4,254,1,78,3f7c85302a5878f2412f0de987995cd72cc4ac81
a1_sft_s0_task4_check6_lr1e-6_wu5,25,4,5,255,1,82,3f7c85302a5878f2412f0de987995cd72cc4ac81
a1_sft_s0_task4_check6_lr1e-6_wu5,25,4,6,256,0,300,3f7c85302a5878f2412f0de987995cd72cc4ac81
a1_sft_s0_task4_check6_lr1e-6_wu5,25,4,7,257,1,83,3f7c85302a5878f2412f0de987995cd72cc4ac81
a1_sft_s0_task4_check6_lr1e-6_wu5,25,4,8,258,0,300,3f7c85302a5878f2412f0de987995cd72cc4ac81
a1_sft_s0_task4_check6_lr1e-6_wu5,25,4,9,259,1,79,3f7c85302a5878f2412f0de987995cd72cc4ac81
a1_sft_s0_task4_check6_lr1e-6_wu5,26,4,0,260,0,300,3f7c85302a5878f2412f0de987995cd72cc4ac81
a1_sft_s0_task4_check6_lr1e-6_wu5,26,4,1,261,1,81,3f7c85302a5878f2412f0de987995cd72cc4ac81
a1_sft_s0_task4_check6_lr1e-6_wu5,26,4,2,262,1,77,3f7c85302a5878f2412f0de987995cd72cc4ac81
a1_sft_s0_task4_check6_lr1e-6_wu5,26,4,3,263,1,80,3f7c85302a5878f2412f0de987995cd72cc4ac81
a1_sft_s0_task4_check6_lr1e-6_wu5,26,4,4,264,0,300,3f7c85302a5878f2412f0de987995cd72cc4ac81
a1_sft_s0_task4_check6_lr1e-6_wu5,26,4,5,265,1,88,3f7c85302a5878f2412f0de987995cd72cc4ac81
a1_sft_s0_task4_check6_lr1e-6_wu5,26,4,6,266,1,80,3f7c85302a5878f2412f0de987995cd72cc4ac81
a1_sft_s0_task4_check6_lr1e-6_wu5,26,4,7,267,1,85,3f7c85302a5878f2412f0de987995cd72cc4ac81
a1_sft_s0_task4_check6_lr1e-6_wu5,26,4,8,268,0,300,3f7c85302a5878f2412f0de987995cd72cc4ac81
a1_sft_s0_task4_check6_lr1e-6_wu5,26,4,9,269,1,75,3f7c85302a5878f2412f0de987995cd72cc4ac81
a1_sft_s0_task4_check6_lr1e-6_wu5,27,4,0,270,1,82,3f7c85302a5878f2412f0de987995cd72cc4ac81
a1_sft_s0_task4_check6_lr1e-6_wu5,27,4,1,271,1,82,3f7c85302a5878f2412f0de987995cd72cc4ac81
a1_sft_s0_task4_check6_lr1e-6_wu5,27,4,2,272,0,300,3f7c85302a5878f2412f0de987995cd72cc4ac81
a1_sft_s0_task4_check6_lr1e-6_wu5,27,4,3,273,0,300,3f7c85302a5878f2412f0de987995cd72cc4ac81
a1_sft_s0_task4_check6_lr1e-6_wu5,27,4,4,274,0,300,3f7c85302a5878f2412f0de987995cd72cc4ac81
a1_sft_s0_task4_check6_lr1e-6_wu5,27,4,5,275,0,300,3f7c85302a5878f2412f0de987995cd72cc4ac81
a1_sft_s0_task4_check6_lr1e-6_wu5,27,4,6,276,1,87,3f7c85302a5878f2412f0de987995cd72cc4ac81
a1_sft_s0_task4_check6_lr1e-6_wu5,27,4,7,277,1,83,3f7c85302a5878f2412f0de987995cd72cc4ac81
a1_sft_s0_task4_check6_lr1e-6_wu5,27,4,8,278,1,86,3f7c85302a5878f2412f0de987995cd72cc4ac81
a1_sft_s0_task4_check6_lr1e-6_wu5,27,4,9,279,1,89,3f7c85302a5878f2412f0de987995cd72cc4ac81
a1_sft_s0_task4_check6_lr1e-6_wu5,28,4,0,280,1,81,3f7c85302a5878f2412f0de987995cd72cc4ac81
a1_sft_s0_task4_check6_lr1e-6_wu5,28,4,1,281,1,84,3f7c85302a5878f2412f0de987995cd72cc4ac81
a1_sft_s0_task4_check6_lr1e-6_wu5,28,4,2,282,1,80,3f7c85302a5878f2412f0de987995cd72cc4ac81
a1_sft_s0_task4_check6_lr1e-6_wu5,28,4,3,283,1,82,3f7c85302a5878f2412f0de987995cd72cc4ac81
a1_sft_s0_task4_check6_lr1e-6_wu5,28,4,4,284,1,82,3f7c85302a5878f2412f0de987995cd72cc4ac81
a1_sft_s0_task4_check6_lr1e-6_wu5,28,4,5,285,1,80,3f7c85302a5878f2412f0de987995cd72cc4ac81
a1_sft_s0_task4_check6_lr1e-6_wu5,28,4,6,286,1,81,3f7c85302a5878f2412f0de987995cd72cc4ac81
a1_sft_s0_task4_check6_lr1e-6_wu5,28,4,7,287,1,86,3f7c85302a5878f2412f0de987995cd72cc4ac81
a1_sft_s0_task4_check6_lr1e-6_wu5,28,4,8,288,0,300,3f7c85302a5878f2412f0de987995cd72cc4ac81
a1_sft_s0_task4_check6_lr1e-6_wu5,28,4,9,289,0,300,3f7c85302a5878f2412f0de987995cd72cc4ac81
a1_sft_s0_task4_check6_lr1e-6_wu5,29,4,0,290,0,300,3f7c85302a5878f2412f0de987995cd72cc4ac81
a1_sft_s0_task4_check6_lr1e-6_wu5,29,4,1,291,1,82,3f7c85302a5878f2412f0de987995cd72cc4ac81
a1_sft_s0_task4_check6_lr1e-6_wu5,29,4,2,292,1,75,3f7c85302a5878f2412f0de987995cd72cc4ac81
a1_sft_s0_task4_check6_lr1e-6_wu5,29,4,3,293,1,85,3f7c85302a5878f2412f0de987995cd72cc4ac81
a1_sft_s0_task4_check6_lr1e-6_wu5,29,4,4,294,1,79,3f7c85302a5878f2412f0de987995cd72cc4ac81
a1_sft_s0_task4_check6_lr1e-6_wu5,29,4,5,295,1,84,3f7c85302a5878f2412f0de987995cd72cc4ac81
a1_sft_s0_task4_check6_lr1e-6_wu5,29,4,6,296,1,83,3f7c85302a5878f2412f0de987995cd72cc4ac81
a1_sft_s0_task4_check6_lr1e-6_wu5,29,4,7,297,0,300,3f7c85302a5878f2412f0de987995cd72cc4ac81
a1_sft_s0_task4_check6_lr1e-6_wu5,29,4,8,298,0,300,3f7c85302a5878f2412f0de987995cd72cc4ac81
a1_sft_s0_task4_check6_lr1e-6_wu5,29,4,9,299,1,87,3f7c85302a5878f2412f0de987995cd72cc4ac81
a1_sft_s2_task4_check6_lr1e-6_wu5,0,4,0,2000000,0,300,3d7321b65a7729fe58681d2067d04e50e8449597
a1_sft_s2_task4_check6_lr1e-6_wu5,0,4,1,2000001,1,98,3d7321b65a7729fe58681d2067d04e50e8449597
a1_sft_s2_task4_check6_lr1e-6_wu5,0,4,2,2000002,1,87,3d7321b65a7729fe58681d2067d04e50e8449597
a1_sft_s2_task4_check6_lr1e-6_wu5,0,4,3,2000003,0,300,3d7321b65a7729fe58681d2067d04e50e8449597
a1_sft_s2_task4_check6_lr1e-6_wu5,0,4,4,2000004,0,300,3d7321b65a7729fe58681d2067d04e50e8449597
a1_sft_s2_task4_check6_lr1e-6_wu5,0,4,5,2000005,0,300,3d7321b65a7729fe58681d2067d04e50e8449597
a1_sft_s2_task4_check6_lr1e-6_wu5,0,4,6,2000006,1,243,3d7321b65a7729fe58681d2067d04e50e8449597
a1_sft_s2_task4_check6_lr1e-6_wu5,0,4,7,2000007,0,300,3d7321b65a7729fe58681d2067d04e50e8449597
a1_sft_s2_task4_check6_lr1e-6_wu5,0,4,8,2000008,1,226,3d7321b65a7729fe58681d2067d04e50e8449597
a1_sft_s2_task4_check6_lr1e-6_wu5,0,4,9,2000009,0,300,3d7321b65a7729fe58681d2067d04e50e8449597
a1_sft_s2_task4_check6_lr1e-6_wu5,1,4,0,2000010,1,276,3d7321b65a7729fe58681d2067d04e50e8449597
a1_sft_s2_task4_check6_lr1e-6_wu5,1,4,1,2000011,0,300,3d7321b65a7729fe58681d2067d04e50e8449597
a1_sft_s2_task4_check6_lr1e-6_wu5,1,4,2,2000012,1,87,3d7321b65a7729fe58681d2067d04e50e8449597
a1_sft_s2_task4_check6_lr1e-6_wu5,1,4,3,2000013,1,78,3d7321b65a7729fe58681d2067d04e50e8449597
a1_sft_s2_task4_check6_lr1e-6_wu5,1,4,4,2000014,0,300,3d7321b65a7729fe58681d2067d04e50e8449597
a1_sft_s2_task4_check6_lr1e-6_wu5,1,4,5,2000015,0,300,3d7321b65a7729fe58681d2067d04e50e8449597
a1_sft_s2_task4_check6_lr1e-6_wu5,1,4,6,2000016,0,300,3d7321b65a7729fe58681d2067d04e50e8449597
a1_sft_s2_task4_check6_lr1e-6_wu5,1,4,7,2000017,0,300,3d7321b65a7729fe58681d2067d04e50e8449597
a1_sft_s2_task4_check6_lr1e-6_wu5,1,4,8,2000018,0,300,3d7321b65a7729fe58681d2067d04e50e8449597
a1_sft_s2_task4_check6_lr1e-6_wu5,1,4,9,2000019,0,300,3d7321b65a7729fe58681d2067d04e50e8449597
a1_sft_s2_task4_check6_lr1e-6_wu5,2,4,0,2000020,0,300,3d7321b65a7729fe58681d2067d04e50e8449597
a1_sft_s2_task4_check6_lr1e-6_wu5,2,4,1,2000021,0,300,3d7321b65a7729fe58681d2067d04e50e8449597
a1_sft_s2_task4_check6_lr1e-6_wu5,2,4,2,2000022,1,200,3d7321b65a7729fe58681d2067d04e50e8449597
a1_sft_s2_task4_check6_lr1e-6_wu5,2,4,3,2000023,0,300,3d7321b65a7729fe58681d2067d04e50e8449597
a1_sft_s2_task4_check6_lr1e-6_wu5,2,4,4,2000024,0,300,3d7321b65a7729fe58681d2067d04e50e8449597
a1_sft_s2_task4_check6_lr1e-6_wu5,2,4,5,2000025,0,300,3d7321b65a7729fe58681d2067d04e50e8449597
a1_sft_s2_task4_check6_lr1e-6_wu5,2,4,6,2000026,0,300,3d7321b65a7729fe58681d2067d04e50e8449597
a1_sft_s2_task4_check6_lr1e-6_wu5,2,4,7,2000027,1,92,3d7321b65a7729fe58681d2067d04e50e8449597
a1_sft_s2_task4_check6_lr1e-6_wu5,2,4,8,2000028,0,300,3d7321b65a7729fe58681d2067d04e50e8449597
a1_sft_s2_task4_check6_lr1e-6_wu5,2,4,9,2000029,0,300,3d7321b65a7729fe58681d2067d04e50e8449597
a1_sft_s2_task4_check6_lr1e-6_wu5,3,4,0,2000030,0,300,3d7321b65a7729fe58681d2067d04e50e8449597
a1_sft_s2_task4_check6_lr1e-6_wu5,3,4,1,2000031,1,88,3d7321b65a7729fe58681d2067d04e50e8449597
a1_sft_s2_task4_check6_lr1e-6_wu5,3,4,2,2000032,0,300,3d7321b65a7729fe58681d2067d04e50e8449597
a1_sft_s2_task4_check6_lr1e-6_wu5,3,4,3,2000033,0,300,3d7321b65a7729fe58681d2067d04e50e8449597
a1_sft_s2_task4_check6_lr1e-6_wu5,3,4,4,2000034,0,300,3d7321b65a7729fe58681d2067d04e50e8449597
a1_sft_s2_task4_check6_lr1e-6_wu5,3,4,5,2000035,1,87,3d7321b65a7729fe58681d2067d04e50e8449597
a1_sft_s2_task4_check6_lr1e-6_wu5,3,4,6,2000036,0,300,3d7321b65a7729fe58681d2067d04e50e8449597
a1_sft_s2_task4_check6_lr1e-6_wu5,3,4,7,2000037,0,300,3d7321b65a7729fe58681d2067d04e50e8449597
a1_sft_s2_task4_check6_lr1e-6_wu5,3,4,8,2000038,0,300,3d7321b65a7729fe58681d2067d04e50e8449597
a1_sft_s2_task4_check6_lr1e-6_wu5,3,4,9,2000039,0,300,3d7321b65a7729fe58681d2067d04e50e8449597
a1_sft_s2_task4_check6_lr1e-6_wu5,4,4,0,2000040,1,235,3d7321b65a7729fe58681d2067d04e50e8449597
a1_sft_s2_task4_check6_lr1e-6_wu5,4,4,1,2000041,0,300,3d7321b65a7729fe58681d2067d04e50e8449597
a1_sft_s2_task4_check6_lr1e-6_wu5,4,4,2,2000042,1,86,3d7321b65a7729fe58681d2067d04e50e8449597
a1_sft_s2_task4_check6_lr1e-6_wu5,4,4,3,2000043,0,300,3d7321b65a7729fe58681d2067d04e50e8449597
a1_sft_s2_task4_check6_lr1e-6_wu5,4,4,4,2000044,0,300,3d7321b65a7729fe58681d2067d04e50e8449597
a1_sft_s2_task4_check6_lr1e-6_wu5,4,4,5,2000045,0,300,3d7321b65a7729fe58681d2067d04e50e8449597
a1_sft_s2_task4_check6_lr1e-6_wu5,4,4,6,2000046,0,300,3d7321b65a7729fe58681d2067d04e50e8449597
a1_sft_s2_task4_check6_lr1e-6_wu5,4,4,7,2000047,0,300,3d7321b65a7729fe58681d2067d04e50e8449597
a1_sft_s2_task4_check6_lr1e-6_wu5,4,4,8,2000048,0,300,3d7321b65a7729fe58681d2067d04e50e8449597
a1_sft_s2_task4_check6_lr1e-6_wu5,4,4,9,2000049,0,300,3d7321b65a7729fe58681d2067d04e50e8449597
a1_sft_s2_task4_check6_lr1e-6_wu5,5,4,0,2000050,0,300,3d7321b65a7729fe58681d2067d04e50e8449597
a1_sft_s2_task4_check6_lr1e-6_wu5,5,4,1,2000051,1,92,3d7321b65a7729fe58681d2067d04e50e8449597
a1_sft_s2_task4_check6_lr1e-6_wu5,5,4,2,2000052,0,300,3d7321b65a7729fe58681d2067d04e50e8449597
a1_sft_s2_task4_check6_lr1e-6_wu5,5,4,3,2000053,0,300,3d7321b65a7729fe58681d2067d04e50e8449597
a1_sft_s2_task4_check6_lr1e-6_wu5,5,4,4,2000054,0,300,3d7321b65a7729fe58681d2067d04e50e8449597
a1_sft_s2_task4_check6_lr1e-6_wu5,5,4,5,2000055,0,300,3d7321b65a7729fe58681d2067d04e50e8449597
a1_sft_s2_task4_check6_lr1e-6_wu5,5,4,6,2000056,0,300,3d7321b65a7729fe58681d2067d04e50e8449597
a1_sft_s2_task4_check6_lr1e-6_wu5,5,4,7,2000057,0,300,3d7321b65a7729fe58681d2067d04e50e8449597
a1_sft_s2_task4_check6_lr1e-6_wu5,5,4,8,2000058,0,300,3d7321b65a7729fe58681d2067d04e50e8449597
a1_sft_s2_task4_check6_lr1e-6_wu5,5,4,9,2000059,0,300,3d7321b65a7729fe58681d2067d04e50e8449597
a1_sft_s2_task4_check6_lr1e-6_wu5,6,4,0,2000060,0,300,3d7321b65a7729fe58681d2067d04e50e8449597
a1_sft_s2_task4_check6_lr1e-6_wu5,6,4,1,2000061,1,292,3d7321b65a7729fe58681d2067d04e50e8449597
a1_sft_s2_task4_check6_lr1e-6_wu5,6,4,2,2000062,1,85,3d7321b65a7729fe58681d2067d04e50e8449597
a1_sft_s2_task4_check6_lr1e-6_wu5,6,4,3,2000063,0,300,3d7321b65a7729fe58681d2067d04e50e8449597
a1_sft_s2_task4_check6_lr1e-6_wu5,6,4,4,2000064,0,300,3d7321b65a7729fe58681d2067d04e50e8449597
a1_sft_s2_task4_check6_lr1e-6_wu5,6,4,5,2000065,0,300,3d7321b65a7729fe58681d2067d04e50e8449597
a1_sft_s2_task4_check6_lr1e-6_wu5,6,4,6,2000066,0,300,3d7321b65a7729fe58681d2067d04e50e8449597
a1_sft_s2_task4_check6_lr1e-6_wu5,6,4,7,2000067,0,300,3d7321b65a7729fe58681d2067d04e50e8449597
a1_sft_s2_task4_check6_lr1e-6_wu5,6,4,8,2000068,1,98,3d7321b65a7729fe58681d2067d04e50e8449597
a1_sft_s2_task4_check6_lr1e-6_wu5,6,4,9,2000069,0,300,3d7321b65a7729fe58681d2067d04e50e8449597
a1_sft_s2_task4_check6_lr1e-6_wu5,7,4,0,2000070,0,300,3d7321b65a7729fe58681d2067d04e50e8449597
a1_sft_s2_task4_check6_lr1e-6_wu5,7,4,1,2000071,0,300,3d7321b65a7729fe58681d2067d04e50e8449597
a1_sft_s2_task4_check6_lr1e-6_wu5,7,4,2,2000072,0,300,3d7321b65a7729fe58681d2067d04e50e8449597
a1_sft_s2_task4_check6_lr1e-6_wu5,7,4,3,2000073,0,300,3d7321b65a7729fe58681d2067d04e50e8449597
a1_sft_s2_task4_check6_lr1e-6_wu5,7,4,4,2000074,0,300,3d7321b65a7729fe58681d2067d04e50e8449597
a1_sft_s2_task4_check6_lr1e-6_wu5,7,4,5,2000075,0,300,3d7321b65a7729fe58681d2067d04e50e8449597
a1_sft_s2_task4_check6_lr1e-6_wu5,7,4,6,2000076,0,300,3d7321b65a7729fe58681d2067d04e50e8449597
a1_sft_s2_task4_check6_lr1e-6_wu5,7,4,7,2000077,1,88,3d7321b65a7729fe58681d2067d04e50e8449597
a1_sft_s2_task4_check6_lr1e-6_wu5,7,4,8,2000078,0,300,3d7321b65a7729fe58681d2067d04e50e8449597
a1_sft_s2_task4_check6_lr1e-6_wu5,7,4,9,2000079,0,300,3d7321b65a7729fe58681d2067d04e50e8449597
a1_sft_s2_task4_check6_lr1e-6_wu5,8,4,0,2000080,0,300,3d7321b65a7729fe58681d2067d04e50e8449597
a1_sft_s2_task4_check6_lr1e-6_wu5,8,4,1,2000081,1,87,3d7321b65a7729fe58681d2067d04e50e8449597
a1_sft_s2_task4_check6_lr1e-6_wu5,8,4,2,2000082,0,300,3d7321b65a7729fe58681d2067d04e50e8449597
a1_sft_s2_task4_check6_lr1e-6_wu5,8,4,3,2000083,0,300,3d7321b65a7729fe58681d2067d04e50e8449597
a1_sft_s2_task4_check6_lr1e-6_wu5,8,4,4,2000084,0,300,3d7321b65a7729fe58681d2067d04e50e8449597
a1_sft_s2_task4_check6_lr1e-6_wu5,8,4,5,2000085,1,88,3d7321b65a7729fe58681d2067d04e50e8449597
a1_sft_s2_task4_check6_lr1e-6_wu5,8,4,6,2000086,0,300,3d7321b65a7729fe58681d2067d04e50e8449597
a1_sft_s2_task4_check6_lr1e-6_wu5,8,4,7,2000087,0,300,3d7321b65a7729fe58681d2067d04e50e8449597
a1_sft_s2_task4_check6_lr1e-6_wu5,8,4,8,2000088,0,300,3d7321b65a7729fe58681d2067d04e50e8449597
a1_sft_s2_task4_check6_lr1e-6_wu5,8,4,9,2000089,0,300,3d7321b65a7729fe58681d2067d04e50e8449597
a1_sft_s2_task4_check6_lr1e-6_wu5,9,4,0,2000090,0,300,3d7321b65a7729fe58681d2067d04e50e8449597
a1_sft_s2_task4_check6_lr1e-6_wu5,9,4,1,2000091,0,300,3d7321b65a7729fe58681d2067d04e50e8449597
a1_sft_s2_task4_check6_lr1e-6_wu5,9,4,2,2000092,1,89,3d7321b65a7729fe58681d2067d04e50e8449597
a1_sft_s2_task4_check6_lr1e-6_wu5,9,4,3,2000093,1,83,3d7321b65a7729fe58681d2067d04e50e8449597
a1_sft_s2_task4_check6_lr1e-6_wu5,9,4,4,2000094,0,300,3d7321b65a7729fe58681d2067d04e50e8449597
a1_sft_s2_task4_check6_lr1e-6_wu5,9,4,5,2000095,0,300,3d7321b65a7729fe58681d2067d04e50e8449597
a1_sft_s2_task4_check6_lr1e-6_wu5,9,4,6,2000096,0,300,3d7321b65a7729fe58681d2067d04e50e8449597
a1_sft_s2_task4_check6_lr1e-6_wu5,9,4,7,2000097,0,300,3d7321b65a7729fe58681d2067d04e50e8449597
a1_sft_s2_task4_check6_lr1e-6_wu5,9,4,8,2000098,0,300,3d7321b65a7729fe58681d2067d04e50e8449597
a1_sft_s2_task4_check6_lr1e-6_wu5,9,4,9,2000099,0,300,3d7321b65a7729fe58681d2067d04e50e8449597
a1_sft_s2_task4_check6_lr1e-6_wu5,10,4,0,2000100,0,300,3d7321b65a7729fe58681d2067d04e50e8449597
a1_sft_s2_task4_check6_lr1e-6_wu5,10,4,1,2000101,1,94,3d7321b65a7729fe58681d2067d04e50e8449597
a1_sft_s2_task4_check6_lr1e-6_wu5,10,4,2,2000102,1,87,3d7321b65a7729fe58681d2067d04e50e8449597
a1_sft_s2_task4_check6_lr1e-6_wu5,10,4,3,2000103,0,300,3d7321b65a7729fe58681d2067d04e50e8449597
a1_sft_s2_task4_check6_lr1e-6_wu5,10,4,4,2000104,0,300,3d7321b65a7729fe58681d2067d04e50e8449597
a1_sft_s2_task4_check6_lr1e-6_wu5,10,4,5,2000105,0,300,3d7321b65a7729fe58681d2067d04e50e8449597
a1_sft_s2_task4_check6_lr1e-6_wu5,10,4,6,2000106,0,300,3d7321b65a7729fe58681d2067d04e50e8449597
a1_sft_s2_task4_check6_lr1e-6_wu5,10,4,7,2000107,0,300,3d7321b65a7729fe58681d2067d04e50e8449597
a1_sft_s2_task4_check6_lr1e-6_wu5,10,4,8,2000108,1,291,3d7321b65a7729fe58681d2067d04e50e8449597
a1_sft_s2_task4_check6_lr1e-6_wu5,10,4,9,2000109,0,300,3d7321b65a7729fe58681d2067d04e50e8449597
a1_sft_s2_task4_check6_lr1e-6_wu5,11,4,0,2000110,0,300,3d7321b65a7729fe58681d2067d04e50e8449597
a1_sft_s2_task4_check6_lr1e-6_wu5,11,4,1,2000111,0,300,3d7321b65a7729fe58681d2067d04e50e8449597
a1_sft_s2_task4_check6_lr1e-6_wu5,11,4,2,2000112,1,85,3d7321b65a7729fe58681d2067d04e50e8449597
a1_sft_s2_task4_check6_lr1e-6_wu5,11,4,3,2000113,0,300,3d7321b65a7729fe58681d2067d04e50e8449597
a1_sft_s2_task4_check6_lr1e-6_wu5,11,4,4,2000114,0,300,3d7321b65a7729fe58681d2067d04e50e8449597
a1_sft_s2_task4_check6_lr1e-6_wu5,11,4,5,2000115,0,300,3d7321b65a7729fe58681d2067d04e50e8449597
a1_sft_s2_task4_check6_lr1e-6_wu5,11,4,6,2000116,0,300,3d7321b65a7729fe58681d2067d04e50e8449597
a1_sft_s2_task4_check6_lr1e-6_wu5,11,4,7,2000117,0,300,3d7321b65a7729fe58681d2067d04e50e8449597
a1_sft_s2_task4_check6_lr1e-6_wu5,11,4,8,2000118,0,300,3d7321b65a7729fe58681d2067d04e50e8449597
a1_sft_s2_task4_check6_lr1e-6_wu5,11,4,9,2000119,0,300,3d7321b65a7729fe58681d2067d04e50e8449597
a1_sft_s2_task4_check6_lr1e-6_wu5,12,4,0,2000120,0,300,3d7321b65a7729fe58681d2067d04e50e8449597
a1_sft_s2_task4_check6_lr1e-6_wu5,12,4,1,2000121,0,300,3d7321b65a7729fe58681d2067d04e50e8449597
a1_sft_s2_task4_check6_lr1e-6_wu5,12,4,2,2000122,1,97,3d7321b65a7729fe58681d2067d04e50e8449597
a1_sft_s2_task4_check6_lr1e-6_wu5,12,4,3,2000123,0,300,3d7321b65a7729fe58681d2067d04e50e8449597
a1_sft_s2_task4_check6_lr1e-6_wu5,12,4,4,2000124,0,300,3d7321b65a7729fe58681d2067d04e50e8449597
a1_sft_s2_task4_check6_lr1e-6_wu5,12,4,5,2000125,0,300,3d7321b65a7729fe58681d2067d04e50e8449597
a1_sft_s2_task4_check6_lr1e-6_wu5,12,4,6,2000126,0,300,3d7321b65a7729fe58681d2067d04e50e8449597
a1_sft_s2_task4_check6_lr1e-6_wu5,12,4,7,2000127,0,300,3d7321b65a7729fe58681d2067d04e50e8449597
a1_sft_s2_task4_check6_lr1e-6_wu5,12,4,8,2000128,0,300,3d7321b65a7729fe58681d2067d04e50e8449597
a1_sft_s2_task4_check6_lr1e-6_wu5,12,4,9,2000129,0,300,3d7321b65a7729fe58681d2067d04e50e8449597
a1_sft_s2_task4_check6_lr1e-6_wu5,13,4,0,2000130,0,300,3d7321b65a7729fe58681d2067d04e50e8449597
a1_sft_s2_task4_check6_lr1e-6_wu5,13,4,1,2000131,0,300,3d7321b65a7729fe58681d2067d04e50e8449597
a1_sft_s2_task4_check6_lr1e-6_wu5,13,4,2,2000132,0,300,3d7321b65a7729fe58681d2067d04e50e8449597
a1_sft_s2_task4_check6_lr1e-6_wu5,13,4,3,2000133,0,300,3d7321b65a7729fe58681d2067d04e50e8449597
a1_sft_s2_task4_check6_lr1e-6_wu5,13,4,4,2000134,0,300,3d7321b65a7729fe58681d2067d04e50e8449597
a1_sft_s2_task4_check6_lr1e-6_wu5,13,4,5,2000135,1,87,3d7321b65a7729fe58681d2067d04e50e8449597
a1_sft_s2_task4_check6_lr1e-6_wu5,13,4,6,2000136,0,300,3d7321b65a7729fe58681d2067d04e50e8449597
a1_sft_s2_task4_check6_lr1e-6_wu5,13,4,7,2000137,0,300,3d7321b65a7729fe58681d2067d04e50e8449597
a1_sft_s2_task4_check6_lr1e-6_wu5,13,4,8,2000138,0,300,3d7321b65a7729fe58681d2067d04e50e8449597
a1_sft_s2_task4_check6_lr1e-6_wu5,13,4,9,2000139,0,300,3d7321b65a7729fe58681d2067d04e50e8449597
a1_sft_s2_task4_check6_lr1e-6_wu5,14,4,0,2000140,0,300,3d7321b65a7729fe58681d2067d04e50e8449597
a1_sft_s2_task4_check6_lr1e-6_wu5,14,4,1,2000141,0,300,3d7321b65a7729fe58681d2067d04e50e8449597
a1_sft_s2_task4_check6_lr1e-6_wu5,14,4,2,2000142,0,300,3d7321b65a7729fe58681d2067d04e50e8449597
a1_sft_s2_task4_check6_lr1e-6_wu5,14,4,3,2000143,1,85,3d7321b65a7729fe58681d2067d04e50e8449597
a1_sft_s2_task4_check6_lr1e-6_wu5,14,4,4,2000144,0,300,3d7321b65a7729fe58681d2067d04e50e8449597
a1_sft_s2_task4_check6_lr1e-6_wu5,14,4,5,2000145,0,300,3d7321b65a7729fe58681d2067d04e50e8449597
a1_sft_s2_task4_check6_lr1e-6_wu5,14,4,6,2000146,0,300,3d7321b65a7729fe58681d2067d04e50e8449597
a1_sft_s2_task4_check6_lr1e-6_wu5,14,4,7,2000147,0,300,3d7321b65a7729fe58681d2067d04e50e8449597
a1_sft_s2_task4_check6_lr1e-6_wu5,14,4,8,2000148,0,300,3d7321b65a7729fe58681d2067d04e50e8449597
a1_sft_s2_task4_check6_lr1e-6_wu5,14,4,9,2000149,0,300,3d7321b65a7729fe58681d2067d04e50e8449597
a1_sft_s2_task4_check6_lr1e-6_wu5,15,4,0,2000150,0,300,3d7321b65a7729fe58681d2067d04e50e8449597
a1_sft_s2_task4_check6_lr1e-6_wu5,15,4,1,2000151,1,89,3d7321b65a7729fe58681d2067d04e50e8449597
a1_sft_s2_task4_check6_lr1e-6_wu5,15,4,2,2000152,1,88,3d7321b65a7729fe58681d2067d04e50e8449597
a1_sft_s2_task4_check6_lr1e-6_wu5,15,4,3,2000153,0,300,3d7321b65a7729fe58681d2067d04e50e8449597
a1_sft_s2_task4_check6_lr1e-6_wu5,15,4,4,2000154,0,300,3d7321b65a7729fe58681d2067d04e50e8449597
a1_sft_s2_task4_check6_lr1e-6_wu5,15,4,5,2000155,0,300,3d7321b65a7729fe58681d2067d04e50e8449597
a1_sft_s2_task4_check6_lr1e-6_wu5,15,4,6,2000156,0,300,3d7321b65a7729fe58681d2067d04e50e8449597
a1_sft_s2_task4_check6_lr1e-6_wu5,15,4,7,2000157,0,300,3d7321b65a7729fe58681d2067d04e50e8449597
a1_sft_s2_task4_check6_lr1e-6_wu5,15,4,8,2000158,0,300,3d7321b65a7729fe58681d2067d04e50e8449597
a1_sft_s2_task4_check6_lr1e-6_wu5,15,4,9,2000159,0,300,3d7321b65a7729fe58681d2067d04e50e8449597
a1_sft_s2_task4_check6_lr1e-6_wu5,16,4,0,2000160,0,300,3d7321b65a7729fe58681d2067d04e50e8449597
a1_sft_s2_task4_check6_lr1e-6_wu5,16,4,1,2000161,1,185,3d7321b65a7729fe58681d2067d04e50e8449597
a1_sft_s2_task4_check6_lr1e-6_wu5,16,4,2,2000162,1,87,3d7321b65a7729fe58681d2067d04e50e8449597
a1_sft_s2_task4_check6_lr1e-6_wu5,16,4,3,2000163,1,84,3d7321b65a7729fe58681d2067d04e50e8449597
a1_sft_s2_task4_check6_lr1e-6_wu5,16,4,4,2000164,0,300,3d7321b65a7729fe58681d2067d04e50e8449597
a1_sft_s2_task4_check6_lr1e-6_wu5,16,4,5,2000165,0,300,3d7321b65a7729fe58681d2067d04e50e8449597
a1_sft_s2_task4_check6_lr1e-6_wu5,16,4,6,2000166,0,300,3d7321b65a7729fe58681d2067d04e50e8449597
a1_sft_s2_task4_check6_lr1e-6_wu5,16,4,7,2000167,0,300,3d7321b65a7729fe58681d2067d04e50e8449597
a1_sft_s2_task4_check6_lr1e-6_wu5,16,4,8,2000168,0,300,3d7321b65a7729fe58681d2067d04e50e8449597
a1_sft_s2_task4_check6_lr1e-6_wu5,16,4,9,2000169,0,300,3d7321b65a7729fe58681d2067d04e50e8449597
a1_sft_s2_task4_check6_lr1e-6_wu5,17,4,0,2000170,0,300,3d7321b65a7729fe58681d2067d04e50e8449597
a1_sft_s2_task4_check6_lr1e-6_wu5,17,4,1,2000171,0,300,3d7321b65a7729fe58681d2067d04e50e8449597
a1_sft_s2_task4_check6_lr1e-6_wu5,17,4,2,2000172,0,300,3d7321b65a7729fe58681d2067d04e50e8449597
a1_sft_s2_task4_check6_lr1e-6_wu5,17,4,3,2000173,0,300,3d7321b65a7729fe58681d2067d04e50e8449597
a1_sft_s2_task4_check6_lr1e-6_wu5,17,4,4,2000174,1,96,3d7321b65a7729fe58681d2067d04e50e8449597
a1_sft_s2_task4_check6_lr1e-6_wu5,17,4,5,2000175,0,300,3d7321b65a7729fe58681d2067d04e50e8449597
a1_sft_s2_task4_check6_lr1e-6_wu5,17,4,6,2000176,0,300,3d7321b65a7729fe58681d2067d04e50e8449597
a1_sft_s2_task4_check6_lr1e-6_wu5,17,4,7,2000177,1,88,3d7321b65a7729fe58681d2067d04e50e8449597
a1_sft_s2_task4_check6_lr1e-6_wu5,17,4,8,2000178,0,300,3d7321b65a7729fe58681d2067d04e50e8449597
a1_sft_s2_task4_check6_lr1e-6_wu5,17,4,9,2000179,0,300,3d7321b65a7729fe58681d2067d04e50e8449597
a1_sft_s2_task4_check6_lr1e-6_wu5,18,4,0,2000180,0,300,3d7321b65a7729fe58681d2067d04e50e8449597
a1_sft_s2_task4_check6_lr1e-6_wu5,18,4,1,2000181,0,300,3d7321b65a7729fe58681d2067d04e50e8449597
a1_sft_s2_task4_check6_lr1e-6_wu5,18,4,2,2000182,1,93,3d7321b65a7729fe58681d2067d04e50e8449597
a1_sft_s2_task4_check6_lr1e-6_wu5,18,4,3,2000183,0,300,3d7321b65a7729fe58681d2067d04e50e8449597
a1_sft_s2_task4_check6_lr1e-6_wu5,18,4,4,2000184,1,83,3d7321b65a7729fe58681d2067d04e50e8449597
a1_sft_s2_task4_check6_lr1e-6_wu5,18,4,5,2000185,1,89,3d7321b65a7729fe58681d2067d04e50e8449597
a1_sft_s2_task4_check6_lr1e-6_wu5,18,4,6,2000186,0,300,3d7321b65a7729fe58681d2067d04e50e8449597
a1_sft_s2_task4_check6_lr1e-6_wu5,18,4,7,2000187,0,300,3d7321b65a7729fe58681d2067d04e50e8449597
a1_sft_s2_task4_check6_lr1e-6_wu5,18,4,8,2000188,0,300,3d7321b65a7729fe58681d2067d04e50e8449597
a1_sft_s2_task4_check6_lr1e-6_wu5,18,4,9,2000189,0,300,3d7321b65a7729fe58681d2067d04e50e8449597
a1_sft_s2_task4_check6_lr1e-6_wu5,19,4,0,2000190,1,260,3d7321b65a7729fe58681d2067d04e50e8449597
a1_sft_s2_task4_check6_lr1e-6_wu5,19,4,1,2000191,0,300,3d7321b65a7729fe58681d2067d04e50e8449597
a1_sft_s2_task4_check6_lr1e-6_wu5,19,4,2,2000192,1,85,3d7321b65a7729fe58681d2067d04e50e8449597
a1_sft_s2_task4_check6_lr1e-6_wu5,19,4,3,2000193,1,84,3d7321b65a7729fe58681d2067d04e50e8449597
a1_sft_s2_task4_check6_lr1e-6_wu5,19,4,4,2000194,0,300,3d7321b65a7729fe58681d2067d04e50e8449597
a1_sft_s2_task4_check6_lr1e-6_wu5,19,4,5,2000195,0,300,3d7321b65a7729fe58681d2067d04e50e8449597
a1_sft_s2_task4_check6_lr1e-6_wu5,19,4,6,2000196,0,300,3d7321b65a7729fe58681d2067d04e50e8449597
a1_sft_s2_task4_check6_lr1e-6_wu5,19,4,7,2000197,1,90,3d7321b65a7729fe58681d2067d04e50e8449597
a1_sft_s2_task4_check6_lr1e-6_wu5,19,4,8,2000198,0,300,3d7321b65a7729fe58681d2067d04e50e8449597
a1_sft_s2_task4_check6_lr1e-6_wu5,19,4,9,2000199,0,300,3d7321b65a7729fe58681d2067d04e50e8449597
a1_sft_s2_task4_check6_lr1e-6_wu5,20,4,0,2000200,1,94,3d7321b65a7729fe58681d2067d04e50e8449597
a1_sft_s2_task4_check6_lr1e-6_wu5,20,4,1,2000201,1,94,3d7321b65a7729fe58681d2067d04e50e8449597
a1_sft_s2_task4_check6_lr1e-6_wu5,20,4,2,2000202,0,300,3d7321b65a7729fe58681d2067d04e50e8449597
a1_sft_s2_task4_check6_lr1e-6_wu5,20,4,3,2000203,0,300,3d7321b65a7729fe58681d2067d04e50e8449597
a1_sft_s2_task4_check6_lr1e-6_wu5,20,4,4,2000204,0,300,3d7321b65a7729fe58681d2067d04e50e8449597
a1_sft_s2_task4_check6_lr1e-6_wu5,20,4,5,2000205,0,300,3d7321b65a7729fe58681d2067d04e50e8449597
a1_sft_s2_task4_check6_lr1e-6_wu5,20,4,6,2000206,0,300,3d7321b65a7729fe58681d2067d04e50e8449597
a1_sft_s2_task4_check6_lr1e-6_wu5,20,4,7,2000207,0,300,3d7321b65a7729fe58681d2067d04e50e8449597
a1_sft_s2_task4_check6_lr1e-6_wu5,20,4,8,2000208,0,300,3d7321b65a7729fe58681d2067d04e50e8449597
a1_sft_s2_task4_check6_lr1e-6_wu5,20,4,9,2000209,0,300,3d7321b65a7729fe58681d2067d04e50e8449597
a1_sft_s2_task4_check6_lr1e-6_wu5,21,4,0,2000210,0,300,3d7321b65a7729fe58681d2067d04e50e8449597
a1_sft_s2_task4_check6_lr1e-6_wu5,21,4,1,2000211,0,300,3d7321b65a7729fe58681d2067d04e50e8449597
a1_sft_s2_task4_check6_lr1e-6_wu5,21,4,2,2000212,0,300,3d7321b65a7729fe58681d2067d04e50e8449597
a1_sft_s2_task4_check6_lr1e-6_wu5,21,4,3,2000213,0,300,3d7321b65a7729fe58681d2067d04e50e8449597
a1_sft_s2_task4_check6_lr1e-6_wu5,21,4,4,2000214,0,300,3d7321b65a7729fe58681d2067d04e50e8449597
a1_sft_s2_task4_check6_lr1e-6_wu5,21,4,5,2000215,0,300,3d7321b65a7729fe58681d2067d04e50e8449597
a1_sft_s2_task4_check6_lr1e-6_wu5,21,4,6,2000216,0,300,3d7321b65a7729fe58681d2067d04e50e8449597
a1_sft_s2_task4_check6_lr1e-6_wu5,21,4,7,2000217,0,300,3d7321b65a7729fe58681d2067d04e50e8449597
a1_sft_s2_task4_check6_lr1e-6_wu5,21,4,8,2000218,0,300,3d7321b65a7729fe58681d2067d04e50e8449597
a1_sft_s2_task4_check6_lr1e-6_wu5,21,4,9,2000219,0,300,3d7321b65a7729fe58681d2067d04e50e8449597
a1_sft_s2_task4_check6_lr1e-6_wu5,22,4,0,2000220,0,300,3d7321b65a7729fe58681d2067d04e50e8449597
a1_sft_s2_task4_check6_lr1e-6_wu5,22,4,1,2000221,0,300,3d7321b65a7729fe58681d2067d04e50e8449597
a1_sft_s2_task4_check6_lr1e-6_wu5,22,4,2,2000222,1,82,3d7321b65a7729fe58681d2067d04e50e8449597
a1_sft_s2_task4_check6_lr1e-6_wu5,22,4,3,2000223,0,300,3d7321b65a7729fe58681d2067d04e50e8449597
a1_sft_s2_task4_check6_lr1e-6_wu5,22,4,4,2000224,1,212,3d7321b65a7729fe58681d2067d04e50e8449597
a1_sft_s2_task4_check6_lr1e-6_wu5,22,4,5,2000225,0,300,3d7321b65a7729fe58681d2067d04e50e8449597
a1_sft_s2_task4_check6_lr1e-6_wu5,22,4,6,2000226,0,300,3d7321b65a7729fe58681d2067d04e50e8449597
a1_sft_s2_task4_check6_lr1e-6_wu5,22,4,7,2000227,1,89,3d7321b65a7729fe58681d2067d04e50e8449597
a1_sft_s2_task4_check6_lr1e-6_wu5,22,4,8,2000228,0,300,3d7321b65a7729fe58681d2067d04e50e8449597
a1_sft_s2_task4_check6_lr1e-6_wu5,22,4,9,2000229,0,300,3d7321b65a7729fe58681d2067d04e50e8449597
a1_sft_s2_task4_check6_lr1e-6_wu5,23,4,0,2000230,0,300,3d7321b65a7729fe58681d2067d04e50e8449597
a1_sft_s2_task4_check6_lr1e-6_wu5,23,4,1,2000231,0,300,3d7321b65a7729fe58681d2067d04e50e8449597
a1_sft_s2_task4_check6_lr1e-6_wu5,23,4,2,2000232,0,300,3d7321b65a7729fe58681d2067d04e50e8449597
a1_sft_s2_task4_check6_lr1e-6_wu5,23,4,3,2000233,0,300,3d7321b65a7729fe58681d2067d04e50e8449597
a1_sft_s2_task4_check6_lr1e-6_wu5,23,4,4,2000234,0,300,3d7321b65a7729fe58681d2067d04e50e8449597
a1_sft_s2_task4_check6_lr1e-6_wu5,23,4,5,2000235,0,300,3d7321b65a7729fe58681d2067d04e50e8449597
a1_sft_s2_task4_check6_lr1e-6_wu5,23,4,6,2000236,0,300,3d7321b65a7729fe58681d2067d04e50e8449597
a1_sft_s2_task4_check6_lr1e-6_wu5,23,4,7,2000237,0,300,3d7321b65a7729fe58681d2067d04e50e8449597
a1_sft_s2_task4_check6_lr1e-6_wu5,23,4,8,2000238,0,300,3d7321b65a7729fe58681d2067d04e50e8449597
a1_sft_s2_task4_check6_lr1e-6_wu5,23,4,9,2000239,0,300,3d7321b65a7729fe58681d2067d04e50e8449597
a1_sft_s2_task4_check6_lr1e-6_wu5,24,4,0,2000240,1,81,3d7321b65a7729fe58681d2067d04e50e8449597
a1_sft_s2_task4_check6_lr1e-6_wu5,24,4,1,2000241,0,300,3d7321b65a7729fe58681d2067d04e50e8449597
a1_sft_s2_task4_check6_lr1e-6_wu5,24,4,2,2000242,1,85,3d7321b65a7729fe58681d2067d04e50e8449597
a1_sft_s2_task4_check6_lr1e-6_wu5,24,4,3,2000243,1,86,3d7321b65a7729fe58681d2067d04e50e8449597
a1_sft_s2_task4_check6_lr1e-6_wu5,24,4,4,2000244,0,300,3d7321b65a7729fe58681d2067d04e50e8449597
a1_sft_s2_task4_check6_lr1e-6_wu5,24,4,5,2000245,0,300,3d7321b65a7729fe58681d2067d04e50e8449597
a1_sft_s2_task4_check6_lr1e-6_wu5,24,4,6,2000246,0,300,3d7321b65a7729fe58681d2067d04e50e8449597
a1_sft_s2_task4_check6_lr1e-6_wu5,24,4,7,2000247,1,79,3d7321b65a7729fe58681d2067d04e50e8449597
a1_sft_s2_task4_check6_lr1e-6_wu5,24,4,8,2000248,0,300,3d7321b65a7729fe58681d2067d04e50e8449597
a1_sft_s2_task4_check6_lr1e-6_wu5,24,4,9,2000249,0,300,3d7321b65a7729fe58681d2067d04e50e8449597
a1_sft_s2_task4_check6_lr1e-6_wu5,25,4,0,2000250,0,300,3d7321b65a7729fe58681d2067d04e50e8449597
a1_sft_s2_task4_check6_lr1e-6_wu5,25,4,1,2000251,1,94,3d7321b65a7729fe58681d2067d04e50e8449597
a1_sft_s2_task4_check6_lr1e-6_wu5,25,4,2,2000252,1,85,3d7321b65a7729fe58681d2067d04e50e8449597
a1_sft_s2_task4_check6_lr1e-6_wu5,25,4,3,2000253,0,300,3d7321b65a7729fe58681d2067d04e50e8449597
a1_sft_s2_task4_check6_lr1e-6_wu5,25,4,4,2000254,0,300,3d7321b65a7729fe58681d2067d04e50e8449597
a1_sft_s2_task4_check6_lr1e-6_wu5,25,4,5,2000255,0,300,3d7321b65a7729fe58681d2067d04e50e8449597
a1_sft_s2_task4_check6_lr1e-6_wu5,25,4,6,2000256,1,135,3d7321b65a7729fe58681d2067d04e50e8449597
a1_sft_s2_task4_check6_lr1e-6_wu5,25,4,7,2000257,0,300,3d7321b65a7729fe58681d2067d04e50e8449597
a1_sft_s2_task4_check6_lr1e-6_wu5,25,4,8,2000258,0,300,3d7321b65a7729fe58681d2067d04e50e8449597
a1_sft_s2_task4_check6_lr1e-6_wu5,25,4,9,2000259,0,300,3d7321b65a7729fe58681d2067d04e50e8449597
a1_sft_s2_task4_check6_lr1e-6_wu5,26,4,0,2000260,0,300,3d7321b65a7729fe58681d2067d04e50e8449597
a1_sft_s2_task4_check6_lr1e-6_wu5,26,4,1,2000261,1,83,3d7321b65a7729fe58681d2067d04e50e8449597
a1_sft_s2_task4_check6_lr1e-6_wu5,26,4,2,2000262,0,300,3d7321b65a7729fe58681d2067d04e50e8449597
a1_sft_s2_task4_check6_lr1e-6_wu5,26,4,3,2000263,1,83,3d7321b65a7729fe58681d2067d04e50e8449597
a1_sft_s2_task4_check6_lr1e-6_wu5,26,4,4,2000264,0,300,3d7321b65a7729fe58681d2067d04e50e8449597
a1_sft_s2_task4_check6_lr1e-6_wu5,26,4,5,2000265,0,300,3d7321b65a7729fe58681d2067d04e50e8449597
a1_sft_s2_task4_check6_lr1e-6_wu5,26,4,6,2000266,0,300,3d7321b65a7729fe58681d2067d04e50e8449597
a1_sft_s2_task4_check6_lr1e-6_wu5,26,4,7,2000267,0,300,3d7321b65a7729fe58681d2067d04e50e8449597
a1_sft_s2_task4_check6_lr1e-6_wu5,26,4,8,2000268,0,300,3d7321b65a7729fe58681d2067d04e50e8449597
a1_sft_s2_task4_check6_lr1e-6_wu5,26,4,9,2000269,0,300,3d7321b65a7729fe58681d2067d04e50e8449597
a1_sft_s2_task4_check6_lr1e-6_wu5,27,4,0,2000270,0,300,3d7321b65a7729fe58681d2067d04e50e8449597
a1_sft_s2_task4_check6_lr1e-6_wu5,27,4,1,2000271,0,300,3d7321b65a7729fe58681d2067d04e50e8449597
a1_sft_s2_task4_check6_lr1e-6_wu5,27,4,2,2000272,0,300,3d7321b65a7729fe58681d2067d04e50e8449597
a1_sft_s2_task4_check6_lr1e-6_wu5,27,4,3,2000273,0,300,3d7321b65a7729fe58681d2067d04e50e8449597
a1_sft_s2_task4_check6_lr1e-6_wu5,27,4,4,2000274,1,76,3d7321b65a7729fe58681d2067d04e50e8449597
a1_sft_s2_task4_check6_lr1e-6_wu5,27,4,5,2000275,0,300,3d7321b65a7729fe58681d2067d04e50e8449597
a1_sft_s2_task4_check6_lr1e-6_wu5,27,4,6,2000276,0,300,3d7321b65a7729fe58681d2067d04e50e8449597
a1_sft_s2_task4_check6_lr1e-6_wu5,27,4,7,2000277,1,91,3d7321b65a7729fe58681d2067d04e50e8449597
a1_sft_s2_task4_check6_lr1e-6_wu5,27,4,8,2000278,0,300,3d7321b65a7729fe58681d2067d04e50e8449597
a1_sft_s2_task4_check6_lr1e-6_wu5,27,4,9,2000279,0,300,3d7321b65a7729fe58681d2067d04e50e8449597
a1_sft_s2_task4_check6_lr1e-6_wu5,28,4,0,2000280,0,300,3d7321b65a7729fe58681d2067d04e50e8449597
a1_sft_s2_task4_check6_lr1e-6_wu5,28,4,1,2000281,0,300,3d7321b65a7729fe58681d2067d04e50e8449597
a1_sft_s2_task4_check6_lr1e-6_wu5,28,4,2,2000282,0,300,3d7321b65a7729fe58681d2067d04e50e8449597
a1_sft_s2_task4_check6_lr1e-6_wu5,28,4,3,2000283,0,300,3d7321b65a7729fe58681d2067d04e50e8449597
a1_sft_s2_task4_check6_lr1e-6_wu5,28,4,4,2000284,0,300,3d7321b65a7729fe58681d2067d04e50e8449597
a1_sft_s2_task4_check6_lr1e-6_wu5,28,4,5,2000285,1,89,3d7321b65a7729fe58681d2067d04e50e8449597
a1_sft_s2_task4_check6_lr1e-6_wu5,28,4,6,2000286,0,300,3d7321b65a7729fe58681d2067d04e50e8449597
a1_sft_s2_task4_check6_lr1e-6_wu5,28,4,7,2000287,0,300,3d7321b65a7729fe58681d2067d04e50e8449597
a1_sft_s2_task4_check6_lr1e-6_wu5,28,4,8,2000288,0,300,3d7321b65a7729fe58681d2067d04e50e8449597
a1_sft_s2_task4_check6_lr1e-6_wu5,28,4,9,2000289,0,300,3d7321b65a7729fe58681d2067d04e50e8449597
a1_sft_s2_task4_check6_lr1e-6_wu5,29,4,0,2000290,0,300,3d7321b65a7729fe58681d2067d04e50e8449597
a1_sft_s2_task4_check6_lr1e-6_wu5,29,4,1,2000291,0,300,3d7321b65a7729fe58681d2067d04e50e8449597
a1_sft_s2_task4_check6_lr1e-6_wu5,29,4,2,2000292,1,86,3d7321b65a7729fe58681d2067d04e50e8449597
a1_sft_s2_task4_check6_lr1e-6_wu5,29,4,3,2000293,1,85,3d7321b65a7729fe58681d2067d04e50e8449597
a1_sft_s2_task4_check6_lr1e-6_wu5,29,4,4,2000294,0,300,3d7321b65a7729fe58681d2067d04e50e8449597
a1_sft_s2_task4_check6_lr1e-6_wu5,29,4,5,2000295,0,300,3d7321b65a7729fe58681d2067d04e50e8449597
a1_sft_s2_task4_check6_lr1e-6_wu5,29,4,6,2000296,0,300,3d7321b65a7729fe58681d2067d04e50e8449597
a1_sft_s2_task4_check6_lr1e-6_wu5,29,4,7,2000297,0,300,3d7321b65a7729fe58681d2067d04e50e8449597
a1_sft_s2_task4_check6_lr1e-6_wu5,29,4,8,2000298,0,300,3d7321b65a7729fe58681d2067d04e50e8449597
a1_sft_s2_task4_check6_lr1e-6_wu5,29,4,9,2000299,0,300,3d7321b65a7729fe58681d2067d04e50e8449597
a1_sft_s2_rl12_task4_check6_lr1e-6_wu5,0,4,0,12000000,0,300,3d7321b65a7729fe58681d2067d04e50e8449597
a1_sft_s2_rl12_task4_check6_lr1e-6_wu5,0,4,1,12000001,0,300,3d7321b65a7729fe58681d2067d04e50e8449597
a1_sft_s2_rl12_task4_check6_lr1e-6_wu5,0,4,2,12000002,1,84,3d7321b65a7729fe58681d2067d04e50e8449597
a1_sft_s2_rl12_task4_check6_lr1e-6_wu5,0,4,3,12000003,0,300,3d7321b65a7729fe58681d2067d04e50e8449597
a1_sft_s2_rl12_task4_check6_lr1e-6_wu5,0,4,4,12000004,0,300,3d7321b65a7729fe58681d2067d04e50e8449597
a1_sft_s2_rl12_task4_check6_lr1e-6_wu5,0,4,5,12000005,0,300,3d7321b65a7729fe58681d2067d04e50e8449597
a1_sft_s2_rl12_task4_check6_lr1e-6_wu5,0,4,6,12000006,0,300,3d7321b65a7729fe58681d2067d04e50e8449597
a1_sft_s2_rl12_task4_check6_lr1e-6_wu5,0,4,7,12000007,0,300,3d7321b65a7729fe58681d2067d04e50e8449597
a1_sft_s2_rl12_task4_check6_lr1e-6_wu5,0,4,8,12000008,0,300,3d7321b65a7729fe58681d2067d04e50e8449597
a1_sft_s2_rl12_task4_check6_lr1e-6_wu5,0,4,9,12000009,0,300,3d7321b65a7729fe58681d2067d04e50e8449597
a1_sft_s2_rl12_task4_check6_lr1e-6_wu5,1,4,0,12000010,0,300,3d7321b65a7729fe58681d2067d04e50e8449597
a1_sft_s2_rl12_task4_check6_lr1e-6_wu5,1,4,1,12000011,1,189,3d7321b65a7729fe58681d2067d04e50e8449597
a1_sft_s2_rl12_task4_check6_lr1e-6_wu5,1,4,2,12000012,1,83,3d7321b65a7729fe58681d2067d04e50e8449597
a1_sft_s2_rl12_task4_check6_lr1e-6_wu5,1,4,3,12000013,1,80,3d7321b65a7729fe58681d2067d04e50e8449597
a1_sft_s2_rl12_task4_check6_lr1e-6_wu5,1,4,4,12000014,0,300,3d7321b65a7729fe58681d2067d04e50e8449597
a1_sft_s2_rl12_task4_check6_lr1e-6_wu5,1,4,5,12000015,0,300,3d7321b65a7729fe58681d2067d04e50e8449597
a1_sft_s2_rl12_task4_check6_lr1e-6_wu5,1,4,6,12000016,0,300,3d7321b65a7729fe58681d2067d04e50e8449597
a1_sft_s2_rl12_task4_check6_lr1e-6_wu5,1,4,7,12000017,0,300,3d7321b65a7729fe58681d2067d04e50e8449597
a1_sft_s2_rl12_task4_check6_lr1e-6_wu5,1,4,8,12000018,0,300,3d7321b65a7729fe58681d2067d04e50e8449597
a1_sft_s2_rl12_task4_check6_lr1e-6_wu5,1,4,9,12000019,0,300,3d7321b65a7729fe58681d2067d04e50e8449597
a1_sft_s2_rl12_task4_check6_lr1e-6_wu5,2,4,0,12000020,0,300,3d7321b65a7729fe58681d2067d04e50e8449597
a1_sft_s2_rl12_task4_check6_lr1e-6_wu5,2,4,1,12000021,0,300,3d7321b65a7729fe58681d2067d04e50e8449597
a1_sft_s2_rl12_task4_check6_lr1e-6_wu5,2,4,2,12000022,0,300,3d7321b65a7729fe58681d2067d04e50e8449597
a1_sft_s2_rl12_task4_check6_lr1e-6_wu5,2,4,3,12000023,0,300,3d7321b65a7729fe58681d2067d04e50e8449597
a1_sft_s2_rl12_task4_check6_lr1e-6_wu5,2,4,4,12000024,0,300,3d7321b65a7729fe58681d2067d04e50e8449597
a1_sft_s2_rl12_task4_check6_lr1e-6_wu5,2,4,5,12000025,0,300,3d7321b65a7729fe58681d2067d04e50e8449597
a1_sft_s2_rl12_task4_check6_lr1e-6_wu5,2,4,6,12000026,0,300,3d7321b65a7729fe58681d2067d04e50e8449597
a1_sft_s2_rl12_task4_check6_lr1e-6_wu5,2,4,7,12000027,0,300,3d7321b65a7729fe58681d2067d04e50e8449597
a1_sft_s2_rl12_task4_check6_lr1e-6_wu5,2,4,8,12000028,0,300,3d7321b65a7729fe58681d2067d04e50e8449597
a1_sft_s2_rl12_task4_check6_lr1e-6_wu5,2,4,9,12000029,0,300,3d7321b65a7729fe58681d2067d04e50e8449597
a1_sft_s2_rl12_task4_check6_lr1e-6_wu5,3,4,0,12000030,0,300,3d7321b65a7729fe58681d2067d04e50e8449597
a1_sft_s2_rl12_task4_check6_lr1e-6_wu5,3,4,1,12000031,1,88,3d7321b65a7729fe58681d2067d04e50e8449597
a1_sft_s2_rl12_task4_check6_lr1e-6_wu5,3,4,2,12000032,0,300,3d7321b65a7729fe58681d2067d04e50e8449597
a1_sft_s2_rl12_task4_check6_lr1e-6_wu5,3,4,3,12000033,0,300,3d7321b65a7729fe58681d2067d04e50e8449597
a1_sft_s2_rl12_task4_check6_lr1e-6_wu5,3,4,4,12000034,0,300,3d7321b65a7729fe58681d2067d04e50e8449597
a1_sft_s2_rl12_task4_check6_lr1e-6_wu5,3,4,5,12000035,1,89,3d7321b65a7729fe58681d2067d04e50e8449597
a1_sft_s2_rl12_task4_check6_lr1e-6_wu5,3,4,6,12000036,0,300,3d7321b65a7729fe58681d2067d04e50e8449597
a1_sft_s2_rl12_task4_check6_lr1e-6_wu5,3,4,7,12000037,0,300,3d7321b65a7729fe58681d2067d04e50e8449597
a1_sft_s2_rl12_task4_check6_lr1e-6_wu5,3,4,8,12000038,0,300,3d7321b65a7729fe58681d2067d04e50e8449597
a1_sft_s2_rl12_task4_check6_lr1e-6_wu5,3,4,9,12000039,1,291,3d7321b65a7729fe58681d2067d04e50e8449597
a1_sft_s2_rl12_task4_check6_lr1e-6_wu5,4,4,0,12000040,0,300,3d7321b65a7729fe58681d2067d04e50e8449597
a1_sft_s2_rl12_task4_check6_lr1e-6_wu5,4,4,1,12000041,0,300,3d7321b65a7729fe58681d2067d04e50e8449597
a1_sft_s2_rl12_task4_check6_lr1e-6_wu5,4,4,2,12000042,1,88,3d7321b65a7729fe58681d2067d04e50e8449597
a1_sft_s2_rl12_task4_check6_lr1e-6_wu5,4,4,3,12000043,1,86,3d7321b65a7729fe58681d2067d04e50e8449597
a1_sft_s2_rl12_task4_check6_lr1e-6_wu5,4,4,4,12000044,0,300,3d7321b65a7729fe58681d2067d04e50e8449597
a1_sft_s2_rl12_task4_check6_lr1e-6_wu5,4,4,5,12000045,0,300,3d7321b65a7729fe58681d2067d04e50e8449597
a1_sft_s2_rl12_task4_check6_lr1e-6_wu5,4,4,6,12000046,0,300,3d7321b65a7729fe58681d2067d04e50e8449597
a1_sft_s2_rl12_task4_check6_lr1e-6_wu5,4,4,7,12000047,0,300,3d7321b65a7729fe58681d2067d04e50e8449597
a1_sft_s2_rl12_task4_check6_lr1e-6_wu5,4,4,8,12000048,1,94,3d7321b65a7729fe58681d2067d04e50e8449597
a1_sft_s2_rl12_task4_check6_lr1e-6_wu5,4,4,9,12000049,0,300,3d7321b65a7729fe58681d2067d04e50e8449597
a1_sft_s2_rl12_task4_check6_lr1e-6_wu5,5,4,0,12000050,0,300,3d7321b65a7729fe58681d2067d04e50e8449597
a1_sft_s2_rl12_task4_check6_lr1e-6_wu5,5,4,1,12000051,1,95,3d7321b65a7729fe58681d2067d04e50e8449597
a1_sft_s2_rl12_task4_check6_lr1e-6_wu5,5,4,2,12000052,1,86,3d7321b65a7729fe58681d2067d04e50e8449597
a1_sft_s2_rl12_task4_check6_lr1e-6_wu5,5,4,3,12000053,0,300,3d7321b65a7729fe58681d2067d04e50e8449597
a1_sft_s2_rl12_task4_check6_lr1e-6_wu5,5,4,4,12000054,0,300,3d7321b65a7729fe58681d2067d04e50e8449597
a1_sft_s2_rl12_task4_check6_lr1e-6_wu5,5,4,5,12000055,0,300,3d7321b65a7729fe58681d2067d04e50e8449597
a1_sft_s2_rl12_task4_check6_lr1e-6_wu5,5,4,6,12000056,0,300,3d7321b65a7729fe58681d2067d04e50e8449597
a1_sft_s2_rl12_task4_check6_lr1e-6_wu5,5,4,7,12000057,0,300,3d7321b65a7729fe58681d2067d04e50e8449597
a1_sft_s2_rl12_task4_check6_lr1e-6_wu5,5,4,8,12000058,0,300,3d7321b65a7729fe58681d2067d04e50e8449597
a1_sft_s2_rl12_task4_check6_lr1e-6_wu5,5,4,9,12000059,0,300,3d7321b65a7729fe58681d2067d04e50e8449597
a1_sft_s2_rl12_task4_check6_lr1e-6_wu5,6,4,0,12000060,0,300,3d7321b65a7729fe58681d2067d04e50e8449597
a1_sft_s2_rl12_task4_check6_lr1e-6_wu5,6,4,1,12000061,0,300,3d7321b65a7729fe58681d2067d04e50e8449597
a1_sft_s2_rl12_task4_check6_lr1e-6_wu5,6,4,2,12000062,1,86,3d7321b65a7729fe58681d2067d04e50e8449597
a1_sft_s2_rl12_task4_check6_lr1e-6_wu5,6,4,3,12000063,1,86,3d7321b65a7729fe58681d2067d04e50e8449597
a1_sft_s2_rl12_task4_check6_lr1e-6_wu5,6,4,4,12000064,0,300,3d7321b65a7729fe58681d2067d04e50e8449597
a1_sft_s2_rl12_task4_check6_lr1e-6_wu5,6,4,5,12000065,0,300,3d7321b65a7729fe58681d2067d04e50e8449597
a1_sft_s2_rl12_task4_check6_lr1e-6_wu5,6,4,6,12000066,0,300,3d7321b65a7729fe58681d2067d04e50e8449597
a1_sft_s2_rl12_task4_check6_lr1e-6_wu5,6,4,7,12000067,0,300,3d7321b65a7729fe58681d2067d04e50e8449597
a1_sft_s2_rl12_task4_check6_lr1e-6_wu5,6,4,8,12000068,0,300,3d7321b65a7729fe58681d2067d04e50e8449597
a1_sft_s2_rl12_task4_check6_lr1e-6_wu5,6,4,9,12000069,0,300,3d7321b65a7729fe58681d2067d04e50e8449597
a1_sft_s2_rl12_task4_check6_lr1e-6_wu5,7,4,0,12000070,0,300,3d7321b65a7729fe58681d2067d04e50e8449597
a1_sft_s2_rl12_task4_check6_lr1e-6_wu5,7,4,1,12000071,0,300,3d7321b65a7729fe58681d2067d04e50e8449597
a1_sft_s2_rl12_task4_check6_lr1e-6_wu5,7,4,2,12000072,0,300,3d7321b65a7729fe58681d2067d04e50e8449597
a1_sft_s2_rl12_task4_check6_lr1e-6_wu5,7,4,3,12000073,0,300,3d7321b65a7729fe58681d2067d04e50e8449597
a1_sft_s2_rl12_task4_check6_lr1e-6_wu5,7,4,4,12000074,1,267,3d7321b65a7729fe58681d2067d04e50e8449597
a1_sft_s2_rl12_task4_check6_lr1e-6_wu5,7,4,5,12000075,0,300,3d7321b65a7729fe58681d2067d04e50e8449597
a1_sft_s2_rl12_task4_check6_lr1e-6_wu5,7,4,6,12000076,0,300,3d7321b65a7729fe58681d2067d04e50e8449597
a1_sft_s2_rl12_task4_check6_lr1e-6_wu5,7,4,7,12000077,1,89,3d7321b65a7729fe58681d2067d04e50e8449597
a1_sft_s2_rl12_task4_check6_lr1e-6_wu5,7,4,8,12000078,0,300,3d7321b65a7729fe58681d2067d04e50e8449597
a1_sft_s2_rl12_task4_check6_lr1e-6_wu5,7,4,9,12000079,0,300,3d7321b65a7729fe58681d2067d04e50e8449597
a1_sft_s2_rl12_task4_check6_lr1e-6_wu5,8,4,0,12000080,0,300,3d7321b65a7729fe58681d2067d04e50e8449597
a1_sft_s2_rl12_task4_check6_lr1e-6_wu5,8,4,1,12000081,0,300,3d7321b65a7729fe58681d2067d04e50e8449597
a1_sft_s2_rl12_task4_check6_lr1e-6_wu5,8,4,2,12000082,0,300,3d7321b65a7729fe58681d2067d04e50e8449597
a1_sft_s2_rl12_task4_check6_lr1e-6_wu5,8,4,3,12000083,0,300,3d7321b65a7729fe58681d2067d04e50e8449597
a1_sft_s2_rl12_task4_check6_lr1e-6_wu5,8,4,4,12000084,0,300,3d7321b65a7729fe58681d2067d04e50e8449597
a1_sft_s2_rl12_task4_check6_lr1e-6_wu5,8,4,5,12000085,1,88,3d7321b65a7729fe58681d2067d04e50e8449597
a1_sft_s2_rl12_task4_check6_lr1e-6_wu5,8,4,6,12000086,0,300,3d7321b65a7729fe58681d2067d04e50e8449597
a1_sft_s2_rl12_task4_check6_lr1e-6_wu5,8,4,7,12000087,0,300,3d7321b65a7729fe58681d2067d04e50e8449597
a1_sft_s2_rl12_task4_check6_lr1e-6_wu5,8,4,8,12000088,0,300,3d7321b65a7729fe58681d2067d04e50e8449597
a1_sft_s2_rl12_task4_check6_lr1e-6_wu5,8,4,9,12000089,0,300,3d7321b65a7729fe58681d2067d04e50e8449597
a1_sft_s2_rl12_task4_check6_lr1e-6_wu5,9,4,0,12000090,0,300,3d7321b65a7729fe58681d2067d04e50e8449597
a1_sft_s2_rl12_task4_check6_lr1e-6_wu5,9,4,1,12000091,0,300,3d7321b65a7729fe58681d2067d04e50e8449597
a1_sft_s2_rl12_task4_check6_lr1e-6_wu5,9,4,2,12000092,1,96,3d7321b65a7729fe58681d2067d04e50e8449597
a1_sft_s2_rl12_task4_check6_lr1e-6_wu5,9,4,3,12000093,1,86,3d7321b65a7729fe58681d2067d04e50e8449597
a1_sft_s2_rl12_task4_check6_lr1e-6_wu5,9,4,4,12000094,0,300,3d7321b65a7729fe58681d2067d04e50e8449597
a1_sft_s2_rl12_task4_check6_lr1e-6_wu5,9,4,5,12000095,0,300,3d7321b65a7729fe58681d2067d04e50e8449597
a1_sft_s2_rl12_task4_check6_lr1e-6_wu5,9,4,6,12000096,0,300,3d7321b65a7729fe58681d2067d04e50e8449597
a1_sft_s2_rl12_task4_check6_lr1e-6_wu5,9,4,7,12000097,0,300,3d7321b65a7729fe58681d2067d04e50e8449597
a1_sft_s2_rl12_task4_check6_lr1e-6_wu5,9,4,8,12000098,0,300,3d7321b65a7729fe58681d2067d04e50e8449597
a1_sft_s2_rl12_task4_check6_lr1e-6_wu5,9,4,9,12000099,0,300,3d7321b65a7729fe58681d2067d04e50e8449597
a1_sft_s2_rl12_task4_check6_lr1e-6_wu5,10,4,0,12000100,0,300,3d7321b65a7729fe58681d2067d04e50e8449597
a1_sft_s2_rl12_task4_check6_lr1e-6_wu5,10,4,1,12000101,1,94,3d7321b65a7729fe58681d2067d04e50e8449597
a1_sft_s2_rl12_task4_check6_lr1e-6_wu5,10,4,2,12000102,1,87,3d7321b65a7729fe58681d2067d04e50e8449597
a1_sft_s2_rl12_task4_check6_lr1e-6_wu5,10,4,3,12000103,0,300,3d7321b65a7729fe58681d2067d04e50e8449597
a1_sft_s2_rl12_task4_check6_lr1e-6_wu5,10,4,4,12000104,0,300,3d7321b65a7729fe58681d2067d04e50e8449597
a1_sft_s2_rl12_task4_check6_lr1e-6_wu5,10,4,5,12000105,0,300,3d7321b65a7729fe58681d2067d04e50e8449597
a1_sft_s2_rl12_task4_check6_lr1e-6_wu5,10,4,6,12000106,1,98,3d7321b65a7729fe58681d2067d04e50e8449597
a1_sft_s2_rl12_task4_check6_lr1e-6_wu5,10,4,7,12000107,0,300,3d7321b65a7729fe58681d2067d04e50e8449597
a1_sft_s2_rl12_task4_check6_lr1e-6_wu5,10,4,8,12000108,1,272,3d7321b65a7729fe58681d2067d04e50e8449597
a1_sft_s2_rl12_task4_check6_lr1e-6_wu5,10,4,9,12000109,0,300,3d7321b65a7729fe58681d2067d04e50e8449597
a1_sft_s2_rl12_task4_check6_lr1e-6_wu5,11,4,0,12000110,0,300,3d7321b65a7729fe58681d2067d04e50e8449597
a1_sft_s2_rl12_task4_check6_lr1e-6_wu5,11,4,1,12000111,0,300,3d7321b65a7729fe58681d2067d04e50e8449597
a1_sft_s2_rl12_task4_check6_lr1e-6_wu5,11,4,2,12000112,1,87,3d7321b65a7729fe58681d2067d04e50e8449597
a1_sft_s2_rl12_task4_check6_lr1e-6_wu5,11,4,3,12000113,1,80,3d7321b65a7729fe58681d2067d04e50e8449597
a1_sft_s2_rl12_task4_check6_lr1e-6_wu5,11,4,4,12000114,0,300,3d7321b65a7729fe58681d2067d04e50e8449597
a1_sft_s2_rl12_task4_check6_lr1e-6_wu5,11,4,5,12000115,0,300,3d7321b65a7729fe58681d2067d04e50e8449597
a1_sft_s2_rl12_task4_check6_lr1e-6_wu5,11,4,6,12000116,1,82,3d7321b65a7729fe58681d2067d04e50e8449597
a1_sft_s2_rl12_task4_check6_lr1e-6_wu5,11,4,7,12000117,0,300,3d7321b65a7729fe58681d2067d04e50e8449597
a1_sft_s2_rl12_task4_check6_lr1e-6_wu5,11,4,8,12000118,0,300,3d7321b65a7729fe58681d2067d04e50e8449597
a1_sft_s2_rl12_task4_check6_lr1e-6_wu5,11,4,9,12000119,0,300,3d7321b65a7729fe58681d2067d04e50e8449597
a1_sft_s2_rl12_task4_check6_lr1e-6_wu5,12,4,0,12000120,0,300,3d7321b65a7729fe58681d2067d04e50e8449597
a1_sft_s2_rl12_task4_check6_lr1e-6_wu5,12,4,1,12000121,0,300,3d7321b65a7729fe58681d2067d04e50e8449597
a1_sft_s2_rl12_task4_check6_lr1e-6_wu5,12,4,2,12000122,1,80,3d7321b65a7729fe58681d2067d04e50e8449597
a1_sft_s2_rl12_task4_check6_lr1e-6_wu5,12,4,3,12000123,0,300,3d7321b65a7729fe58681d2067d04e50e8449597
a1_sft_s2_rl12_task4_check6_lr1e-6_wu5,12,4,4,12000124,0,300,3d7321b65a7729fe58681d2067d04e50e8449597
a1_sft_s2_rl12_task4_check6_lr1e-6_wu5,12,4,5,12000125,0,300,3d7321b65a7729fe58681d2067d04e50e8449597
a1_sft_s2_rl12_task4_check6_lr1e-6_wu5,12,4,6,12000126,0,300,3d7321b65a7729fe58681d2067d04e50e8449597
a1_sft_s2_rl12_task4_check6_lr1e-6_wu5,12,4,7,12000127,1,88,3d7321b65a7729fe58681d2067d04e50e8449597
a1_sft_s2_rl12_task4_check6_lr1e-6_wu5,12,4,8,12000128,0,300,3d7321b65a7729fe58681d2067d04e50e8449597
a1_sft_s2_rl12_task4_check6_lr1e-6_wu5,12,4,9,12000129,0,300,3d7321b65a7729fe58681d2067d04e50e8449597
a1_sft_s2_rl12_task4_check6_lr1e-6_wu5,13,4,0,12000130,0,300,3d7321b65a7729fe58681d2067d04e50e8449597
a1_sft_s2_rl12_task4_check6_lr1e-6_wu5,13,4,1,12000131,1,99,3d7321b65a7729fe58681d2067d04e50e8449597
a1_sft_s2_rl12_task4_check6_lr1e-6_wu5,13,4,2,12000132,0,300,3d7321b65a7729fe58681d2067d04e50e8449597
a1_sft_s2_rl12_task4_check6_lr1e-6_wu5,13,4,3,12000133,0,300,3d7321b65a7729fe58681d2067d04e50e8449597
a1_sft_s2_rl12_task4_check6_lr1e-6_wu5,13,4,4,12000134,0,300,3d7321b65a7729fe58681d2067d04e50e8449597
a1_sft_s2_rl12_task4_check6_lr1e-6_wu5,13,4,5,12000135,0,300,3d7321b65a7729fe58681d2067d04e50e8449597
a1_sft_s2_rl12_task4_check6_lr1e-6_wu5,13,4,6,12000136,0,300,3d7321b65a7729fe58681d2067d04e50e8449597
a1_sft_s2_rl12_task4_check6_lr1e-6_wu5,13,4,7,12000137,0,300,3d7321b65a7729fe58681d2067d04e50e8449597
a1_sft_s2_rl12_task4_check6_lr1e-6_wu5,13,4,8,12000138,0,300,3d7321b65a7729fe58681d2067d04e50e8449597
a1_sft_s2_rl12_task4_check6_lr1e-6_wu5,13,4,9,12000139,0,300,3d7321b65a7729fe58681d2067d04e50e8449597
a1_sft_s2_rl12_task4_check6_lr1e-6_wu5,14,4,0,12000140,1,227,3d7321b65a7729fe58681d2067d04e50e8449597
a1_sft_s2_rl12_task4_check6_lr1e-6_wu5,14,4,1,12000141,0,300,3d7321b65a7729fe58681d2067d04e50e8449597
a1_sft_s2_rl12_task4_check6_lr1e-6_wu5,14,4,2,12000142,1,87,3d7321b65a7729fe58681d2067d04e50e8449597
a1_sft_s2_rl12_task4_check6_lr1e-6_wu5,14,4,3,12000143,1,86,3d7321b65a7729fe58681d2067d04e50e8449597
a1_sft_s2_rl12_task4_check6_lr1e-6_wu5,14,4,4,12000144,0,300,3d7321b65a7729fe58681d2067d04e50e8449597
a1_sft_s2_rl12_task4_check6_lr1e-6_wu5,14,4,5,12000145,0,300,3d7321b65a7729fe58681d2067d04e50e8449597
a1_sft_s2_rl12_task4_check6_lr1e-6_wu5,14,4,6,12000146,0,300,3d7321b65a7729fe58681d2067d04e50e8449597
a1_sft_s2_rl12_task4_check6_lr1e-6_wu5,14,4,7,12000147,0,300,3d7321b65a7729fe58681d2067d04e50e8449597
a1_sft_s2_rl12_task4_check6_lr1e-6_wu5,14,4,8,12000148,1,101,3d7321b65a7729fe58681d2067d04e50e8449597
a1_sft_s2_rl12_task4_check6_lr1e-6_wu5,14,4,9,12000149,0,300,3d7321b65a7729fe58681d2067d04e50e8449597
a1_sft_s2_rl12_task4_check6_lr1e-6_wu5,15,4,0,12000150,0,300,3d7321b65a7729fe58681d2067d04e50e8449597
a1_sft_s2_rl12_task4_check6_lr1e-6_wu5,15,4,1,12000151,1,91,3d7321b65a7729fe58681d2067d04e50e8449597
a1_sft_s2_rl12_task4_check6_lr1e-6_wu5,15,4,2,12000152,1,84,3d7321b65a7729fe58681d2067d04e50e8449597
a1_sft_s2_rl12_task4_check6_lr1e-6_wu5,15,4,3,12000153,0,300,3d7321b65a7729fe58681d2067d04e50e8449597
a1_sft_s2_rl12_task4_check6_lr1e-6_wu5,15,4,4,12000154,0,300,3d7321b65a7729fe58681d2067d04e50e8449597
a1_sft_s2_rl12_task4_check6_lr1e-6_wu5,15,4,5,12000155,0,300,3d7321b65a7729fe58681d2067d04e50e8449597
a1_sft_s2_rl12_task4_check6_lr1e-6_wu5,15,4,6,12000156,0,300,3d7321b65a7729fe58681d2067d04e50e8449597
a1_sft_s2_rl12_task4_check6_lr1e-6_wu5,15,4,7,12000157,0,300,3d7321b65a7729fe58681d2067d04e50e8449597
a1_sft_s2_rl12_task4_check6_lr1e-6_wu5,15,4,8,12000158,0,300,3d7321b65a7729fe58681d2067d04e50e8449597
a1_sft_s2_rl12_task4_check6_lr1e-6_wu5,15,4,9,12000159,0,300,3d7321b65a7729fe58681d2067d04e50e8449597
a1_sft_s2_rl12_task4_check6_lr1e-6_wu5,16,4,0,12000160,0,300,3d7321b65a7729fe58681d2067d04e50e8449597
a1_sft_s2_rl12_task4_check6_lr1e-6_wu5,16,4,1,12000161,0,300,3d7321b65a7729fe58681d2067d04e50e8449597
a1_sft_s2_rl12_task4_check6_lr1e-6_wu5,16,4,2,12000162,1,87,3d7321b65a7729fe58681d2067d04e50e8449597
a1_sft_s2_rl12_task4_check6_lr1e-6_wu5,16,4,3,12000163,1,84,3d7321b65a7729fe58681d2067d04e50e8449597
a1_sft_s2_rl12_task4_check6_lr1e-6_wu5,16,4,4,12000164,0,300,3d7321b65a7729fe58681d2067d04e50e8449597
a1_sft_s2_rl12_task4_check6_lr1e-6_wu5,16,4,5,12000165,0,300,3d7321b65a7729fe58681d2067d04e50e8449597
a1_sft_s2_rl12_task4_check6_lr1e-6_wu5,16,4,6,12000166,0,300,3d7321b65a7729fe58681d2067d04e50e8449597
a1_sft_s2_rl12_task4_check6_lr1e-6_wu5,16,4,7,12000167,0,300,3d7321b65a7729fe58681d2067d04e50e8449597
a1_sft_s2_rl12_task4_check6_lr1e-6_wu5,16,4,8,12000168,1,234,3d7321b65a7729fe58681d2067d04e50e8449597
a1_sft_s2_rl12_task4_check6_lr1e-6_wu5,16,4,9,12000169,0,300,3d7321b65a7729fe58681d2067d04e50e8449597
a1_sft_s2_rl12_task4_check6_lr1e-6_wu5,17,4,0,12000170,0,300,3d7321b65a7729fe58681d2067d04e50e8449597
a1_sft_s2_rl12_task4_check6_lr1e-6_wu5,17,4,1,12000171,0,300,3d7321b65a7729fe58681d2067d04e50e8449597
a1_sft_s2_rl12_task4_check6_lr1e-6_wu5,17,4,2,12000172,0,300,3d7321b65a7729fe58681d2067d04e50e8449597
a1_sft_s2_rl12_task4_check6_lr1e-6_wu5,17,4,3,12000173,0,300,3d7321b65a7729fe58681d2067d04e50e8449597
a1_sft_s2_rl12_task4_check6_lr1e-6_wu5,17,4,4,12000174,1,87,3d7321b65a7729fe58681d2067d04e50e8449597
a1_sft_s2_rl12_task4_check6_lr1e-6_wu5,17,4,5,12000175,0,300,3d7321b65a7729fe58681d2067d04e50e8449597
a1_sft_s2_rl12_task4_check6_lr1e-6_wu5,17,4,6,12000176,0,300,3d7321b65a7729fe58681d2067d04e50e8449597
a1_sft_s2_rl12_task4_check6_lr1e-6_wu5,17,4,7,12000177,1,90,3d7321b65a7729fe58681d2067d04e50e8449597
a1_sft_s2_rl12_task4_check6_lr1e-6_wu5,17,4,8,12000178,0,300,3d7321b65a7729fe58681d2067d04e50e8449597
a1_sft_s2_rl12_task4_check6_lr1e-6_wu5,17,4,9,12000179,0,300,3d7321b65a7729fe58681d2067d04e50e8449597
a1_sft_s2_rl12_task4_check6_lr1e-6_wu5,18,4,0,12000180,0,300,3d7321b65a7729fe58681d2067d04e50e8449597
a1_sft_s2_rl12_task4_check6_lr1e-6_wu5,18,4,1,12000181,0,300,3d7321b65a7729fe58681d2067d04e50e8449597
a1_sft_s2_rl12_task4_check6_lr1e-6_wu5,18,4,2,12000182,0,300,3d7321b65a7729fe58681d2067d04e50e8449597
a1_sft_s2_rl12_task4_check6_lr1e-6_wu5,18,4,3,12000183,0,300,3d7321b65a7729fe58681d2067d04e50e8449597
a1_sft_s2_rl12_task4_check6_lr1e-6_wu5,18,4,4,12000184,0,300,3d7321b65a7729fe58681d2067d04e50e8449597
a1_sft_s2_rl12_task4_check6_lr1e-6_wu5,18,4,5,12000185,0,300,3d7321b65a7729fe58681d2067d04e50e8449597
a1_sft_s2_rl12_task4_check6_lr1e-6_wu5,18,4,6,12000186,0,300,3d7321b65a7729fe58681d2067d04e50e8449597
a1_sft_s2_rl12_task4_check6_lr1e-6_wu5,18,4,7,12000187,0,300,3d7321b65a7729fe58681d2067d04e50e8449597
a1_sft_s2_rl12_task4_check6_lr1e-6_wu5,18,4,8,12000188,1,267,3d7321b65a7729fe58681d2067d04e50e8449597
a1_sft_s2_rl12_task4_check6_lr1e-6_wu5,18,4,9,12000189,0,300,3d7321b65a7729fe58681d2067d04e50e8449597
a1_sft_s2_rl12_task4_check6_lr1e-6_wu5,19,4,0,12000190,0,300,3d7321b65a7729fe58681d2067d04e50e8449597
a1_sft_s2_rl12_task4_check6_lr1e-6_wu5,19,4,1,12000191,0,300,3d7321b65a7729fe58681d2067d04e50e8449597
a1_sft_s2_rl12_task4_check6_lr1e-6_wu5,19,4,2,12000192,1,90,3d7321b65a7729fe58681d2067d04e50e8449597
a1_sft_s2_rl12_task4_check6_lr1e-6_wu5,19,4,3,12000193,1,86,3d7321b65a7729fe58681d2067d04e50e8449597
a1_sft_s2_rl12_task4_check6_lr1e-6_wu5,19,4,4,12000194,0,300,3d7321b65a7729fe58681d2067d04e50e8449597
a1_sft_s2_rl12_task4_check6_lr1e-6_wu5,19,4,5,12000195,0,300,3d7321b65a7729fe58681d2067d04e50e8449597
a1_sft_s2_rl12_task4_check6_lr1e-6_wu5,19,4,6,12000196,0,300,3d7321b65a7729fe58681d2067d04e50e8449597
a1_sft_s2_rl12_task4_check6_lr1e-6_wu5,19,4,7,12000197,0,300,3d7321b65a7729fe58681d2067d04e50e8449597
a1_sft_s2_rl12_task4_check6_lr1e-6_wu5,19,4,8,12000198,1,97,3d7321b65a7729fe58681d2067d04e50e8449597
a1_sft_s2_rl12_task4_check6_lr1e-6_wu5,19,4,9,12000199,0,300,3d7321b65a7729fe58681d2067d04e50e8449597
a1_sft_s2_rl12_task4_check6_lr1e-6_wu5,20,4,0,12000200,0,300,3d7321b65a7729fe58681d2067d04e50e8449597
a1_sft_s2_rl12_task4_check6_lr1e-6_wu5,20,4,1,12000201,1,92,3d7321b65a7729fe58681d2067d04e50e8449597
a1_sft_s2_rl12_task4_check6_lr1e-6_wu5,20,4,2,12000202,1,88,3d7321b65a7729fe58681d2067d04e50e8449597
a1_sft_s2_rl12_task4_check6_lr1e-6_wu5,20,4,3,12000203,0,300,3d7321b65a7729fe58681d2067d04e50e8449597
a1_sft_s2_rl12_task4_check6_lr1e-6_wu5,20,4,4,12000204,0,300,3d7321b65a7729fe58681d2067d04e50e8449597
a1_sft_s2_rl12_task4_check6_lr1e-6_wu5,20,4,5,12000205,0,300,3d7321b65a7729fe58681d2067d04e50e8449597
a1_sft_s2_rl12_task4_check6_lr1e-6_wu5,20,4,6,12000206,0,300,3d7321b65a7729fe58681d2067d04e50e8449597
a1_sft_s2_rl12_task4_check6_lr1e-6_wu5,20,4,7,12000207,0,300,3d7321b65a7729fe58681d2067d04e50e8449597
a1_sft_s2_rl12_task4_check6_lr1e-6_wu5,20,4,8,12000208,0,300,3d7321b65a7729fe58681d2067d04e50e8449597
a1_sft_s2_rl12_task4_check6_lr1e-6_wu5,20,4,9,12000209,0,300,3d7321b65a7729fe58681d2067d04e50e8449597
a1_sft_s2_rl12_task4_check6_lr1e-6_wu5,21,4,0,12000210,0,300,3d7321b65a7729fe58681d2067d04e50e8449597
a1_sft_s2_rl12_task4_check6_lr1e-6_wu5,21,4,1,12000211,0,300,3d7321b65a7729fe58681d2067d04e50e8449597
a1_sft_s2_rl12_task4_check6_lr1e-6_wu5,21,4,2,12000212,1,88,3d7321b65a7729fe58681d2067d04e50e8449597
a1_sft_s2_rl12_task4_check6_lr1e-6_wu5,21,4,3,12000213,1,83,3d7321b65a7729fe58681d2067d04e50e8449597
a1_sft_s2_rl12_task4_check6_lr1e-6_wu5,21,4,4,12000214,0,300,3d7321b65a7729fe58681d2067d04e50e8449597
a1_sft_s2_rl12_task4_check6_lr1e-6_wu5,21,4,5,12000215,0,300,3d7321b65a7729fe58681d2067d04e50e8449597
a1_sft_s2_rl12_task4_check6_lr1e-6_wu5,21,4,6,12000216,0,300,3d7321b65a7729fe58681d2067d04e50e8449597
a1_sft_s2_rl12_task4_check6_lr1e-6_wu5,21,4,7,12000217,0,300,3d7321b65a7729fe58681d2067d04e50e8449597
a1_sft_s2_rl12_task4_check6_lr1e-6_wu5,21,4,8,12000218,0,300,3d7321b65a7729fe58681d2067d04e50e8449597
a1_sft_s2_rl12_task4_check6_lr1e-6_wu5,21,4,9,12000219,0,300,3d7321b65a7729fe58681d2067d04e50e8449597
a1_sft_s2_rl12_task4_check6_lr1e-6_wu5,22,4,0,12000220,0,300,3d7321b65a7729fe58681d2067d04e50e8449597
a1_sft_s2_rl12_task4_check6_lr1e-6_wu5,22,4,1,12000221,0,300,3d7321b65a7729fe58681d2067d04e50e8449597
a1_sft_s2_rl12_task4_check6_lr1e-6_wu5,22,4,2,12000222,1,98,3d7321b65a7729fe58681d2067d04e50e8449597
a1_sft_s2_rl12_task4_check6_lr1e-6_wu5,22,4,3,12000223,0,300,3d7321b65a7729fe58681d2067d04e50e8449597
a1_sft_s2_rl12_task4_check6_lr1e-6_wu5,22,4,4,12000224,1,75,3d7321b65a7729fe58681d2067d04e50e8449597
a1_sft_s2_rl12_task4_check6_lr1e-6_wu5,22,4,5,12000225,0,300,3d7321b65a7729fe58681d2067d04e50e8449597
a1_sft_s2_rl12_task4_check6_lr1e-6_wu5,22,4,6,12000226,0,300,3d7321b65a7729fe58681d2067d04e50e8449597
a1_sft_s2_rl12_task4_check6_lr1e-6_wu5,22,4,7,12000227,1,89,3d7321b65a7729fe58681d2067d04e50e8449597
a1_sft_s2_rl12_task4_check6_lr1e-6_wu5,22,4,8,12000228,0,300,3d7321b65a7729fe58681d2067d04e50e8449597
a1_sft_s2_rl12_task4_check6_lr1e-6_wu5,22,4,9,12000229,0,300,3d7321b65a7729fe58681d2067d04e50e8449597
a1_sft_s2_rl12_task4_check6_lr1e-6_wu5,23,4,0,12000230,0,300,3d7321b65a7729fe58681d2067d04e50e8449597
a1_sft_s2_rl12_task4_check6_lr1e-6_wu5,23,4,1,12000231,1,94,3d7321b65a7729fe58681d2067d04e50e8449597
a1_sft_s2_rl12_task4_check6_lr1e-6_wu5,23,4,2,12000232,0,300,3d7321b65a7729fe58681d2067d04e50e8449597
a1_sft_s2_rl12_task4_check6_lr1e-6_wu5,23,4,3,12000233,0,300,3d7321b65a7729fe58681d2067d04e50e8449597
a1_sft_s2_rl12_task4_check6_lr1e-6_wu5,23,4,4,12000234,0,300,3d7321b65a7729fe58681d2067d04e50e8449597
a1_sft_s2_rl12_task4_check6_lr1e-6_wu5,23,4,5,12000235,1,89,3d7321b65a7729fe58681d2067d04e50e8449597
a1_sft_s2_rl12_task4_check6_lr1e-6_wu5,23,4,6,12000236,0,300,3d7321b65a7729fe58681d2067d04e50e8449597
a1_sft_s2_rl12_task4_check6_lr1e-6_wu5,23,4,7,12000237,0,300,3d7321b65a7729fe58681d2067d04e50e8449597
a1_sft_s2_rl12_task4_check6_lr1e-6_wu5,23,4,8,12000238,0,300,3d7321b65a7729fe58681d2067d04e50e8449597
a1_sft_s2_rl12_task4_check6_lr1e-6_wu5,23,4,9,12000239,0,300,3d7321b65a7729fe58681d2067d04e50e8449597
a1_sft_s2_rl12_task4_check6_lr1e-6_wu5,24,4,0,12000240,1,95,3d7321b65a7729fe58681d2067d04e50e8449597
a1_sft_s2_rl12_task4_check6_lr1e-6_wu5,24,4,1,12000241,0,300,3d7321b65a7729fe58681d2067d04e50e8449597
a1_sft_s2_rl12_task4_check6_lr1e-6_wu5,24,4,2,12000242,1,91,3d7321b65a7729fe58681d2067d04e50e8449597
a1_sft_s2_rl12_task4_check6_lr1e-6_wu5,24,4,3,12000243,1,88,3d7321b65a7729fe58681d2067d04e50e8449597
a1_sft_s2_rl12_task4_check6_lr1e-6_wu5,24,4,4,12000244,0,300,3d7321b65a7729fe58681d2067d04e50e8449597
a1_sft_s2_rl12_task4_check6_lr1e-6_wu5,24,4,5,12000245,0,300,3d7321b65a7729fe58681d2067d04e50e8449597
a1_sft_s2_rl12_task4_check6_lr1e-6_wu5,24,4,6,12000246,0,300,3d7321b65a7729fe58681d2067d04e50e8449597
a1_sft_s2_rl12_task4_check6_lr1e-6_wu5,24,4,7,12000247,1,100,3d7321b65a7729fe58681d2067d04e50e8449597
a1_sft_s2_rl12_task4_check6_lr1e-6_wu5,24,4,8,12000248,0,300,3d7321b65a7729fe58681d2067d04e50e8449597
a1_sft_s2_rl12_task4_check6_lr1e-6_wu5,24,4,9,12000249,0,300,3d7321b65a7729fe58681d2067d04e50e8449597
a1_sft_s2_rl12_task4_check6_lr1e-6_wu5,25,4,0,12000250,1,100,3d7321b65a7729fe58681d2067d04e50e8449597
a1_sft_s2_rl12_task4_check6_lr1e-6_wu5,25,4,1,12000251,1,94,3d7321b65a7729fe58681d2067d04e50e8449597
a1_sft_s2_rl12_task4_check6_lr1e-6_wu5,25,4,2,12000252,1,88,3d7321b65a7729fe58681d2067d04e50e8449597
a1_sft_s2_rl12_task4_check6_lr1e-6_wu5,25,4,3,12000253,0,300,3d7321b65a7729fe58681d2067d04e50e8449597
a1_sft_s2_rl12_task4_check6_lr1e-6_wu5,25,4,4,12000254,0,300,3d7321b65a7729fe58681d2067d04e50e8449597
a1_sft_s2_rl12_task4_check6_lr1e-6_wu5,25,4,5,12000255,0,300,3d7321b65a7729fe58681d2067d04e50e8449597
a1_sft_s2_rl12_task4_check6_lr1e-6_wu5,25,4,6,12000256,0,300,3d7321b65a7729fe58681d2067d04e50e8449597
a1_sft_s2_rl12_task4_check6_lr1e-6_wu5,25,4,7,12000257,0,300,3d7321b65a7729fe58681d2067d04e50e8449597
a1_sft_s2_rl12_task4_check6_lr1e-6_wu5,25,4,8,12000258,0,300,3d7321b65a7729fe58681d2067d04e50e8449597
a1_sft_s2_rl12_task4_check6_lr1e-6_wu5,25,4,9,12000259,0,300,3d7321b65a7729fe58681d2067d04e50e8449597
a1_sft_s2_rl12_task4_check6_lr1e-6_wu5,26,4,0,12000260,0,300,3d7321b65a7729fe58681d2067d04e50e8449597
a1_sft_s2_rl12_task4_check6_lr1e-6_wu5,26,4,1,12000261,1,196,3d7321b65a7729fe58681d2067d04e50e8449597
a1_sft_s2_rl12_task4_check6_lr1e-6_wu5,26,4,2,12000262,1,89,3d7321b65a7729fe58681d2067d04e50e8449597
a1_sft_s2_rl12_task4_check6_lr1e-6_wu5,26,4,3,12000263,1,82,3d7321b65a7729fe58681d2067d04e50e8449597
a1_sft_s2_rl12_task4_check6_lr1e-6_wu5,26,4,4,12000264,0,300,3d7321b65a7729fe58681d2067d04e50e8449597
a1_sft_s2_rl12_task4_check6_lr1e-6_wu5,26,4,5,12000265,0,300,3d7321b65a7729fe58681d2067d04e50e8449597
a1_sft_s2_rl12_task4_check6_lr1e-6_wu5,26,4,6,12000266,0,300,3d7321b65a7729fe58681d2067d04e50e8449597
a1_sft_s2_rl12_task4_check6_lr1e-6_wu5,26,4,7,12000267,0,300,3d7321b65a7729fe58681d2067d04e50e8449597
a1_sft_s2_rl12_task4_check6_lr1e-6_wu5,26,4,8,12000268,1,86,3d7321b65a7729fe58681d2067d04e50e8449597
a1_sft_s2_rl12_task4_check6_lr1e-6_wu5,26,4,9,12000269,0,300,3d7321b65a7729fe58681d2067d04e50e8449597
a1_sft_s2_rl12_task4_check6_lr1e-6_wu5,27,4,0,12000270,0,300,3d7321b65a7729fe58681d2067d04e50e8449597
a1_sft_s2_rl12_task4_check6_lr1e-6_wu5,27,4,1,12000271,0,300,3d7321b65a7729fe58681d2067d04e50e8449597
a1_sft_s2_rl12_task4_check6_lr1e-6_wu5,27,4,2,12000272,0,300,3d7321b65a7729fe58681d2067d04e50e8449597
a1_sft_s2_rl12_task4_check6_lr1e-6_wu5,27,4,3,12000273,0,300,3d7321b65a7729fe58681d2067d04e50e8449597
a1_sft_s2_rl12_task4_check6_lr1e-6_wu5,27,4,4,12000274,0,300,3d7321b65a7729fe58681d2067d04e50e8449597
a1_sft_s2_rl12_task4_check6_lr1e-6_wu5,27,4,5,12000275,0,300,3d7321b65a7729fe58681d2067d04e50e8449597
a1_sft_s2_rl12_task4_check6_lr1e-6_wu5,27,4,6,12000276,0,300,3d7321b65a7729fe58681d2067d04e50e8449597
a1_sft_s2_rl12_task4_check6_lr1e-6_wu5,27,4,7,12000277,1,94,3d7321b65a7729fe58681d2067d04e50e8449597
a1_sft_s2_rl12_task4_check6_lr1e-6_wu5,27,4,8,12000278,0,300,3d7321b65a7729fe58681d2067d04e50e8449597
a1_sft_s2_rl12_task4_check6_lr1e-6_wu5,27,4,9,12000279,0,300,3d7321b65a7729fe58681d2067d04e50e8449597
a1_sft_s2_rl12_task4_check6_lr1e-6_wu5,28,4,0,12000280,0,300,3d7321b65a7729fe58681d2067d04e50e8449597
a1_sft_s2_rl12_task4_check6_lr1e-6_wu5,28,4,1,12000281,0,300,3d7321b65a7729fe58681d2067d04e50e8449597
a1_sft_s2_rl12_task4_check6_lr1e-6_wu5,28,4,2,12000282,1,97,3d7321b65a7729fe58681d2067d04e50e8449597
a1_sft_s2_rl12_task4_check6_lr1e-6_wu5,28,4,3,12000283,0,300,3d7321b65a7729fe58681d2067d04e50e8449597
a1_sft_s2_rl12_task4_check6_lr1e-6_wu5,28,4,4,12000284,0,300,3d7321b65a7729fe58681d2067d04e50e8449597
a1_sft_s2_rl12_task4_check6_lr1e-6_wu5,28,4,5,12000285,1,90,3d7321b65a7729fe58681d2067d04e50e8449597
a1_sft_s2_rl12_task4_check6_lr1e-6_wu5,28,4,6,12000286,0,300,3d7321b65a7729fe58681d2067d04e50e8449597
a1_sft_s2_rl12_task4_check6_lr1e-6_wu5,28,4,7,12000287,0,300,3d7321b65a7729fe58681d2067d04e50e8449597
a1_sft_s2_rl12_task4_check6_lr1e-6_wu5,28,4,8,12000288,0,300,3d7321b65a7729fe58681d2067d04e50e8449597
a1_sft_s2_rl12_task4_check6_lr1e-6_wu5,28,4,9,12000289,0,300,3d7321b65a7729fe58681d2067d04e50e8449597
a1_sft_s2_rl12_task4_check6_lr1e-6_wu5,29,4,0,12000290,0,300,3d7321b65a7729fe58681d2067d04e50e8449597
a1_sft_s2_rl12_task4_check6_lr1e-6_wu5,29,4,1,12000291,0,300,3d7321b65a7729fe58681d2067d04e50e8449597
a1_sft_s2_rl12_task4_check6_lr1e-6_wu5,29,4,2,12000292,1,93,3d7321b65a7729fe58681d2067d04e50e8449597
a1_sft_s2_rl12_task4_check6_lr1e-6_wu5,29,4,3,12000293,1,89,3d7321b65a7729fe58681d2067d04e50e8449597
a1_sft_s2_rl12_task4_check6_lr1e-6_wu5,29,4,4,12000294,0,300,3d7321b65a7729fe58681d2067d04e50e8449597
a1_sft_s2_rl12_task4_check6_lr1e-6_wu5,29,4,5,12000295,0,300,3d7321b65a7729fe58681d2067d04e50e8449597
a1_sft_s2_rl12_task4_check6_lr1e-6_wu5,29,4,6,12000296,0,300,3d7321b65a7729fe58681d2067d04e50e8449597
a1_sft_s2_rl12_task4_check6_lr1e-6_wu5,29,4,7,12000297,0,300,3d7321b65a7729fe58681d2067d04e50e8449597
a1_sft_s2_rl12_task4_check6_lr1e-6_wu5,29,4,8,12000298,1,79,3d7321b65a7729fe58681d2067d04e50e8449597
a1_sft_s2_rl12_task4_check6_lr1e-6_wu5,29,4,9,12000299,0,300,3d7321b65a7729fe58681d2067d04e50e8449597
a1_sft_s0_rl10_task4_check6_lr1e-6_wu5,0,4,0,10000000,0,300,3d7321b65a7729fe58681d2067d04e50e8449597
a1_sft_s0_rl10_task4_check6_lr1e-6_wu5,0,4,1,10000001,1,84,3d7321b65a7729fe58681d2067d04e50e8449597
a1_sft_s0_rl10_task4_check6_lr1e-6_wu5,0,4,2,10000002,1,79,3d7321b65a7729fe58681d2067d04e50e8449597
a1_sft_s0_rl10_task4_check6_lr1e-6_wu5,0,4,3,10000003,0,300,3d7321b65a7729fe58681d2067d04e50e8449597
a1_sft_s0_rl10_task4_check6_lr1e-6_wu5,0,4,4,10000004,1,80,3d7321b65a7729fe58681d2067d04e50e8449597
a1_sft_s0_rl10_task4_check6_lr1e-6_wu5,0,4,5,10000005,1,80,3d7321b65a7729fe58681d2067d04e50e8449597
a1_sft_s0_rl10_task4_check6_lr1e-6_wu5,0,4,6,10000006,0,300,3d7321b65a7729fe58681d2067d04e50e8449597
a1_sft_s0_rl10_task4_check6_lr1e-6_wu5,0,4,7,10000007,0,300,3d7321b65a7729fe58681d2067d04e50e8449597
a1_sft_s0_rl10_task4_check6_lr1e-6_wu5,0,4,8,10000008,0,300,3d7321b65a7729fe58681d2067d04e50e8449597
a1_sft_s0_rl10_task4_check6_lr1e-6_wu5,0,4,9,10000009,0,300,3d7321b65a7729fe58681d2067d04e50e8449597
a1_sft_s0_rl10_task4_check6_lr1e-6_wu5,1,4,0,10000010,0,300,3d7321b65a7729fe58681d2067d04e50e8449597
a1_sft_s0_rl10_task4_check6_lr1e-6_wu5,1,4,1,10000011,0,300,3d7321b65a7729fe58681d2067d04e50e8449597
a1_sft_s0_rl10_task4_check6_lr1e-6_wu5,1,4,2,10000012,1,79,3d7321b65a7729fe58681d2067d04e50e8449597
a1_sft_s0_rl10_task4_check6_lr1e-6_wu5,1,4,3,10000013,1,79,3d7321b65a7729fe58681d2067d04e50e8449597
a1_sft_s0_rl10_task4_check6_lr1e-6_wu5,1,4,4,10000014,0,300,3d7321b65a7729fe58681d2067d04e50e8449597
a1_sft_s0_rl10_task4_check6_lr1e-6_wu5,1,4,5,10000015,1,89,3d7321b65a7729fe58681d2067d04e50e8449597
a1_sft_s0_rl10_task4_check6_lr1e-6_wu5,1,4,6,10000016,1,81,3d7321b65a7729fe58681d2067d04e50e8449597
a1_sft_s0_rl10_task4_check6_lr1e-6_wu5,1,4,7,10000017,1,85,3d7321b65a7729fe58681d2067d04e50e8449597
a1_sft_s0_rl10_task4_check6_lr1e-6_wu5,1,4,8,10000018,0,300,3d7321b65a7729fe58681d2067d04e50e8449597
a1_sft_s0_rl10_task4_check6_lr1e-6_wu5,1,4,9,10000019,0,300,3d7321b65a7729fe58681d2067d04e50e8449597
a1_sft_s0_rl10_task4_check6_lr1e-6_wu5,2,4,0,10000020,1,80,3d7321b65a7729fe58681d2067d04e50e8449597
a1_sft_s0_rl10_task4_check6_lr1e-6_wu5,2,4,1,10000021,1,83,3d7321b65a7729fe58681d2067d04e50e8449597
a1_sft_s0_rl10_task4_check6_lr1e-6_wu5,2,4,2,10000022,0,300,3d7321b65a7729fe58681d2067d04e50e8449597
a1_sft_s0_rl10_task4_check6_lr1e-6_wu5,2,4,3,10000023,0,300,3d7321b65a7729fe58681d2067d04e50e8449597
a1_sft_s0_rl10_task4_check6_lr1e-6_wu5,2,4,4,10000024,0,300,3d7321b65a7729fe58681d2067d04e50e8449597
a1_sft_s0_rl10_task4_check6_lr1e-6_wu5,2,4,5,10000025,0,300,3d7321b65a7729fe58681d2067d04e50e8449597
a1_sft_s0_rl10_task4_check6_lr1e-6_wu5,2,4,6,10000026,1,82,3d7321b65a7729fe58681d2067d04e50e8449597
a1_sft_s0_rl10_task4_check6_lr1e-6_wu5,2,4,7,10000027,1,80,3d7321b65a7729fe58681d2067d04e50e8449597
a1_sft_s0_rl10_task4_check6_lr1e-6_wu5,2,4,8,10000028,1,85,3d7321b65a7729fe58681d2067d04e50e8449597
a1_sft_s0_rl10_task4_check6_lr1e-6_wu5,2,4,9,10000029,0,300,3d7321b65a7729fe58681d2067d04e50e8449597
a1_sft_s0_rl10_task4_check6_lr1e-6_wu5,3,4,0,10000030,0,300,3d7321b65a7729fe58681d2067d04e50e8449597
a1_sft_s0_rl10_task4_check6_lr1e-6_wu5,3,4,1,10000031,1,89,3d7321b65a7729fe58681d2067d04e50e8449597
a1_sft_s0_rl10_task4_check6_lr1e-6_wu5,3,4,2,10000032,0,300,3d7321b65a7729fe58681d2067d04e50e8449597
a1_sft_s0_rl10_task4_check6_lr1e-6_wu5,3,4,3,10000033,0,300,3d7321b65a7729fe58681d2067d04e50e8449597
a1_sft_s0_rl10_task4_check6_lr1e-6_wu5,3,4,4,10000034,1,77,3d7321b65a7729fe58681d2067d04e50e8449597
a1_sft_s0_rl10_task4_check6_lr1e-6_wu5,3,4,5,10000035,1,77,3d7321b65a7729fe58681d2067d04e50e8449597
a1_sft_s0_rl10_task4_check6_lr1e-6_wu5,3,4,6,10000036,1,89,3d7321b65a7729fe58681d2067d04e50e8449597
a1_sft_s0_rl10_task4_check6_lr1e-6_wu5,3,4,7,10000037,0,300,3d7321b65a7729fe58681d2067d04e50e8449597
a1_sft_s0_rl10_task4_check6_lr1e-6_wu5,3,4,8,10000038,0,300,3d7321b65a7729fe58681d2067d04e50e8449597
a1_sft_s0_rl10_task4_check6_lr1e-6_wu5,3,4,9,10000039,0,300,3d7321b65a7729fe58681d2067d04e50e8449597
a1_sft_s0_rl10_task4_check6_lr1e-6_wu5,4,4,0,10000040,0,300,3d7321b65a7729fe58681d2067d04e50e8449597
a1_sft_s0_rl10_task4_check6_lr1e-6_wu5,4,4,1,10000041,1,79,3d7321b65a7729fe58681d2067d04e50e8449597
a1_sft_s0_rl10_task4_check6_lr1e-6_wu5,4,4,2,10000042,1,75,3d7321b65a7729fe58681d2067d04e50e8449597
a1_sft_s0_rl10_task4_check6_lr1e-6_wu5,4,4,3,10000043,1,80,3d7321b65a7729fe58681d2067d04e50e8449597
a1_sft_s0_rl10_task4_check6_lr1e-6_wu5,4,4,4,10000044,1,80,3d7321b65a7729fe58681d2067d04e50e8449597
a1_sft_s0_rl10_task4_check6_lr1e-6_wu5,4,4,5,10000045,1,84,3d7321b65a7729fe58681d2067d04e50e8449597
a1_sft_s0_rl10_task4_check6_lr1e-6_wu5,4,4,6,10000046,1,80,3d7321b65a7729fe58681d2067d04e50e8449597
a1_sft_s0_rl10_task4_check6_lr1e-6_wu5,4,4,7,10000047,0,300,3d7321b65a7729fe58681d2067d04e50e8449597
a1_sft_s0_rl10_task4_check6_lr1e-6_wu5,4,4,8,10000048,0,300,3d7321b65a7729fe58681d2067d04e50e8449597
a1_sft_s0_rl10_task4_check6_lr1e-6_wu5,4,4,9,10000049,1,83,3d7321b65a7729fe58681d2067d04e50e8449597
a1_sft_s0_rl10_task4_check6_lr1e-6_wu5,5,4,0,10000050,0,300,3d7321b65a7729fe58681d2067d04e50e8449597
a1_sft_s0_rl10_task4_check6_lr1e-6_wu5,5,4,1,10000051,1,87,3d7321b65a7729fe58681d2067d04e50e8449597
a1_sft_s0_rl10_task4_check6_lr1e-6_wu5,5,4,2,10000052,1,82,3d7321b65a7729fe58681d2067d04e50e8449597
a1_sft_s0_rl10_task4_check6_lr1e-6_wu5,5,4,3,10000053,0,300,3d7321b65a7729fe58681d2067d04e50e8449597
a1_sft_s0_rl10_task4_check6_lr1e-6_wu5,5,4,4,10000054,1,78,3d7321b65a7729fe58681d2067d04e50e8449597
a1_sft_s0_rl10_task4_check6_lr1e-6_wu5,5,4,5,10000055,1,86,3d7321b65a7729fe58681d2067d04e50e8449597
a1_sft_s0_rl10_task4_check6_lr1e-6_wu5,5,4,6,10000056,0,300,3d7321b65a7729fe58681d2067d04e50e8449597
a1_sft_s0_rl10_task4_check6_lr1e-6_wu5,5,4,7,10000057,1,72,3d7321b65a7729fe58681d2067d04e50e8449597
a1_sft_s0_rl10_task4_check6_lr1e-6_wu5,5,4,8,10000058,0,300,3d7321b65a7729fe58681d2067d04e50e8449597
a1_sft_s0_rl10_task4_check6_lr1e-6_wu5,5,4,9,10000059,0,300,3d7321b65a7729fe58681d2067d04e50e8449597
a1_sft_s0_rl10_task4_check6_lr1e-6_wu5,6,4,0,10000060,0,300,3d7321b65a7729fe58681d2067d04e50e8449597
a1_sft_s0_rl10_task4_check6_lr1e-6_wu5,6,4,1,10000061,0,300,3d7321b65a7729fe58681d2067d04e50e8449597
a1_sft_s0_rl10_task4_check6_lr1e-6_wu5,6,4,2,10000062,1,75,3d7321b65a7729fe58681d2067d04e50e8449597
a1_sft_s0_rl10_task4_check6_lr1e-6_wu5,6,4,3,10000063,1,79,3d7321b65a7729fe58681d2067d04e50e8449597
a1_sft_s0_rl10_task4_check6_lr1e-6_wu5,6,4,4,10000064,0,300,3d7321b65a7729fe58681d2067d04e50e8449597
a1_sft_s0_rl10_task4_check6_lr1e-6_wu5,6,4,5,10000065,1,88,3d7321b65a7729fe58681d2067d04e50e8449597
a1_sft_s0_rl10_task4_check6_lr1e-6_wu5,6,4,6,10000066,1,79,3d7321b65a7729fe58681d2067d04e50e8449597
a1_sft_s0_rl10_task4_check6_lr1e-6_wu5,6,4,7,10000067,1,77,3d7321b65a7729fe58681d2067d04e50e8449597
a1_sft_s0_rl10_task4_check6_lr1e-6_wu5,6,4,8,10000068,0,300,3d7321b65a7729fe58681d2067d04e50e8449597
a1_sft_s0_rl10_task4_check6_lr1e-6_wu5,6,4,9,10000069,0,300,3d7321b65a7729fe58681d2067d04e50e8449597
a1_sft_s0_rl10_task4_check6_lr1e-6_wu5,7,4,0,10000070,1,79,3d7321b65a7729fe58681d2067d04e50e8449597
a1_sft_s0_rl10_task4_check6_lr1e-6_wu5,7,4,1,10000071,1,87,3d7321b65a7729fe58681d2067d04e50e8449597
a1_sft_s0_rl10_task4_check6_lr1e-6_wu5,7,4,2,10000072,0,300,3d7321b65a7729fe58681d2067d04e50e8449597
a1_sft_s0_rl10_task4_check6_lr1e-6_wu5,7,4,3,10000073,0,300,3d7321b65a7729fe58681d2067d04e50e8449597
a1_sft_s0_rl10_task4_check6_lr1e-6_wu5,7,4,4,10000074,0,300,3d7321b65a7729fe58681d2067d04e50e8449597
a1_sft_s0_rl10_task4_check6_lr1e-6_wu5,7,4,5,10000075,1,79,3d7321b65a7729fe58681d2067d04e50e8449597
a1_sft_s0_rl10_task4_check6_lr1e-6_wu5,7,4,6,10000076,0,300,3d7321b65a7729fe58681d2067d04e50e8449597
a1_sft_s0_rl10_task4_check6_lr1e-6_wu5,7,4,7,10000077,1,83,3d7321b65a7729fe58681d2067d04e50e8449597
a1_sft_s0_rl10_task4_check6_lr1e-6_wu5,7,4,8,10000078,1,78,3d7321b65a7729fe58681d2067d04e50e8449597
a1_sft_s0_rl10_task4_check6_lr1e-6_wu5,7,4,9,10000079,0,300,3d7321b65a7729fe58681d2067d04e50e8449597
a1_sft_s0_rl10_task4_check6_lr1e-6_wu5,8,4,0,10000080,1,76,3d7321b65a7729fe58681d2067d04e50e8449597
a1_sft_s0_rl10_task4_check6_lr1e-6_wu5,8,4,1,10000081,1,84,3d7321b65a7729fe58681d2067d04e50e8449597
a1_sft_s0_rl10_task4_check6_lr1e-6_wu5,8,4,2,10000082,0,300,3d7321b65a7729fe58681d2067d04e50e8449597
a1_sft_s0_rl10_task4_check6_lr1e-6_wu5,8,4,3,10000083,0,300,3d7321b65a7729fe58681d2067d04e50e8449597
a1_sft_s0_rl10_task4_check6_lr1e-6_wu5,8,4,4,10000084,1,87,3d7321b65a7729fe58681d2067d04e50e8449597
a1_sft_s0_rl10_task4_check6_lr1e-6_wu5,8,4,5,10000085,1,80,3d7321b65a7729fe58681d2067d04e50e8449597
a1_sft_s0_rl10_task4_check6_lr1e-6_wu5,8,4,6,10000086,1,83,3d7321b65a7729fe58681d2067d04e50e8449597
a1_sft_s0_rl10_task4_check6_lr1e-6_wu5,8,4,7,10000087,1,77,3d7321b65a7729fe58681d2067d04e50e8449597
a1_sft_s0_rl10_task4_check6_lr1e-6_wu5,8,4,8,10000088,0,300,3d7321b65a7729fe58681d2067d04e50e8449597
a1_sft_s0_rl10_task4_check6_lr1e-6_wu5,8,4,9,10000089,0,300,3d7321b65a7729fe58681d2067d04e50e8449597
a1_sft_s0_rl10_task4_check6_lr1e-6_wu5,9,4,0,10000090,0,300,3d7321b65a7729fe58681d2067d04e50e8449597
a1_sft_s0_rl10_task4_check6_lr1e-6_wu5,9,4,1,10000091,1,81,3d7321b65a7729fe58681d2067d04e50e8449597
a1_sft_s0_rl10_task4_check6_lr1e-6_wu5,9,4,2,10000092,0,300,3d7321b65a7729fe58681d2067d04e50e8449597
a1_sft_s0_rl10_task4_check6_lr1e-6_wu5,9,4,3,10000093,1,80,3d7321b65a7729fe58681d2067d04e50e8449597
a1_sft_s0_rl10_task4_check6_lr1e-6_wu5,9,4,4,10000094,1,78,3d7321b65a7729fe58681d2067d04e50e8449597
a1_sft_s0_rl10_task4_check6_lr1e-6_wu5,9,4,5,10000095,1,83,3d7321b65a7729fe58681d2067d04e50e8449597
a1_sft_s0_rl10_task4_check6_lr1e-6_wu5,9,4,6,10000096,1,83,3d7321b65a7729fe58681d2067d04e50e8449597
a1_sft_s0_rl10_task4_check6_lr1e-6_wu5,9,4,7,10000097,0,300,3d7321b65a7729fe58681d2067d04e50e8449597
a1_sft_s0_rl10_task4_check6_lr1e-6_wu5,9,4,8,10000098,0,300,3d7321b65a7729fe58681d2067d04e50e8449597
a1_sft_s0_rl10_task4_check6_lr1e-6_wu5,9,4,9,10000099,1,84,3d7321b65a7729fe58681d2067d04e50e8449597
a1_sft_s0_rl10_task4_check6_lr1e-6_wu5,10,4,0,10000100,0,300,3d7321b65a7729fe58681d2067d04e50e8449597
a1_sft_s0_rl10_task4_check6_lr1e-6_wu5,10,4,1,10000101,1,82,3d7321b65a7729fe58681d2067d04e50e8449597
a1_sft_s0_rl10_task4_check6_lr1e-6_wu5,10,4,2,10000102,1,78,3d7321b65a7729fe58681d2067d04e50e8449597
a1_sft_s0_rl10_task4_check6_lr1e-6_wu5,10,4,3,10000103,0,300,3d7321b65a7729fe58681d2067d04e50e8449597
a1_sft_s0_rl10_task4_check6_lr1e-6_wu5,10,4,4,10000104,0,300,3d7321b65a7729fe58681d2067d04e50e8449597
a1_sft_s0_rl10_task4_check6_lr1e-6_wu5,10,4,5,10000105,1,85,3d7321b65a7729fe58681d2067d04e50e8449597
a1_sft_s0_rl10_task4_check6_lr1e-6_wu5,10,4,6,10000106,0,300,3d7321b65a7729fe58681d2067d04e50e8449597
a1_sft_s0_rl10_task4_check6_lr1e-6_wu5,10,4,7,10000107,0,300,3d7321b65a7729fe58681d2067d04e50e8449597
a1_sft_s0_rl10_task4_check6_lr1e-6_wu5,10,4,8,10000108,0,300,3d7321b65a7729fe58681d2067d04e50e8449597
a1_sft_s0_rl10_task4_check6_lr1e-6_wu5,10,4,9,10000109,1,76,3d7321b65a7729fe58681d2067d04e50e8449597
a1_sft_s0_rl10_task4_check6_lr1e-6_wu5,11,4,0,10000110,0,300,3d7321b65a7729fe58681d2067d04e50e8449597
a1_sft_s0_rl10_task4_check6_lr1e-6_wu5,11,4,1,10000111,0,300,3d7321b65a7729fe58681d2067d04e50e8449597
a1_sft_s0_rl10_task4_check6_lr1e-6_wu5,11,4,2,10000112,1,76,3d7321b65a7729fe58681d2067d04e50e8449597
a1_sft_s0_rl10_task4_check6_lr1e-6_wu5,11,4,3,10000113,1,80,3d7321b65a7729fe58681d2067d04e50e8449597
a1_sft_s0_rl10_task4_check6_lr1e-6_wu5,11,4,4,10000114,0,300,3d7321b65a7729fe58681d2067d04e50e8449597
a1_sft_s0_rl10_task4_check6_lr1e-6_wu5,11,4,5,10000115,1,79,3d7321b65a7729fe58681d2067d04e50e8449597
a1_sft_s0_rl10_task4_check6_lr1e-6_wu5,11,4,6,10000116,1,77,3d7321b65a7729fe58681d2067d04e50e8449597
a1_sft_s0_rl10_task4_check6_lr1e-6_wu5,11,4,7,10000117,0,300,3d7321b65a7729fe58681d2067d04e50e8449597
a1_sft_s0_rl10_task4_check6_lr1e-6_wu5,11,4,8,10000118,0,300,3d7321b65a7729fe58681d2067d04e50e8449597
a1_sft_s0_rl10_task4_check6_lr1e-6_wu5,11,4,9,10000119,0,300,3d7321b65a7729fe58681d2067d04e50e8449597
a1_sft_s0_rl10_task4_check6_lr1e-6_wu5,12,4,0,10000120,0,300,3d7321b65a7729fe58681d2067d04e50e8449597
a1_sft_s0_rl10_task4_check6_lr1e-6_wu5,12,4,1,10000121,1,86,3d7321b65a7729fe58681d2067d04e50e8449597
a1_sft_s0_rl10_task4_check6_lr1e-6_wu5,12,4,2,10000122,0,300,3d7321b65a7729fe58681d2067d04e50e8449597
a1_sft_s0_rl10_task4_check6_lr1e-6_wu5,12,4,3,10000123,0,300,3d7321b65a7729fe58681d2067d04e50e8449597
a1_sft_s0_rl10_task4_check6_lr1e-6_wu5,12,4,4,10000124,0,300,3d7321b65a7729fe58681d2067d04e50e8449597
a1_sft_s0_rl10_task4_check6_lr1e-6_wu5,12,4,5,10000125,0,300,3d7321b65a7729fe58681d2067d04e50e8449597
a1_sft_s0_rl10_task4_check6_lr1e-6_wu5,12,4,6,10000126,0,300,3d7321b65a7729fe58681d2067d04e50e8449597
a1_sft_s0_rl10_task4_check6_lr1e-6_wu5,12,4,7,10000127,1,83,3d7321b65a7729fe58681d2067d04e50e8449597
a1_sft_s0_rl10_task4_check6_lr1e-6_wu5,12,4,8,10000128,1,91,3d7321b65a7729fe58681d2067d04e50e8449597
a1_sft_s0_rl10_task4_check6_lr1e-6_wu5,12,4,9,10000129,0,300,3d7321b65a7729fe58681d2067d04e50e8449597
a1_sft_s0_rl10_task4_check6_lr1e-6_wu5,13,4,0,10000130,1,76,3d7321b65a7729fe58681d2067d04e50e8449597
a1_sft_s0_rl10_task4_check6_lr1e-6_wu5,13,4,1,10000131,1,79,3d7321b65a7729fe58681d2067d04e50e8449597
a1_sft_s0_rl10_task4_check6_lr1e-6_wu5,13,4,2,10000132,0,300,3d7321b65a7729fe58681d2067d04e50e8449597
a1_sft_s0_rl10_task4_check6_lr1e-6_wu5,13,4,3,10000133,0,300,3d7321b65a7729fe58681d2067d04e50e8449597
a1_sft_s0_rl10_task4_check6_lr1e-6_wu5,13,4,4,10000134,0,300,3d7321b65a7729fe58681d2067d04e50e8449597
a1_sft_s0_rl10_task4_check6_lr1e-6_wu5,13,4,5,10000135,1,76,3d7321b65a7729fe58681d2067d04e50e8449597
a1_sft_s0_rl10_task4_check6_lr1e-6_wu5,13,4,6,10000136,1,88,3d7321b65a7729fe58681d2067d04e50e8449597
a1_sft_s0_rl10_task4_check6_lr1e-6_wu5,13,4,7,10000137,0,300,3d7321b65a7729fe58681d2067d04e50e8449597
a1_sft_s0_rl10_task4_check6_lr1e-6_wu5,13,4,8,10000138,0,300,3d7321b65a7729fe58681d2067d04e50e8449597
a1_sft_s0_rl10_task4_check6_lr1e-6_wu5,13,4,9,10000139,0,300,3d7321b65a7729fe58681d2067d04e50e8449597
a1_sft_s0_rl10_task4_check6_lr1e-6_wu5,14,4,0,10000140,0,300,3d7321b65a7729fe58681d2067d04e50e8449597
a1_sft_s0_rl10_task4_check6_lr1e-6_wu5,14,4,1,10000141,1,81,3d7321b65a7729fe58681d2067d04e50e8449597
a1_sft_s0_rl10_task4_check6_lr1e-6_wu5,14,4,2,10000142,0,300,3d7321b65a7729fe58681d2067d04e50e8449597
a1_sft_s0_rl10_task4_check6_lr1e-6_wu5,14,4,3,10000143,1,81,3d7321b65a7729fe58681d2067d04e50e8449597
a1_sft_s0_rl10_task4_check6_lr1e-6_wu5,14,4,4,10000144,0,300,3d7321b65a7729fe58681d2067d04e50e8449597
a1_sft_s0_rl10_task4_check6_lr1e-6_wu5,14,4,5,10000145,1,80,3d7321b65a7729fe58681d2067d04e50e8449597
a1_sft_s0_rl10_task4_check6_lr1e-6_wu5,14,4,6,10000146,1,83,3d7321b65a7729fe58681d2067d04e50e8449597
a1_sft_s0_rl10_task4_check6_lr1e-6_wu5,14,4,7,10000147,0,300,3d7321b65a7729fe58681d2067d04e50e8449597
a1_sft_s0_rl10_task4_check6_lr1e-6_wu5,14,4,8,10000148,0,300,3d7321b65a7729fe58681d2067d04e50e8449597
a1_sft_s0_rl10_task4_check6_lr1e-6_wu5,14,4,9,10000149,1,83,3d7321b65a7729fe58681d2067d04e50e8449597
a1_sft_s0_rl10_task4_check6_lr1e-6_wu5,15,4,0,10000150,0,300,3d7321b65a7729fe58681d2067d04e50e8449597
a1_sft_s0_rl10_task4_check6_lr1e-6_wu5,15,4,1,10000151,1,87,3d7321b65a7729fe58681d2067d04e50e8449597
a1_sft_s0_rl10_task4_check6_lr1e-6_wu5,15,4,2,10000152,1,76,3d7321b65a7729fe58681d2067d04e50e8449597
a1_sft_s0_rl10_task4_check6_lr1e-6_wu5,15,4,3,10000153,0,300,3d7321b65a7729fe58681d2067d04e50e8449597
a1_sft_s0_rl10_task4_check6_lr1e-6_wu5,15,4,4,10000154,1,77,3d7321b65a7729fe58681d2067d04e50e8449597
a1_sft_s0_rl10_task4_check6_lr1e-6_wu5,15,4,5,10000155,1,81,3d7321b65a7729fe58681d2067d04e50e8449597
a1_sft_s0_rl10_task4_check6_lr1e-6_wu5,15,4,6,10000156,0,300,3d7321b65a7729fe58681d2067d04e50e8449597
a1_sft_s0_rl10_task4_check6_lr1e-6_wu5,15,4,7,10000157,0,300,3d7321b65a7729fe58681d2067d04e50e8449597
a1_sft_s0_rl10_task4_check6_lr1e-6_wu5,15,4,8,10000158,0,300,3d7321b65a7729fe58681d2067d04e50e8449597
a1_sft_s0_rl10_task4_check6_lr1e-6_wu5,15,4,9,10000159,1,76,3d7321b65a7729fe58681d2067d04e50e8449597
a1_sft_s0_rl10_task4_check6_lr1e-6_wu5,16,4,0,10000160,0,300,3d7321b65a7729fe58681d2067d04e50e8449597
a1_sft_s0_rl10_task4_check6_lr1e-6_wu5,16,4,1,10000161,0,300,3d7321b65a7729fe58681d2067d04e50e8449597
a1_sft_s0_rl10_task4_check6_lr1e-6_wu5,16,4,2,10000162,0,300,3d7321b65a7729fe58681d2067d04e50e8449597
a1_sft_s0_rl10_task4_check6_lr1e-6_wu5,16,4,3,10000163,1,75,3d7321b65a7729fe58681d2067d04e50e8449597
a1_sft_s0_rl10_task4_check6_lr1e-6_wu5,16,4,4,10000164,0,300,3d7321b65a7729fe58681d2067d04e50e8449597
a1_sft_s0_rl10_task4_check6_lr1e-6_wu5,16,4,5,10000165,1,93,3d7321b65a7729fe58681d2067d04e50e8449597
a1_sft_s0_rl10_task4_check6_lr1e-6_wu5,16,4,6,10000166,1,82,3d7321b65a7729fe58681d2067d04e50e8449597
a1_sft_s0_rl10_task4_check6_lr1e-6_wu5,16,4,7,10000167,0,300,3d7321b65a7729fe58681d2067d04e50e8449597
a1_sft_s0_rl10_task4_check6_lr1e-6_wu5,16,4,8,10000168,0,300,3d7321b65a7729fe58681d2067d04e50e8449597
a1_sft_s0_rl10_task4_check6_lr1e-6_wu5,16,4,9,10000169,0,300,3d7321b65a7729fe58681d2067d04e50e8449597
a1_sft_s0_rl10_task4_check6_lr1e-6_wu5,17,4,0,10000170,0,300,3d7321b65a7729fe58681d2067d04e50e8449597
a1_sft_s0_rl10_task4_check6_lr1e-6_wu5,17,4,1,10000171,1,88,3d7321b65a7729fe58681d2067d04e50e8449597
a1_sft_s0_rl10_task4_check6_lr1e-6_wu5,17,4,2,10000172,0,300,3d7321b65a7729fe58681d2067d04e50e8449597
a1_sft_s0_rl10_task4_check6_lr1e-6_wu5,17,4,3,10000173,0,300,3d7321b65a7729fe58681d2067d04e50e8449597
a1_sft_s0_rl10_task4_check6_lr1e-6_wu5,17,4,4,10000174,0,300,3d7321b65a7729fe58681d2067d04e50e8449597
a1_sft_s0_rl10_task4_check6_lr1e-6_wu5,17,4,5,10000175,1,78,3d7321b65a7729fe58681d2067d04e50e8449597
a1_sft_s0_rl10_task4_check6_lr1e-6_wu5,17,4,6,10000176,0,300,3d7321b65a7729fe58681d2067d04e50e8449597
a1_sft_s0_rl10_task4_check6_lr1e-6_wu5,17,4,7,10000177,1,82,3d7321b65a7729fe58681d2067d04e50e8449597
a1_sft_s0_rl10_task4_check6_lr1e-6_wu5,17,4,8,10000178,1,77,3d7321b65a7729fe58681d2067d04e50e8449597
a1_sft_s0_rl10_task4_check6_lr1e-6_wu5,17,4,9,10000179,0,300,3d7321b65a7729fe58681d2067d04e50e8449597
a1_sft_s0_rl10_task4_check6_lr1e-6_wu5,18,4,0,10000180,1,79,3d7321b65a7729fe58681d2067d04e50e8449597
a1_sft_s0_rl10_task4_check6_lr1e-6_wu5,18,4,1,10000181,1,83,3d7321b65a7729fe58681d2067d04e50e8449597
a1_sft_s0_rl10_task4_check6_lr1e-6_wu5,18,4,2,10000182,0,300,3d7321b65a7729fe58681d2067d04e50e8449597
a1_sft_s0_rl10_task4_check6_lr1e-6_wu5,18,4,3,10000183,0,300,3d7321b65a7729fe58681d2067d04e50e8449597
a1_sft_s0_rl10_task4_check6_lr1e-6_wu5,18,4,4,10000184,1,86,3d7321b65a7729fe58681d2067d04e50e8449597
a1_sft_s0_rl10_task4_check6_lr1e-6_wu5,18,4,5,10000185,1,79,3d7321b65a7729fe58681d2067d04e50e8449597
a1_sft_s0_rl10_task4_check6_lr1e-6_wu5,18,4,6,10000186,1,83,3d7321b65a7729fe58681d2067d04e50e8449597
a1_sft_s0_rl10_task4_check6_lr1e-6_wu5,18,4,7,10000187,1,76,3d7321b65a7729fe58681d2067d04e50e8449597
a1_sft_s0_rl10_task4_check6_lr1e-6_wu5,18,4,8,10000188,0,300,3d7321b65a7729fe58681d2067d04e50e8449597
a1_sft_s0_rl10_task4_check6_lr1e-6_wu5,18,4,9,10000189,0,300,3d7321b65a7729fe58681d2067d04e50e8449597
a1_sft_s0_rl10_task4_check6_lr1e-6_wu5,19,4,0,10000190,0,300,3d7321b65a7729fe58681d2067d04e50e8449597
a1_sft_s0_rl10_task4_check6_lr1e-6_wu5,19,4,1,10000191,1,82,3d7321b65a7729fe58681d2067d04e50e8449597
a1_sft_s0_rl10_task4_check6_lr1e-6_wu5,19,4,2,10000192,0,300,3d7321b65a7729fe58681d2067d04e50e8449597
a1_sft_s0_rl10_task4_check6_lr1e-6_wu5,19,4,3,10000193,1,81,3d7321b65a7729fe58681d2067d04e50e8449597
a1_sft_s0_rl10_task4_check6_lr1e-6_wu5,19,4,4,10000194,0,300,3d7321b65a7729fe58681d2067d04e50e8449597
a1_sft_s0_rl10_task4_check6_lr1e-6_wu5,19,4,5,10000195,1,80,3d7321b65a7729fe58681d2067d04e50e8449597
a1_sft_s0_rl10_task4_check6_lr1e-6_wu5,19,4,6,10000196,1,86,3d7321b65a7729fe58681d2067d04e50e8449597
a1_sft_s0_rl10_task4_check6_lr1e-6_wu5,19,4,7,10000197,0,300,3d7321b65a7729fe58681d2067d04e50e8449597
a1_sft_s0_rl10_task4_check6_lr1e-6_wu5,19,4,8,10000198,0,300,3d7321b65a7729fe58681d2067d04e50e8449597
a1_sft_s0_rl10_task4_check6_lr1e-6_wu5,19,4,9,10000199,1,87,3d7321b65a7729fe58681d2067d04e50e8449597
a1_sft_s0_rl10_task4_check6_lr1e-6_wu5,20,4,0,10000200,0,300,3d7321b65a7729fe58681d2067d04e50e8449597
a1_sft_s0_rl10_task4_check6_lr1e-6_wu5,20,4,1,10000201,1,85,3d7321b65a7729fe58681d2067d04e50e8449597
a1_sft_s0_rl10_task4_check6_lr1e-6_wu5,20,4,2,10000202,1,83,3d7321b65a7729fe58681d2067d04e50e8449597
a1_sft_s0_rl10_task4_check6_lr1e-6_wu5,20,4,3,10000203,0,300,3d7321b65a7729fe58681d2067d04e50e8449597
a1_sft_s0_rl10_task4_check6_lr1e-6_wu5,20,4,4,10000204,1,83,3d7321b65a7729fe58681d2067d04e50e8449597
a1_sft_s0_rl10_task4_check6_lr1e-6_wu5,20,4,5,10000205,1,79,3d7321b65a7729fe58681d2067d04e50e8449597
a1_sft_s0_rl10_task4_check6_lr1e-6_wu5,20,4,6,10000206,0,300,3d7321b65a7729fe58681d2067d04e50e8449597
a1_sft_s0_rl10_task4_check6_lr1e-6_wu5,20,4,7,10000207,0,300,3d7321b65a7729fe58681d2067d04e50e8449597
a1_sft_s0_rl10_task4_check6_lr1e-6_wu5,20,4,8,10000208,0,300,3d7321b65a7729fe58681d2067d04e50e8449597
a1_sft_s0_rl10_task4_check6_lr1e-6_wu5,20,4,9,10000209,1,79,3d7321b65a7729fe58681d2067d04e50e8449597
a1_sft_s0_rl10_task4_check6_lr1e-6_wu5,21,4,0,10000210,0,300,3d7321b65a7729fe58681d2067d04e50e8449597
a1_sft_s0_rl10_task4_check6_lr1e-6_wu5,21,4,1,10000211,0,300,3d7321b65a7729fe58681d2067d04e50e8449597
a1_sft_s0_rl10_task4_check6_lr1e-6_wu5,21,4,2,10000212,1,81,3d7321b65a7729fe58681d2067d04e50e8449597
a1_sft_s0_rl10_task4_check6_lr1e-6_wu5,21,4,3,10000213,1,81,3d7321b65a7729fe58681d2067d04e50e8449597
a1_sft_s0_rl10_task4_check6_lr1e-6_wu5,21,4,4,10000214,0,300,3d7321b65a7729fe58681d2067d04e50e8449597
a1_sft_s0_rl10_task4_check6_lr1e-6_wu5,21,4,5,10000215,1,83,3d7321b65a7729fe58681d2067d04e50e8449597
a1_sft_s0_rl10_task4_check6_lr1e-6_wu5,21,4,6,10000216,1,80,3d7321b65a7729fe58681d2067d04e50e8449597
a1_sft_s0_rl10_task4_check6_lr1e-6_wu5,21,4,7,10000217,0,300,3d7321b65a7729fe58681d2067d04e50e8449597
a1_sft_s0_rl10_task4_check6_lr1e-6_wu5,21,4,8,10000218,0,300,3d7321b65a7729fe58681d2067d04e50e8449597
a1_sft_s0_rl10_task4_check6_lr1e-6_wu5,21,4,9,10000219,0,300,3d7321b65a7729fe58681d2067d04e50e8449597
a1_sft_s0_rl10_task4_check6_lr1e-6_wu5,22,4,0,10000220,1,78,3d7321b65a7729fe58681d2067d04e50e8449597
a1_sft_s0_rl10_task4_check6_lr1e-6_wu5,22,4,1,10000221,1,87,3d7321b65a7729fe58681d2067d04e50e8449597
a1_sft_s0_rl10_task4_check6_lr1e-6_wu5,22,4,2,10000222,0,300,3d7321b65a7729fe58681d2067d04e50e8449597
a1_sft_s0_rl10_task4_check6_lr1e-6_wu5,22,4,3,10000223,0,300,3d7321b65a7729fe58681d2067d04e50e8449597
a1_sft_s0_rl10_task4_check6_lr1e-6_wu5,22,4,4,10000224,0,300,3d7321b65a7729fe58681d2067d04e50e8449597
a1_sft_s0_rl10_task4_check6_lr1e-6_wu5,22,4,5,10000225,1,77,3d7321b65a7729fe58681d2067d04e50e8449597
a1_sft_s0_rl10_task4_check6_lr1e-6_wu5,22,4,6,10000226,1,76,3d7321b65a7729fe58681d2067d04e50e8449597
a1_sft_s0_rl10_task4_check6_lr1e-6_wu5,22,4,7,10000227,1,86,3d7321b65a7729fe58681d2067d04e50e8449597
a1_sft_s0_rl10_task4_check6_lr1e-6_wu5,22,4,8,10000228,1,90,3d7321b65a7729fe58681d2067d04e50e8449597
a1_sft_s0_rl10_task4_check6_lr1e-6_wu5,22,4,9,10000229,0,300,3d7321b65a7729fe58681d2067d04e50e8449597
a1_sft_s0_rl10_task4_check6_lr1e-6_wu5,23,4,0,10000230,1,81,3d7321b65a7729fe58681d2067d04e50e8449597
a1_sft_s0_rl10_task4_check6_lr1e-6_wu5,23,4,1,10000231,1,88,3d7321b65a7729fe58681d2067d04e50e8449597
a1_sft_s0_rl10_task4_check6_lr1e-6_wu5,23,4,2,10000232,0,300,3d7321b65a7729fe58681d2067d04e50e8449597
a1_sft_s0_rl10_task4_check6_lr1e-6_wu5,23,4,3,10000233,0,300,3d7321b65a7729fe58681d2067d04e50e8449597
a1_sft_s0_rl10_task4_check6_lr1e-6_wu5,23,4,4,10000234,1,82,3d7321b65a7729fe58681d2067d04e50e8449597
a1_sft_s0_rl10_task4_check6_lr1e-6_wu5,23,4,5,10000235,1,81,3d7321b65a7729fe58681d2067d04e50e8449597
a1_sft_s0_rl10_task4_check6_lr1e-6_wu5,23,4,6,10000236,1,79,3d7321b65a7729fe58681d2067d04e50e8449597
a1_sft_s0_rl10_task4_check6_lr1e-6_wu5,23,4,7,10000237,0,300,3d7321b65a7729fe58681d2067d04e50e8449597
a1_sft_s0_rl10_task4_check6_lr1e-6_wu5,23,4,8,10000238,0,300,3d7321b65a7729fe58681d2067d04e50e8449597
a1_sft_s0_rl10_task4_check6_lr1e-6_wu5,23,4,9,10000239,0,300,3d7321b65a7729fe58681d2067d04e50e8449597
a1_sft_s0_rl10_task4_check6_lr1e-6_wu5,24,4,0,10000240,0,300,3d7321b65a7729fe58681d2067d04e50e8449597
a1_sft_s0_rl10_task4_check6_lr1e-6_wu5,24,4,1,10000241,1,85,3d7321b65a7729fe58681d2067d04e50e8449597
a1_sft_s0_rl10_task4_check6_lr1e-6_wu5,24,4,2,10000242,1,75,3d7321b65a7729fe58681d2067d04e50e8449597
a1_sft_s0_rl10_task4_check6_lr1e-6_wu5,24,4,3,10000243,1,81,3d7321b65a7729fe58681d2067d04e50e8449597
a1_sft_s0_rl10_task4_check6_lr1e-6_wu5,24,4,4,10000244,1,77,3d7321b65a7729fe58681d2067d04e50e8449597
a1_sft_s0_rl10_task4_check6_lr1e-6_wu5,24,4,5,10000245,1,79,3d7321b65a7729fe58681d2067d04e50e8449597
a1_sft_s0_rl10_task4_check6_lr1e-6_wu5,24,4,6,10000246,1,88,3d7321b65a7729fe58681d2067d04e50e8449597
a1_sft_s0_rl10_task4_check6_lr1e-6_wu5,24,4,7,10000247,0,300,3d7321b65a7729fe58681d2067d04e50e8449597
a1_sft_s0_rl10_task4_check6_lr1e-6_wu5,24,4,8,10000248,0,300,3d7321b65a7729fe58681d2067d04e50e8449597
a1_sft_s0_rl10_task4_check6_lr1e-6_wu5,24,4,9,10000249,1,85,3d7321b65a7729fe58681d2067d04e50e8449597
a1_sft_s0_rl10_task4_check6_lr1e-6_wu5,25,4,0,10000250,0,300,3d7321b65a7729fe58681d2067d04e50e8449597
a1_sft_s0_rl10_task4_check6_lr1e-6_wu5,25,4,1,10000251,1,87,3d7321b65a7729fe58681d2067d04e50e8449597
a1_sft_s0_rl10_task4_check6_lr1e-6_wu5,25,4,2,10000252,1,83,3d7321b65a7729fe58681d2067d04e50e8449597
a1_sft_s0_rl10_task4_check6_lr1e-6_wu5,25,4,3,10000253,0,300,3d7321b65a7729fe58681d2067d04e50e8449597
a1_sft_s0_rl10_task4_check6_lr1e-6_wu5,25,4,4,10000254,1,78,3d7321b65a7729fe58681d2067d04e50e8449597
a1_sft_s0_rl10_task4_check6_lr1e-6_wu5,25,4,5,10000255,1,89,3d7321b65a7729fe58681d2067d04e50e8449597
a1_sft_s0_rl10_task4_check6_lr1e-6_wu5,25,4,6,10000256,0,300,3d7321b65a7729fe58681d2067d04e50e8449597
a1_sft_s0_rl10_task4_check6_lr1e-6_wu5,25,4,7,10000257,0,300,3d7321b65a7729fe58681d2067d04e50e8449597
a1_sft_s0_rl10_task4_check6_lr1e-6_wu5,25,4,8,10000258,0,300,3d7321b65a7729fe58681d2067d04e50e8449597
a1_sft_s0_rl10_task4_check6_lr1e-6_wu5,25,4,9,10000259,1,78,3d7321b65a7729fe58681d2067d04e50e8449597
a1_sft_s0_rl10_task4_check6_lr1e-6_wu5,26,4,0,10000260,0,300,3d7321b65a7729fe58681d2067d04e50e8449597
a1_sft_s0_rl10_task4_check6_lr1e-6_wu5,26,4,1,10000261,0,300,3d7321b65a7729fe58681d2067d04e50e8449597
a1_sft_s0_rl10_task4_check6_lr1e-6_wu5,26,4,2,10000262,1,79,3d7321b65a7729fe58681d2067d04e50e8449597
a1_sft_s0_rl10_task4_check6_lr1e-6_wu5,26,4,3,10000263,1,77,3d7321b65a7729fe58681d2067d04e50e8449597
a1_sft_s0_rl10_task4_check6_lr1e-6_wu5,26,4,4,10000264,0,300,3d7321b65a7729fe58681d2067d04e50e8449597
a1_sft_s0_rl10_task4_check6_lr1e-6_wu5,26,4,5,10000265,1,94,3d7321b65a7729fe58681d2067d04e50e8449597
a1_sft_s0_rl10_task4_check6_lr1e-6_wu5,26,4,6,10000266,1,82,3d7321b65a7729fe58681d2067d04e50e8449597
a1_sft_s0_rl10_task4_check6_lr1e-6_wu5,26,4,7,10000267,0,300,3d7321b65a7729fe58681d2067d04e50e8449597
a1_sft_s0_rl10_task4_check6_lr1e-6_wu5,26,4,8,10000268,0,300,3d7321b65a7729fe58681d2067d04e50e8449597
a1_sft_s0_rl10_task4_check6_lr1e-6_wu5,26,4,9,10000269,0,300,3d7321b65a7729fe58681d2067d04e50e8449597
a1_sft_s0_rl10_task4_check6_lr1e-6_wu5,27,4,0,10000270,0,300,3d7321b65a7729fe58681d2067d04e50e8449597
a1_sft_s0_rl10_task4_check6_lr1e-6_wu5,27,4,1,10000271,1,90,3d7321b65a7729fe58681d2067d04e50e8449597
a1_sft_s0_rl10_task4_check6_lr1e-6_wu5,27,4,2,10000272,0,300,3d7321b65a7729fe58681d2067d04e50e8449597
a1_sft_s0_rl10_task4_check6_lr1e-6_wu5,27,4,3,10000273,0,300,3d7321b65a7729fe58681d2067d04e50e8449597
a1_sft_s0_rl10_task4_check6_lr1e-6_wu5,27,4,4,10000274,0,300,3d7321b65a7729fe58681d2067d04e50e8449597
a1_sft_s0_rl10_task4_check6_lr1e-6_wu5,27,4,5,10000275,1,80,3d7321b65a7729fe58681d2067d04e50e8449597
a1_sft_s0_rl10_task4_check6_lr1e-6_wu5,27,4,6,10000276,0,300,3d7321b65a7729fe58681d2067d04e50e8449597
a1_sft_s0_rl10_task4_check6_lr1e-6_wu5,27,4,7,10000277,1,83,3d7321b65a7729fe58681d2067d04e50e8449597
a1_sft_s0_rl10_task4_check6_lr1e-6_wu5,27,4,8,10000278,1,80,3d7321b65a7729fe58681d2067d04e50e8449597
a1_sft_s0_rl10_task4_check6_lr1e-6_wu5,27,4,9,10000279,0,300,3d7321b65a7729fe58681d2067d04e50e8449597
a1_sft_s0_rl10_task4_check6_lr1e-6_wu5,28,4,0,10000280,1,89,3d7321b65a7729fe58681d2067d04e50e8449597
a1_sft_s0_rl10_task4_check6_lr1e-6_wu5,28,4,1,10000281,1,94,3d7321b65a7729fe58681d2067d04e50e8449597
a1_sft_s0_rl10_task4_check6_lr1e-6_wu5,28,4,2,10000282,0,300,3d7321b65a7729fe58681d2067d04e50e8449597
a1_sft_s0_rl10_task4_check6_lr1e-6_wu5,28,4,3,10000283,0,300,3d7321b65a7729fe58681d2067d04e50e8449597
a1_sft_s0_rl10_task4_check6_lr1e-6_wu5,28,4,4,10000284,1,88,3d7321b65a7729fe58681d2067d04e50e8449597
a1_sft_s0_rl10_task4_check6_lr1e-6_wu5,28,4,5,10000285,1,80,3d7321b65a7729fe58681d2067d04e50e8449597
a1_sft_s0_rl10_task4_check6_lr1e-6_wu5,28,4,6,10000286,0,300,3d7321b65a7729fe58681d2067d04e50e8449597
a1_sft_s0_rl10_task4_check6_lr1e-6_wu5,28,4,7,10000287,0,300,3d7321b65a7729fe58681d2067d04e50e8449597
a1_sft_s0_rl10_task4_check6_lr1e-6_wu5,28,4,8,10000288,0,300,3d7321b65a7729fe58681d2067d04e50e8449597
a1_sft_s0_rl10_task4_check6_lr1e-6_wu5,28,4,9,10000289,0,300,3d7321b65a7729fe58681d2067d04e50e8449597
a1_sft_s0_rl10_task4_check6_lr1e-6_wu5,29,4,0,10000290,0,300,3d7321b65a7729fe58681d2067d04e50e8449597
a1_sft_s0_rl10_task4_check6_lr1e-6_wu5,29,4,1,10000291,1,88,3d7321b65a7729fe58681d2067d04e50e8449597
a1_sft_s0_rl10_task4_check6_lr1e-6_wu5,29,4,2,10000292,0,300,3d7321b65a7729fe58681d2067d04e50e8449597
a1_sft_s0_rl10_task4_check6_lr1e-6_wu5,29,4,3,10000293,1,85,3d7321b65a7729fe58681d2067d04e50e8449597
a1_sft_s0_rl10_task4_check6_lr1e-6_wu5,29,4,4,10000294,0,300,3d7321b65a7729fe58681d2067d04e50e8449597
a1_sft_s0_rl10_task4_check6_lr1e-6_wu5,29,4,5,10000295,1,82,3d7321b65a7729fe58681d2067d04e50e8449597
a1_sft_s0_rl10_task4_check6_lr1e-6_wu5,29,4,6,10000296,1,84,3d7321b65a7729fe58681d2067d04e50e8449597
a1_sft_s0_rl10_task4_check6_lr1e-6_wu5,29,4,7,10000297,0,300,3d7321b65a7729fe58681d2067d04e50e8449597
a1_sft_s0_rl10_task4_check6_lr1e-6_wu5,29,4,8,10000298,0,300,3d7321b65a7729fe58681d2067d04e50e8449597
a1_sft_s0_rl10_task4_check6_lr1e-6_wu5,29,4,9,10000299,1,86,3d7321b65a7729fe58681d2067d04e50e8449597
