run_id,round,update,epoch,loss_total,loss_policy,kl_to_ref,advantage_mean,advantage_std,ratio_mean,ratio_clipfrac,approx_kl_old,grad_norm,lr,denoise_steps,noise_level,peak_vram_gb,git_sha
a1_sft_s0_task4_check5,0,0,0,0.5000002980232239,0.5000002980232239,,-0.5,0.0,1.0000005960464478,0.0,-1.1920929132713809e-08,39.546051025390625,1e-05,10,0.5,2.6094608306884766,a29848e1b527b87cd6f9351f91c3cfa758b5e423
a1_sft_s0_task4_check5,0,1,0,0.4000000059604645,0.4000000059604645,,-0.5,0.0,0.2681841254234314,1.0,10.17448616027832,0.0,1e-05,10,0.5,3.2819037437438965,a29848e1b527b87cd6f9351f91c3cfa758b5e423
a1_sft_s0_task4_check5,0,2,0,0.8270919919013977,0.8270919919013977,,-0.5,0.0,1.3078352212905884,1.0,1.3287938833236694,86.65751647949219,1e-05,10,0.5,3.282315731048584,a29848e1b527b87cd6f9351f91c3cfa758b5e423
a1_sft_s0_task4_check5,0,3,0,0.535362958908081,0.535362958908081,,-0.5,0.0,0.43072596192359924,1.0,63.34845733642578,11.346673965454102,1e-05,10,0.5,3.283231258392334,a29848e1b527b87cd6f9351f91c3cfa758b5e423
a1_sft_s0_task4_check5,0,4,0,0.4000000059604645,0.4000000059604645,,-0.5,0.0,0.11503515392541885,1.0,9.887602806091309,0.0,1e-05,10,0.5,3.277104377746582,a29848e1b527b87cd6f9351f91c3cfa758b5e423
a1_sft_s0_task4_check5,0,5,0,0.7380231618881226,0.7380231618881226,,-0.5,0.0,0.9553181529045105,1.0,13.843706130981445,43.30525588989258,1e-05,10,0.5,3.27653169631958,a29848e1b527b87cd6f9351f91c3cfa758b5e423
a1_sft_s0_task4_check5,0,6,0,0.4000000059604645,0.4000000059604645,,-0.5,0.0,0.030621541664004326,1.0,97.93795013427734,0.0,1e-05,10,0.5,3.280435085296631,a29848e1b527b87cd6f9351f91c3cfa758b5e423
a1_sft_s0_task4_check5,0,7,0,-0.003210750175639987,-0.003210750175639987,,0.0,0.527046263217926,0.9252986907958984,0.699999988079071,0.1517324000597,20.19588851928711,1e-05,10,0.5,3.2754902839660645,a29848e1b527b87cd6f9351f91c3cfa758b5e423
a1_sft_s0_task4_check5,0,8,0,0.32009294629096985,0.32009294629096985,,0.0,0.527046263217926,1.2111265659332275,0.800000011920929,0.9382265210151672,76.3806381225586,1e-05,10,0.5,3.2840614318847656,a29848e1b527b87cd6f9351f91c3cfa758b5e423
a1_sft_s0_task4_check5,0,9,0,0.4000000059604645,0.4000000059604645,,-0.5,0.0,0.1478038877248764,1.0,26.822067260742188,0.0,1e-05,10,0.5,3.2831711769104004,a29848e1b527b87cd6f9351f91c3cfa758b5e423
a1_sft_s0_task4_check5,0,10,0,0.4000000059604645,0.4000000059604645,,-0.5,0.0,0.09081709384918213,1.0,20.928348541259766,0.0,1e-05,10,0.5,3.274336338043213,a29848e1b527b87cd6f9351f91c3cfa758b5e423
a1_sft_s0_task4_check5,0,11,0,0.4000000059604645,0.4000000059604645,,-0.5,0.0,0.06577248871326447,1.0,32.57978820800781,0.0,1e-05,10,0.5,3.2803215980529785,a29848e1b527b87cd6f9351f91c3cfa758b5e423
a1_sft_s0_task4_check5,0,12,0,0.4000000059604645,0.4000000059604645,,-0.5,0.0,0.018593715503811836,1.0,57.24091720581055,0.0,1e-05,10,0.5,3.278726100921631,a29848e1b527b87cd6f9351f91c3cfa758b5e423
a1_sft_s0_task4_check5,0,13,0,0.49431362748146057,0.49431362748146057,,-0.5,0.0,0.64431232213974,1.0,50.1767692565918,15.982710838317871,1e-05,10,0.5,3.2856802940368652,a29848e1b527b87cd6f9351f91c3cfa758b5e423
a1_sft_s0_task4_check5,0,14,0,0.4000000059604645,0.4000000059604645,,-0.5,0.0,0.06124110147356987,1.0,36.69513702392578,0.0,1e-05,10,0.5,3.2830495834350586,a29848e1b527b87cd6f9351f91c3cfa758b5e423
a1_sft_s0_task4_check5,0,15,0,0.4027732014656067,0.4027732014656067,,-0.5,0.0,0.1703721135854721,0.800000011920929,36.6109619140625,13.50199031829834,1e-05,10,0.5,3.2794833183288574,a29848e1b527b87cd6f9351f91c3cfa758b5e423
a1_sft_s0_task4_check5,0,16,0,0.08597803115844727,0.08597803115844727,,0.0,0.527046263217926,0.9727510809898376,0.699999988079071,1.084579348564148,31.362062454223633,1e-05,10,0.5,3.2844605445861816,a29848e1b527b87cd6f9351f91c3cfa758b5e423
a1_sft_s0_task4_check5,0,17,0,0.5259897112846375,0.5259897112846375,,-0.5,0.0,0.43628355860710144,1.0,20.15189552307129,57.5899543762207,1e-05,10,0.5,3.282161235809326,a29848e1b527b87cd6f9351f91c3cfa758b5e423
a1_sft_s0_task4_check5,0,18,0,0.4136825501918793,0.4136825501918793,,-0.5,0.0,0.18984313309192657,0.800000011920929,80.86373901367188,5.374906539916992,1e-05,10,0.5,3.2786316871643066,a29848e1b527b87cd6f9351f91c3cfa758b5e423
a1_sft_s0_task4_check5,0,19,0,0.1903742402791977,0.1903742402791977,,0.0,0.527046263217926,0.06671508401632309,1.0,22.22367286682129,1.6230769157409668,1e-05,10,0.5,3.2802209854125977,a29848e1b527b87cd6f9351f91c3cfa758b5e423
a1_sft_s0_task4_check5,0,20,0,0.5266356468200684,0.5266356468200684,,-0.5,0.0,0.5851142406463623,0.800000011920929,18.983570098876953,29.065662384033203,1e-05,10,0.5,3.27583646774292,a29848e1b527b87cd6f9351f91c3cfa758b5e423
a1_sft_s0_task4_check5,0,21,0,0.19806350767612457,0.19806350767612457,,0.0,0.527046263217926,0.028895258903503418,1.0,54.3598747253418,0.2997392416000366,1e-05,10,0.5,3.2775235176086426,a29848e1b527b87cd6f9351f91c3cfa758b5e423
a1_sft_s0_task4_check5,0,22,0,0.4000000059604645,0.4000000059604645,,-0.5,0.0,0.0888177901506424,1.0,87.05642700195312,0.0,1e-05,10,0.5,3.277172565460205,a29848e1b527b87cd6f9351f91c3cfa758b5e423
a1_sft_s0_task4_check5,0,23,0,0.18603289127349854,0.18603289127349854,,-0.125,0.5175491571426392,0.38323506712913513,0.875,4.1733808517456055,18.91364288330078,1e-05,10,0.5,3.281881809234619,a29848e1b527b87cd6f9351f91c3cfa758b5e423
a1_sft_s0_task4_check5,0,24,0,0.4000000059604645,0.4000000059604645,,-0.5,0.0,0.0015262877568602562,1.0,135.8061065673828,0.0,1e-05,10,0.5,3.281614303588867,a29848e1b527b87cd6f9351f91c3cfa758b5e423
a1_sft_s0_task4_check5,0,25,0,0.4000000059604645,0.4000000059604645,,-0.5,0.0,0.0012884809402748942,1.0,100.79217529296875,0.0,1e-05,10,0.5,3.28521728515625,a29848e1b527b87cd6f9351f91c3cfa758b5e423
a1_sft_s0_task4_check5,0,26,0,0.08666624873876572,0.08666624873876572,,0.0,0.527046263217926,0.3504769802093506,0.9000000357627869,13.402839660644531,2.5694832801818848,1e-05,10,0.5,3.281985282897949,a29848e1b527b87cd6f9351f91c3cfa758b5e423
a1_sft_s0_task4_check5,0,27,0,0.07486477494239807,0.07486477494239807,,0.0,0.527046263217926,0.5348905920982361,1.0,4.3613691329956055,1.006608009338379,1e-05,10,0.5,3.2828898429870605,a29848e1b527b87cd6f9351f91c3cfa758b5e423
a1_sft_s0_task4_check5,0,28,0,0.15278515219688416,0.15278515219688416,,0.0,0.527046263217926,0.13786999881267548,1.0,14.492141723632812,2.265016555786133,1e-05,10,0.5,3.2790236473083496,a29848e1b527b87cd6f9351f91c3cfa758b5e423
a1_sft_s0_task4_check5,0,29,0,0.4000000059604645,0.4000000059604645,,-0.5,0.0,2.6981392922849345e-13,1.0,123.4615249633789,0.0,1e-05,10,0.5,3.2835631370544434,a29848e1b527b87cd6f9351f91c3cfa758b5e423
a1_sft_s0_task4_check5,0,30,1,0.05592503026127815,0.05592503026127815,,0.0,0.527046263217926,0.3602578341960907,0.9000000357627869,10.929688453674316,4.548304557800293,1e-05,10,0.5,3.288485527038574,a29848e1b527b87cd6f9351f91c3cfa758b5e423
a1_sft_s0_task4_check5,0,31,1,0.08003265410661697,0.08003265410661697,,0.0,0.527046263217926,0.6836480498313904,0.9000000357627869,15.753745079040527,2.6716325283050537,1e-05,10,0.5,3.281393527984619,a29848e1b527b87cd6f9351f91c3cfa758b5e423
a1_sft_s0_task4_check5,0,32,1,0.19689558446407318,0.19689558446407318,,0.0,0.527046263217926,0.01399504579603672,1.0,77.67699432373047,0.49111589789390564,1e-05,10,0.5,3.273655414581299,a29848e1b527b87cd6f9351f91c3cfa758b5e423
a1_sft_s0_task4_check5,0,33,1,0.4000000059604645,0.4000000059604645,,-0.5,0.0,0.001539399498142302,1.0,88.01994323730469,0.0,1e-05,10,0.5,3.2781424522399902,a29848e1b527b87cd6f9351f91c3cfa758b5e423
a1_sft_s0_task4_check5,0,34,1,0.15634819865226746,0.15634819865226746,,-0.125,0.5175491571426392,0.240706205368042,0.875,15.577054023742676,13.625693321228027,1e-05,10,0.5,3.283689022064209,a29848e1b527b87cd6f9351f91c3cfa758b5e423
a1_sft_s0_task4_check5,0,35,1,0.4000000059604645,0.4000000059604645,,-0.5,0.0,1.1834733015803067e-07,1.0,295.4107971191406,0.0,1e-05,10,0.5,3.280052661895752,a29848e1b527b87cd6f9351f91c3cfa758b5e423
a1_sft_s0_task4_check5,0,36,1,0.4000000059604645,0.4000000059604645,,-0.5,0.0,1.849164800660219e-05,1.0,268.82550048828125,0.0,1e-05,10,0.5,3.285388469696045,a29848e1b527b87cd6f9351f91c3cfa758b5e423
a1_sft_s0_task4_check5,0,37,1,0.4000000059604645,0.4000000059604645,,-0.5,0.0,0.06035127863287926,1.0,98.79293060302734,0.0,1e-05,10,0.5,3.2775521278381348,a29848e1b527b87cd6f9351f91c3cfa758b5e423
a1_sft_s0_task4_check5,0,38,1,0.03479129821062088,0.03479129821062088,,0.0,0.527046263217926,0.6103320121765137,1.0,21.020841598510742,3.9919466972351074,1e-05,10,0.5,3.280134677886963,a29848e1b527b87cd6f9351f91c3cfa758b5e423
a1_sft_s0_task4_check5,0,39,1,0.4000000059604645,0.4000000059604645,,-0.5,0.0,0.0012015396496281028,1.0,157.1937255859375,0.0,1e-05,10,0.5,3.276003837585449,a29848e1b527b87cd6f9351f91c3cfa758b5e423
a1_sft_s0_task4_check5,0,40,1,0.4000000059604645,0.4000000059604645,,-0.5,0.0,0.00019645784050226212,1.0,130.5972137451172,0.0,1e-05,10,0.5,3.282855987548828,a29848e1b527b87cd6f9351f91c3cfa758b5e423
a1_sft_s0_task4_check5,0,41,1,0.4000000059604645,0.4000000059604645,,-0.5,0.0,0.005949021782726049,1.0,137.78428649902344,0.0,1e-05,10,0.5,3.282153606414795,a29848e1b527b87cd6f9351f91c3cfa758b5e423
a1_sft_s0_task4_check5,0,42,1,0.4000000059604645,0.4000000059604645,,-0.5,0.0,0.06561873108148575,1.0,31.247900009155273,0.0,1e-05,10,0.5,3.2806921005249023,a29848e1b527b87cd6f9351f91c3cfa758b5e423
a1_sft_s0_task4_check5,0,43,1,0.4000000059604645,0.4000000059604645,,-0.5,0.0,0.0038230717182159424,1.0,42.12543487548828,0.0,1e-05,10,0.5,3.283553123474121,a29848e1b527b87cd6f9351f91c3cfa758b5e423
a1_sft_s0_task4_check5,0,44,1,0.4000000059604645,0.4000000059604645,,-0.5,0.0,0.0004939138307236135,1.0,87.15809631347656,0.0,1e-05,10,0.5,3.275938034057617,a29848e1b527b87cd6f9351f91c3cfa758b5e423
a1_sft_s0_task4_check5,0,45,1,0.4000000059604645,0.4000000059604645,,-0.5,0.0,0.004263825248926878,1.0,50.911006927490234,0.0,1e-05,10,0.5,3.278623580932617,a29848e1b527b87cd6f9351f91c3cfa758b5e423
a1_sft_s0_task4_check5,0,46,1,0.08719994127750397,0.08719994127750397,,0.0,0.527046263217926,0.625593364238739,0.9000000357627869,8.582442283630371,5.721573829650879,1e-05,10,0.5,3.2778139114379883,a29848e1b527b87cd6f9351f91c3cfa758b5e423
a1_sft_s0_task4_check5,0,47,1,0.4000000059604645,0.4000000059604645,,-0.5,0.0,0.001070251688361168,1.0,56.27277755737305,0.0,1e-05,10,0.5,3.279025077819824,a29848e1b527b87cd6f9351f91c3cfa758b5e423
a1_sft_s0_task4_check5,0,48,1,0.009243625216186047,0.009243625216186047,,0.0,0.527046263217926,1.1578748226165771,1.0,10.87654972076416,2.16540789604187,1e-05,10,0.5,3.283957004547119,a29848e1b527b87cd6f9351f91c3cfa758b5e423
a1_sft_s0_task4_check5,0,49,1,5.354308605194092,5.354308605194092,,-0.5,0.0,10.068617820739746,1.0,56.415462493896484,282.33709716796875,1e-05,10,0.5,3.278562545776367,a29848e1b527b87cd6f9351f91c3cfa758b5e423
a1_sft_s0_task4_check5,0,50,1,0.4000000059604645,0.4000000059604645,,-0.5,0.0,0.09971410781145096,1.0,69.57100677490234,0.0,1e-05,10,0.5,3.2828879356384277,a29848e1b527b87cd6f9351f91c3cfa758b5e423
a1_sft_s0_task4_check5,0,51,1,0.4000000059604645,0.4000000059604645,,-0.5,0.0,5.477353261085227e-05,1.0,143.95944213867188,0.0,1e-05,10,0.5,3.2804837226867676,a29848e1b527b87cd6f9351f91c3cfa758b5e423
a1_sft_s0_task4_check5,0,52,1,0.4000000059604645,0.4000000059604645,,-0.5,0.0,0.00860518403351307,1.0,19.86979103088379,0.0,1e-05,10,0.5,3.281358242034912,a29848e1b527b87cd6f9351f91c3cfa758b5e423
a1_sft_s0_task4_check5,0,53,1,0.4000000059604645,0.4000000059604645,,-0.5,0.0,2.9853359592380002e-05,1.0,65.111572265625,0.0,1e-05,10,0.5,3.283198356628418,a29848e1b527b87cd6f9351f91c3cfa758b5e423
a1_sft_s0_task4_check5,0,54,1,0.019984830170869827,0.019984830170869827,,0.0,0.527046263217926,26.391433715820312,1.0,32.44821548461914,0.009317344054579735,1e-05,10,0.5,3.2768630981445312,a29848e1b527b87cd6f9351f91c3cfa758b5e423
a1_sft_s0_task4_check5,0,55,1,0.14000001549720764,0.14000001549720764,,0.0,0.527046263217926,0.3979398012161255,1.0,52.15913009643555,1.1263655286253282e-10,1e-05,10,0.5,3.2835588455200195,a29848e1b527b87cd6f9351f91c3cfa758b5e423
a1_sft_s0_task4_check5,0,56,1,0.4000000059604645,0.4000000059604645,,-0.5,0.0,0.0025312844663858414,1.0,88.21637725830078,0.0,1e-05,10,0.5,3.2747645378112793,a29848e1b527b87cd6f9351f91c3cfa758b5e423
a1_sft_s0_task4_check5,0,57,1,0.4000000059604645,0.4000000059604645,,-0.5,0.0,0.03253982961177826,1.0,63.57375717163086,0.0,1e-05,10,0.5,3.2781167030334473,a29848e1b527b87cd6f9351f91c3cfa758b5e423
a1_sft_s0_task4_check5,0,58,1,0.4000000059604645,0.4000000059604645,,-0.5,0.0,1.1783980014001827e-08,1.0,92.67817687988281,0.0,1e-05,10,0.5,3.2770848274230957,a29848e1b527b87cd6f9351f91c3cfa758b5e423
a1_sft_s0_task4_check5,0,59,1,0.4000000059604645,0.4000000059604645,,-0.5,0.0,0.09307803958654404,1.0,94.77310180664062,0.0,1e-05,10,0.5,3.2852702140808105,a29848e1b527b87cd6f9351f91c3cfa758b5e423
a1_sft_s0_task4_check5,0,60,2,0.4000000059604645,0.4000000059604645,,-0.5,0.0,8.788803097559139e-05,1.0,62.469295501708984,0.0,1e-05,10,0.5,3.2860021591186523,a29848e1b527b87cd6f9351f91c3cfa758b5e423
a1_sft_s0_task4_check5,0,61,2,0.4000000059604645,0.4000000059604645,,-0.5,0.0,0.09931761026382446,1.0,93.95221710205078,0.0,1e-05,10,0.5,3.275456428527832,a29848e1b527b87cd6f9351f91c3cfa758b5e423
a1_sft_s0_task4_check5,0,62,2,-0.0400005541741848,-0.0400005541741848,,0.0,0.527046263217926,18.52968406677246,1.0,22.66368293762207,0.000392058864235878,1e-05,10,0.5,3.2773728370666504,a29848e1b527b87cd6f9351f91c3cfa758b5e423
a1_sft_s0_task4_check5,0,63,2,0.4000000059604645,0.4000000059604645,,-0.5,0.0,0.008801937103271484,1.0,115.71028900146484,0.0,1e-05,10,0.5,3.2705063819885254,a29848e1b527b87cd6f9351f91c3cfa758b5e423
a1_sft_s0_task4_check5,0,64,2,0.4000000059604645,0.4000000059604645,,-0.5,0.0,0.028137773275375366,1.0,131.32456970214844,0.0,1e-05,10,0.5,3.27976655960083,a29848e1b527b87cd6f9351f91c3cfa758b5e423
a1_sft_s0_task4_check5,0,65,2,0.4000000059604645,0.4000000059604645,,-0.5,0.0,0.0012124994536861777,1.0,45.377105712890625,0.0,1e-05,10,0.5,3.282787799835205,a29848e1b527b87cd6f9351f91c3cfa758b5e423
a1_sft_s0_task4_check5,0,66,2,0.4000000059604645,0.4000000059604645,,-0.5,0.0,0.0001880838390206918,1.0,125.22698211669922,0.0,1e-05,10,0.5,3.2827811241149902,a29848e1b527b87cd6f9351f91c3cfa758b5e423
a1_sft_s0_task4_check5,0,67,2,0.07984675467014313,0.07984675467014313,,0.0,0.527046263217926,1.419568657875061,1.0,16.078794479370117,0.03338894620537758,1e-05,10,0.5,3.28397798538208,a29848e1b527b87cd6f9351f91c3cfa758b5e423
a1_sft_s0_task4_check5,0,68,2,0.4000000059604645,0.4000000059604645,,-0.5,0.0,0.001626964658498764,1.0,95.63628387451172,0.0,1e-05,10,0.5,3.2823328971862793,a29848e1b527b87cd6f9351f91c3cfa758b5e423
a1_sft_s0_task4_check5,0,69,2,0.14000001549720764,0.14000001549720764,,0.0,0.527046263217926,0.26479336619377136,1.0,54.85757064819336,9.978445153491222e-12,1e-05,10,0.5,3.2766060829162598,a29848e1b527b87cd6f9351f91c3cfa758b5e423
a1_sft_s0_task4_check5,0,70,2,0.10000000149011612,0.10000000149011612,,-0.125,0.5175491571426392,12.50075626373291,1.0,18.429702758789062,3.170588342982228e-07,1e-05,10,0.5,3.28294038772583,a29848e1b527b87cd6f9351f91c3cfa758b5e423
a1_sft_s0_task4_check5,0,71,2,0.4000000059604645,0.4000000059604645,,-0.5,0.0,0.00032110969186760485,1.0,66.91663360595703,0.0,1e-05,10,0.5,3.282954692840576,a29848e1b527b87cd6f9351f91c3cfa758b5e423
a1_sft_s0_task4_check5,0,72,2,0.139804407954216,0.139804407954216,,0.0,0.527046263217926,0.4187663495540619,1.0,41.70707321166992,0.06336688250303268,1e-05,10,0.5,3.279763698577881,a29848e1b527b87cd6f9351f91c3cfa758b5e423
a1_sft_s0_task4_check5,0,73,2,0.4000000059604645,0.4000000059604645,,-0.5,0.0,0.026653973385691643,1.0,72.78292083740234,0.0,1e-05,10,0.5,3.279858112335205,a29848e1b527b87cd6f9351f91c3cfa758b5e423
a1_sft_s0_task4_check5,0,74,2,0.4000000059604645,0.4000000059604645,,-0.5,0.0,0.03185468912124634,1.0,61.85457992553711,0.0,1e-05,10,0.5,3.2772655487060547,a29848e1b527b87cd6f9351f91c3cfa758b5e423
a1_sft_s0_task4_check5,0,75,2,0.4000000059604645,0.4000000059604645,,-0.5,0.0,0.0006349422037601471,1.0,223.5425567626953,0.0,1e-05,10,0.5,3.2789483070373535,a29848e1b527b87cd6f9351f91c3cfa758b5e423
a1_sft_s0_task4_check5,0,76,2,0.4000000059604645,0.4000000059604645,,-0.5,0.0,0.09843456745147705,1.0,35.57235336303711,0.0,1e-05,10,0.5,3.2789158821105957,a29848e1b527b87cd6f9351f91c3cfa758b5e423
a1_sft_s0_task4_check5,0,77,2,0.4000000059604645,0.4000000059604645,,-0.5,0.0,0.007090966682881117,1.0,33.85544967651367,0.0,1e-05,10,0.5,3.282261371612549,a29848e1b527b87cd6f9351f91c3cfa758b5e423
a1_sft_s0_task4_check5,0,78,2,0.5817239284515381,0.5817239284515381,,-0.5,0.0,0.5234529376029968,1.0,54.8756217956543,17.535873413085938,1e-05,10,0.5,3.2775583267211914,a29848e1b527b87cd6f9351f91c3cfa758b5e423
a1_sft_s0_task4_check5,0,79,2,0.4000000059604645,0.4000000059604645,,-0.5,0.0,0.02099314145743847,1.0,15.718826293945312,0.0,1e-05,10,0.5,3.28256893157959,a29848e1b527b87cd6f9351f91c3cfa758b5e423
a1_sft_s0_task4_check5,0,80,2,0.11512374132871628,0.11512374132871628,,0.0,0.527046263217926,0.5953611135482788,1.0,16.304183959960938,1.830765724182129,1e-05,10,0.5,3.2814841270446777,a29848e1b527b87cd6f9351f91c3cfa758b5e423
a1_sft_s0_task4_check5,0,81,2,0.4000000059604645,0.4000000059604645,,-0.5,0.0,0.009479692205786705,1.0,40.31122589111328,0.0,1e-05,10,0.5,3.287541389465332,a29848e1b527b87cd6f9351f91c3cfa758b5e423
a1_sft_s0_task4_check5,0,82,2,0.4000000059604645,0.4000000059604645,,-0.5,0.0,0.0014999276027083397,1.0,85.97661590576172,0.0,1e-05,10,0.5,3.278390884399414,a29848e1b527b87cd6f9351f91c3cfa758b5e423
a1_sft_s0_task4_check5,0,83,2,0.011042529717087746,0.011042529717087746,,0.0,0.527046263217926,0.454407274723053,0.800000011920929,6.367848873138428,15.864900588989258,1e-05,10,0.5,3.2787160873413086,a29848e1b527b87cd6f9351f91c3cfa758b5e423
a1_sft_s0_task4_check5,0,84,2,-0.06052563712000847,-0.06052563712000847,,0.0,0.527046263217926,1.667287826538086,0.9000000357627869,11.72157096862793,3.290844202041626,1e-05,10,0.5,3.2813706398010254,a29848e1b527b87cd6f9351f91c3cfa758b5e423
a1_sft_s0_task4_check5,0,85,2,0.4000000059604645,0.4000000059604645,,-0.5,0.0,5.540414349525236e-09,1.0,96.02303314208984,0.0,1e-05,10,0.5,3.283787727355957,a29848e1b527b87cd6f9351f91c3cfa758b5e423
a1_sft_s0_task4_check5,0,86,2,0.4000000059604645,0.4000000059604645,,-0.5,0.0,0.00030007254099473357,1.0,211.6125946044922,0.0,1e-05,10,0.5,3.275435447692871,a29848e1b527b87cd6f9351f91c3cfa758b5e423
a1_sft_s0_task4_check5,0,87,2,0.01974729262292385,0.01974729262292385,,0.0,0.527046263217926,31.0919246673584,1.0,36.40059280395508,0.14099812507629395,1e-05,10,0.5,3.278165340423584,a29848e1b527b87cd6f9351f91c3cfa758b5e423
a1_sft_s0_task4_check5,0,88,2,0.4000000059604645,0.4000000059604645,,-0.5,0.0,0.1980331689119339,1.0,75.74727630615234,0.0,1e-05,10,0.5,3.2802743911743164,a29848e1b527b87cd6f9351f91c3cfa758b5e423
a1_sft_s0_task4_check5,0,89,2,0.4000000059604645,0.4000000059604645,,-0.5,0.0,0.12442554533481598,1.0,27.039417266845703,0.0,1e-05,10,0.5,3.2788004875183105,a29848e1b527b87cd6f9351f91c3cfa758b5e423
a1_sft_s0_task4_check5,0,90,3,0.4000000059604645,0.4000000059604645,,-0.5,0.0,3.678274879348464e-05,1.0,128.3610076904297,0.0,1e-05,10,0.5,3.2836618423461914,a29848e1b527b87cd6f9351f91c3cfa758b5e423
a1_sft_s0_task4_check5,0,91,3,0.13999997079372406,0.13999997079372406,,0.0,0.527046263217926,0.8265454173088074,1.0,38.16630935668945,2.5424440536880866e-05,1e-05,10,0.5,3.2823643684387207,a29848e1b527b87cd6f9351f91c3cfa758b5e423
a1_sft_s0_task4_check5,0,92,3,0.4000000059604645,0.4000000059604645,,-0.5,0.0,0.00032085279235616326,1.0,94.06780242919922,0.0,1e-05,10,0.5,3.2782506942749023,a29848e1b527b87cd6f9351f91c3cfa758b5e423
a1_sft_s0_task4_check5,0,93,3,0.4000000059604645,0.4000000059604645,,-0.5,0.0,0.002253954065963626,1.0,116.05651092529297,0.0,1e-05,10,0.5,3.2807326316833496,a29848e1b527b87cd6f9351f91c3cfa758b5e423
a1_sft_s0_task4_check5,0,94,3,0.4000000059604645,0.4000000059604645,,-0.5,0.0,0.0006429183413274586,1.0,53.9168701171875,0.0,1e-05,10,0.5,3.2758946418762207,a29848e1b527b87cd6f9351f91c3cfa758b5e423
a1_sft_s0_task4_check5,0,95,3,0.4000000059604645,0.4000000059604645,,-0.5,0.0,0.00010371336247771978,1.0,209.2268524169922,0.0,1e-05,10,0.5,3.277977466583252,a29848e1b527b87cd6f9351f91c3cfa758b5e423
a1_sft_s0_task4_check5,0,96,3,0.07985378801822662,0.07985378801822662,,0.0,0.527046263217926,2.0292837619781494,1.0,14.997469902038574,0.03199306130409241,1e-05,10,0.5,3.2827558517456055,a29848e1b527b87cd6f9351f91c3cfa758b5e423
a1_sft_s0_task4_check5,0,97,3,0.4000000059604645,0.4000000059604645,,-0.5,0.0,0.04056062921881676,1.0,97.31295013427734,0.0,1e-05,10,0.5,3.2802343368530273,a29848e1b527b87cd6f9351f91c3cfa758b5e423
a1_sft_s0_task4_check5,0,98,3,0.4000000059604645,0.4000000059604645,,-0.5,0.0,0.11405720561742783,1.0,78.13880157470703,0.0,1e-05,10,0.5,3.285210132598877,a29848e1b527b87cd6f9351f91c3cfa758b5e423
a1_sft_s0_task4_check5,0,99,3,-0.040002163499593735,-0.040002163499593735,,0.0,0.527046263217926,22.88941764831543,1.0,24.593711853027344,0.002059991704300046,1e-05,10,0.5,3.281381130218506,a29848e1b527b87cd6f9351f91c3cfa758b5e423
a1_sft_s0_task4_check5,0,100,3,0.4000000059604645,0.4000000059604645,,-0.5,0.0,1.4501946679956745e-05,1.0,233.0310516357422,0.0,1e-05,10,0.5,3.282060146331787,a29848e1b527b87cd6f9351f91c3cfa758b5e423
a1_sft_s0_task4_check5,0,101,3,0.4000000059604645,0.4000000059604645,,-0.5,0.0,0.019130539149045944,1.0,50.92596435546875,0.0,1e-05,10,0.5,3.275557518005371,a29848e1b527b87cd6f9351f91c3cfa758b5e423
a1_sft_s0_task4_check5,0,102,3,0.09999997168779373,0.09999997168779373,,-0.125,0.5175491571426392,127.52680206298828,1.0,131.34075927734375,2.72754805337172e-05,1e-05,10,0.5,3.281528949737549,a29848e1b527b87cd6f9351f91c3cfa758b5e423
a1_sft_s0_task4_check5,0,103,3,0.4000000059604645,0.4000000059604645,,-0.5,0.0,0.0007409868994727731,1.0,74.9494400024414,0.0,1e-05,10,0.5,3.2889108657836914,a29848e1b527b87cd6f9351f91c3cfa758b5e423
a1_sft_s0_task4_check5,0,104,3,0.13998523354530334,0.13998523354530334,,0.0,0.527046263217926,0.5076561570167542,1.0,44.30292892456055,0.006152125541120768,1e-05,10,0.5,3.278726577758789,a29848e1b527b87cd6f9351f91c3cfa758b5e423
a1_sft_s0_task4_check5,0,105,3,-0.040000010281801224,-0.040000010281801224,,0.0,0.527046263217926,28.159879684448242,1.0,71.3431167602539,6.5610645805236345e-09,1e-05,10,0.5,3.279196262359619,a29848e1b527b87cd6f9351f91c3cfa758b5e423
a1_sft_s0_task4_check5,0,106,3,0.010346290655434132,0.010346290655434132,,0.0,0.527046263217926,1.2507917881011963,1.0,16.740819931030273,1.7497388124465942,1e-05,10,0.5,3.279250144958496,a29848e1b527b87cd6f9351f91c3cfa758b5e423
a1_sft_s0_task4_check5,0,107,3,0.4000000059604645,0.4000000059604645,,-0.5,0.0,8.784884625301359e-11,1.0,107.39189910888672,0.0,1e-05,10,0.5,3.279110908508301,a29848e1b527b87cd6f9351f91c3cfa758b5e423
a1_sft_s0_task4_check5,0,108,3,0.48358282446861267,0.48358282446861267,,-0.5,0.0,0.32716575264930725,1.0,47.70180130004883,10.754877090454102,1e-05,10,0.5,3.27982234954834,a29848e1b527b87cd6f9351f91c3cfa758b5e423
a1_sft_s0_task4_check5,0,109,3,0.4000000059604645,0.4000000059604645,,-0.5,0.0,1.637229070183821e-05,1.0,86.2474136352539,0.0,1e-05,10,0.5,3.281320571899414,a29848e1b527b87cd6f9351f91c3cfa758b5e423
a1_sft_s0_task4_check5,0,110,3,-0.0027586042415350676,-0.0027586042415350676,,0.0,0.527046263217926,5.5337114334106445,1.0,16.87558364868164,1.543837547302246,1e-05,10,0.5,3.2856006622314453,a29848e1b527b87cd6f9351f91c3cfa758b5e423
a1_sft_s0_task4_check5,0,111,3,0.16593623161315918,0.16593623161315918,,0.0,0.527046263217926,8.257854461669922,1.0,17.164697647094727,24.28022003173828,1e-05,10,0.5,3.286044120788574,a29848e1b527b87cd6f9351f91c3cfa758b5e423
a1_sft_s0_task4_check5,0,112,3,0.4000000059604645,0.4000000059604645,,-0.5,0.0,7.186908078438137e-06,1.0,62.10050582885742,0.0,1e-05,10,0.5,3.28244686126709,a29848e1b527b87cd6f9351f91c3cfa758b5e423
a1_sft_s0_task4_check5,0,113,3,0.4000000059604645,0.4000000059604645,,-0.5,0.0,0.11302081495523453,1.0,26.984907150268555,0.0,1e-05,10,0.5,3.2773213386535645,a29848e1b527b87cd6f9351f91c3cfa758b5e423
a1_sft_s0_task4_check5,0,114,3,0.4000000059604645,0.4000000059604645,,-0.5,0.0,0.019731946289539337,1.0,119.00492095947266,0.0,1e-05,10,0.5,3.282212734222412,a29848e1b527b87cd6f9351f91c3cfa758b5e423
a1_sft_s0_task4_check5,0,115,3,0.4000000059604645,0.4000000059604645,,-0.5,0.0,0.0033268132247030735,1.0,65.99610900878906,0.0,1e-05,10,0.5,3.2780795097351074,a29848e1b527b87cd6f9351f91c3cfa758b5e423
a1_sft_s0_task4_check5,0,116,3,0.4000000059604645,0.4000000059604645,,-0.5,0.0,0.013538147322833538,1.0,42.1072883605957,0.0,1e-05,10,0.5,3.2791190147399902,a29848e1b527b87cd6f9351f91c3cfa758b5e423
a1_sft_s0_task4_check5,0,117,3,0.4000000059604645,0.4000000059604645,,-0.5,0.0,0.0012350196484476328,1.0,107.61687469482422,0.0,1e-05,10,0.5,3.285231113433838,a29848e1b527b87cd6f9351f91c3cfa758b5e423
a1_sft_s0_task4_check5,0,118,3,0.4000000059604645,0.4000000059604645,,-0.5,0.0,0.007966319099068642,1.0,24.66815948486328,0.0,1e-05,10,0.5,3.280216693878174,a29848e1b527b87cd6f9351f91c3cfa758b5e423
a1_sft_s0_task4_check5,0,119,3,0.4000000059604645,0.4000000059604645,,-0.5,0.0,0.001963636837899685,1.0,42.217952728271484,0.0,1e-05,10,0.5,3.280385971069336,a29848e1b527b87cd6f9351f91c3cfa758b5e423
a1_sft_s0_task4_check5,1,120,0,0.2999991178512573,0.2999991178512573,,-0.30000004172325134,0.0,0.9999970197677612,0.0,0.0,125.553955078125,1e-05,10,0.5,3.2838449478149414,a29848e1b527b87cd6f9351f91c3cfa758b5e423
a1_sft_s0_task4_check5,1,121,0,-0.0021865933667868376,-0.0021865933667868376,,-1.1920929132713809e-08,0.48304587602615356,0.9608159065246582,0.0,0.002417325973510742,12.206042289733887,1e-05,10,0.5,3.277946949005127,a29848e1b527b87cd6f9351f91c3cfa758b5e423
a1_sft_s0_task4_check5,1,122,0,0.44154202938079834,0.44154202938079834,,-0.30000004172325134,0.0,1.0189933776855469,0.8571429252624512,2.9848666191101074,80.90312194824219,1e-05,10,0.5,3.2821054458618164,a29848e1b527b87cd6f9351f91c3cfa758b5e423
a1_sft_s0_task4_check5,1,123,0,0.26097115874290466,0.26097115874290466,,-0.30000004172325134,0.0,0.18418952822685242,1.0,76.23703002929688,5.752848148345947,1e-05,10,0.5,3.2757058143615723,a29848e1b527b87cd6f9351f91c3cfa758b5e423
a1_sft_s0_task4_check5,1,124,0,0.24000002443790436,0.24000002443790436,,-0.30000004172325134,0.0,0.16553011536598206,1.0,7.260956764221191,0.0,1e-05,10,0.5,3.2765564918518066,a29848e1b527b87cd6f9351f91c3cfa758b5e423
a1_sft_s0_task4_check5,1,125,0,0.15363435447216034,0.15363435447216034,,-1.1920929132713809e-08,0.48304587602615356,1.0753735303878784,0.800000011920929,0.338741272687912,30.115537643432617,1e-05,10,0.5,3.2812209129333496,a29848e1b527b87cd6f9351f91c3cfa758b5e423
a1_sft_s0_task4_check5,1,126,0,0.14828768372535706,0.14828768372535706,,-1.1920929132713809e-08,0.48304587602615356,0.9316812753677368,0.800000011920929,1.2909321784973145,66.21190643310547,1e-05,10,0.5,3.276676654815674,a29848e1b527b87cd6f9351f91c3cfa758b5e423
a1_sft_s0_task4_check5,1,127,0,0.016669094562530518,0.016669094562530518,,-1.1920929132713809e-08,0.48304587602615356,0.48713254928588867,0.699999988079071,3.876720428466797,29.39497184753418,1e-05,10,0.5,3.2776241302490234,a29848e1b527b87cd6f9351f91c3cfa758b5e423
a1_sft_s0_task4_check5,1,128,0,0.2813294529914856,0.2813294529914856,,-0.30000004172325134,0.0,0.252154141664505,1.0,153.69967651367188,15.716536521911621,1e-05,10,0.5,3.2803196907043457,a29848e1b527b87cd6f9351f91c3cfa758b5e423
a1_sft_s0_task4_check5,1,129,0,0.24000002443790436,0.24000002443790436,,-0.30000004172325134,0.0,0.08817781507968903,1.0,613.8439331054688,0.0,1e-05,10,0.5,3.28275203704834,a29848e1b527b87cd6f9351f91c3cfa758b5e423
a1_sft_s0_task4_check5,1,130,0,0.08929871022701263,0.08929871022701263,,-1.1920929132713809e-08,0.48304587602615356,0.9552863240242004,0.800000011920929,9.144678115844727,2.914909601211548,1e-05,10,0.5,3.2789249420166016,a29848e1b527b87cd6f9351f91c3cfa758b5e423
a1_sft_s0_task4_check5,1,131,0,0.24427950382232666,0.24427950382232666,,-0.30000004172325134,0.0,0.2117084413766861,0.8571429252624512,11.982304573059082,4.014388084411621,1e-05,10,0.5,3.280367851257324,a29848e1b527b87cd6f9351f91c3cfa758b5e423
a1_sft_s0_task4_check5,1,132,0,0.24000002443790436,0.24000002443790436,,-0.30000004172325134,0.0,0.08973357081413269,1.0,199.6865692138672,0.0,1e-05,10,0.5,3.28141450881958,a29848e1b527b87cd6f9351f91c3cfa758b5e423
a1_sft_s0_task4_check5,1,133,0,0.25693419575691223,0.25693419575691223,,-0.30000004172325134,0.0,0.3125987946987152,0.7142857313156128,298.713623046875,4.514459133148193,1e-05,10,0.5,3.2803893089294434,a29848e1b527b87cd6f9351f91c3cfa758b5e423
a1_sft_s0_task4_check5,1,134,0,0.26389530301094055,0.26389530301094055,,-0.30000004172325134,0.0,0.31059518456459045,0.8571429252624512,22.631778717041016,6.002281188964844,1e-05,10,0.5,3.280496120452881,a29848e1b527b87cd6f9351f91c3cfa758b5e423
a1_sft_s0_task4_check5,1,135,0,0.343744695186615,0.343744695186615,,-0.30000004172325134,0.0,0.463148832321167,1.0,284.6138916015625,11.062617301940918,1e-05,10,0.5,3.279902458190918,a29848e1b527b87cd6f9351f91c3cfa758b5e423
a1_sft_s0_task4_check5,1,136,0,0.24000002443790436,0.24000002443790436,,-0.30000004172325134,0.0,0.09988648444414139,1.0,19.313678741455078,0.0,1e-05,10,0.5,3.282153606414795,a29848e1b527b87cd6f9351f91c3cfa758b5e423
a1_sft_s0_task4_check5,1,137,0,0.3989829123020172,0.3989829123020172,,-0.30000004172325134,0.0,0.7585143446922302,0.8571429252624512,485.980712890625,11.621964454650879,1e-05,10,0.5,3.275470733642578,a29848e1b527b87cd6f9351f91c3cfa758b5e423
a1_sft_s0_task4_check5,1,138,0,0.24000002443790436,0.24000002443790436,,-0.30000004172325134,0.0,0.20228053629398346,1.0,169.4652557373047,0.0,1e-05,10,0.5,3.284508228302002,a29848e1b527b87cd6f9351f91c3cfa758b5e423
a1_sft_s0_task4_check5,1,139,0,0.24000002443790436,0.24000002443790436,,-0.30000004172325134,0.0,0.09429942071437836,1.0,138.2762451171875,0.0,1e-05,10,0.5,3.2836503982543945,a29848e1b527b87cd6f9351f91c3cfa758b5e423
a1_sft_s0_task4_check5,1,140,0,0.2543833255767822,0.2543833255767822,,-0.30000004172325134,0.0,0.2811891734600067,0.8571429252624512,2.2613637447357178,3.3748838901519775,1e-05,10,0.5,3.2785825729370117,a29848e1b527b87cd6f9351f91c3cfa758b5e423
a1_sft_s0_task4_check5,1,141,0,0.2584729492664337,0.2584729492664337,,-0.30000004172325134,0.0,0.18726862967014313,1.0,221.1275634765625,4.114040374755859,1e-05,10,0.5,3.2841978073120117,a29848e1b527b87cd6f9351f91c3cfa758b5e423
a1_sft_s0_task4_check5,1,142,0,0.8265979290008545,0.8265979290008545,,-0.30000004172325134,0.0,2.0696144104003906,1.0,126.7059555053711,39.20936584472656,1e-05,10,0.5,3.2823452949523926,a29848e1b527b87cd6f9351f91c3cfa758b5e423
a1_sft_s0_task4_check5,1,143,0,0.1273634135723114,0.1273634135723114,,-1.1920929132713809e-08,0.48304587602615356,0.8246628642082214,0.9000000357627869,6.1781840324401855,11.610696792602539,1e-05,10,0.5,3.279529571533203,a29848e1b527b87cd6f9351f91c3cfa758b5e423
a1_sft_s0_task4_check5,1,144,0,0.19843131303787231,0.19843131303787231,,-1.1920929132713809e-08,0.48304587602615356,0.36286482214927673,1.0,29.646947860717773,6.629193305969238,1e-05,10,0.5,3.2820959091186523,a29848e1b527b87cd6f9351f91c3cfa758b5e423
a1_sft_s0_task4_check5,1,145,0,0.24000002443790436,0.24000002443790436,,-0.30000004172325134,0.0,0.022573163732886314,1.0,267.7929382324219,0.0,1e-05,10,0.5,3.2856626510620117,a29848e1b527b87cd6f9351f91c3cfa758b5e423
a1_sft_s0_task4_check5,1,146,0,0.24000002443790436,0.24000002443790436,,-0.30000004172325134,0.0,0.014780559577047825,1.0,34.083290100097656,0.0,1e-05,10,0.5,3.274951934814453,a29848e1b527b87cd6f9351f91c3cfa758b5e423
a1_sft_s0_task4_check5,1,147,0,0.13837429881095886,0.13837429881095886,,-1.1920929132713809e-08,0.48304587602615356,0.3735966086387634,1.0,60.4565315246582,12.000256538391113,1e-05,10,0.5,3.2806954383850098,a29848e1b527b87cd6f9351f91c3cfa758b5e423
a1_sft_s0_task4_check5,1,148,0,0.24000002443790436,0.24000002443790436,,-0.30000004172325134,0.0,0.029203321784734726,1.0,80.120849609375,0.0,1e-05,10,0.5,3.2865734100341797,a29848e1b527b87cd6f9351f91c3cfa758b5e423
a1_sft_s0_task4_check5,1,149,0,0.10733675956726074,0.10733675956726074,,-1.1920929132713809e-08,0.48304587602615356,0.39900538325309753,0.699999988079071,51.4459114074707,7.502121925354004,1e-05,10,0.5,3.280587673187256,a29848e1b527b87cd6f9351f91c3cfa758b5e423
a1_sft_s0_task4_check5,1,150,1,0.036504775285720825,0.036504775285720825,,-1.1920929132713809e-08,0.48304587602615356,2.2668182849884033,0.800000011920929,7.099517822265625,13.455253601074219,1e-05,10,0.5,3.2819294929504395,a29848e1b527b87cd6f9351f91c3cfa758b5e423
a1_sft_s0_task4_check5,1,151,1,0.24000002443790436,0.24000002443790436,,-0.30000004172325134,0.0,7.155788921409112e-07,1.0,44.66718673706055,0.0,1e-05,10,0.5,3.2825722694396973,a29848e1b527b87cd6f9351f91c3cfa758b5e423
a1_sft_s0_task4_check5,1,152,1,0.24000002443790436,0.24000002443790436,,-0.30000004172325134,0.0,4.025579869448848e-09,1.0,73.38656616210938,0.0,1e-05,10,0.5,3.279499053955078,a29848e1b527b87cd6f9351f91c3cfa758b5e423
a1_sft_s0_task4_check5,1,153,1,0.24000002443790436,0.24000002443790436,,-0.30000004172325134,0.0,0.00011227821960346773,1.0,299.49224853515625,0.0,1e-05,10,0.5,3.2811222076416016,a29848e1b527b87cd6f9351f91c3cfa758b5e423
a1_sft_s0_task4_check5,1,154,1,0.24000002443790436,0.24000002443790436,,-0.30000004172325134,0.0,0.036720987409353256,1.0,348.61358642578125,0.0,1e-05,10,0.5,3.2821297645568848,a29848e1b527b87cd6f9351f91c3cfa758b5e423
a1_sft_s0_task4_check5,1,155,1,0.0723276361823082,0.0723276361823082,,-1.1920929132713809e-08,0.48304587602615356,0.18770699203014374,1.0,86.87555694580078,0.8657764792442322,1e-05,10,0.5,3.2747278213500977,a29848e1b527b87cd6f9351f91c3cfa758b5e423
a1_sft_s0_task4_check5,1,156,1,0.24000002443790436,0.24000002443790436,,-0.30000004172325134,0.0,0.0007601373945362866,1.0,353.1090087890625,0.0,1e-05,10,0.5,3.2825980186462402,a29848e1b527b87cd6f9351f91c3cfa758b5e423
a1_sft_s0_task4_check5,1,157,1,0.24000002443790436,0.24000002443790436,,-0.30000004172325134,0.0,0.01025864016264677,1.0,9.928160667419434,0.0,1e-05,10,0.5,3.2817139625549316,a29848e1b527b87cd6f9351f91c3cfa758b5e423
a1_sft_s0_task4_check5,1,158,1,0.24000002443790436,0.24000002443790436,,-0.30000004172325134,0.0,6.314471825721419e-21,1.0,312.5794677734375,0.0,1e-05,10,0.5,3.2792110443115234,a29848e1b527b87cd6f9351f91c3cfa758b5e423
a1_sft_s0_task4_check5,1,159,1,0.24000002443790436,0.24000002443790436,,-0.30000004172325134,0.0,0.008295933715999126,1.0,579.5157470703125,0.0,1e-05,10,0.5,3.276965618133545,a29848e1b527b87cd6f9351f91c3cfa758b5e423
a1_sft_s0_task4_check5,1,160,1,0.24000002443790436,0.24000002443790436,,-0.30000004172325134,0.0,0.0005138785927556455,1.0,62.263519287109375,0.0,1e-05,10,0.5,3.280193328857422,a29848e1b527b87cd6f9351f91c3cfa758b5e423
a1_sft_s0_task4_check5,1,161,1,0.24000002443790436,0.24000002443790436,,-0.30000004172325134,0.0,0.0013176653301343322,1.0,309.393798828125,0.0,1e-05,10,0.5,3.2834391593933105,a29848e1b527b87cd6f9351f91c3cfa758b5e423
a1_sft_s0_task4_check5,1,162,1,0.24000002443790436,0.24000002443790436,,-0.30000004172325134,0.0,2.660558129718993e-05,1.0,227.8334197998047,0.0,1e-05,10,0.5,3.2809839248657227,a29848e1b527b87cd6f9351f91c3cfa758b5e423
a1_sft_s0_task4_check5,1,163,1,0.08399959653615952,0.08399959653615952,,-1.1920929132713809e-08,0.48304587602615356,9.17244815826416,1.0,63.35026931762695,0.00020394161401782185,1e-05,10,0.5,3.2800679206848145,a29848e1b527b87cd6f9351f91c3cfa758b5e423
a1_sft_s0_task4_check5,1,164,1,0.24000002443790436,0.24000002443790436,,-0.30000004172325134,0.0,0.000645192340016365,1.0,77.25836181640625,0.0,1e-05,10,0.5,3.280710220336914,a29848e1b527b87cd6f9351f91c3cfa758b5e423
a1_sft_s0_task4_check5,1,165,1,0.24000002443790436,0.24000002443790436,,-0.30000004172325134,0.0,0.01887393929064274,1.0,115.0871810913086,0.0,1e-05,10,0.5,3.281435966491699,a29848e1b527b87cd6f9351f91c3cfa758b5e423
a1_sft_s0_task4_check5,1,166,1,0.16779495775699615,0.16779495775699615,,-1.1920929132713809e-08,0.48304587602615356,0.005661764182150364,1.0,61.62856674194336,0.05624730885028839,1e-05,10,0.5,3.2823147773742676,a29848e1b527b87cd6f9351f91c3cfa758b5e423
a1_sft_s0_task4_check5,1,167,1,-0.004422551486641169,-0.004422551486641169,,-1.1920929132713809e-08,0.48304587602615356,2.1969974040985107,1.0,6.97481107711792,5.285942554473877,1e-05,10,0.5,3.2812633514404297,a29848e1b527b87cd6f9351f91c3cfa758b5e423
a1_sft_s0_task4_check5,1,168,1,0.24000002443790436,0.24000002443790436,,-0.30000004172325134,0.0,0.006117058917880058,1.0,354.1288146972656,0.0,1e-05,10,0.5,3.281378746032715,a29848e1b527b87cd6f9351f91c3cfa758b5e423
a1_sft_s0_task4_check5,1,169,1,0.24000002443790436,0.24000002443790436,,-0.30000004172325134,0.0,0.027222752571105957,1.0,254.308837890625,0.0,1e-05,10,0.5,3.2786293029785156,a29848e1b527b87cd6f9351f91c3cfa758b5e423
a1_sft_s0_task4_check5,1,170,1,0.1649569571018219,0.1649569571018219,,-1.1920929132713809e-08,0.48304587602615356,0.0166099164634943,1.0,77.80874633789062,0.2534877061843872,1e-05,10,0.5,3.2825565338134766,a29848e1b527b87cd6f9351f91c3cfa758b5e423
a1_sft_s0_task4_check5,1,171,1,0.16554804146289825,0.16554804146289825,,-1.1920929132713809e-08,0.48304587602615356,0.05492459610104561,1.0,17.87843894958496,0.7092887163162231,1e-05,10,0.5,3.2824621200561523,a29848e1b527b87cd6f9351f91c3cfa758b5e423
a1_sft_s0_task4_check5,1,172,1,0.24000002443790436,0.24000002443790436,,-0.30000004172325134,0.0,0.0012014901731163263,1.0,55.78473663330078,0.0,1e-05,10,0.5,3.2775020599365234,a29848e1b527b87cd6f9351f91c3cfa758b5e423
a1_sft_s0_task4_check5,1,173,1,0.24000002443790436,0.24000002443790436,,-0.30000004172325134,0.0,2.0867539205937646e-05,1.0,946.5325927734375,0.0,1e-05,10,0.5,3.2810206413269043,a29848e1b527b87cd6f9351f91c3cfa758b5e423
a1_sft_s0_task4_check5,1,174,1,0.24000002443790436,0.24000002443790436,,-0.30000004172325134,0.0,0.0007975119515322149,1.0,409.0414123535156,0.0,1e-05,10,0.5,3.2793545722961426,a29848e1b527b87cd6f9351f91c3cfa758b5e423
a1_sft_s0_task4_check5,1,175,1,0.24000002443790436,0.24000002443790436,,-0.30000004172325134,0.0,0.026137107983231544,1.0,103.32160949707031,0.0,1e-05,10,0.5,3.2788538932800293,a29848e1b527b87cd6f9351f91c3cfa758b5e423
a1_sft_s0_task4_check5,1,176,1,0.24000002443790436,0.24000002443790436,,-0.30000004172325134,0.0,2.933624073915911e-14,1.0,506.0427551269531,0.0,1e-05,10,0.5,3.2765674591064453,a29848e1b527b87cd6f9351f91c3cfa758b5e423
a1_sft_s0_task4_check5,1,177,1,0.24000002443790436,0.24000002443790436,,-0.30000004172325134,0.0,0.001101641682907939,1.0,217.66326904296875,0.0,1e-05,10,0.5,3.2852463722229004,a29848e1b527b87cd6f9351f91c3cfa758b5e423
a1_sft_s0_task4_check5,1,178,1,0.1605265587568283,0.1605265587568283,,-1.1920929132713809e-08,0.48304587602615356,0.08879886567592621,1.0,398.8372497558594,0.9555752277374268,1e-05,10,0.5,3.2809128761291504,a29848e1b527b87cd6f9351f91c3cfa758b5e423
a1_sft_s0_task4_check5,1,179,1,0.1402311623096466,0.1402311623096466,,-1.1920929132713809e-08,0.48304587602615356,0.2726988196372986,1.0,308.2821960449219,6.074242115020752,1e-05,10,0.5,3.279710292816162,a29848e1b527b87cd6f9351f91c3cfa758b5e423
a1_sft_s0_task4_check5,1,180,2,0.24000002443790436,0.24000002443790436,,-0.30000004172325134,0.0,2.864029829786176e-20,1.0,283.8085632324219,0.0,1e-05,10,0.5,3.276571273803711,a29848e1b527b87cd6f9351f91c3cfa758b5e423
a1_sft_s0_task4_check5,1,181,2,0.24000002443790436,0.24000002443790436,,-0.30000004172325134,0.0,0.0017842709785327315,1.0,47.30695343017578,0.0,1e-05,10,0.5,3.2808237075805664,a29848e1b527b87cd6f9351f91c3cfa758b5e423
a1_sft_s0_task4_check5,1,182,2,0.24000002443790436,0.24000002443790436,,-0.30000004172325134,0.0,0.004491798114031553,1.0,299.07574462890625,0.0,1e-05,10,0.5,3.2757515907287598,a29848e1b527b87cd6f9351f91c3cfa758b5e423
a1_sft_s0_task4_check5,1,183,2,0.160043865442276,0.160043865442276,,-1.1920929132713809e-08,0.48304587602615356,0.028687555342912674,1.0,66.03119659423828,0.6381099820137024,1e-05,10,0.5,3.281742572784424,a29848e1b527b87cd6f9351f91c3cfa758b5e423
a1_sft_s0_task4_check5,1,184,2,0.24000002443790436,0.24000002443790436,,-0.30000004172325134,0.0,8.702167811217368e-14,1.0,494.22723388671875,0.0,1e-05,10,0.5,3.283297538757324,a29848e1b527b87cd6f9351f91c3cfa758b5e423
a1_sft_s0_task4_check5,1,185,2,-0.0,-0.0,,-1.1920929132713809e-08,0.48304587602615356,0.430426687002182,1.0,254.69241333007812,0.0,1e-05,10,0.5,3.278080463409424,a29848e1b527b87cd6f9351f91c3cfa758b5e423
a1_sft_s0_task4_check5,1,186,2,0.24000002443790436,0.24000002443790436,,-0.30000004172325134,0.0,0.0007026324747130275,1.0,72.05680847167969,0.0,1e-05,10,0.5,3.2784900665283203,a29848e1b527b87cd6f9351f91c3cfa758b5e423
a1_sft_s0_task4_check5,1,187,2,-0.08400000631809235,-0.08400000631809235,,-1.1920929132713809e-08,0.48304587602615356,2.8804805278778076,1.0,7.879960536956787,0.0,1e-05,10,0.5,3.2773547172546387,a29848e1b527b87cd6f9351f91c3cfa758b5e423
a1_sft_s0_task4_check5,1,188,2,0.24000002443790436,0.24000002443790436,,-0.30000004172325134,0.0,0.00042568339267745614,1.0,214.43275451660156,0.0,1e-05,10,0.5,3.281558036804199,a29848e1b527b87cd6f9351f91c3cfa758b5e423
a1_sft_s0_task4_check5,1,189,2,0.24000002443790436,0.24000002443790436,,-0.30000004172325134,0.0,0.0008934513316489756,1.0,213.11558532714844,0.0,1e-05,10,0.5,3.2714052200317383,a29848e1b527b87cd6f9351f91c3cfa758b5e423
a1_sft_s0_task4_check5,1,190,2,0.0962701067328453,0.0962701067328453,,-1.1920929132713809e-08,0.48304587602615356,14.658966064453125,1.0,55.27997970581055,2.046020269393921,1e-05,10,0.5,3.271695613861084,a29848e1b527b87cd6f9351f91c3cfa758b5e423
a1_sft_s0_task4_check5,1,191,2,0.24000002443790436,0.24000002443790436,,-0.30000004172325134,0.0,5.2258856158005074e-05,1.0,923.5919189453125,0.0,1e-05,10,0.5,3.281972885131836,a29848e1b527b87cd6f9351f91c3cfa758b5e423
a1_sft_s0_task4_check5,1,192,2,0.24000002443790436,0.24000002443790436,,-0.30000004172325134,0.0,0.024775471538305283,1.0,577.5771484375,0.0,1e-05,10,0.5,3.2777185440063477,a29848e1b527b87cd6f9351f91c3cfa758b5e423
a1_sft_s0_task4_check5,1,193,2,0.0829610601067543,0.0829610601067543,,-1.1920929132713809e-08,0.48304587602615356,2.8371617794036865,1.0,254.9527587890625,0.22725710272789001,1e-05,10,0.5,3.2785348892211914,a29848e1b527b87cd6f9351f91c3cfa758b5e423
a1_sft_s0_task4_check5,1,194,2,0.16799965500831604,0.16799965500831604,,-1.1920929132713809e-08,0.48304587602615356,0.004608653951436281,1.0,44.12548065185547,0.0001263041194761172,1e-05,10,0.5,3.2789039611816406,a29848e1b527b87cd6f9351f91c3cfa758b5e423
a1_sft_s0_task4_check5,1,195,2,0.06886537373065948,0.06886537373065948,,-1.1920929132713809e-08,0.48304587602615356,0.48557016253471375,1.0,14.851513862609863,2.1474456787109375,1e-05,10,0.5,3.2799243927001953,a29848e1b527b87cd6f9351f91c3cfa758b5e423
a1_sft_s0_task4_check5,1,196,2,0.24000002443790436,0.24000002443790436,,-0.30000004172325134,0.0,0.010220865719020367,1.0,350.34771728515625,0.0,1e-05,10,0.5,3.2762980461120605,a29848e1b527b87cd6f9351f91c3cfa758b5e423
a1_sft_s0_task4_check5,1,197,2,0.24000002443790436,0.24000002443790436,,-0.30000004172325134,0.0,0.035028621554374695,1.0,9.086756706237793,0.0,1e-05,10,0.5,3.284285545349121,a29848e1b527b87cd6f9351f91c3cfa758b5e423
a1_sft_s0_task4_check5,1,198,2,0.24000002443790436,0.24000002443790436,,-0.30000004172325134,0.0,4.070089687502332e-07,1.0,50.17485427856445,0.0,1e-05,10,0.5,3.280048370361328,a29848e1b527b87cd6f9351f91c3cfa758b5e423
a1_sft_s0_task4_check5,1,199,2,0.24000002443790436,0.24000002443790436,,-0.30000004172325134,0.0,3.109018820168785e-08,1.0,80.12837219238281,0.0,1e-05,10,0.5,3.276698112487793,a29848e1b527b87cd6f9351f91c3cfa758b5e423
a1_sft_s0_task4_check5,1,200,2,0.24000002443790436,0.24000002443790436,,-0.30000004172325134,0.0,0.0005424629780463874,1.0,412.3856201171875,0.0,1e-05,10,0.5,3.280791759490967,a29848e1b527b87cd6f9351f91c3cfa758b5e423
a1_sft_s0_task4_check5,1,201,2,0.21117451786994934,0.21117451786994934,,-1.1920929132713809e-08,0.48304587602615356,3.750077962875366,1.0,12.48625373840332,29.922704696655273,1e-05,10,0.5,3.2773995399475098,a29848e1b527b87cd6f9351f91c3cfa758b5e423
a1_sft_s0_task4_check5,1,202,2,0.24000002443790436,0.24000002443790436,,-0.30000004172325134,0.0,3.254842886235565e-05,1.0,348.41741943359375,0.0,1e-05,10,0.5,3.277222156524658,a29848e1b527b87cd6f9351f91c3cfa758b5e423
a1_sft_s0_task4_check5,1,203,2,0.24000002443790436,0.24000002443790436,,-0.30000004172325134,0.0,0.0012211420107632875,1.0,60.03181076049805,0.0,1e-05,10,0.5,3.2808046340942383,a29848e1b527b87cd6f9351f91c3cfa758b5e423
a1_sft_s0_task4_check5,1,204,2,0.24000002443790436,0.24000002443790436,,-0.30000004172325134,0.0,0.01255770307034254,1.0,108.35202026367188,0.0,1e-05,10,0.5,3.274092197418213,a29848e1b527b87cd6f9351f91c3cfa758b5e423
a1_sft_s0_task4_check5,1,205,2,-1.7881394143159923e-08,-1.7881394143159923e-08,,-1.1920929132713809e-08,0.48304587602615356,0.6031633019447327,1.0,46.62627029418945,8.141259058902506e-06,1e-05,10,0.5,3.2802047729492188,a29848e1b527b87cd6f9351f91c3cfa758b5e423
a1_sft_s0_task4_check5,1,206,2,0.24000002443790436,0.24000002443790436,,-0.30000004172325134,0.0,0.11067695170640945,1.0,376.39813232421875,0.0,1e-05,10,0.5,3.279003620147705,a29848e1b527b87cd6f9351f91c3cfa758b5e423
a1_sft_s0_task4_check5,1,207,2,0.24000002443790436,0.24000002443790436,,-0.30000004172325134,0.0,0.03127996250987053,1.0,118.0331039428711,0.0,1e-05,10,0.5,3.2785181999206543,a29848e1b527b87cd6f9351f91c3cfa758b5e423
a1_sft_s0_task4_check5,1,208,2,0.24000002443790436,0.24000002443790436,,-0.30000004172325134,0.0,0.04941892996430397,1.0,245.58511352539062,0.0,1e-05,10,0.5,3.277895450592041,a29848e1b527b87cd6f9351f91c3cfa758b5e423
a1_sft_s0_task4_check5,1,209,2,0.24000002443790436,0.24000002443790436,,-0.30000004172325134,0.0,0.0011230269446969032,1.0,361.7069091796875,0.0,1e-05,10,0.5,3.278536319732666,a29848e1b527b87cd6f9351f91c3cfa758b5e423
a1_sft_s0_task4_check5,1,210,3,0.24000002443790436,0.24000002443790436,,-0.30000004172325134,0.0,0.0010613315971568227,1.0,361.9791564941406,0.0,1e-05,10,0.5,3.2753095626831055,a29848e1b527b87cd6f9351f91c3cfa758b5e423
a1_sft_s0_task4_check5,1,211,3,0.24000002443790436,0.24000002443790436,,-0.30000004172325134,0.0,0.007835796102881432,1.0,110.56199645996094,0.0,1e-05,10,0.5,3.278804302215576,a29848e1b527b87cd6f9351f91c3cfa758b5e423
a1_sft_s0_task4_check5,1,212,3,0.24000002443790436,0.24000002443790436,,-0.30000004172325134,0.0,0.005706445779651403,1.0,64.58781433105469,0.0,1e-05,10,0.5,3.279269218444824,a29848e1b527b87cd6f9351f91c3cfa758b5e423
a1_sft_s0_task4_check5,1,213,3,0.24000002443790436,0.24000002443790436,,-0.30000004172325134,0.0,2.415408516753814e-06,1.0,935.7066040039062,0.0,1e-05,10,0.5,3.2783069610595703,a29848e1b527b87cd6f9351f91c3cfa758b5e423
a1_sft_s0_task4_check5,1,214,3,0.08379116654396057,0.08379116654396057,,-1.1920929132713809e-08,0.48304587602615356,1.0270122289657593,1.0,51.9171257019043,0.06527773290872574,1e-05,10,0.5,3.2860307693481445,a29848e1b527b87cd6f9351f91c3cfa758b5e423
a1_sft_s0_task4_check5,1,215,3,0.02259667031466961,0.02259667031466961,,-1.1920929132713809e-08,0.48304587602615356,0.45419737696647644,0.9000000357627869,189.35675048828125,5.298991680145264,1e-05,10,0.5,3.281458854675293,a29848e1b527b87cd6f9351f91c3cfa758b5e423
a1_sft_s0_task4_check5,1,216,3,0.1680000126361847,0.1680000126361847,,-1.1920929132713809e-08,0.48304587602615356,0.011492419987916946,1.0,46.33943176269531,1.8961009118356742e-06,1e-05,10,0.5,3.280555248260498,a29848e1b527b87cd6f9351f91c3cfa758b5e423
a1_sft_s0_task4_check5,1,217,3,0.24000002443790436,0.24000002443790436,,-0.30000004172325134,0.0,0.00033167892252095044,1.0,412.36383056640625,0.0,1e-05,10,0.5,3.285860061645508,a29848e1b527b87cd6f9351f91c3cfa758b5e423
a1_sft_s0_task4_check5,1,218,3,0.24000002443790436,0.24000002443790436,,-0.30000004172325134,0.0,0.012736883945763111,1.0,120.88040161132812,0.0,1e-05,10,0.5,3.27836275100708,a29848e1b527b87cd6f9351f91c3cfa758b5e423
a1_sft_s0_task4_check5,1,219,3,0.24000002443790436,0.24000002443790436,,-0.30000004172325134,0.0,0.0061903418973088264,1.0,350.6242370605469,0.0,1e-05,10,0.5,3.2822341918945312,a29848e1b527b87cd6f9351f91c3cfa758b5e423
a1_sft_s0_task4_check5,1,220,3,0.24000002443790436,0.24000002443790436,,-0.30000004172325134,0.0,0.00020390802819747478,1.0,60.12632369995117,0.0,1e-05,10,0.5,3.2837820053100586,a29848e1b527b87cd6f9351f91c3cfa758b5e423
a1_sft_s0_task4_check5,1,221,3,-0.0,-0.0,,-1.1920929132713809e-08,0.48304587602615356,0.8441618084907532,1.0,177.76425170898438,0.0,1e-05,10,0.5,3.280888080596924,a29848e1b527b87cd6f9351f91c3cfa758b5e423
a1_sft_s0_task4_check5,1,222,3,0.24000002443790436,0.24000002443790436,,-0.30000004172325134,0.0,0.00016952260921243578,1.0,232.95254516601562,0.0,1e-05,10,0.5,3.281970977783203,a29848e1b527b87cd6f9351f91c3cfa758b5e423
a1_sft_s0_task4_check5,1,223,3,0.0885712131857872,0.0885712131857872,,-1.1920929132713809e-08,0.48304587602615356,1.1285151243209839,0.9000000357627869,26.425567626953125,3.6642186641693115,1e-05,10,0.5,3.283486843109131,a29848e1b527b87cd6f9351f91c3cfa758b5e423
a1_sft_s0_task4_check5,1,224,3,0.24000002443790436,0.24000002443790436,,-0.30000004172325134,0.0,0.00013181366375647485,1.0,229.01077270507812,0.0,1e-05,10,0.5,3.2858195304870605,a29848e1b527b87cd6f9351f91c3cfa758b5e423
a1_sft_s0_task4_check5,1,225,3,0.24000002443790436,0.24000002443790436,,-0.30000004172325134,0.0,4.276872127874899e-22,1.0,303.2733154296875,0.0,1e-05,10,0.5,3.2781496047973633,a29848e1b527b87cd6f9351f91c3cfa758b5e423
a1_sft_s0_task4_check5,1,226,3,-0.08400000631809235,-0.08400000631809235,,-1.1920929132713809e-08,0.48304587602615356,1.3480801582336426,1.0,6.809397220611572,0.0,1e-05,10,0.5,3.278313159942627,a29848e1b527b87cd6f9351f91c3cfa758b5e423
a1_sft_s0_task4_check5,1,227,3,0.08399981260299683,0.08399981260299683,,-1.1920929132713809e-08,0.48304587602615356,0.8669454455375671,1.0,47.5908317565918,0.00011152383376611397,1e-05,10,0.5,3.2786593437194824,a29848e1b527b87cd6f9351f91c3cfa758b5e423
a1_sft_s0_task4_check5,1,228,3,0.24000002443790436,0.24000002443790436,,-0.30000004172325134,0.0,0.047261741012334824,1.0,241.03436279296875,0.0,1e-05,10,0.5,3.2794251441955566,a29848e1b527b87cd6f9351f91c3cfa758b5e423
a1_sft_s0_task4_check5,1,229,3,-6.318092573565082e-07,-6.318092573565082e-07,,-1.1920929132713809e-08,0.48304587602615356,0.5631745457649231,1.0,41.847084045410156,0.0002756660105660558,1e-05,10,0.5,3.2839980125427246,a29848e1b527b87cd6f9351f91c3cfa758b5e423
a1_sft_s0_task4_check5,1,230,3,0.24000002443790436,0.24000002443790436,,-0.30000004172325134,0.0,0.08828728646039963,1.0,370.90264892578125,0.0,1e-05,10,0.5,3.281430721282959,a29848e1b527b87cd6f9351f91c3cfa758b5e423
a1_sft_s0_task4_check5,1,231,3,0.24000002443790436,0.24000002443790436,,-0.30000004172325134,0.0,0.01570737734436989,1.0,10.230844497680664,0.0,1e-05,10,0.5,3.2839646339416504,a29848e1b527b87cd6f9351f91c3cfa758b5e423
a1_sft_s0_task4_check5,1,232,3,0.16701026260852814,0.16701026260852814,,-1.1920929132713809e-08,0.48304587602615356,0.07576434314250946,1.0,18.45029640197754,0.3323305547237396,1e-05,10,0.5,3.2769765853881836,a29848e1b527b87cd6f9351f91c3cfa758b5e423
a1_sft_s0_task4_check5,1,233,3,0.24000002443790436,0.24000002443790436,,-0.30000004172325134,0.0,2.1905563698965125e-05,1.0,356.9643249511719,0.0,1e-05,10,0.5,3.277632236480713,a29848e1b527b87cd6f9351f91c3cfa758b5e423
a1_sft_s0_task4_check5,1,234,3,0.24000002443790436,0.24000002443790436,,-0.30000004172325134,0.0,4.000930289294047e-07,1.0,54.24968719482422,0.0,1e-05,10,0.5,3.2822394371032715,a29848e1b527b87cd6f9351f91c3cfa758b5e423
a1_sft_s0_task4_check5,1,235,3,0.24000002443790436,0.24000002443790436,,-0.30000004172325134,0.0,1.286125297990273e-15,1.0,511.4761047363281,0.0,1e-05,10,0.5,3.2845726013183594,a29848e1b527b87cd6f9351f91c3cfa758b5e423
a1_sft_s0_task4_check5,1,236,3,0.24000002443790436,0.24000002443790436,,-0.30000004172325134,0.0,1.1039991143491079e-08,1.0,83.71932983398438,0.0,1e-05,10,0.5,3.2833847999572754,a29848e1b527b87cd6f9351f91c3cfa758b5e423
a1_sft_s0_task4_check5,1,237,3,0.24000002443790436,0.24000002443790436,,-0.30000004172325134,0.0,0.007862269878387451,1.0,594.2454833984375,0.0,1e-05,10,0.5,3.2822442054748535,a29848e1b527b87cd6f9351f91c3cfa758b5e423
a1_sft_s0_task4_check5,1,238,3,0.24000002443790436,0.24000002443790436,,-0.30000004172325134,0.0,0.0017685687635093927,1.0,59.217262268066406,0.0,1e-05,10,0.5,3.2807464599609375,a29848e1b527b87cd6f9351f91c3cfa758b5e423
a1_sft_s0_task4_check5,1,239,3,0.24000002443790436,0.24000002443790436,,-0.30000004172325134,0.0,0.001942728296853602,1.0,310.29339599609375,0.0,1e-05,10,0.5,3.2822704315185547,a29848e1b527b87cd6f9351f91c3cfa758b5e423
a1_sft_s0_task4_check5,0,0,0,0.2772018721066584,0.2772018721066584,,-0.27720207253886003,0.23991758712215125,0.9999997303893527,0.0,2.779491294579822e-09,23.23782730102539,5e-06,10,0.5,2.6084775924682617,ff29db272183912dc513c298f3d8992c19fbb7fc
a1_sft_s0_task4_check5,0,1,1,0.2559707411251228,0.2559707411251228,,-0.27720207253886003,0.23991758712215128,1.2122218801876425,0.5025906799834009,2.9831155658665796,8.151851654052734,5e-06,10,0.5,3.2863502502441406,ff29db272183912dc513c298f3d8992c19fbb7fc
a1_sft_s0_task4_check5_lr5e-7,0,0,0,0.2772018721066584,0.2772018721066584,,-0.27720207253886003,0.23991758712215125,0.9999997303893527,0.0,2.779491294579822e-09,23.23782730102539,5e-07,10,0.5,2.6084775924682617,9ad4c0c1f8fc4ca0122591cdc6d168fe224b4707
a1_sft_s0_task4_check5_lr5e-7,0,1,1,0.25679940142586744,0.25679940142586744,,-0.27720207253886003,0.23991758712215128,0.9401601376928812,0.15025907036862846,0.05189665437045227,9.719863891601562,5e-07,10,0.5,3.2863502502441406,9ad4c0c1f8fc4ca0122591cdc6d168fe224b4707
a1_sft_s0_task4_check5_lr5e-7,1,2,0,0.24112151535314946,0.24112151535314946,,-0.2411215154924125,0.21035094573118976,1.0000000445642203,0.0,4.1778957655856065e-09,16.551998138427734,5e-07,10,0.5,3.28541898727417,9ad4c0c1f8fc4ca0122591cdc6d168fe224b4707
a1_sft_s0_task4_check5_lr5e-7,1,3,1,0.23032208920073496,0.23032208920073496,,-0.2411215154924125,0.21035094573118976,0.970386968594845,0.11682243227401623,0.014576019583583837,11.873382568359375,5e-07,10,0.5,3.28541898727417,9ad4c0c1f8fc4ca0122591cdc6d168fe224b4707
a1_sft_s0_task4_check5_lr5e-7,2,4,0,0.300000089307622,0.300000089307622,,-0.2999999882777531,0.28256884932518006,1.00000053246816,0.0,2.7815501724148817e-09,34.616641998291016,5e-07,10,0.5,3.28541898727417,9ad4c0c1f8fc4ca0122591cdc6d168fe224b4707
a1_sft_s0_task4_check5_lr5e-7,2,5,1,0.28451721631300947,0.28451721631300947,,-0.299999988277753,0.28256884932518006,1.0067241354783376,0.07333333512147268,0.007251643460106909,26.506851196289062,5e-07,10,0.5,3.28541898727417,9ad4c0c1f8fc4ca0122591cdc6d168fe224b4707
a1_sft_s0_task4_check5_lr5e-7,3,6,0,0.29767439150533187,0.29767439150533187,,-0.29767444244650937,0.265046521674755,0.9999998655430103,0.0,1.039615850770733e-09,31.388277053833008,5e-07,10,0.5,3.28541898727417,9ad4c0c1f8fc4ca0122591cdc6d168fe224b4707
a1_sft_s0_task4_check5_lr5e-7,3,7,1,0.28303216203646514,0.28303216203646514,,-0.29767444244650937,0.265046521674755,0.9863269807294357,0.06976744220700373,0.0051790978877973015,22.32497215270996,5e-07,10,0.5,3.28541898727417,9ad4c0c1f8fc4ca0122591cdc6d168fe224b4707
a1_sft_s0_task4_check5_lr5e-7,4,8,0,0.2976746098246647,0.2976746098246647,,-0.29767444244650937,0.265046521674755,0.9999996888083083,0.0,4.505002278197912e-09,31.35344123840332,5e-07,10,0.5,3.28541898727417,9ad4c0c1f8fc4ca0122591cdc6d168fe224b4707
a1_sft_s0_task4_check5_lr5e-7,4,9,1,0.28632376841837975,0.28632376841837975,,-0.29767444244650937,0.265046521674755,0.9924667144930643,0.017441860551750937,0.0024753240792940007,26.0299072265625,5e-07,10,0.5,3.28541898727417,9ad4c0c1f8fc4ca0122591cdc6d168fe224b4707
a1_sft_s0_task4_check5_lr5e-7,5,10,0,0.2772019893085414,0.2772019893085414,,-0.27720207253886003,0.23991758712215128,0.9999997924646563,0.0,2.7794912485602155e-09,31.909957885742188,5e-07,10,0.5,3.28541898727417,9ad4c0c1f8fc4ca0122591cdc6d168fe224b4707
a1_sft_s0_task4_check5_lr5e-7,5,11,1,0.2658433047657979,0.2658433047657979,,-0.27720207253886003,0.23991758712215128,0.9877573665559599,0.04663212496999632,0.002943062146526297,20.150287628173828,5e-07,10,0.5,3.28541898727417,9ad4c0c1f8fc4ca0122591cdc6d168fe224b4707
a1_sft_s0_task4_check5_lr5e-7,6,12,0,0.24112168372234305,0.24112168372234305,,-0.2411215154924125,0.21035094573118976,1.0000007509071138,0.0,1.9496846878397056e-09,22.49791717529297,5e-07,10,0.5,3.28541898727417,9ad4c0c1f8fc4ca0122591cdc6d168fe224b4707
a1_sft_s0_task4_check5_lr5e-7,6,13,1,0.23255660835975597,0.23255660835975597,,-0.24112151549241248,0.21035094573118976,0.9851636123434406,0.07476635681134518,0.004946900434070158,18.613143920898438,5e-07,10,0.5,3.28541898727417,9ad4c0c1f8fc4ca0122591cdc6d168fe224b4707
a1_sft_s0_task4_check5_lr5e-7,7,14,0,0.30175458095227364,0.30175458095227364,,-0.3017544102424768,0.2634706389137179,1.0000003255598724,0.0,6.971303326681051e-10,44.38726806640625,5e-07,10,0.5,3.28541898727417,9ad4c0c1f8fc4ca0122591cdc6d168fe224b4707
a1_sft_s0_task4_check5_lr5e-7,7,15,1,0.2882264763047396,0.2882264763047396,,-0.30175441024247673,0.26347063891371786,0.9825126581024705,0.06432748599010601,0.006742000653955142,27.056257247924805,5e-07,10,0.5,3.28541898727417,9ad4c0c1f8fc4ca0122591cdc6d168fe224b4707
a1_sft_s0_task4_check5_lr5e-7,8,16,0,0.2936413845833285,0.2936413845833285,,-0.29364164231743445,0.2662152503267189,0.9999997770855191,0.0,6.890710450533584e-09,27.55768585205078,5e-07,10,0.5,3.28541898727417,9ad4c0c1f8fc4ca0122591cdc6d168fe224b4707
a1_sft_s0_task4_check5_lr5e-7,8,17,1,0.28364844426426594,0.28364844426426594,,-0.29364164231743445,0.26621525032671894,0.9934424775184234,0.04046242865007048,0.003606831453366452,20.698291778564453,5e-07,10,0.5,3.28541898727417,9ad4c0c1f8fc4ca0122591cdc6d168fe224b4707
a1_sft_s0_task4_check5_lr5e-7,9,18,0,0.2999999842047674,0.2999999842047674,,-0.29999998509883835,0.28256884932518006,1.0000003457069397,0.0,1.9868215517249152e-09,34.43191146850586,5e-07,10,0.5,3.28541898727417,9ad4c0c1f8fc4ca0122591cdc6d168fe224b4707
a1_sft_s0_task4_check5_lr5e-7,9,19,1,0.28917781402512144,0.28917781402512144,,-0.2999999850988385,0.28256884932518006,0.979579946597417,0.04000000099341075,0.003978478963454108,26.283239364624023,5e-07,10,0.5,3.28541898727417,9ad4c0c1f8fc4ca0122591cdc6d168fe224b4707
a1_sft_s0_task4_check5_lr5e-7,10,20,0,0.27319592007041854,0.27319592007041854,,-0.2731958763078624,0.24178926508451243,1.0000002264362025,0.0,2.765163994685177e-09,20.144596099853516,5e-07,10,0.5,3.28541898727417,9ad4c0c1f8fc4ca0122591cdc6d168fe224b4707
a1_sft_s0_task4_check5_lr5e-7,10,21,1,0.2670780405817438,0.2670780405817438,,-0.2731958763078624,0.24178926508451243,0.9925670129122193,0.005154639252067841,0.0010041312217141502,19.55569076538086,5e-07,10,0.5,3.28541898727417,9ad4c0c1f8fc4ca0122591cdc6d168fe224b4707
a1_sft_s0_task4_check5_lr5e-7,11,22,0,0.27720219931454404,0.27720219931454404,,-0.27720207253886003,0.23991758712215128,1.0000002208151348,0.0,6.176647265042308e-10,23.600215911865234,5e-07,10,0.5,3.28541898727417,9ad4c0c1f8fc4ca0122591cdc6d168fe224b4707
a1_sft_s0_task4_check5_lr5e-7,11,23,1,0.267985228801368,0.267985228801368,,-0.27720207253886003,0.23991758712215125,0.9892277226546884,0.02590673613733578,0.0020675603981040328,19.095027923583984,5e-07,10,0.5,3.28541898727417,9ad4c0c1f8fc4ca0122591cdc6d168fe224b4707
a1_sft_s0_task4_check5_lr5e-7,12,24,0,0.29364182098063873,0.29364182098063873,,-0.2936416418221646,0.27643970912591576,0.9999998794125684,0.0,-5.133979500064351e-18,23.66623878479004,5e-07,10,0.5,3.28541898727417,9ad4c0c1f8fc4ca0122591cdc6d168fe224b4707
a1_sft_s0_task4_check5_lr5e-7,12,25,1,0.28529387334700823,0.28529387334700823,,-0.2936416418221646,0.2764397091259157,0.9964231786700339,0.028901734276314,0.002204579428770573,20.128679275512695,5e-07,10,0.5,3.28541898727417,9ad4c0c1f8fc4ca0122591cdc6d168fe224b4707
a1_sft_s0_task4_check5_lr5e-7,13,26,0,0.301754478648392,0.301754478648392,,-0.30175441024247673,0.26347063891371786,0.9999997448502929,0.0,5.054195063769019e-09,34.22478485107422,5e-07,10,0.5,3.28541898727417,9ad4c0c1f8fc4ca0122591cdc6d168fe224b4707
a1_sft_s0_task4_check5_lr5e-7,13,27,1,0.2927268170258057,0.2927268170258057,,-0.3017544102424768,0.2634706389137179,0.9890962567245749,0.029239766343295226,0.0029872912516446756,27.550846099853516,5e-07,10,0.5,3.28541898727417,9ad4c0c1f8fc4ca0122591cdc6d168fe224b4707
a1_sft_s0_task4_check5_lr5e-7,14,28,0,0.29999973545472064,0.29999973545472064,,-0.29999998509883835,0.28256884932518006,0.9999998986721039,0.0,1.5894572295375534e-09,37.9075927734375,5e-07,10,0.5,3.28541898727417,9ad4c0c1f8fc4ca0122591cdc6d168fe224b4707
a1_sft_s0_task4_check5_lr5e-7,14,29,1,0.2926880639871039,0.2926880639871039,,-0.2999999850988384,0.28256884932518006,0.9922621866067252,0.020000000496705375,0.0014999966130627245,33.39468765258789,5e-07,10,0.5,3.28541898727417,9ad4c0c1f8fc4ca0122591cdc6d168fe224b4707
a1_sft_s0_task4_check5_lr5e-7,15,30,0,0.23720933361802102,0.23720933361802102,,-0.23720932311789947,0.21307824157005134,1.0000006315320036,0.0,1.1089236485145725e-09,20.80480194091797,5e-07,10,0.5,3.28541898727417,9ad4c0c1f8fc4ca0122591cdc6d168fe224b4707
a1_sft_s0_task4_check5_lr5e-7,15,31,1,0.2314967052761985,0.2314967052761985,,-0.23720932311789947,0.21307824157005134,0.9962053343307142,0.013953488649323928,0.000985561443273984,17.585796356201172,5e-07,10,0.5,3.28541898727417,9ad4c0c1f8fc4ca0122591cdc6d168fe224b4707
a1_sft_s0_task4_check5_lr5e-7,16,32,0,0.2812503029126693,0.2812503029126693,,-0.28125000062088173,0.23739245440810924,1.0000005705902972,0.0,1.8626451769865326e-09,23.8946590423584,5e-07,10,0.5,3.28541898727417,9ad4c0c1f8fc4ca0122591cdc6d168fe224b4707
a1_sft_s0_task4_check5_lr5e-7,16,33,1,0.27395330326968786,0.27395330326968786,,-0.28125000062088173,0.23739245440810924,0.9869196234891812,0.0260416673651586,0.001524696457347356,18.585691452026367,5e-07,10,0.5,3.28541898727417,9ad4c0c1f8fc4ca0122591cdc6d168fe224b4707
a1_sft_s0_task4_check5_lr5e-7,17,34,0,0.29767446150613236,0.29767446150613236,,-0.2976744424465093,0.265046521674755,0.9999999064345692,0.0,3.4653863654612417e-09,36.50013732910156,5e-07,10,0.5,3.28541898727417,9ad4c0c1f8fc4ca0122591cdc6d168fe224b4707
a1_sft_s0_task4_check5_lr5e-7,17,35,1,0.28929667553538185,0.28929667553538185,,-0.2976744424465093,0.265046521674755,0.991619623677675,0.011627906976744186,0.001610570180441015,30.124622344970703,5e-07,10,0.5,3.28541898727417,9ad4c0c1f8fc4ca0122591cdc6d168fe224b4707
a1_sft_s0_task4_check5_lr5e-7,18,36,0,0.27319613744303006,0.27319613744303006,,-0.27319587659590033,0.25130713385404996,1.0000003797491799,0.0,1.5362021940892267e-09,27.533519744873047,5e-07,10,0.5,3.28541898727417,9ad4c0c1f8fc4ca0122591cdc6d168fe224b4707
a1_sft_s0_task4_check5_lr5e-7,18,37,1,0.2629538972852464,0.2629538972852464,,-0.2731958765959003,0.25130713385404996,0.9932478832215379,0.030927835512407048,0.002033976261654314,23.16828727722168,5e-07,10,0.5,3.28541898727417,9ad4c0c1f8fc4ca0122591cdc6d168fe224b4707
a1_sft_s0_task4_check5_lr5e-7,19,38,0,0.2999998950958258,0.2999998950958258,,-0.2999999850988384,0.28256884932518006,1.0000000834465026,0.0,4.371007378267677e-09,52.511192321777344,5e-07,10,0.5,3.28541898727417,9ad4c0c1f8fc4ca0122591cdc6d168fe224b4707
a1_sft_s0_task4_check5_lr5e-7,19,39,1,0.29005599653503544,0.29005599653503544,,-0.2999999850988384,0.28256884932518006,0.9880256283283233,0.04666666785875956,0.002216216361509093,44.150001525878906,5e-07,10,0.5,3.28541898727417,9ad4c0c1f8fc4ca0122591cdc6d168fe224b4707
a1_sft_s0_task4_check5_lr5e-7,20,40,0,0.1860760169944701,0.1860760169944701,,-0.18607598203647005,0.18343514279474182,1.0000003068255976,0.0,1.5089783937151258e-09,15.915484428405762,5e-07,10,0.5,3.28541898727417,9ad4c0c1f8fc4ca0122591cdc6d168fe224b4707
a1_sft_s0_task4_check5_lr5e-7,20,41,1,0.18130829298715526,0.18130829298715526,,-0.18607598203647002,0.18343514279474182,0.9969367140959083,0.01687763738229808,0.0014435028138053251,12.079378128051758,5e-07,10,0.5,3.28541898727417,9ad4c0c1f8fc4ca0122591cdc6d168fe224b4707
a1_sft_s0_task4_check5_lr5e-7,21,42,0,0.28125007171183963,0.28125007171183963,,-0.2812500006208818,0.23739245440810924,1.0000002883995573,0.0,4.346172079635243e-09,30.330312728881836,5e-07,10,0.5,3.28541898727417,9ad4c0c1f8fc4ca0122591cdc6d168fe224b4707
a1_sft_s0_task4_check5_lr5e-7,21,43,1,0.2717143294636723,0.2717143294636723,,-0.2812500006208818,0.23739245440810924,0.9817287769789497,0.04166666728754838,0.0031973630148437824,23.488502502441406,5e-07,10,0.5,3.28541898727417,9ad4c0c1f8fc4ca0122591cdc6d168fe224b4707
a1_sft_s0_task4_check5_lr5e-7,22,44,0,0.29767439912918225,0.29767439912918225,,-0.2976744424465093,0.265046521674755,0.9999999819799912,0.0,3.4653863602974133e-09,27.596729278564453,5e-07,10,0.5,3.28541898727417,9ad4c0c1f8fc4ca0122591cdc6d168fe224b4707
a1_sft_s0_task4_check5_lr5e-7,22,45,1,0.2873732407318786,0.2873732407318786,,-0.29767444244650937,0.265046521674755,0.9938907692598741,0.02906976761512978,0.0024268644861073236,22.0993709564209,5e-07,10,0.5,3.28541898727417,9ad4c0c1f8fc4ca0122591cdc6d168fe224b4707
a1_sft_s0_task4_check5_lr5e-7,23,46,0,0.30000007907549897,0.30000007907549897,,-0.2999999874830245,0.2928667036692301,0.9999994464715322,0.0,2.3841858620698983e-09,31.077817916870117,5e-07,10,0.5,3.28541898727417,9ad4c0c1f8fc4ca0122591cdc6d168fe224b4707
a1_sft_s0_task4_check5_lr5e-7,23,47,1,0.2908569612039718,0.2908569612039718,,-0.2999999874830245,0.2928667036692301,0.9893446822961172,0.0066666667660077415,0.0013349577046589429,28.214420318603516,5e-07,10,0.5,3.28541898727417,9ad4c0c1f8fc4ca0122591cdc6d168fe224b4707
a1_sft_s0_task4_check5_lr5e-7,24,48,0,0.2772020132430408,0.2772020132430408,,-0.27720207253886003,0.23991758712215128,1.0000002970967266,0.0,5.250150168383019e-09,27.860795974731445,5e-07,10,0.5,3.28541898727417,9ad4c0c1f8fc4ca0122591cdc6d168fe224b4707
a1_sft_s0_task4_check5_lr5e-7,24,49,1,0.27008514465291267,0.27008514465291267,,-0.27720207253886003,0.23991758712215128,0.9906142980941219,0.04663212504720441,0.003381735008018092,21.449058532714844,5e-07,10,0.5,3.28541898727417,9ad4c0c1f8fc4ca0122591cdc6d168fe224b4707
a1_sft_s0_task4_check5_lr5e-7,25,50,0,0.2731957966173743,0.2731957966173743,,-0.2731958763078624,0.2417892650845124,1.0000003554771857,0.0,3.379644857212678e-09,22.354156494140625,5e-07,10,0.5,3.28541898727417,9ad4c0c1f8fc4ca0122591cdc6d168fe224b4707
a1_sft_s0_task4_check5_lr5e-7,25,51,1,0.2653226298376073,0.2653226298376073,,-0.2731958763078624,0.24178926508451243,0.9897231014118979,0.03608247476447489,0.002889867001449226,20.468168258666992,5e-07,10,0.5,3.28541898727417,9ad4c0c1f8fc4ca0122591cdc6d168fe224b4707
a1_sft_s0_task4_check5_lr5e-7,26,52,0,0.27720215499709616,0.27720215499709616,,-0.27720207253886003,0.23991758712215125,0.9999999487338288,0.0,2.7794912669680575e-09,25.480379104614258,5e-07,10,0.5,3.28541898727417,9ad4c0c1f8fc4ca0122591cdc6d168fe224b4707
a1_sft_s0_task4_check5_lr5e-7,26,53,1,0.2696711972978333,0.2696711972978333,,-0.27720207253886003,0.23991758712215128,0.9925727526140955,0.005181347227467156,0.001064584382771698,24.999311447143555,5e-07,10,0.5,3.28541898727417,9ad4c0c1f8fc4ca0122591cdc6d168fe224b4707
a1_sft_s0_task4_check5_lr5e-7,27,54,0,0.2976743130143271,0.2976743130143271,,-0.29767444244650937,0.265046521674755,1.0000001580216165,0.0,6.2376954557647035e-09,35.079811096191406,5e-07,10,0.5,3.28541898727417,9ad4c0c1f8fc4ca0122591cdc6d168fe224b4707
a1_sft_s0_task4_check5_lr5e-7,27,55,1,0.29138527774904466,0.29138527774904466,,-0.29767444244650937,0.265046521674755,0.9882626387962075,0.040697674418604654,0.002284940943650855,25.938417434692383,5e-07,10,0.5,3.28541898727417,9ad4c0c1f8fc4ca0122591cdc6d168fe224b4707
a1_sft_s0_task4_check5_lr5e-7,28,56,0,0.2976745945769654,0.2976745945769654,,-0.29767444244650937,0.265046521674755,1.0000003652517186,0.0,4.505002257542599e-09,29.745115280151367,5e-07,10,0.5,3.28541898727417,9ad4c0c1f8fc4ca0122591cdc6d168fe224b4707
a1_sft_s0_task4_check5_lr5e-7,28,57,1,0.28770821542089237,0.28770821542089237,,-0.2976744424465093,0.265046521674755,0.9986014213672907,0.017441860551750937,0.0019793573003478865,30.016414642333984,5e-07,10,0.5,3.28541898727417,9ad4c0c1f8fc4ca0122591cdc6d168fe224b4707
a1_sft_s0_task4_check5_lr5e-7,29,58,0,0.2999998970826464,0.2999998970826464,,-0.2999999850988384,0.28256884932518006,1.0000000441074373,0.0,6.755193258101146e-09,44.385398864746094,5e-07,10,0.5,3.28541898727417,9ad4c0c1f8fc4ca0122591cdc6d168fe224b4707
a1_sft_s0_task4_check5_lr5e-7,29,59,1,0.2905896763290123,0.2905896763290123,,-0.2999999850988384,0.28256884932518006,0.9907187370459238,0.03333333412806193,0.0031104839464512674,31.173036575317383,5e-07,10,0.5,3.28541898727417,9ad4c0c1f8fc4ca0122591cdc6d168fe224b4707
a1_sft_s0_task4_check6_lr1e-6_wu5,0,0,0,0.2772018721066584,0.2772018721066584,,-0.27720207253886003,0.23991758712215125,0.9999997303893527,0.0,2.779491294579822e-09,23.23782730102539,2e-07,10,0.5,2.6084775924682617,3f7c85302a5878f2412f0de987995cd72cc4ac81
a1_sft_s0_task4_check6_lr1e-6_wu5,0,1,1,0.2625679785260265,0.2625679785260265,,-0.27720207253886003,0.23991758712215128,0.9688349869584789,0.08808290286694168,0.008931677780034888,12.266770362854004,2e-07,10,0.5,3.2863502502441406,3f7c85302a5878f2412f0de987995cd72cc4ac81
a1_sft_s0_task4_check6_lr1e-6_wu5,1,2,0,0.18983066738662083,0.18983066738662083,,-0.1898305388956756,0.180560579870717,1.0000005192675834,0.0,1.5153723831318185e-09,12.43458366394043,4e-07,10,0.5,3.28541898727417,3f7c85302a5878f2412f0de987995cd72cc4ac81
a1_sft_s0_task4_check6_lr1e-6_wu5,1,3,1,0.18112829830980917,0.18112829830980917,,-0.18983053889567564,0.180560579870717,0.9741494115126336,0.0677966125372608,0.005606037736316019,8.175068855285645,4e-07,10,0.5,3.28541898727417,3f7c85302a5878f2412f0de987995cd72cc4ac81
a1_sft_s0_task4_check6_lr1e-6_wu5,2,4,0,0.30175432728396395,0.30175432728396395,,-0.3017544102424768,0.2634706389137179,1.0000001728883263,0.0,2.0913910759147034e-09,29.650251388549805,6e-07,10,0.5,3.28541898727417,3f7c85302a5878f2412f0de987995cd72cc4ac81
a1_sft_s0_task4_check6_lr1e-6_wu5,2,5,1,0.2862635004982265,0.2862635004982265,,-0.30175441024247673,0.2634706389137179,1.0189720050633304,0.11111111346392605,0.014292588934019117,19.251934051513672,6e-07,10,0.5,3.28541898727417,3f7c85302a5878f2412f0de987995cd72cc4ac81
a1_sft_s0_task4_check6_lr1e-6_wu5,3,6,0,0.2960264941319755,0.2960264941319755,,-0.29602647814529626,0.2833381678094928,0.9999998223702636,0.0,-1.1841982523346275e-09,34.51922607421875,8e-07,10,0.5,3.28541898727417,3f7c85302a5878f2412f0de987995cd72cc4ac81
a1_sft_s0_task4_check6_lr1e-6_wu5,3,7,1,0.2763246464826759,0.2763246464826759,,-0.29602647814529626,0.2833381678094928,0.9710978352470904,0.1192053008750575,0.01656571814749363,17.83061408996582,8e-07,10,0.5,3.28541898727417,3f7c85302a5878f2412f0de987995cd72cc4ac81
a1_sft_s0_task4_check6_lr1e-6_wu5,4,8,0,0.3040270157308428,0.3040270157308428,,-0.3040268299163583,0.2814094332240572,1.0000001768137783,0.0,6.000467743861207e-10,34.73484802246094,1e-06,10,0.5,3.28541898727417,3f7c85302a5878f2412f0de987995cd72cc4ac81
a1_sft_s0_task4_check6_lr1e-6_wu5,4,9,1,0.2871416670839839,0.2871416670839839,,-0.3040268299163584,0.2814094332240572,0.9743212801498053,0.09395973374379561,0.014828794527547505,20.79131507873535,1e-06,10,0.5,3.28541898727417,3f7c85302a5878f2412f0de987995cd72cc4ac81
a1_sft_s0_task4_check6_lr1e-6_wu5,5,10,0,0.2772020269860885,0.2772020269860885,,-0.27720207253886003,0.23991758712215128,0.9999997362571674,0.0,4.94131777521816e-09,32.5930290222168,1e-06,10,0.5,3.28541898727417,3f7c85302a5878f2412f0de987995cd72cc4ac81
a1_sft_s0_task4_check6_lr1e-6_wu5,5,11,1,0.26045744999919873,0.26045744999919873,,-0.27720207253886003,0.23991758712215128,0.9878340808221097,0.09326425001720075,0.013064248823611894,16.941085815429688,1e-06,10,0.5,3.28541898727417,3f7c85302a5878f2412f0de987995cd72cc4ac81
a1_sft_s0_task4_check6_lr1e-6_wu5,6,12,0,0.2853404052594551,0.2853404052594551,,-0.28534031444819175,0.2335769156510917,1.0000006466011726,0.0,4.212893808096128e-09,26.503549575805664,1e-06,10,0.5,3.28541898727417,3f7c85302a5878f2412f0de987995cd72cc4ac81
a1_sft_s0_task4_check6_lr1e-6_wu5,6,13,1,0.27038885280977526,0.27038885280977526,,-0.2853403144481917,0.2335769156510917,0.9733891640034021,0.1256544525242601,0.01185224141905155,19.822086334228516,1e-06,10,0.5,3.28541898727417,3f7c85302a5878f2412f0de987995cd72cc4ac81
a1_sft_s0_task4_check6_lr1e-6_wu5,7,14,0,0.29364173620336276,0.29364173620336276,,-0.29364164231743445,0.26621525032671894,0.9999999538322404,0.0,3.4453552149988346e-09,48.666629791259766,1e-06,10,0.5,3.28541898727417,3f7c85302a5878f2412f0de987995cd72cc4ac81
a1_sft_s0_task4_check6_lr1e-6_wu5,7,15,1,0.27719625585168767,0.27719625585168767,,-0.29364164231743445,0.26621525032671894,0.9612848996427017,0.16184971188706465,0.02159870965298631,24.26633644104004,1e-06,10,0.5,3.28541898727417,3f7c85302a5878f2412f0de987995cd72cc4ac81
a1_sft_s0_task4_check6_lr1e-6_wu5,8,16,0,0.26511599354503523,0.26511599354503523,,-0.2651162912794787,0.287958236165749,0.9999996359034103,0.0,6.006669835080858e-09,34.517276763916016,1e-06,10,0.5,3.28541898727417,3f7c85302a5878f2412f0de987995cd72cc4ac81
a1_sft_s0_task4_check6_lr1e-6_wu5,8,17,1,0.24732801795020234,0.24732801795020234,,-0.2651162912794787,0.287958236165749,0.9896247026532194,0.08527131956215052,0.013337927473602497,21.496274948120117,1e-06,10,0.5,3.28541898727417,3f7c85302a5878f2412f0de987995cd72cc4ac81
a1_sft_s0_task4_check6_lr1e-6_wu5,9,18,0,0.29602650261872704,0.29602650261872704,,-0.29602647498743395,0.2833381678094928,1.0000001614456933,0.0,3.5525948040596923e-09,34.03579330444336,1e-06,10,0.5,3.28541898727417,3f7c85302a5878f2412f0de987995cd72cc4ac81
a1_sft_s0_task4_check6_lr1e-6_wu5,9,19,1,0.2814930712880138,0.2814930712880138,,-0.2960264749874339,0.2833381678094928,0.9689360564907656,0.09933775061408417,0.014766331090229881,22.462066650390625,1e-06,10,0.5,3.28541898727417,3f7c85302a5878f2412f0de987995cd72cc4ac81
a1_sft_s0_task4_check6_lr1e-6_wu5,10,20,0,0.27720211268706746,0.27720211268706746,,-0.27720207253886003,0.23991758712215128,1.0000000710314418,0.0,1.544161800153714e-09,19.697372436523438,1e-06,10,0.5,3.28541898727417,3f7c85302a5878f2412f0de987995cd72cc4ac81
a1_sft_s0_task4_check6_lr1e-6_wu5,10,21,1,0.26741842138297484,0.26741842138297484,,-0.27720207253886003,0.23991758712215128,0.9881331411050391,0.06217616703843825,0.004238127461425571,14.924507141113281,1e-06,10,0.5,3.28541898727417,3f7c85302a5878f2412f0de987995cd72cc4ac81
a1_sft_s0_task4_check6_lr1e-6_wu5,11,22,0,0.30175463811696024,0.30175463811696024,,-0.3017544099810529,0.27278524288657113,1.0000003548393472,0.0,1.394260706888417e-09,24.360782623291016,1e-06,10,0.5,3.28541898727417,3f7c85302a5878f2412f0de987995cd72cc4ac81
a1_sft_s0_task4_check6_lr1e-6_wu5,11,23,1,0.28804996352620993,0.28804996352620993,,-0.3017544099810529,0.27278524288657113,0.9890031152301363,0.04093567286318506,0.0057394452854206005,18.412681579589844,1e-06,10,0.5,3.28541898727417,3f7c85302a5878f2412f0de987995cd72cc4ac81
a1_sft_s0_task4_check6_lr1e-6_wu5,12,24,0,0.2936418419542387,0.2936418419542387,,-0.29364164231743445,0.26621525032671894,1.0000000754532785,0.0,6.890710481337461e-10,23.958282470703125,1e-06,10,0.5,3.28541898727417,3f7c85302a5878f2412f0de987995cd72cc4ac81
a1_sft_s0_task4_check6_lr1e-6_wu5,12,25,1,0.28104597616623117,0.28104597616623117,,-0.29364164231743445,0.26621525032671894,0.9925845985467722,0.05780346842342718,0.005840334260023356,19.74827003479004,1e-06,10,0.5,3.28541898727417,3f7c85302a5878f2412f0de987995cd72cc4ac81
a1_sft_s0_task4_check6_lr1e-6_wu5,13,26,0,0.2921054954395489,0.2921054954395489,,-0.2921052478057769,0.28383993475060715,1.0000003615492266,0.0,4.901697875078039e-09,35.48206329345703,1e-06,10,0.5,3.28541898727417,3f7c85302a5878f2412f0de987995cd72cc4ac81
a1_sft_s0_task4_check6_lr1e-6_wu5,13,27,1,0.2764510020244511,0.2764510020244511,,-0.29210524780577696,0.28383993475060715,0.9926438633548587,0.07894736979352798,0.0069721929407933194,25.131343841552734,1e-06,10,0.5,3.28541898727417,3f7c85302a5878f2412f0de987995cd72cc4ac81
a1_sft_s0_task4_check6_lr1e-6_wu5,14,28,0,0.29602629202880826,0.29602629202880826,,-0.2960264749874339,0.2833381678094928,0.9999996147408392,0.0,2.3683965223151834e-09,36.83049392700195,1e-06,10,0.5,3.28541898727417,3f7c85302a5878f2412f0de987995cd72cc4ac81
a1_sft_s0_task4_check6_lr1e-6_wu5,14,29,1,0.2801058638736063,0.2801058638736063,,-0.29602647498743395,0.2833381678094928,0.9916640010890583,0.07947020015574449,0.006361487865192522,33.09283447265625,1e-06,10,0.5,3.28541898727417,3f7c85302a5878f2412f0de987995cd72cc4ac81
a1_sft_s0_task4_check6_lr1e-6_wu5,15,30,0,0.29767437487147114,0.29767437487147114,,-0.29767444244650937,0.265046521674755,1.0000002280224203,0.0,4.5050022781979125e-09,29.46063804626465,1e-06,10,0.5,3.28541898727417,3f7c85302a5878f2412f0de987995cd72cc4ac81
a1_sft_s0_task4_check6_lr1e-6_wu5,15,31,1,0.28638252093954836,0.28638252093954836,,-0.29767444244650937,0.265046521674755,0.9883151899936584,0.052325581655252806,0.006359801387673564,20.83141326904297,1e-06,10,0.5,3.28541898727417,3f7c85302a5878f2412f0de987995cd72cc4ac81
a1_sft_s0_task4_check6_lr1e-6_wu5,16,32,0,0.305882514574949,0.305882514574949,,-0.30588237748426567,0.2612365210757536,1.000000095367432,0.0,3.155540054092733e-09,28.459667205810547,1e-06,10,0.5,3.28541898727417,3f7c85302a5878f2412f0de987995cd72cc4ac81
a1_sft_s0_task4_check6_lr1e-6_wu5,16,33,1,0.29310027780148257,0.29310027780148257,,-0.30588237748426567,0.2612365210757536,0.9811230589361752,0.04705882414298899,0.005594301569405669,18.866817474365234,1e-06,10,0.5,3.28541898727417,3f7c85302a5878f2412f0de987995cd72cc4ac81
a1_sft_s0_task4_check6_lr1e-6_wu5,17,34,0,0.2960266407751859,0.2960266407751859,,-0.29602647814529626,0.2833381678094928,0.9999999490794755,0.0,2.763129310345909e-09,39.371437072753906,1e-06,10,0.5,3.28541898727417,3f7c85302a5878f2412f0de987995cd72cc4ac81
a1_sft_s0_task4_check6_lr1e-6_wu5,17,35,1,0.2838709947486587,0.2838709947486587,,-0.2960264781452962,0.2833381678094928,0.9876594748718059,0.0860927175015014,0.007774043624528189,25.35109519958496,1e-06,10,0.5,3.28541898727417,3f7c85302a5878f2412f0de987995cd72cc4ac81
a1_sft_s0_task4_check6_lr1e-6_wu5,18,36,0,0.2580152934289191,0.2580152934289191,,-0.25801527908228283,0.28778312247218063,1.0000001747189586,0.0,5.004970260119209e-09,37.05105209350586,1e-06,10,0.5,3.28541898727417,3f7c85302a5878f2412f0de987995cd72cc4ac81
a1_sft_s0_task4_check6_lr1e-6_wu5,18,37,1,0.24004547583127656,0.24004547583127656,,-0.25801527908228283,0.28778312247218063,0.9931507852241283,0.09923664224511794,0.009229447350940376,21.76766014099121,1e-06,10,0.5,3.28541898727417,3f7c85302a5878f2412f0de987995cd72cc4ac81
a1_sft_s0_task4_check6_lr1e-6_wu5,19,38,0,0.29999981999397096,0.29999981999397096,,-0.2999999850988384,0.28256884932518006,1.000000023047129,0.0,4.3710074019524355e-09,50.9683837890625,1e-06,10,0.5,3.28541898727417,3f7c85302a5878f2412f0de987995cd72cc4ac81
a1_sft_s0_task4_check6_lr1e-6_wu5,19,39,1,0.28211483218008654,0.28211483218008654,,-0.2999999850988384,0.28256884932518006,0.9728280488650003,0.08666666885217032,0.007122159560579653,35.44728469848633,1e-06,10,0.5,3.28541898727417,3f7c85302a5878f2412f0de987995cd72cc4ac81
a1_sft_s0_task4_check6_lr1e-6_wu5,20,40,0,0.2936417932670583,0.2936417932670583,,-0.29364164231743445,0.26621525032671894,1.000000381056284,0.0,2.067213159803176e-09,30.337800979614258,1e-06,10,0.5,3.28541898727417,3f7c85302a5878f2412f0de987995cd72cc4ac81
a1_sft_s0_task4_check6_lr1e-6_wu5,20,41,1,0.2825430339917937,0.2825430339917937,,-0.29364164231743445,0.26621525032671894,0.9890983848902531,0.023121387541638633,0.0024688195767260633,26.42500114440918,1e-06,10,0.5,3.28541898727417,3f7c85302a5878f2412f0de987995cd72cc4ac81
a1_sft_s0_task4_check6_lr1e-6_wu5,21,42,0,0.30175432702254196,0.30175432702254196,,-0.3017544102424768,0.26347063891371786,0.999999736136163,0.0,1.7428259641179223e-09,44.61710739135742,1e-06,10,0.5,3.28541898727417,3f7c85302a5878f2412f0de987995cd72cc4ac81
a1_sft_s0_task4_check6_lr1e-6_wu5,21,43,1,0.28674880718068235,0.28674880718068235,,-0.3017544102424768,0.26347063891371786,0.9720990678720307,0.08187134546494623,0.00898997794887138,23.019533157348633,1e-06,10,0.5,3.28541898727417,3f7c85302a5878f2412f0de987995cd72cc4ac81
a1_sft_s0_task4_check6_lr1e-6_wu5,22,44,0,0.28823530946681875,0.28823530946681875,,-0.28823528219671796,0.2841446329565609,0.9999999914293973,0.0,4.09051495943365e-09,30.314258575439453,1e-06,10,0.5,3.28541898727417,3f7c85302a5878f2412f0de987995cd72cc4ac81
a1_sft_s0_task4_check6_lr1e-6_wu5,22,45,1,0.27226453634843323,0.27226453634843323,,-0.28823528219671796,0.2841446329565609,0.9921237090054682,0.0784313743994906,0.009514200425257597,19.934993743896484,1e-06,10,0.5,3.28541898727417,3f7c85302a5878f2412f0de987995cd72cc4ac81
a1_sft_s0_task4_check6_lr1e-6_wu5,23,46,0,0.29210524236489693,0.29210524236489693,,-0.2921052511634402,0.28383993475060715,0.9999999211807,0.0,3.1370866547750078e-09,28.62787437438965,1e-06,10,0.5,3.28541898727417,3f7c85302a5878f2412f0de987995cd72cc4ac81
a1_sft_s0_task4_check6_lr1e-6_wu5,23,47,1,0.2802913665655069,0.2802913665655069,,-0.29210525116344016,0.28383993475060715,0.9882751162114897,0.059210527492196935,0.0043969233480478775,21.68876838684082,1e-06,10,0.5,3.28541898727417,3f7c85302a5878f2412f0de987995cd72cc4ac81
a1_sft_s0_task4_check6_lr1e-6_wu5,24,48,0,0.2936416791396704,0.2936416791396704,,-0.29364164231743445,0.2662152503267189,1.0000002225699451,0.0,3.4453551841949586e-09,28.869043350219727,1e-06,10,0.5,3.28541898727417,3f7c85302a5878f2412f0de987995cd72cc4ac81
a1_sft_s0_task4_check6_lr1e-6_wu5,24,49,1,0.2822937268744939,0.2822937268744939,,-0.29364164231743445,0.26621525032671894,0.9827013780615921,0.06936416210811262,0.0091056110817001,18.733598709106445,1e-06,10,0.5,3.28541898727417,3f7c85302a5878f2412f0de987995cd72cc4ac81
a1_sft_s0_task4_check6_lr1e-6_wu5,25,50,0,0.2960266352489309,0.2960266352489309,,-0.2960264781452963,0.28333818359880264,1.0000004113115222,0.0,4.342060297773477e-09,25.745342254638672,1e-06,10,0.5,3.28541898727417,3f7c85302a5878f2412f0de987995cd72cc4ac81
a1_sft_s0_task4_check6_lr1e-6_wu5,25,51,1,0.28321991880911573,0.28321991880911573,,-0.29602647814529626,0.28333818359880264,0.9870827134871325,0.026490066817264686,0.0035148015254010826,20.9906005859375,1e-06,10,0.5,3.28541898727417,3f7c85302a5878f2412f0de987995cd72cc4ac81
a1_sft_s0_task4_check6_lr1e-6_wu5,26,52,0,0.30402715134140623,0.30402715134140623,,-0.3040268331166081,0.28140944922530414,1.000000062804894,0.0,2.4001870796616955e-09,25.141756057739258,1e-06,10,0.5,3.28541898727417,3f7c85302a5878f2412f0de987995cd72cc4ac81
a1_sft_s0_task4_check6_lr1e-6_wu5,26,53,1,0.2951521143448482,0.2951521143448482,,-0.3040268331166081,0.28140944922530414,0.9978133740041079,0.033557047579912534,0.0028581203905868975,18.878128051757812,1e-06,10,0.5,3.28541898727417,3f7c85302a5878f2412f0de987995cd72cc4ac81
a1_sft_s0_task4_check6_lr1e-6_wu5,27,54,0,0.28965512637434887,0.28965512637434887,,-0.2896551962556513,0.2671022970100929,0.999999693070335,0.0,5.82344237199977e-09,31.85141944885254,1e-06,10,0.5,3.28541898727417,3f7c85302a5878f2412f0de987995cd72cc4ac81
a1_sft_s0_task4_check6_lr1e-6_wu5,27,55,1,0.27756082862896586,0.27756082862896586,,-0.2896551962556512,0.2671022970100929,0.9869376907403443,0.05172413818795105,0.0054981007642813835,23.195785522460938,1e-06,10,0.5,3.28541898727417,3f7c85302a5878f2412f0de987995cd72cc4ac81
a1_sft_s0_task4_check6_lr1e-6_wu5,28,56,0,0.2615382960209456,0.2615382960209456,,-0.26153847345939046,0.2879557132720948,0.9999998872096723,0.0,4.584972716022898e-09,37.89599609375,1e-06,10,0.5,3.28541898727417,3f7c85302a5878f2412f0de987995cd72cc4ac81
a1_sft_s0_task4_check6_lr1e-6_wu5,28,57,1,0.24817977778774758,0.24817977778774758,,-0.26153847345939046,0.2879557132720948,0.9944249570369721,0.0846153851885062,0.009991166673493215,25.810571670532227,1e-06,10,0.5,3.28541898727417,3f7c85302a5878f2412f0de987995cd72cc4ac81
a1_sft_s0_task4_check6_lr1e-6_wu5,29,58,0,0.29602634433089353,0.29602634433089353,,-0.29602647498743395,0.2833381678094928,0.9999998902642964,0.0,5.1315258326610936e-09,43.810054779052734,1e-06,10,0.5,3.28541898727417,3f7c85302a5878f2412f0de987995cd72cc4ac81
a1_sft_s0_task4_check6_lr1e-6_wu5,29,59,1,0.28401537160604995,0.28401537160604995,,-0.29602647498743395,0.2833381678094928,0.9855614340068487,0.059602650486870315,0.010422556015052598,28.5981388092041,1e-06,10,0.5,3.28541898727417,3f7c85302a5878f2412f0de987995cd72cc4ac81
a1_sft_s2_task4_check6_lr1e-6_wu5,0,0,0,0.12874493521717567,0.12874493521717567,,-0.1287449465287842,0.42271234028735133,1.000000076979278,0.0,4.343658411811347e-09,20.71999168395996,2e-07,10,0.5,2.6084775924682617,3d7321b65a7729fe58681d2067d04e50e8449597
a1_sft_s2_task4_check6_lr1e-6_wu5,0,1,1,0.11630837194742219,0.11630837194742219,,-0.12874494652878418,0.42271234028735133,1.003293746878744,0.06882591177577431,0.01082843215573463,11.778074264526367,2e-07,10,0.5,3.2863502502441406,3d7321b65a7729fe58681d2067d04e50e8449597
a1_sft_s2_task4_check6_lr1e-6_wu5,1,2,0,0.12352939475984995,0.12352939475984995,,-0.12352942526340491,0.37785259438496005,1.0000001659580304,0.0,4.2073867178919945e-09,17.378599166870117,4e-07,10,0.5,3.28541898727417,3d7321b65a7729fe58681d2067d04e50e8449597
a1_sft_s2_task4_check6_lr1e-6_wu5,1,3,1,0.11440244840056289,0.11440244840056289,,-0.1235294252634049,0.3778525943849602,0.9903772010522731,0.07843137357164831,0.010086073662130412,12.016817092895508,4e-07,10,0.5,3.28541898727417,3d7321b65a7729fe58681d2067d04e50e8449597
a1_sft_s2_task4_check6_lr1e-6_wu5,2,4,0,0.08888880560795402,0.08888880560795402,,-0.08888889048938396,0.26727297681349294,1.0000000540856961,0.0,1.1037897526030612e-09,12.356765747070312,6e-07,10,0.5,3.28541898727417,3d7321b65a7729fe58681d2067d04e50e8449597
a1_sft_s2_task4_check6_lr1e-6_wu5,2,5,1,0.08262424582563754,0.08262424582563754,,-0.08888889048938398,0.26727297681349294,0.9959943349714635,0.04814814858966403,0.00932462511754474,9.187911987304688,6e-07,10,0.5,3.28541898727417,3d7321b65a7729fe58681d2067d04e50e8449597
a1_sft_s2_task4_check6_lr1e-6_wu5,3,6,0,0.13023261922274534,0.13023261922274534,,-0.13023255592168756,0.14708269474118255,0.999999885873277,0.0,2.310257566646505e-09,11.480765342712402,8e-07,10,0.5,3.28541898727417,3d7321b65a7729fe58681d2067d04e50e8449597
a1_sft_s2_task4_check6_lr1e-6_wu5,3,7,1,0.12292122161882217,0.12292122161882217,,-0.13023255592168753,0.14708269474118255,0.9826993817506835,0.08139534929926084,0.00865368405717981,7.856011867523193,8e-07,10,0.5,3.28541898727417,3d7321b65a7729fe58681d2067d04e50e8449597
a1_sft_s2_task4_check6_lr1e-6_wu5,4,8,0,0.07912082929205194,0.07912082929205194,,-0.07912087702489161,0.30383639774479704,1.0000000901711292,0.0,1.855822330160962e-09,18.004392623901367,1e-06,10,0.5,3.28541898727417,3d7321b65a7729fe58681d2067d04e50e8449597
a1_sft_s2_task4_check6_lr1e-6_wu5,4,9,1,0.0728713645639867,0.0728713645639867,,-0.07912087702489162,0.303836397744797,1.0039549111883284,0.13186813377853715,0.019704787434384082,10.160351753234863,1e-06,10,0.5,3.28541898727417,3d7321b65a7729fe58681d2067d04e50e8449597
a1_sft_s2_task4_check6_lr1e-6_wu5,5,10,0,0.06428570928318124,0.06428570928318124,,-0.06428571737238338,0.11293848710400718,1.0000000719513211,0.0,3.51241662580445e-09,9.321873664855957,1e-06,10,0.5,3.28541898727417,3d7321b65a7729fe58681d2067d04e50e8449597
a1_sft_s2_task4_check6_lr1e-6_wu5,5,11,1,0.06190696267627312,0.06190696267627312,,-0.0642857173723834,0.11293848710400718,1.0002705210021563,0.15000000239482944,0.020863329304432094,6.088126182556152,1e-06,10,0.5,3.28541898727417,3d7321b65a7729fe58681d2067d04e50e8449597
a1_sft_s2_task4_check6_lr1e-6_wu5,6,12,0,0.1108108772159094,0.1108108772159094,,-0.11081082241530586,0.40158802086782264,1.0000001824960745,0.0,4.602675289377238e-09,16.310266494750977,1e-06,10,0.5,3.28541898727417,3d7321b65a7729fe58681d2067d04e50e8449597
a1_sft_s2_task4_check6_lr1e-6_wu5,6,13,1,0.102991854157982,0.102991854157982,,-0.11081082241530585,0.40158802086782286,0.9993656157986998,0.06177606206372899,0.008010078175600196,10.41342830657959,1e-06,10,0.5,3.28541898727417,3d7321b65a7729fe58681d2067d04e50e8449597
a1_sft_s2_task4_check6_lr1e-6_wu5,7,14,0,0.06774194955184948,0.06774194955184948,,-0.06774193841603494,0.10200895609394196,0.9999999589817499,0.0,4.700007912928829e-09,7.014137268066406,1e-06,10,0.5,3.28541898727417,3d7321b65a7729fe58681d2067d04e50e8449597
a1_sft_s2_task4_check6_lr1e-6_wu5,7,15,1,0.06493494181065922,0.06493494181065922,,-0.06774193841603493,0.10200895609394196,0.9827615219205085,0.0609319005762377,0.007519764599547217,3.7549803256988525,1e-06,10,0.5,3.28541898727417,3d7321b65a7729fe58681d2067d04e50e8449597
a1_sft_s2_task4_check6_lr1e-6_wu5,8,16,0,0.1302325774070814,0.1302325774070814,,-0.1302325559216876,0.14708269474118255,1.000000174193419,0.0,6.930772648301235e-10,8.835421562194824,1e-06,10,0.5,3.28541898727417,3d7321b65a7729fe58681d2067d04e50e8449597
a1_sft_s2_task4_check6_lr1e-6_wu5,8,17,1,0.1258807798609311,0.1258807798609311,,-0.13023255592168753,0.14708269474118255,0.9831222605335617,0.06976744203373444,0.006703502007298958,8.063855171203613,1e-06,10,0.5,3.28541898727417,3d7321b65a7729fe58681d2067d04e50e8449597
a1_sft_s2_task4_check6_lr1e-6_wu5,9,18,0,0.1302325037098661,0.1302325037098661,,-0.13023256008015122,0.14708268434502358,0.9999996959701065,0.0,3.234360617402971e-09,12.223392486572266,1e-06,10,0.5,3.28541898727417,3d7321b65a7729fe58681d2067d04e50e8449597
a1_sft_s2_task4_check6_lr1e-6_wu5,9,19,1,0.1272130492841599,0.1272130492841599,,-0.13023256008015122,0.14708268434502358,0.9935037461362143,0.04651162808024606,0.005272673366111007,6.767826557159424,1e-06,10,0.5,3.28541898727417,3d7321b65a7729fe58681d2067d04e50e8449597
a1_sft_s2_task4_check6_lr1e-6_wu5,10,20,0,0.11081074112055422,0.11081074112055422,,-0.11081082241530585,0.40158802086782275,1.00000016385524,0.0,1.8410701088923744e-09,15.47779655456543,1e-06,10,0.5,3.28541898727417,3d7321b65a7729fe58681d2067d04e50e8449597
a1_sft_s2_task4_check6_lr1e-6_wu5,10,21,1,0.10222492316777326,0.10222492316777326,,-0.11081082241530586,0.4015880208678228,0.994272313983284,0.07335907419330825,0.005920279457914359,13.753623962402344,1e-06,10,0.5,3.28541898727417,3d7321b65a7729fe58681d2067d04e50e8449597
a1_sft_s2_task4_check6_lr1e-6_wu5,11,22,0,0.06774185389600665,0.06774185389600665,,-0.06774193841603494,0.10200895609394196,0.9999998448997416,0.0,1.4954570389671097e-09,10.46452808380127,1e-06,10,0.5,3.28541898727417,3d7321b65a7729fe58681d2067d04e50e8449597
a1_sft_s2_task4_check6_lr1e-6_wu5,11,23,1,0.06390702927578575,0.06390702927578575,,-0.06774193841603494,0.10200895609394196,0.993864207284852,0.050179211923512074,0.005287921356890972,5.3434367179870605,1e-06,10,0.5,3.28541898727417,3d7321b65a7729fe58681d2067d04e50e8449597
a1_sft_s2_task4_check6_lr1e-6_wu5,12,24,0,0.06428575515747162,0.06428575515747162,,-0.06428571737238338,0.11293848710400718,1.000000180516924,0.0,1.915863597926456e-09,7.228878021240234,1e-06,10,0.5,3.28541898727417,3d7321b65a7729fe58681d2067d04e50e8449597
a1_sft_s2_task4_check6_lr1e-6_wu5,12,25,1,0.061780583743114084,0.061780583743114084,,-0.0642857173723834,0.11293848710400718,0.9958463177084923,0.04642857193414653,0.005766880051903301,3.5069899559020996,1e-06,10,0.5,3.28541898727417,3d7321b65a7729fe58681d2067d04e50e8449597
a1_sft_s2_task4_check6_lr1e-6_wu5,13,26,0,0.0677418741647911,0.0677418741647911,,-0.06774193649330444,0.10200895609394196,0.999999750899585,0.0,2.9909141543366636e-09,7.591120719909668,1e-06,10,0.5,3.28541898727417,3d7321b65a7729fe58681d2067d04e50e8449597
a1_sft_s2_task4_check6_lr1e-6_wu5,13,27,1,0.06504050689725635,0.06504050689725635,,-0.06774193649330444,0.10200895609394196,0.9986552243591633,0.028673835419198518,0.0044177081160006165,4.181482315063477,1e-06,10,0.5,3.28541898727417,3d7321b65a7729fe58681d2067d04e50e8449597
a1_sft_s2_task4_check6_lr1e-6_wu5,14,28,0,0.06774196394562422,0.06774196394562422,,-0.06774193841603493,0.10200895609394196,1.0000002144912667,0.0,4.486371201262362e-09,6.556466579437256,1e-06,10,0.5,3.28541898727417,3d7321b65a7729fe58681d2067d04e50e8449597
a1_sft_s2_task4_check6_lr1e-6_wu5,14,29,1,0.06503234416418326,0.06503234416418326,,-0.06774193841603493,0.10200895609394196,0.9840672351553451,0.06093190014896426,0.005052868271423156,4.226648807525635,1e-06,10,0.5,3.28541898727417,3d7321b65a7729fe58681d2067d04e50e8449597
a1_sft_s2_task4_check6_lr1e-6_wu5,15,30,0,0.1302325921927288,0.1302325921927288,,-0.13023255904053532,0.14708268434502358,1.0000002850857816,0.0,6.237695459207256e-09,8.997654914855957,1e-06,10,0.5,3.28541898727417,3d7321b65a7729fe58681d2067d04e50e8449597
a1_sft_s2_task4_check6_lr1e-6_wu5,15,31,1,0.12625917962758149,0.12625917962758149,,-0.1302325590405353,0.14708268434502358,0.9859692158625105,0.027131783003492872,0.003291688703847489,8.08884048461914,1e-06,10,0.5,3.28541898727417,3d7321b65a7729fe58681d2067d04e50e8449597
a1_sft_s2_task4_check6_lr1e-6_wu5,16,32,0,0.15020253409740925,0.15020253409740925,,-0.15020245036132918,0.2905198364605305,0.9999997847475989,0.0,4.3436583884382296e-09,19.014785766601562,1e-06,10,0.5,3.28541898727417,3d7321b65a7729fe58681d2067d04e50e8449597
a1_sft_s2_task4_check6_lr1e-6_wu5,16,33,1,0.1437675515982758,0.1437675515982758,,-0.15020245036132915,0.2905198364605306,0.9946600635524703,0.0566801625466057,0.006159902699157382,14.245092391967773,1e-06,10,0.5,3.28541898727417,3d7321b65a7729fe58681d2067d04e50e8449597
a1_sft_s2_task4_check6_lr1e-6_wu5,17,34,0,0.12664103375668986,0.12664103375668986,,-0.12664092855679024,0.1580978094610928,0.999999979748229,0.0,-2.3013372588968358e-10,13.160980224609375,1e-06,10,0.5,3.28541898727417,3d7321b65a7729fe58681d2067d04e50e8449597
a1_sft_s2_task4_check6_lr1e-6_wu5,17,35,1,0.12010965609143605,0.12010965609143605,,-0.12664092855679027,0.1580978094610928,0.9944072860548394,0.04633204664848025,0.006091349657636647,7.044888973236084,1e-06,10,0.5,3.28541898727417,3d7321b65a7729fe58681d2067d04e50e8449597
a1_sft_s2_task4_check6_lr1e-6_wu5,18,36,0,0.18235288585434503,0.18235288585434503,,-0.18235297062817754,0.19454855428022494,0.9999999466563474,0.0,2.12873738804365e-09,17.068552017211914,1e-06,10,0.5,3.28541898727417,3d7321b65a7729fe58681d2067d04e50e8449597
a1_sft_s2_task4_check6_lr1e-6_wu5,18,37,1,0.17436490907380747,0.17436490907380747,,-0.1823529706281775,0.19454855428022494,0.9869546329273898,0.07142857374513852,0.006345969087221932,11.142682075500488,1e-06,10,0.5,3.28541898727417,3d7321b65a7729fe58681d2067d04e50e8449597
a1_sft_s2_task4_check6_lr1e-6_wu5,19,38,0,0.17253197684819926,0.17253197684819926,,-0.17253219876678208,0.3925045975543912,0.9999997700232803,0.0,2.813953297366828e-09,21.6248779296875,1e-06,10,0.5,3.28541898727417,3d7321b65a7729fe58681d2067d04e50e8449597
a1_sft_s2_task4_check6_lr1e-6_wu5,19,39,1,0.16472801964359296,0.16472801964359296,,-0.17253219876678208,0.3925045975543912,0.9919148374013121,0.04721030190011463,0.005889961603792113,16.26500701904297,1e-06,10,0.5,3.28541898727417,3d7321b65a7729fe58681d2067d04e50e8449597
a1_sft_s2_task4_check6_lr1e-6_wu5,20,40,0,0.1230769266302759,0.1230769266302759,,-0.12307692261842576,0.16216808786759015,0.999999838608962,0.0,2.9802322387695314e-09,12.57957935333252,1e-06,10,0.5,3.28541898727417,3d7321b65a7729fe58681d2067d04e50e8449597
a1_sft_s2_task4_check6_lr1e-6_wu5,20,41,1,0.11801107593077736,0.11801107593077736,,-0.12307692261842576,0.16216808786759015,0.9879184003059681,0.0961538463830948,0.007565864255481686,11.31360912322998,1e-06,10,0.5,3.28541898727417,3d7321b65a7729fe58681d2067d04e50e8449597
a1_sft_s2_task4_check6_lr1e-6_wu5,21,42,0,0.0,0.0,,0.0,0.0,0.999999980131785,0.0,4.172325226055782e-09,0.0,1e-06,10,0.5,3.28541898727417,3d7321b65a7729fe58681d2067d04e50e8449597
a1_sft_s2_task4_check6_lr1e-6_wu5,21,43,1,0.0,0.0,,0.0,0.0,1.000097968180974,0.013333333532015483,0.001267068997064295,0.0,1e-06,10,0.5,3.28541898727417,3d7321b65a7729fe58681d2067d04e50e8449597
a1_sft_s2_task4_check6_lr1e-6_wu5,22,44,0,0.1400000487565993,0.1400000487565993,,-0.14000001859664926,0.3209747233390808,0.999999874830246,0.0,4.172325231976971e-09,15.044567108154297,1e-06,10,0.5,3.28541898727417,3d7321b65a7729fe58681d2067d04e50e8449597
a1_sft_s2_task4_check6_lr1e-6_wu5,22,45,1,0.13244959577126428,0.13244959577126428,,-0.14000001859664923,0.3209747233390807,0.998206349849701,0.03600000071525574,0.005342040334944614,9.580029487609863,1e-06,10,0.5,3.28541898727417,3d7321b65a7729fe58681d2067d04e50e8449597
a1_sft_s2_task4_check6_lr1e-6_wu5,23,46,0,0.0,0.0,,0.0,0.0,0.9999998907248179,0.0,2.7815501605725033e-09,0.0,1e-06,10,0.5,3.28541898727417,3d7321b65a7729fe58681d2067d04e50e8449597
a1_sft_s2_task4_check6_lr1e-6_wu5,23,47,1,0.0,0.0,,0.0,0.0,1.0008776843547817,0.03333333383003872,0.0028338236283161674,0.0,1e-06,10,0.5,3.28541898727417,3d7321b65a7729fe58681d2067d04e50e8449597
a1_sft_s2_task4_check6_lr1e-6_wu5,24,48,0,0.23720941339121596,0.23720941339121596,,-0.2372093223208606,0.21307824157005134,1.000000227329343,0.0,3.8812327615388774e-09,23.09834098815918,1e-06,10,0.5,3.28541898727417,3d7321b65a7729fe58681d2067d04e50e8449597
a1_sft_s2_task4_check6_lr1e-6_wu5,24,49,1,0.22745386671415685,0.22745386671415685,,-0.23720932232086062,0.21307824157005134,0.9861262027607408,0.08372093265832857,0.00965631572615293,14.948692321777344,1e-06,10,0.5,3.28541898727417,3d7321b65a7729fe58681d2067d04e50e8449597
a1_sft_s2_task4_check6_lr1e-6_wu5,25,50,0,0.16419748728903372,0.16419748728903372,,-0.1641975561839073,0.24179614890259488,0.9999994037082657,0.0,5.396305514920393e-09,16.458280563354492,1e-06,10,0.5,3.28541898727417,3d7321b65a7729fe58681d2067d04e50e8449597
a1_sft_s2_task4_check6_lr1e-6_wu5,25,51,1,0.15743552651281476,0.15743552651281476,,-0.16419755618390727,0.24179614890259485,0.990355591715118,0.04115226444761449,0.003707334159206554,14.841623306274414,1e-06,10,0.5,3.28541898727417,3d7321b65a7729fe58681d2067d04e50e8449597
a1_sft_s2_task4_check6_lr1e-6_wu5,26,52,0,0.13023249816525034,0.13023249816525034,,-0.13023256008015122,0.14708269474118255,0.9999997333962787,0.0,3.580899215392513e-09,13.070415496826172,1e-06,10,0.5,3.28541898727417,3d7321b65a7729fe58681d2067d04e50e8449597
a1_sft_s2_task4_check6_lr1e-6_wu5,26,53,1,0.124074659947407,0.124074659947407,,-0.13023256008015122,0.14708269474118255,0.9939064110896383,0.058139535288016,0.004834971127376437,7.3818440437316895,1e-06,10,0.5,3.28541898727417,3d7321b65a7729fe58681d2067d04e50e8449597
a1_sft_s2_task4_check6_lr1e-6_wu5,27,54,0,0.1302325450057189,0.1302325450057189,,-0.13023256013790765,0.1539959785088088,0.9999997509542361,0.0,1.8482060619235841e-09,10.221719741821289,1e-06,10,0.5,3.28541898727417,3d7321b65a7729fe58681d2067d04e50e8449597
a1_sft_s2_task4_check6_lr1e-6_wu5,27,55,1,0.12499905521837026,0.12499905521837026,,-0.13023256013790768,0.15399597850880883,0.9836286153904227,0.05038759759230207,0.003968522100291546,6.877303123474121,1e-06,10,0.5,3.28541898727417,3d7321b65a7729fe58681d2067d04e50e8449597
a1_sft_s2_task4_check6_lr1e-6_wu5,28,56,0,0.06774197297177241,0.06774197297177241,,-0.06774193649330444,0.10200895609394196,1.0000004360325447,0.0,4.272734440252647e-09,7.576416015625,1e-06,10,0.5,3.28541898727417,3d7321b65a7729fe58681d2067d04e50e8449597
a1_sft_s2_task4_check6_lr1e-6_wu5,28,57,1,0.06530719644082944,0.06530719644082944,,-0.06774193649330444,0.10200895609394196,0.9981543571291003,0.053763441607943566,0.0053512131906956134,4.5284552574157715,1e-06,10,0.5,3.28541898727417,3d7321b65a7729fe58681d2067d04e50e8449597
a1_sft_s2_task4_check6_lr1e-6_wu5,29,58,0,0.13023262453633544,0.13023262453633544,,-0.13023256008015122,0.14708268434502358,1.0000001229057018,0.0,2.0792318323584426e-09,10.407572746276855,1e-06,10,0.5,3.28541898727417,3d7321b65a7729fe58681d2067d04e50e8449597
a1_sft_s2_task4_check6_lr1e-6_wu5,29,59,1,0.12577751532610768,0.12577751532610768,,-0.13023256008015122,0.14708268434502358,0.9823831245880718,0.07364341143027758,0.005316369780591985,6.8575239181518555,1e-06,10,0.5,3.28541898727417,3d7321b65a7729fe58681d2067d04e50e8449597
a1_sft_s2_rl12_task4_check6_lr1e-6_wu5,0,0,0,0.06774198202462911,0.06774198202462911,,-0.06774193841603494,0.10200895609394196,1.0000002085094384,0.0,1.1750019842011485e-09,7.05712890625,2e-07,10,0.5,2.6084775924682617,3d7321b65a7729fe58681d2067d04e50e8449597
a1_sft_s2_rl12_task4_check6_lr1e-6_wu5,0,1,1,0.06313555883277062,0.06313555883277062,,-0.06774193841603493,0.10200895609394196,0.9870048404594477,0.04301075319555925,0.004564410244518995,4.525286674499512,2e-07,10,0.5,3.2863502502441406,3d7321b65a7729fe58681d2067d04e50e8449597
a1_sft_s2_rl12_task4_check6_lr1e-6_wu5,1,2,0,0.15365854908174664,0.15365854908174664,,-0.15365855777409027,0.2881974293206765,0.9999997509204275,0.0,4.119020248640874e-09,14.856507301330566,4e-07,10,0.5,3.28541898727417,3d7321b65a7729fe58681d2067d04e50e8449597
a1_sft_s2_rl12_task4_check6_lr1e-6_wu5,1,3,1,0.14405891919774533,0.14405891919774533,,-0.15365855777409027,0.28819742932067655,0.9724345250827511,0.08536585532431679,0.006733857842713094,11.612676620483398,4e-07,10,0.5,3.28541898727417,3d7321b65a7729fe58681d2067d04e50e8449597
a1_sft_s2_rl12_task4_check6_lr1e-6_wu5,2,4,0,0.0,0.0,,0.0,0.0,0.9999997735023498,0.0,4.569689530479576e-09,0.0,6e-07,10,0.5,3.28541898727417,3d7321b65a7729fe58681d2067d04e50e8449597
a1_sft_s2_rl12_task4_check6_lr1e-6_wu5,2,5,1,0.0,0.0,,0.0,0.0,1.000029452641805,0.06333333452542625,0.005766875955547827,0.0,6e-07,10,0.5,3.28541898727417,3d7321b65a7729fe58681d2067d04e50e8449597
a1_sft_s2_rl12_task4_check6_lr1e-6_wu5,3,6,0,0.1139533242513958,0.1139533242513958,,-0.11395350029302208,0.3987251942933989,1.0000000194061636,0.0,3.927437878790543e-09,21.714160919189453,8e-07,10,0.5,3.28541898727417,3d7321b65a7729fe58681d2067d04e50e8449597
a1_sft_s2_rl12_task4_check6_lr1e-6_wu5,3,7,1,0.10485235653102919,0.10485235653102919,,-0.1139535002930221,0.3987251942933991,1.033441207667654,0.13953488418298174,0.029939301412648705,14.863873481750488,8e-07,10,0.5,3.28541898727417,3d7321b65a7729fe58681d2067d04e50e8449597
a1_sft_s2_rl12_task4_check6_lr1e-6_wu5,4,8,0,0.18235300418709757,0.18235300418709757,,-0.1823529706281775,0.19454855428022494,0.9999999328821647,0.0,-5.00879390251478e-10,13.64798641204834,1e-06,10,0.5,3.28541898727417,3d7321b65a7729fe58681d2067d04e50e8449597
a1_sft_s2_rl12_task4_check6_lr1e-6_wu5,4,9,1,0.17415378023987682,0.17415378023987682,,-0.18235297062817757,0.19454855428022494,0.9954564220765058,0.07983193502706641,0.012844301207804762,9.316009521484375,1e-06,10,0.5,3.28541898727417,3d7321b65a7729fe58681d2067d04e50e8449597
a1_sft_s2_rl12_task4_check6_lr1e-6_wu5,5,10,0,0.12664092568011837,0.12664092568011837,,-0.12664092726228782,0.1580978094610928,0.9999998043863011,0.0,2.991738981818273e-09,12.60888385772705,1e-06,10,0.5,3.28541898727417,3d7321b65a7729fe58681d2067d04e50e8449597
a1_sft_s2_rl12_task4_check6_lr1e-6_wu5,5,11,1,0.11748113846729968,0.11748113846729968,,-0.12664092726228782,0.1580978094610928,0.9781180088584486,0.11196911260197982,0.00999078234975877,7.114721298217773,1e-06,10,0.5,3.28541898727417,3d7321b65a7729fe58681d2067d04e50e8449597
a1_sft_s2_rl12_task4_check6_lr1e-6_wu5,6,12,0,0.1302326189917186,0.1302326189917186,,-0.13023256008015122,0.14708268434502358,1.0000003848889076,0.0,2.5412833147047756e-09,13.844054222106934,1e-06,10,0.5,3.28541898727417,3d7321b65a7729fe58681d2067d04e50e8449597
a1_sft_s2_rl12_task4_check6_lr1e-6_wu5,6,13,1,0.12196750177319572,0.12196750177319572,,-0.13023256008015122,0.14708268434502358,0.9735229837802027,0.09689922521049663,0.015108321403521445,7.52665376663208,1e-06,10,0.5,3.28541898727417,3d7321b65a7729fe58681d2067d04e50e8449597
a1_sft_s2_rl12_task4_check6_lr1e-6_wu5,7,14,0,0.06956524939100932,0.06956524939100932,,-0.06956521891381429,0.33314251510993315,1.0000005355779675,0.0,1.9436297289817453e-09,14.18393325805664,1e-06,10,0.5,3.28541898727417,3d7321b65a7729fe58681d2067d04e50e8449597
a1_sft_s2_rl12_task4_check6_lr1e-6_wu5,7,15,1,0.0660313119516249,0.0660313119516249,,-0.06956521891381427,0.3331425151099331,1.0226286507171134,0.0942028996575138,0.03600591831143348,8.868935585021973,1e-06,10,0.5,3.28541898727417,3d7321b65a7729fe58681d2067d04e50e8449597
a1_sft_s2_rl12_task4_check6_lr1e-6_wu5,8,16,0,0.06774191726600058,0.06774191726600058,,-0.06774193649330444,0.10200895609394196,0.999999934413527,0.0,1.9227305068681383e-09,6.9367570877075195,1e-06,10,0.5,3.28541898727417,3d7321b65a7729fe58681d2067d04e50e8449597
a1_sft_s2_rl12_task4_check6_lr1e-6_wu5,8,17,1,0.06569212572615742,0.06569212572615742,,-0.06774193649330444,0.10200895609394196,0.9829466699699346,0.1362007185015627,0.02199042168709593,4.127884864807129,1e-06,10,0.5,3.28541898727417,3d7321b65a7729fe58681d2067d04e50e8449597
a1_sft_s2_rl12_task4_check6_lr1e-6_wu5,9,18,0,0.12664087896296397,0.12664087896296397,,-0.12664092855679024,0.1580978094610928,0.9999997404091148,0.0,2.301337622398427e-09,14.204668998718262,1e-06,10,0.5,3.28541898727417,3d7321b65a7729fe58681d2067d04e50e8449597
a1_sft_s2_rl12_task4_check6_lr1e-6_wu5,9,19,1,0.12280178595780178,0.12280178595780178,,-0.12664092855679024,0.1580978094610928,0.9996963292935641,0.08880308949349013,0.017645042039935832,10.023759841918945,1e-06,10,0.5,3.28541898727417,3d7321b65a7729fe58681d2067d04e50e8449597
a1_sft_s2_rl12_task4_check6_lr1e-6_wu5,10,20,0,0.15949368772375855,0.15949368772375855,,-0.15949367995880828,0.41603089661537845,1.0000002260952559,0.0,3.2694532163634787e-09,19.097875595092773,1e-06,10,0.5,3.28541898727417,3d7321b65a7729fe58681d2067d04e50e8449597
a1_sft_s2_rl12_task4_check6_lr1e-6_wu5,10,21,1,0.14943074064431433,0.14943074064431433,,-0.15949367995880828,0.4160308966153784,1.0013450859468194,0.05485232234126908,0.006261706684026763,14.925895690917969,1e-06,10,0.5,3.28541898727417,3d7321b65a7729fe58681d2067d04e50e8449597
a1_sft_s2_rl12_task4_check6_lr1e-6_wu5,11,22,0,0.18983058697717617,0.18983058697717617,,-0.18983053889567564,0.18056057987071697,1.000000424809375,0.0,2.525620605309065e-09,14.839864730834961,1e-06,10,0.5,3.28541898727417,3d7321b65a7729fe58681d2067d04e50e8449597
a1_sft_s2_rl12_task4_check6_lr1e-6_wu5,11,23,1,0.18277345538549755,0.18277345538549755,,-0.1898305388956756,0.180560579870717,0.9928037731324211,0.06355932395968397,0.009409024055164961,9.729815483093262,1e-06,10,0.5,3.28541898727417,3d7321b65a7729fe58681d2067d04e50e8449597
a1_sft_s2_rl12_task4_check6_lr1e-6_wu5,12,24,0,0.13385208258369036,0.13385208258369036,,-0.13385214210136398,0.14292203255200664,0.9999999357568614,0.0,3.826757364944545e-09,9.279561042785645,1e-06,10,0.5,3.28541898727417,3d7321b65a7729fe58681d2067d04e50e8449597
a1_sft_s2_rl12_task4_check6_lr1e-6_wu5,12,25,1,0.12873087961928592,0.12873087961928592,,-0.13385214210136395,0.14292203255200664,0.9761325046710004,0.04669260706187223,0.003751798715170179,8.719853401184082,1e-06,10,0.5,3.28541898727417,3d7321b65a7729fe58681d2067d04e50e8449597
a1_sft_s2_rl12_task4_check6_lr1e-6_wu5,13,26,0,0.06428569206701912,0.06428569206701912,,-0.0642857173723834,0.11293848710400718,0.9999997383781841,0.0,3.405979747445846e-09,5.297386646270752,1e-06,10,0.5,3.28541898727417,3d7321b65a7729fe58681d2067d04e50e8449597
a1_sft_s2_rl12_task4_check6_lr1e-6_wu5,13,27,1,0.061479008674255695,0.061479008674255695,,-0.0642857173723834,0.11293848710400718,0.9874939648168427,0.04642857190753732,0.005701162205800107,4.908387184143066,1e-06,10,0.5,3.28541898727417,3d7321b65a7729fe58681d2067d04e50e8449597
a1_sft_s2_rl12_task4_check6_lr1e-6_wu5,14,28,0,0.17586212168479912,0.17586212168479912,,-0.1758620764674811,0.36910075771397555,1.0000001382211163,0.0,2.8260823489818744e-09,18.64069366455078,1e-06,10,0.5,3.28541898727417,3d7321b65a7729fe58681d2067d04e50e8449597
a1_sft_s2_rl12_task4_check6_lr1e-6_wu5,14,29,1,0.16450425995722542,0.16450425995722542,,-0.17586207646748112,0.3691007577139756,0.9968097459139494,0.07758620882342603,0.006101553752034369,13.460392951965332,1e-06,10,0.5,3.28541898727417,3d7321b65a7729fe58681d2067d04e50e8449597
a1_sft_s2_rl12_task4_check6_lr1e-6_wu5,15,30,0,0.12664095994128263,0.12664095994128263,,-0.12664092726228782,0.1580978094610928,1.0000001291050415,0.0,1.3808025988155824e-09,14.373258590698242,1e-06,10,0.5,3.28541898727417,3d7321b65a7729fe58681d2067d04e50e8449597
a1_sft_s2_rl12_task4_check6_lr1e-6_wu5,15,31,1,0.12135288138621264,0.12135288138621264,,-0.12664092726228782,0.1580978094610928,0.9905040880888125,0.073359073704274,0.008081758163579913,7.985512733459473,1e-06,10,0.5,3.28541898727417,3d7321b65a7729fe58681d2067d04e50e8449597
a1_sft_s2_rl12_task4_check6_lr1e-6_wu5,16,32,0,0.13333313876674083,0.13333313876674083,,-0.1333333502213161,0.3408751388390858,0.9999998067579572,0.0,4.494001068984796e-09,19.93006706237793,1e-06,10,0.5,3.28541898727417,3d7321b65a7729fe58681d2067d04e50e8449597
a1_sft_s2_rl12_task4_check6_lr1e-6_wu5,16,33,1,0.12702125729022856,0.12702125729022856,,-0.1333333502213161,0.3408751388390858,1.0037010721271,0.055555556501661024,0.0043998141448225525,14.2945556640625,1e-06,10,0.5,3.28541898727417,3d7321b65a7729fe58681d2067d04e50e8449597
a1_sft_s2_rl12_task4_check6_lr1e-6_wu5,17,34,0,0.1302326647348159,0.1302326647348159,,-0.13023256008015122,0.14708268434502358,1.0000002305637035,0.0,2.5412833078196716e-09,12.882671356201172,1e-06,10,0.5,3.28541898727417,3d7321b65a7729fe58681d2067d04e50e8449597
a1_sft_s2_rl12_task4_check6_lr1e-6_wu5,17,35,1,0.1241371291125547,0.1241371291125547,,-0.13023256008015122,0.14708268434502358,0.9952943509863328,0.0620155043380205,0.005359700786752098,6.782049655914307,1e-06,10,0.5,3.28541898727417,3d7321b65a7729fe58681d2067d04e50e8449597
a1_sft_s2_rl12_task4_check6_lr1e-6_wu5,18,36,0,0.009090891289790926,0.009090891289790926,,-0.009090914644978344,0.2874797853556546,1.0000000377295393,0.0,4.6158480075949285e-09,10.59437370300293,1e-06,10,0.5,3.28541898727417,3d7321b65a7729fe58681d2067d04e50e8449597
a1_sft_s2_rl12_task4_check6_lr1e-6_wu5,18,37,1,0.0051817765984120195,0.0051817765984120195,,-0.009090914644978344,0.2874797853556546,0.9961900897700378,0.06397306512702595,0.007629492368308242,5.916860580444336,1e-06,10,0.5,3.28541898727417,3d7321b65a7729fe58681d2067d04e50e8449597
a1_sft_s2_rl12_task4_check6_lr1e-6_wu5,19,38,0,0.18235314944211514,0.18235314944211514,,-0.18235297062817754,0.19454855428022494,1.000000179815693,0.0,3.0052763191178155e-09,18.85652732849121,1e-06,10,0.5,3.28541898727417,3d7321b65a7729fe58681d2067d04e50e8449597
a1_sft_s2_rl12_task4_check6_lr1e-6_wu5,19,39,1,0.17885730304327763,0.17885730304327763,,-0.18235297062817754,0.19454855428022494,1.0024482910873511,0.04201680791227758,0.006596752902211138,13.695268630981445,1e-06,10,0.5,3.28541898727417,3d7321b65a7729fe58681d2067d04e50e8449597
a1_sft_s2_rl12_task4_check6_lr1e-6_wu5,20,40,0,0.1266409512824992,0.1266409512824992,,-0.12664092726228784,0.1580978094610928,1.0000001486664112,0.0,2.761605197631165e-09,13.427973747253418,1e-06,10,0.5,3.28541898727417,3d7321b65a7729fe58681d2067d04e50e8449597
a1_sft_s2_rl12_task4_check6_lr1e-6_wu5,20,41,1,0.11942155460663444,0.11942155460663444,,-0.12664092726228784,0.1580978094610928,0.9822734511496938,0.07722007756527788,0.00681429194220392,7.415348052978516,1e-06,10,0.5,3.28541898727417,3d7321b65a7729fe58681d2067d04e50e8449597
a1_sft_s2_rl12_task4_check6_lr1e-6_wu5,21,42,0,0.13023251526115387,0.13023251526115387,,-0.13023256008015122,0.14708268434502358,0.9999998599983925,0.0,4.15846360275095e-09,10.679794311523438,1e-06,10,0.5,3.28541898727417,3d7321b65a7729fe58681d2067d04e50e8449597
a1_sft_s2_rl12_task4_check6_lr1e-6_wu5,21,43,1,0.12550499025225104,0.12550499025225104,,-0.13023256008015122,0.14708268434502358,0.9860530204551166,0.07751938076906427,0.004881577912804694,8.712596893310547,1e-06,10,0.5,3.28541898727417,3d7321b65a7729fe58681d2067d04e50e8449597
a1_sft_s2_rl12_task4_check6_lr1e-6_wu5,22,44,0,0.18607604795996263,0.18607604795996263,,-0.18607597882989083,0.19173301347700347,1.0000003812685292,0.0,5.2814244342167635e-09,15.66842269897461,1e-06,10,0.5,3.28541898727417,3d7321b65a7729fe58681d2067d04e50e8449597
a1_sft_s2_rl12_task4_check6_lr1e-6_wu5,22,45,1,0.1767906946743365,0.1767906946743365,,-0.18607597882989083,0.19173301347700347,0.9714725336948024,0.08860759760885803,0.010007081761556682,12.209994316101074,1e-06,10,0.5,3.28541898727417,3d7321b65a7729fe58681d2067d04e50e8449597
a1_sft_s2_rl12_task4_check6_lr1e-6_wu5,23,46,0,0.12664096126455043,0.12664096126455043,,-0.12664092415548198,0.15809781981711224,0.9999998916069971,0.0,5.523210364398987e-09,10.819355010986328,1e-06,10,0.5,3.28541898727417,3d7321b65a7729fe58681d2067d04e50e8449597
a1_sft_s2_rl12_task4_check6_lr1e-6_wu5,23,47,1,0.122791320793906,0.122791320793906,,-0.12664092415548198,0.15809781981711224,0.9835885954179359,0.07722007750774443,0.007596331254053685,8.299182891845703,1e-06,10,0.5,3.28541898727417,3d7321b65a7729fe58681d2067d04e50e8449597
a1_sft_s2_rl12_task4_check6_lr1e-6_wu5,24,48,0,0.22191788504521187,0.22191788504521187,,-0.22191782673336055,0.2327662085833615,1.0000003197966099,0.0,3.946426337419684e-09,21.442960739135742,1e-06,10,0.5,3.28541898727417,3d7321b65a7729fe58681d2067d04e50e8449597
a1_sft_s2_rl12_task4_check6_lr1e-6_wu5,24,49,1,0.2122972241085082,0.2122972241085082,,-0.22191782673336058,0.23276620858336147,1.0049228921328506,0.07305936290793223,0.008021731587705208,12.638856887817383,1e-06,10,0.5,3.28541898727417,3d7321b65a7729fe58681d2067d04e50e8449597
a1_sft_s2_rl12_task4_check6_lr1e-6_wu5,25,50,0,0.17866108354539412,0.17866108354539412,,-0.1786611171821172,0.19850525359728344,1.0000001526277933,0.0,2.743310131360232e-09,15.11520767211914,1e-06,10,0.5,3.28541898727417,3d7321b65a7729fe58681d2067d04e50e8449597
a1_sft_s2_rl12_task4_check6_lr1e-6_wu5,25,51,1,0.17044428313953733,0.17044428313953733,,-0.17866111718211714,0.19850525359728344,0.9747500200151896,0.07112971023036845,0.00819741755738079,10.220431327819824,1e-06,10,0.5,3.28541898727417,3d7321b65a7729fe58681d2067d04e50e8449597
a1_sft_s2_rl12_task4_check6_lr1e-6_wu5,26,52,0,0.1929515380953875,0.1929515380953875,,-0.19295155384992188,0.3329474168464475,0.9999998261750005,0.0,4.0699208291340256e-09,15.833098411560059,1e-06,10,0.5,3.28541898727417,3d7321b65a7729fe58681d2067d04e50e8449597
a1_sft_s2_rl12_task4_check6_lr1e-6_wu5,26,53,1,0.18434123295994723,0.18434123295994723,,-0.19295155384992188,0.3329474168464475,0.9892920754554512,0.06607929745172089,0.005573061363943231,12.080697059631348,1e-06,10,0.5,3.28541898727417,3d7321b65a7729fe58681d2067d04e50e8449597
a1_sft_s2_rl12_task4_check6_lr1e-6_wu5,27,54,0,0.06428573975073569,0.06428573975073569,,-0.06428571737238338,0.11293848710400718,1.000000030653817,0.0,2.128737354643663e-09,7.403428554534912,1e-06,10,0.5,3.28541898727417,3d7321b65a7729fe58681d2067d04e50e8449597
a1_sft_s2_rl12_task4_check6_lr1e-6_wu5,27,55,1,0.06149542987779048,0.06149542987779048,,-0.06428571737238338,0.11293848710400718,0.9930183097720146,0.046428571880928096,0.005402248262544162,4.467062473297119,1e-06,10,0.5,3.28541898727417,3d7321b65a7729fe58681d2067d04e50e8449597
a1_sft_s2_rl12_task4_check6_lr1e-6_wu5,28,56,0,0.1266409429976836,0.1266409429976836,,-0.12664092855679027,0.1580978094610928,1.0000000197915038,0.0,4.602675335672252e-09,13.691679000854492,1e-06,10,0.5,3.28541898727417,3d7321b65a7729fe58681d2067d04e50e8449597
a1_sft_s2_rl12_task4_check6_lr1e-6_wu5,28,57,1,0.12119505332034933,0.12119505332034933,,-0.12664092855679027,0.1580978094610928,0.9960372625170526,0.03861003898400597,0.006395283507029922,7.082739353179932,1e-06,10,0.5,3.28541898727417,3d7321b65a7729fe58681d2067d04e50e8449597
a1_sft_s2_rl12_task4_check6_lr1e-6_wu5,29,58,0,0.1860759183764489,0.1860759183764489,,-0.18607597882989085,0.19173301234526974,1.0000001554247697,0.0,1.0059855958100833e-09,16.79668426513672,1e-06,10,0.5,3.28541898727417,3d7321b65a7729fe58681d2067d04e50e8449597
a1_sft_s2_rl12_task4_check6_lr1e-6_wu5,29,59,1,0.17982561853989365,0.17982561853989365,,-0.1860759788298908,0.19173301234526974,0.9869502420666852,0.05485232202689859,0.006084891676314307,11.924028396606445,1e-06,10,0.5,3.28541898727417,3d7321b65a7729fe58681d2067d04e50e8449597
a1_sft_s0_rl10_task4_check6_lr1e-6_wu5,0,0,0,0.24507070301284092,0.24507070301284092,,-0.24507044080837223,0.2063735831231578,1.0000001667810718,0.0,5.8765143737065035e-09,19.36655044555664,2e-07,10,0.5,2.6084775924682617,3d7321b65a7729fe58681d2067d04e50e8449597
a1_sft_s0_rl10_task4_check6_lr1e-6_wu5,0,1,1,0.23165488040660606,0.23165488040660606,,-0.24507044080837223,0.20637358312315782,0.9930158422586505,0.0657277010696035,0.008287740317338293,12.48508358001709,2e-07,10,0.5,3.2863502502441406,3d7321b65a7729fe58681d2067d04e50e8449597
a1_sft_s0_rl10_task4_check6_lr1e-6_wu5,1,2,0,0.2772020702226189,0.2772020702226189,,-0.27720207253886003,0.23991758712215125,0.9999998885115193,0.0,4.632485428072907e-09,25.302799224853516,4e-07,10,0.5,3.28541898727417,3d7321b65a7729fe58681d2067d04e50e8449597
a1_sft_s0_rl10_task4_check6_lr1e-6_wu5,1,3,1,0.2643193777209061,0.2643193777209061,,-0.27720207253886003,0.23991758712215125,0.9891579222185004,0.09844559755350026,0.012721078896963589,12.762011528015137,4e-07,10,0.5,3.28541898727417,3d7321b65a7729fe58681d2067d04e50e8449597
a1_sft_s0_rl10_task4_check6_lr1e-6_wu5,2,4,0,0.2772021756888674,0.2772021756888674,,-0.27720207253886003,0.23991758712215128,1.0000001584309988,0.0,1.8529941657068094e-09,22.30042839050293,6e-07,10,0.5,3.28541898727417,3d7321b65a7729fe58681d2067d04e50e8449597
a1_sft_s0_rl10_task4_check6_lr1e-6_wu5,2,5,1,0.26742991603853017,0.26742991603853017,,-0.27720207253886003,0.23991758712215128,0.9753923360547869,0.11917098646336889,0.01584802340556882,23.52743911743164,6e-07,10,0.5,3.28541898727417,3d7321b65a7729fe58681d2067d04e50e8449597
a1_sft_s0_rl10_task4_check6_lr1e-6_wu5,3,6,0,0.241121717284775,0.241121717284775,,-0.24112151326420134,0.21035094573118976,1.000000366540713,0.0,3.0637902101111898e-09,27.321819305419922,8e-07,10,0.5,3.28541898727417,3d7321b65a7729fe58681d2067d04e50e8449597
a1_sft_s0_rl10_task4_check6_lr1e-6_wu5,3,7,1,0.22647310885226482,0.22647310885226482,,-0.24112151326420134,0.21035094573118976,0.9553691477419058,0.14018691978721975,0.02726752172108896,14.613822937011719,8e-07,10,0.5,3.28541898727417,3d7321b65a7729fe58681d2067d04e50e8449597
a1_sft_s0_rl10_task4_check6_lr1e-6_wu5,4,8,0,0.30810780460769727,0.30810780460769727,,-0.30810809276393886,0.2796100200833501,1.000000018525768,0.0,4.430075069546388e-09,38.42637634277344,1e-06,10,0.5,3.28541898727417,3d7321b65a7729fe58681d2067d04e50e8449597
a1_sft_s0_rl10_task4_check6_lr1e-6_wu5,4,9,1,0.28859888458926536,0.28859888458926536,,-0.30810809276393886,0.2796100200833501,0.9766524140093777,0.12837838180161812,0.02002688459774741,17.38027000427246,1e-06,10,0.5,3.28541898727417,3d7321b65a7729fe58681d2067d04e50e8449597
a1_sft_s0_rl10_task4_check6_lr1e-6_wu5,5,10,0,0.2772020385673006,0.2772020385673006,,-0.27720207253886003,0.23991758712215128,0.9999999079679577,0.0,1.3897456288820677e-09,26.76226806640625,1e-06,10,0.5,3.28541898727417,3d7321b65a7729fe58681d2067d04e50e8449597
a1_sft_s0_rl10_task4_check6_lr1e-6_wu5,5,11,1,0.2629694959288704,0.2629694959288704,,-0.27720207253886003,0.23991758712215128,0.973490887046478,0.11398963931310982,0.015451783866113667,21.083900451660156,1e-06,10,0.5,3.28541898727417,3d7321b65a7729fe58681d2067d04e50e8449597
a1_sft_s0_rl10_task4_check6_lr1e-6_wu5,6,12,0,0.2853404118128512,0.2853404118128512,,-0.28534031444819175,0.2335769156510917,0.9999998352290447,0.0,4.680993161441466e-09,23.60795783996582,1e-06,10,0.5,3.28541898727417,3d7321b65a7729fe58681d2067d04e50e8449597
a1_sft_s0_rl10_task4_check6_lr1e-6_wu5,6,13,1,0.27444021201921703,0.27444021201921703,,-0.28534031444819175,0.2335769156510917,0.9990401798517916,0.07329843048962,0.009932662246545232,15.943572998046875,1e-06,10,0.5,3.28541898727417,3d7321b65a7729fe58681d2067d04e50e8449597
a1_sft_s0_rl10_task4_check6_lr1e-6_wu5,7,14,0,0.28124970787514925,0.28124970787514925,,-0.28125000062088173,0.23739245440810924,1.0,0.0,3.104408637562746e-09,21.52625846862793,1e-06,10,0.5,3.28541898727417,3d7321b65a7729fe58681d2067d04e50e8449597
a1_sft_s0_rl10_task4_check6_lr1e-6_wu5,7,15,1,0.27038106322288513,0.27038106322288513,,-0.28125000062088173,0.23739245440810924,0.9894472078109781,0.07291666775320967,0.00957235828768906,15.25139045715332,1e-06,10,0.5,3.28541898727417,3d7321b65a7729fe58681d2067d04e50e8449597
a1_sft_s0_rl10_task4_check6_lr1e-6_wu5,8,16,0,0.3017543339067032,0.3017543339067032,,-0.3017544102424768,0.26347063891371786,0.9999999637492216,0.0,3.4856517828031202e-09,30.85357093811035,1e-06,10,0.5,3.28541898727417,3d7321b65a7729fe58681d2067d04e50e8449597
a1_sft_s0_rl10_task4_check6_lr1e-6_wu5,8,17,1,0.2877622240533432,0.2877622240533432,,-0.3017544102424768,0.2634706389137179,0.9776064032002498,0.07602339277141973,0.010064825638570437,23.249984741210938,1e-06,10,0.5,3.28541898727417,3d7321b65a7729fe58681d2067d04e50e8449597
a1_sft_s0_rl10_task4_check6_lr1e-6_wu5,9,18,0,0.297674283731816,0.297674283731816,,-0.2976744424465093,0.265046521674755,0.9999998496022335,0.0,1.7326931569114808e-09,29.133678436279297,1e-06,10,0.5,3.28541898727417,3d7321b65a7729fe58681d2067d04e50e8449597
a1_sft_s0_rl10_task4_check6_lr1e-6_wu5,9,19,1,0.2832964097019719,0.2832964097019719,,-0.29767444244650937,0.265046521674755,0.9778843168602434,0.10465116322387094,0.010969834636726288,20.59105682373047,1e-06,10,0.5,3.28541898727417,3d7321b65a7729fe58681d2067d04e50e8449597
a1_sft_s0_rl10_task4_check6_lr1e-6_wu5,10,20,0,0.2411215037943041,0.2411215037943041,,-0.24112151660651798,0.21035094573118976,0.9999999364959858,0.0,3.3423166332203165e-09,23.107070922851562,1e-06,10,0.5,3.28541898727417,3d7321b65a7729fe58681d2067d04e50e8449597
a1_sft_s0_rl10_task4_check6_lr1e-6_wu5,10,21,1,0.22736570735627384,0.22736570735627384,,-0.24112151660651798,0.21035094573118976,0.9719666315016345,0.0981308436282327,0.011415467145210826,14.949728012084961,1e-06,10,0.5,3.28541898727417,3d7321b65a7729fe58681d2067d04e50e8449597
a1_sft_s0_rl10_task4_check6_lr1e-6_wu5,11,22,0,0.24905649558552753,0.24905649558552753,,-0.24905662491636468,0.19486708461113694,0.9999997705783484,0.0,3.373847897075837e-09,19.011619567871094,1e-06,10,0.5,3.28541898727417,3d7321b65a7729fe58681d2067d04e50e8449597
a1_sft_s0_rl10_task4_check6_lr1e-6_wu5,11,23,1,0.23852512454350458,0.23852512454350458,,-0.24905662491636468,0.19486708461113694,0.9786386034398709,0.1132075497704857,0.011482078210288167,14.964492797851562,1e-06,10,0.5,3.28541898727417,3d7321b65a7729fe58681d2067d04e50e8449597
a1_sft_s0_rl10_task4_check6_lr1e-6_wu5,12,24,0,0.18235288547868364,0.18235288547868364,,-0.1823529706281775,0.19454855428022494,1.0000002148772487,0.0,2.504396928866337e-09,18.644224166870117,1e-06,10,0.5,3.28541898727417,3d7321b65a7729fe58681d2067d04e50e8449597
a1_sft_s0_rl10_task4_check6_lr1e-6_wu5,12,25,1,0.17591311268744683,0.17591311268744683,,-0.1823529706281775,0.19454855428022494,0.9877660294540792,0.09663865959443967,0.00890413206084419,10.54419231414795,1e-06,10,0.5,3.28541898727417,3d7321b65a7729fe58681d2067d04e50e8449597
a1_sft_s0_rl10_task4_check6_lr1e-6_wu5,13,26,0,0.24507051538413888,0.24507051538413888,,-0.24507044080837223,0.20637358312315782,1.0000002025998254,0.0,3.218091193628477e-09,20.058225631713867,1e-06,10,0.5,3.28541898727417,3d7321b65a7729fe58681d2067d04e50e8449597
a1_sft_s0_rl10_task4_check6_lr1e-6_wu5,13,27,1,0.2353532397441846,0.2353532397441846,,-0.24507044080837223,0.20637358312315782,0.9931879933451263,0.07981220867152505,0.006941685062136826,16.15193748474121,1e-06,10,0.5,3.28541898727417,3d7321b65a7729fe58681d2067d04e50e8449597
a1_sft_s0_rl10_task4_check6_lr1e-6_wu5,14,28,0,0.2731956921364229,0.2731956921364229,,-0.2731958763078624,0.24178926508451243,0.9999999579080604,0.0,6.452049295751763e-09,23.927629470825195,1e-06,10,0.5,3.28541898727417,3d7321b65a7729fe58681d2067d04e50e8449597
a1_sft_s0_rl10_task4_check6_lr1e-6_wu5,14,29,1,0.2609960394908467,0.2609960394908467,,-0.2731958763078624,0.24178926508451243,0.995049692306322,0.05670103169593615,0.005218640859705367,21.200498580932617,1e-06,10,0.5,3.28541898727417,3d7321b65a7729fe58681d2067d04e50e8449597
a1_sft_s0_rl10_task4_check6_lr1e-6_wu5,15,30,0,0.28124996204860503,0.28124996204860503,,-0.28125000062088173,0.23739245440810924,0.9999996755893034,0.0,4.346172116642677e-09,26.03410530090332,1e-06,10,0.5,3.28541898727417,3d7321b65a7729fe58681d2067d04e50e8449597
a1_sft_s0_rl10_task4_check6_lr1e-6_wu5,15,31,1,0.27106064173373556,0.27106064173373556,,-0.28125000062088173,0.23739245440810924,0.9924364772935709,0.057291667520379015,0.007297562098069458,21.16545295715332,1e-06,10,0.5,3.28541898727417,3d7321b65a7729fe58681d2067d04e50e8449597
a1_sft_s0_rl10_task4_check6_lr1e-6_wu5,16,32,0,0.18607588910855144,0.18607588910855144,,-0.18607597882989083,0.19173301234526974,0.9999998237010296,0.0,1.7604748189007644e-09,16.37065315246582,1e-06,10,0.5,3.28541898727417,3d7321b65a7729fe58681d2067d04e50e8449597
a1_sft_s0_rl10_task4_check6_lr1e-6_wu5,16,33,1,0.1793342554757081,0.1793342554757081,,-0.1860759788298908,0.19173301234526974,0.9928840260465436,0.0590717318125918,0.004719202439891388,11.283437728881836,1e-06,10,0.5,3.28541898727417,3d7321b65a7729fe58681d2067d04e50e8449597
a1_sft_s0_rl10_task4_check6_lr1e-6_wu5,17,34,0,0.2411214213504943,0.2411214213504943,,-0.24112151215009586,0.21035094573118976,1.0000000222821102,0.0,5.5705277068158515e-09,23.987945556640625,1e-06,10,0.5,3.28541898727417,3d7321b65a7729fe58681d2067d04e50e8449597
a1_sft_s0_rl10_task4_check6_lr1e-6_wu5,17,35,1,0.2312987048514013,0.2312987048514013,,-0.24112151215009586,0.21035094573118976,0.9909566323333813,0.06074766515292852,0.005339235173072937,19.031902313232422,1e-06,10,0.5,3.28541898727417,3d7321b65a7729fe58681d2067d04e50e8449597
a1_sft_s0_rl10_task4_check6_lr1e-6_wu5,18,36,0,0.3017544672328807,0.3017544672328807,,-0.30175441024247673,0.26347063891371786,1.0000000564675584,0.0,4.879912479303486e-09,28.529212951660156,1e-06,10,0.5,3.28541898727417,3d7321b65a7729fe58681d2067d04e50e8449597
a1_sft_s0_rl10_task4_check6_lr1e-6_wu5,18,37,1,0.29065867889215014,0.29065867889215014,,-0.3017544102424768,0.26347063891371786,0.9929501647837677,0.07602339216143067,0.006513815219153252,24.23307991027832,1e-06,10,0.5,3.28541898727417,3d7321b65a7729fe58681d2067d04e50e8449597
a1_sft_s0_rl10_task4_check6_lr1e-6_wu5,19,38,0,0.2731959452449377,0.2731959452449377,,-0.2731958763078624,0.24178926508451243,0.9999998254874317,0.0,5.530327973346516e-09,21.824237823486328,1e-06,10,0.5,3.28541898727417,3d7321b65a7729fe58681d2067d04e50e8449597
a1_sft_s0_rl10_task4_check6_lr1e-6_wu5,19,39,1,0.2613572222708734,0.2613572222708734,,-0.2731958763078624,0.24178926508451243,0.9874469751549749,0.0463917534990409,0.0036035770842702437,16.784589767456055,1e-06,10,0.5,3.28541898727417,3d7321b65a7729fe58681d2067d04e50e8449597
a1_sft_s0_rl10_task4_check6_lr1e-6_wu5,20,40,0,0.277202085509818,0.277202085509818,,-0.27720207253886003,0.23991758712215125,1.0000000772080888,0.0,1.544161850775282e-10,22.65521240234375,1e-06,10,0.5,3.28541898727417,3d7321b65a7729fe58681d2067d04e50e8449597
a1_sft_s0_rl10_task4_check6_lr1e-6_wu5,20,41,1,0.2661041265225081,0.2661041265225081,,-0.27720207253886003,0.23991758712215125,0.9924113182206228,0.06735751395707304,0.006800722162236388,17.44506072998047,1e-06,10,0.5,3.28541898727417,3d7321b65a7729fe58681d2067d04e50e8449597
a1_sft_s0_rl10_task4_check6_lr1e-6_wu5,21,42,0,0.23720931507820017,0.23720931507820017,,-0.23720932200897585,0.21307824157005134,1.0000002528345862,0.0,-5.544617891432552e-10,19.464048385620117,1e-06,10,0.5,3.28541898727417,3d7321b65a7729fe58681d2067d04e50e8449597
a1_sft_s0_rl10_task4_check6_lr1e-6_wu5,21,43,1,0.22776588320185231,0.22776588320185231,,-0.23720932200897585,0.21307824157005134,0.9888158706731576,0.0604651175612627,0.005303014522918559,14.834622383117676,1e-06,10,0.5,3.28541898727417,3d7321b65a7729fe58681d2067d04e50e8449597
a1_sft_s0_rl10_task4_check6_lr1e-6_wu5,22,44,0,0.3017540825040705,0.3017540825040705,,-0.3017544102424768,0.2634706389137179,0.9999999194814445,0.0,5.577042822359643e-09,24.338258743286133,1e-06,10,0.5,3.28541898727417,3d7321b65a7729fe58681d2067d04e50e8449597
a1_sft_s0_rl10_task4_check6_lr1e-6_wu5,22,45,1,0.2901448566052648,0.2901448566052648,,-0.30175441024247673,0.26347063891371786,0.9925986026462756,0.07602339303284361,0.00654022361367004,22.462535858154297,1e-06,10,0.5,3.28541898727417,3d7321b65a7729fe58681d2067d04e50e8449597
a1_sft_s0_rl10_task4_check6_lr1e-6_wu5,23,46,0,0.27319606645129074,0.27319606645129074,,-0.2731958763078624,0.24178926508451243,1.0000001333423496,0.0,4.3013662299785565e-09,21.479114532470703,1e-06,10,0.5,3.28541898727417,3d7321b65a7729fe58681d2067d04e50e8449597
a1_sft_s0_rl10_task4_check6_lr1e-6_wu5,23,47,1,0.2605665884191919,0.2605665884191919,,-0.2731958763078624,0.24178926508451243,0.9900756266313729,0.06701031027688194,0.005484557120569699,15.497323989868164,1e-06,10,0.5,3.28541898727417,3d7321b65a7729fe58681d2067d04e50e8449597
a1_sft_s0_rl10_task4_check6_lr1e-6_wu5,24,48,0,0.30000030428171376,0.30000030428171376,,-0.2999999850988384,0.28256884932518006,1.0000007021427153,0.0,1.589457211773985e-09,23.669395446777344,1e-06,10,0.5,3.28541898727417,3d7321b65a7729fe58681d2067d04e50e8449597
a1_sft_s0_rl10_task4_check6_lr1e-6_wu5,24,49,1,0.289793253770719,0.289793253770719,,-0.29999998509883835,0.28256884932518006,0.9881197591622667,0.04000000109275182,0.004365354104253735,20.119373321533203,1e-06,10,0.5,3.28541898727417,3d7321b65a7729fe58681d2067d04e50e8449597
a1_sft_s0_rl10_task4_check6_lr1e-6_wu5,25,50,0,0.27720209462037443,0.27720209462037443,,-0.27720207253886003,0.23991758712215128,1.0000001575045017,0.0,2.161826526657945e-09,26.710338592529297,1e-06,10,0.5,3.28541898727417,3d7321b65a7729fe58681d2067d04e50e8449597
a1_sft_s0_rl10_task4_check6_lr1e-6_wu5,25,51,1,0.2627297490714552,0.2627297490714552,,-0.27720207253886003,0.23991758712215128,0.9916182725540714,0.1036269448581755,0.010593350602351876,22.14603614807129,1e-06,10,0.5,3.28541898727417,3d7321b65a7729fe58681d2067d04e50e8449597
a1_sft_s0_rl10_task4_check6_lr1e-6_wu5,26,52,0,0.23720924285955292,0.23720924285955292,,-0.2372093218703604,0.2216783890890521,0.9999996201936586,0.0,5.544618296276672e-09,20.103927612304688,1e-06,10,0.5,3.28541898727417,3d7321b65a7729fe58681d2067d04e50e8449597
a1_sft_s0_rl10_task4_check6_lr1e-6_wu5,26,53,1,0.22901584757816823,0.22901584757816823,,-0.23720932187036037,0.22167838908905207,0.9838240429412486,0.051162792153136676,0.005362528292083203,13.643208503723145,1e-06,10,0.5,3.28541898727417,3d7321b65a7729fe58681d2067d04e50e8449597
a1_sft_s0_rl10_task4_check6_lr1e-6_wu5,27,54,0,0.24112147315640176,0.24112147315640176,,-0.2411215121500959,0.21035094573118976,1.0000000846720187,0.0,3.0637902184119232e-09,23.771848678588867,1e-06,10,0.5,3.28541898727417,3d7321b65a7729fe58681d2067d04e50e8449597
a1_sft_s0_rl10_task4_check6_lr1e-6_wu5,27,55,1,0.22976586504221377,0.22976586504221377,,-0.24112151215009586,0.21035094573118976,0.9774833917617795,0.0841121514823949,0.009030117130937343,17.088775634765625,1e-06,10,0.5,3.28541898727417,3d7321b65a7729fe58681d2067d04e50e8449597
a1_sft_s0_rl10_task4_check6_lr1e-6_wu5,28,56,0,0.23333328893339317,0.23333328893339317,,-0.23333334908993164,0.2243406387666861,0.9999998708566032,0.0,5.794896153467601e-09,22.84555435180664,1e-06,10,0.5,3.28541898727417,3d7321b65a7729fe58681d2067d04e50e8449597
a1_sft_s0_rl10_task4_check6_lr1e-6_wu5,28,57,1,0.2222003926570459,0.2222003926570459,,-0.2333333490899316,0.2243406387666861,0.9746064612710917,0.09259259486915886,0.009881504814243441,12.561016082763672,1e-06,10,0.5,3.28541898727417,3d7321b65a7729fe58681d2067d04e50e8449597
a1_sft_s0_rl10_task4_check6_lr1e-6_wu5,29,58,0,0.26923081278801075,0.26923081278801075,,-0.26923076923076933,0.24325212148519662,0.9999999128855191,0.0,5.501967314795563e-09,28.954355239868164,1e-06,10,0.5,3.28541898727417,3d7321b65a7729fe58681d2067d04e50e8449597
a1_sft_s0_rl10_task4_check6_lr1e-6_wu5,29,59,1,0.25572212970851416,0.25572212970851416,,-0.26923076923076933,0.24325212148519662,0.9816083724682148,0.08205128365602248,0.007560627373655175,19.553417205810547,1e-06,10,0.5,3.28541898727417,3d7321b65a7729fe58681d2067d04e50e8449597
