run_id,condition,demo_budget,seed,stage,step,task_id,episode_idx,success,reward_total,eval_distribution,wallclock_s,git_sha,eval_dir
diag50_a1_sft_s1,a1_sft,1,1,sft,8000,0,0,1,1.0,libero_goal,3540.5915291309357,f3443dea3735fe2a5f8adc0a6dce3292c4496bc9,outputs/rl/eval/diag50_a1_sft_s1
diag50_a1_sft_s1,a1_sft,1,1,sft,8000,0,1,1,1.0,libero_goal,3540.5915291309357,f3443dea3735fe2a5f8adc0a6dce3292c4496bc9,outputs/rl/eval/diag50_a1_sft_s1
diag50_a1_sft_s1,a1_sft,1,1,sft,8000,0,2,1,1.0,libero_goal,3540.5915291309357,f3443dea3735fe2a5f8adc0a6dce3292c4496bc9,outputs/rl/eval/diag50_a1_sft_s1
diag50_a1_sft_s1,a1_sft,1,1,sft,8000,0,3,1,1.0,libero_goal,3540.5915291309357,f3443dea3735fe2a5f8adc0a6dce3292c4496bc9,outputs/rl/eval/diag50_a1_sft_s1
diag50_a1_sft_s1,a1_sft,1,1,sft,8000,0,4,1,1.0,libero_goal,3540.5915291309357,f3443dea3735fe2a5f8adc0a6dce3292c4496bc9,outputs/rl/eval/diag50_a1_sft_s1
diag50_a1_sft_s1,a1_sft,1,1,sft,8000,0,5,1,1.0,libero_goal,3540.5915291309357,f3443dea3735fe2a5f8adc0a6dce3292c4496bc9,outputs/rl/eval/diag50_a1_sft_s1
diag50_a1_sft_s1,a1_sft,1,1,sft,8000,0,6,1,1.0,libero_goal,3540.5915291309357,f3443dea3735fe2a5f8adc0a6dce3292c4496bc9,outputs/rl/eval/diag50_a1_sft_s1
diag50_a1_sft_s1,a1_sft,1,1,sft,8000,0,7,1,1.0,libero_goal,3540.5915291309357,f3443dea3735fe2a5f8adc0a6dce3292c4496bc9,outputs/rl/eval/diag50_a1_sft_s1
diag50_a1_sft_s1,a1_sft,1,1,sft,8000,0,8,1,1.0,libero_goal,3540.5915291309357,f3443dea3735fe2a5f8adc0a6dce3292c4496bc9,outputs/rl/eval/diag50_a1_sft_s1
diag50_a1_sft_s1,a1_sft,1,1,sft,8000,0,9,1,1.0,libero_goal,3540.5915291309357,f3443dea3735fe2a5f8adc0a6dce3292c4496bc9,outputs/rl/eval/diag50_a1_sft_s1
diag50_a1_sft_s1,a1_sft,1,1,sft,8000,0,10,1,1.0,libero_goal,3540.5915291309357,f3443dea3735fe2a5f8adc0a6dce3292c4496bc9,outputs/rl/eval/diag50_a1_sft_s1
diag50_a1_sft_s1,a1_sft,1,1,sft,8000,0,11,1,1.0,libero_goal,3540.5915291309357,f3443dea3735fe2a5f8adc0a6dce3292c4496bc9,outputs/rl/eval/diag50_a1_sft_s1
diag50_a1_sft_s1,a1_sft,1,1,sft,8000,0,12,1,1.0,libero_goal,3540.5915291309357,f3443dea3735fe2a5f8adc0a6dce3292c4496bc9,outputs/rl/eval/diag50_a1_sft_s1
diag50_a1_sft_s1,a1_sft,1,1,sft,8000,0,13,1,1.0,libero_goal,3540.5915291309357,f3443dea3735fe2a5f8adc0a6dce3292c4496bc9,outputs/rl/eval/diag50_a1_sft_s1
diag50_a1_sft_s1,a1_sft,1,1,sft,8000,0,14,1,1.0,libero_goal,3540.5915291309357,f3443dea3735fe2a5f8adc0a6dce3292c4496bc9,outputs/rl/eval/diag50_a1_sft_s1
diag50_a1_sft_s1,a1_sft,1,1,sft,8000,0,15,1,1.0,libero_goal,3540.5915291309357,f3443dea3735fe2a5f8adc0a6dce3292c4496bc9,outputs/rl/eval/diag50_a1_sft_s1
diag50_a1_sft_s1,a1_sft,1,1,sft,8000,0,16,1,1.0,libero_goal,3540.5915291309357,f3443dea3735fe2a5f8adc0a6dce3292c4496bc9,outputs/rl/eval/diag50_a1_sft_s1
diag50_a1_sft_s1,a1_sft,1,1,sft,8000,0,17,1,1.0,libero_goal,3540.5915291309357,f3443dea3735fe2a5f8adc0a6dce3292c4496bc9,outputs/rl/eval/diag50_a1_sft_s1
diag50_a1_sft_s1,a1_sft,1,1,sft,8000,0,18,1,1.0,libero_goal,3540.5915291309357,f3443dea3735fe2a5f8adc0a6dce3292c4496bc9,outputs/rl/eval/diag50_a1_sft_s1
diag50_a1_sft_s1,a1_sft,1,1,sft,8000,0,19,1,1.0,libero_goal,3540.5915291309357,f3443dea3735fe2a5f8adc0a6dce3292c4496bc9,outputs/rl/eval/diag50_a1_sft_s1
diag50_a1_sft_s1,a1_sft,1,1,sft,8000,0,20,1,1.0,libero_goal,3540.5915291309357,f3443dea3735fe2a5f8adc0a6dce3292c4496bc9,outputs/rl/eval/diag50_a1_sft_s1
diag50_a1_sft_s1,a1_sft,1,1,sft,8000,0,21,1,1.0,libero_goal,3540.5915291309357,f3443dea3735fe2a5f8adc0a6dce3292c4496bc9,outputs/rl/eval/diag50_a1_sft_s1
diag50_a1_sft_s1,a1_sft,1,1,sft,8000,0,22,1,1.0,libero_goal,3540.5915291309357,f3443dea3735fe2a5f8adc0a6dce3292c4496bc9,outputs/rl/eval/diag50_a1_sft_s1
diag50_a1_sft_s1,a1_sft,1,1,sft,8000,0,23,1,1.0,libero_goal,3540.5915291309357,f3443dea3735fe2a5f8adc0a6dce3292c4496bc9,outputs/rl/eval/diag50_a1_sft_s1
diag50_a1_sft_s1,a1_sft,1,1,sft,8000,0,24,1,1.0,libero_goal,3540.5915291309357,f3443dea3735fe2a5f8adc0a6dce3292c4496bc9,outputs/rl/eval/diag50_a1_sft_s1
diag50_a1_sft_s1,a1_sft,1,1,sft,8000,0,25,0,0.0,libero_goal,3540.5915291309357,f3443dea3735fe2a5f8adc0a6dce3292c4496bc9,outputs/rl/eval/diag50_a1_sft_s1
diag50_a1_sft_s1,a1_sft,1,1,sft,8000,0,26,1,1.0,libero_goal,3540.5915291309357,f3443dea3735fe2a5f8adc0a6dce3292c4496bc9,outputs/rl/eval/diag50_a1_sft_s1
diag50_a1_sft_s1,a1_sft,1,1,sft,8000,0,27,1,1.0,libero_goal,3540.5915291309357,f3443dea3735fe2a5f8adc0a6dce3292c4496bc9,outputs/rl/eval/diag50_a1_sft_s1
diag50_a1_sft_s1,a1_sft,1,1,sft,8000,0,28,1,1.0,libero_goal,3540.5915291309357,f3443dea3735fe2a5f8adc0a6dce3292c4496bc9,outputs/rl/eval/diag50_a1_sft_s1
diag50_a1_sft_s1,a1_sft,1,1,sft,8000,0,29,1,1.0,libero_goal,3540.5915291309357,f3443dea3735fe2a5f8adc0a6dce3292c4496bc9,outputs/rl/eval/diag50_a1_sft_s1
diag50_a1_sft_s1,a1_sft,1,1,sft,8000,0,30,1,1.0,libero_goal,3540.5915291309357,f3443dea3735fe2a5f8adc0a6dce3292c4496bc9,outputs/rl/eval/diag50_a1_sft_s1
diag50_a1_sft_s1,a1_sft,1,1,sft,8000,0,31,1,1.0,libero_goal,3540.5915291309357,f3443dea3735fe2a5f8adc0a6dce3292c4496bc9,outputs/rl/eval/diag50_a1_sft_s1
diag50_a1_sft_s1,a1_sft,1,1,sft,8000,0,32,1,1.0,libero_goal,3540.5915291309357,f3443dea3735fe2a5f8adc0a6dce3292c4496bc9,outputs/rl/eval/diag50_a1_sft_s1
diag50_a1_sft_s1,a1_sft,1,1,sft,8000,0,33,1,1.0,libero_goal,3540.5915291309357,f3443dea3735fe2a5f8adc0a6dce3292c4496bc9,outputs/rl/eval/diag50_a1_sft_s1
diag50_a1_sft_s1,a1_sft,1,1,sft,8000,0,34,1,1.0,libero_goal,3540.5915291309357,f3443dea3735fe2a5f8adc0a6dce3292c4496bc9,outputs/rl/eval/diag50_a1_sft_s1
diag50_a1_sft_s1,a1_sft,1,1,sft,8000,0,35,1,1.0,libero_goal,3540.5915291309357,f3443dea3735fe2a5f8adc0a6dce3292c4496bc9,outputs/rl/eval/diag50_a1_sft_s1
diag50_a1_sft_s1,a1_sft,1,1,sft,8000,0,36,1,1.0,libero_goal,3540.5915291309357,f3443dea3735fe2a5f8adc0a6dce3292c4496bc9,outputs/rl/eval/diag50_a1_sft_s1
diag50_a1_sft_s1,a1_sft,1,1,sft,8000,0,37,1,1.0,libero_goal,3540.5915291309357,f3443dea3735fe2a5f8adc0a6dce3292c4496bc9,outputs/rl/eval/diag50_a1_sft_s1
diag50_a1_sft_s1,a1_sft,1,1,sft,8000,0,38,1,1.0,libero_goal,3540.5915291309357,f3443dea3735fe2a5f8adc0a6dce3292c4496bc9,outputs/rl/eval/diag50_a1_sft_s1
diag50_a1_sft_s1,a1_sft,1,1,sft,8000,0,39,1,1.0,libero_goal,3540.5915291309357,f3443dea3735fe2a5f8adc0a6dce3292c4496bc9,outputs/rl/eval/diag50_a1_sft_s1
diag50_a1_sft_s1,a1_sft,1,1,sft,8000,0,40,1,1.0,libero_goal,3540.5915291309357,f3443dea3735fe2a5f8adc0a6dce3292c4496bc9,outputs/rl/eval/diag50_a1_sft_s1
diag50_a1_sft_s1,a1_sft,1,1,sft,8000,0,41,1,1.0,libero_goal,3540.5915291309357,f3443dea3735fe2a5f8adc0a6dce3292c4496bc9,outputs/rl/eval/diag50_a1_sft_s1
diag50_a1_sft_s1,a1_sft,1,1,sft,8000,0,42,1,1.0,libero_goal,3540.5915291309357,f3443dea3735fe2a5f8adc0a6dce3292c4496bc9,outputs/rl/eval/diag50_a1_sft_s1
diag50_a1_sft_s1,a1_sft,1,1,sft,8000,0,43,1,1.0,libero_goal,3540.5915291309357,f3443dea3735fe2a5f8adc0a6dce3292c4496bc9,outputs/rl/eval/diag50_a1_sft_s1
diag50_a1_sft_s1,a1_sft,1,1,sft,8000,0,44,0,0.0,libero_goal,3540.5915291309357,f3443dea3735fe2a5f8adc0a6dce3292c4496bc9,outputs/rl/eval/diag50_a1_sft_s1
diag50_a1_sft_s1,a1_sft,1,1,sft,8000,0,45,1,1.0,libero_goal,3540.5915291309357,f3443dea3735fe2a5f8adc0a6dce3292c4496bc9,outputs/rl/eval/diag50_a1_sft_s1
diag50_a1_sft_s1,a1_sft,1,1,sft,8000,0,46,1,1.0,libero_goal,3540.5915291309357,f3443dea3735fe2a5f8adc0a6dce3292c4496bc9,outputs/rl/eval/diag50_a1_sft_s1
diag50_a1_sft_s1,a1_sft,1,1,sft,8000,0,47,1,1.0,libero_goal,3540.5915291309357,f3443dea3735fe2a5f8adc0a6dce3292c4496bc9,outputs/rl/eval/diag50_a1_sft_s1
diag50_a1_sft_s1,a1_sft,1,1,sft,8000,0,48,1,1.0,libero_goal,3540.5915291309357,f3443dea3735fe2a5f8adc0a6dce3292c4496bc9,outputs/rl/eval/diag50_a1_sft_s1
diag50_a1_sft_s1,a1_sft,1,1,sft,8000,0,49,1,1.0,libero_goal,3540.5915291309357,f3443dea3735fe2a5f8adc0a6dce3292c4496bc9,outputs/rl/eval/diag50_a1_sft_s1
diag50_a1_sft_s1,a1_sft,1,1,sft,8000,1,0,1,1.0,libero_goal,3540.5915291309357,f3443dea3735fe2a5f8adc0a6dce3292c4496bc9,outputs/rl/eval/diag50_a1_sft_s1
diag50_a1_sft_s1,a1_sft,1,1,sft,8000,1,1,0,0.0,libero_goal,3540.5915291309357,f3443dea3735fe2a5f8adc0a6dce3292c4496bc9,outputs/rl/eval/diag50_a1_sft_s1
diag50_a1_sft_s1,a1_sft,1,1,sft,8000,1,2,1,1.0,libero_goal,3540.5915291309357,f3443dea3735fe2a5f8adc0a6dce3292c4496bc9,outputs/rl/eval/diag50_a1_sft_s1
diag50_a1_sft_s1,a1_sft,1,1,sft,8000,1,3,1,1.0,libero_goal,3540.5915291309357,f3443dea3735fe2a5f8adc0a6dce3292c4496bc9,outputs/rl/eval/diag50_a1_sft_s1
diag50_a1_sft_s1,a1_sft,1,1,sft,8000,1,4,1,1.0,libero_goal,3540.5915291309357,f3443dea3735fe2a5f8adc0a6dce3292c4496bc9,outputs/rl/eval/diag50_a1_sft_s1
diag50_a1_sft_s1,a1_sft,1,1,sft,8000,1,5,1,1.0,libero_goal,3540.5915291309357,f3443dea3735fe2a5f8adc0a6dce3292c4496bc9,outputs/rl/eval/diag50_a1_sft_s1
diag50_a1_sft_s1,a1_sft,1,1,sft,8000,1,6,1,1.0,libero_goal,3540.5915291309357,f3443dea3735fe2a5f8adc0a6dce3292c4496bc9,outputs/rl/eval/diag50_a1_sft_s1
diag50_a1_sft_s1,a1_sft,1,1,sft,8000,1,7,1,1.0,libero_goal,3540.5915291309357,f3443dea3735fe2a5f8adc0a6dce3292c4496bc9,outputs/rl/eval/diag50_a1_sft_s1
diag50_a1_sft_s1,a1_sft,1,1,sft,8000,1,8,1,1.0,libero_goal,3540.5915291309357,f3443dea3735fe2a5f8adc0a6dce3292c4496bc9,outputs/rl/eval/diag50_a1_sft_s1
diag50_a1_sft_s1,a1_sft,1,1,sft,8000,1,9,1,1.0,libero_goal,3540.5915291309357,f3443dea3735fe2a5f8adc0a6dce3292c4496bc9,outputs/rl/eval/diag50_a1_sft_s1
diag50_a1_sft_s1,a1_sft,1,1,sft,8000,1,10,1,1.0,libero_goal,3540.5915291309357,f3443dea3735fe2a5f8adc0a6dce3292c4496bc9,outputs/rl/eval/diag50_a1_sft_s1
diag50_a1_sft_s1,a1_sft,1,1,sft,8000,1,11,1,1.0,libero_goal,3540.5915291309357,f3443dea3735fe2a5f8adc0a6dce3292c4496bc9,outputs/rl/eval/diag50_a1_sft_s1
diag50_a1_sft_s1,a1_sft,1,1,sft,8000,1,12,1,1.0,libero_goal,3540.5915291309357,f3443dea3735fe2a5f8adc0a6dce3292c4496bc9,outputs/rl/eval/diag50_a1_sft_s1
diag50_a1_sft_s1,a1_sft,1,1,sft,8000,1,13,1,1.0,libero_goal,3540.5915291309357,f3443dea3735fe2a5f8adc0a6dce3292c4496bc9,outputs/rl/eval/diag50_a1_sft_s1
diag50_a1_sft_s1,a1_sft,1,1,sft,8000,1,14,1,1.0,libero_goal,3540.5915291309357,f3443dea3735fe2a5f8adc0a6dce3292c4496bc9,outputs/rl/eval/diag50_a1_sft_s1
diag50_a1_sft_s1,a1_sft,1,1,sft,8000,1,15,1,1.0,libero_goal,3540.5915291309357,f3443dea3735fe2a5f8adc0a6dce3292c4496bc9,outputs/rl/eval/diag50_a1_sft_s1
diag50_a1_sft_s1,a1_sft,1,1,sft,8000,1,16,1,1.0,libero_goal,3540.5915291309357,f3443dea3735fe2a5f8adc0a6dce3292c4496bc9,outputs/rl/eval/diag50_a1_sft_s1
diag50_a1_sft_s1,a1_sft,1,1,sft,8000,1,17,0,0.0,libero_goal,3540.5915291309357,f3443dea3735fe2a5f8adc0a6dce3292c4496bc9,outputs/rl/eval/diag50_a1_sft_s1
diag50_a1_sft_s1,a1_sft,1,1,sft,8000,1,18,1,1.0,libero_goal,3540.5915291309357,f3443dea3735fe2a5f8adc0a6dce3292c4496bc9,outputs/rl/eval/diag50_a1_sft_s1
diag50_a1_sft_s1,a1_sft,1,1,sft,8000,1,19,1,1.0,libero_goal,3540.5915291309357,f3443dea3735fe2a5f8adc0a6dce3292c4496bc9,outputs/rl/eval/diag50_a1_sft_s1
diag50_a1_sft_s1,a1_sft,1,1,sft,8000,1,20,1,1.0,libero_goal,3540.5915291309357,f3443dea3735fe2a5f8adc0a6dce3292c4496bc9,outputs/rl/eval/diag50_a1_sft_s1
diag50_a1_sft_s1,a1_sft,1,1,sft,8000,1,21,1,1.0,libero_goal,3540.5915291309357,f3443dea3735fe2a5f8adc0a6dce3292c4496bc9,outputs/rl/eval/diag50_a1_sft_s1
diag50_a1_sft_s1,a1_sft,1,1,sft,8000,1,22,1,1.0,libero_goal,3540.5915291309357,f3443dea3735fe2a5f8adc0a6dce3292c4496bc9,outputs/rl/eval/diag50_a1_sft_s1
diag50_a1_sft_s1,a1_sft,1,1,sft,8000,1,23,1,1.0,libero_goal,3540.5915291309357,f3443dea3735fe2a5f8adc0a6dce3292c4496bc9,outputs/rl/eval/diag50_a1_sft_s1
diag50_a1_sft_s1,a1_sft,1,1,sft,8000,1,24,0,0.0,libero_goal,3540.5915291309357,f3443dea3735fe2a5f8adc0a6dce3292c4496bc9,outputs/rl/eval/diag50_a1_sft_s1
diag50_a1_sft_s1,a1_sft,1,1,sft,8000,1,25,1,1.0,libero_goal,3540.5915291309357,f3443dea3735fe2a5f8adc0a6dce3292c4496bc9,outputs/rl/eval/diag50_a1_sft_s1
diag50_a1_sft_s1,a1_sft,1,1,sft,8000,1,26,1,1.0,libero_goal,3540.5915291309357,f3443dea3735fe2a5f8adc0a6dce3292c4496bc9,outputs/rl/eval/diag50_a1_sft_s1
diag50_a1_sft_s1,a1_sft,1,1,sft,8000,1,27,1,1.0,libero_goal,3540.5915291309357,f3443dea3735fe2a5f8adc0a6dce3292c4496bc9,outputs/rl/eval/diag50_a1_sft_s1
diag50_a1_sft_s1,a1_sft,1,1,sft,8000,1,28,1,1.0,libero_goal,3540.5915291309357,f3443dea3735fe2a5f8adc0a6dce3292c4496bc9,outputs/rl/eval/diag50_a1_sft_s1
diag50_a1_sft_s1,a1_sft,1,1,sft,8000,1,29,1,1.0,libero_goal,3540.5915291309357,f3443dea3735fe2a5f8adc0a6dce3292c4496bc9,outputs/rl/eval/diag50_a1_sft_s1
diag50_a1_sft_s1,a1_sft,1,1,sft,8000,1,30,1,1.0,libero_goal,3540.5915291309357,f3443dea3735fe2a5f8adc0a6dce3292c4496bc9,outputs/rl/eval/diag50_a1_sft_s1
diag50_a1_sft_s1,a1_sft,1,1,sft,8000,1,31,1,1.0,libero_goal,3540.5915291309357,f3443dea3735fe2a5f8adc0a6dce3292c4496bc9,outputs/rl/eval/diag50_a1_sft_s1
diag50_a1_sft_s1,a1_sft,1,1,sft,8000,1,32,1,1.0,libero_goal,3540.5915291309357,f3443dea3735fe2a5f8adc0a6dce3292c4496bc9,outputs/rl/eval/diag50_a1_sft_s1
diag50_a1_sft_s1,a1_sft,1,1,sft,8000,1,33,1,1.0,libero_goal,3540.5915291309357,f3443dea3735fe2a5f8adc0a6dce3292c4496bc9,outputs/rl/eval/diag50_a1_sft_s1
diag50_a1_sft_s1,a1_sft,1,1,sft,8000,1,34,1,1.0,libero_goal,3540.5915291309357,f3443dea3735fe2a5f8adc0a6dce3292c4496bc9,outputs/rl/eval/diag50_a1_sft_s1
diag50_a1_sft_s1,a1_sft,1,1,sft,8000,1,35,1,1.0,libero_goal,3540.5915291309357,f3443dea3735fe2a5f8adc0a6dce3292c4496bc9,outputs/rl/eval/diag50_a1_sft_s1
diag50_a1_sft_s1,a1_sft,1,1,sft,8000,1,36,1,1.0,libero_goal,3540.5915291309357,f3443dea3735fe2a5f8adc0a6dce3292c4496bc9,outputs/rl/eval/diag50_a1_sft_s1
diag50_a1_sft_s1,a1_sft,1,1,sft,8000,1,37,1,1.0,libero_goal,3540.5915291309357,f3443dea3735fe2a5f8adc0a6dce3292c4496bc9,outputs/rl/eval/diag50_a1_sft_s1
diag50_a1_sft_s1,a1_sft,1,1,sft,8000,1,38,1,1.0,libero_goal,3540.5915291309357,f3443dea3735fe2a5f8adc0a6dce3292c4496bc9,outputs/rl/eval/diag50_a1_sft_s1
diag50_a1_sft_s1,a1_sft,1,1,sft,8000,1,39,0,0.0,libero_goal,3540.5915291309357,f3443dea3735fe2a5f8adc0a6dce3292c4496bc9,outputs/rl/eval/diag50_a1_sft_s1
diag50_a1_sft_s1,a1_sft,1,1,sft,8000,1,40,1,1.0,libero_goal,3540.5915291309357,f3443dea3735fe2a5f8adc0a6dce3292c4496bc9,outputs/rl/eval/diag50_a1_sft_s1
diag50_a1_sft_s1,a1_sft,1,1,sft,8000,1,41,1,1.0,libero_goal,3540.5915291309357,f3443dea3735fe2a5f8adc0a6dce3292c4496bc9,outputs/rl/eval/diag50_a1_sft_s1
diag50_a1_sft_s1,a1_sft,1,1,sft,8000,1,42,1,1.0,libero_goal,3540.5915291309357,f3443dea3735fe2a5f8adc0a6dce3292c4496bc9,outputs/rl/eval/diag50_a1_sft_s1
diag50_a1_sft_s1,a1_sft,1,1,sft,8000,1,43,1,1.0,libero_goal,3540.5915291309357,f3443dea3735fe2a5f8adc0a6dce3292c4496bc9,outputs/rl/eval/diag50_a1_sft_s1
diag50_a1_sft_s1,a1_sft,1,1,sft,8000,1,44,1,1.0,libero_goal,3540.5915291309357,f3443dea3735fe2a5f8adc0a6dce3292c4496bc9,outputs/rl/eval/diag50_a1_sft_s1
diag50_a1_sft_s1,a1_sft,1,1,sft,8000,1,45,1,1.0,libero_goal,3540.5915291309357,f3443dea3735fe2a5f8adc0a6dce3292c4496bc9,outputs/rl/eval/diag50_a1_sft_s1
diag50_a1_sft_s1,a1_sft,1,1,sft,8000,1,46,0,0.0,libero_goal,3540.5915291309357,f3443dea3735fe2a5f8adc0a6dce3292c4496bc9,outputs/rl/eval/diag50_a1_sft_s1
diag50_a1_sft_s1,a1_sft,1,1,sft,8000,1,47,1,1.0,libero_goal,3540.5915291309357,f3443dea3735fe2a5f8adc0a6dce3292c4496bc9,outputs/rl/eval/diag50_a1_sft_s1
diag50_a1_sft_s1,a1_sft,1,1,sft,8000,1,48,1,1.0,libero_goal,3540.5915291309357,f3443dea3735fe2a5f8adc0a6dce3292c4496bc9,outputs/rl/eval/diag50_a1_sft_s1
diag50_a1_sft_s1,a1_sft,1,1,sft,8000,1,49,1,1.0,libero_goal,3540.5915291309357,f3443dea3735fe2a5f8adc0a6dce3292c4496bc9,outputs/rl/eval/diag50_a1_sft_s1
diag50_a1_sft_s1,a1_sft,1,1,sft,8000,2,0,1,1.0,libero_goal,3540.5915291309357,f3443dea3735fe2a5f8adc0a6dce3292c4496bc9,outputs/rl/eval/diag50_a1_sft_s1
diag50_a1_sft_s1,a1_sft,1,1,sft,8000,2,1,1,1.0,libero_goal,3540.5915291309357,f3443dea3735fe2a5f8adc0a6dce3292c4496bc9,outputs/rl/eval/diag50_a1_sft_s1
diag50_a1_sft_s1,a1_sft,1,1,sft,8000,2,2,1,1.0,libero_goal,3540.5915291309357,f3443dea3735fe2a5f8adc0a6dce3292c4496bc9,outputs/rl/eval/diag50_a1_sft_s1
diag50_a1_sft_s1,a1_sft,1,1,sft,8000,2,3,0,0.0,libero_goal,3540.5915291309357,f3443dea3735fe2a5f8adc0a6dce3292c4496bc9,outputs/rl/eval/diag50_a1_sft_s1
diag50_a1_sft_s1,a1_sft,1,1,sft,8000,2,4,1,1.0,libero_goal,3540.5915291309357,f3443dea3735fe2a5f8adc0a6dce3292c4496bc9,outputs/rl/eval/diag50_a1_sft_s1
diag50_a1_sft_s1,a1_sft,1,1,sft,8000,2,5,1,1.0,libero_goal,3540.5915291309357,f3443dea3735fe2a5f8adc0a6dce3292c4496bc9,outputs/rl/eval/diag50_a1_sft_s1
diag50_a1_sft_s1,a1_sft,1,1,sft,8000,2,6,1,1.0,libero_goal,3540.5915291309357,f3443dea3735fe2a5f8adc0a6dce3292c4496bc9,outputs/rl/eval/diag50_a1_sft_s1
diag50_a1_sft_s1,a1_sft,1,1,sft,8000,2,7,1,1.0,libero_goal,3540.5915291309357,f3443dea3735fe2a5f8adc0a6dce3292c4496bc9,outputs/rl/eval/diag50_a1_sft_s1
diag50_a1_sft_s1,a1_sft,1,1,sft,8000,2,8,0,0.0,libero_goal,3540.5915291309357,f3443dea3735fe2a5f8adc0a6dce3292c4496bc9,outputs/rl/eval/diag50_a1_sft_s1
diag50_a1_sft_s1,a1_sft,1,1,sft,8000,2,9,0,0.0,libero_goal,3540.5915291309357,f3443dea3735fe2a5f8adc0a6dce3292c4496bc9,outputs/rl/eval/diag50_a1_sft_s1
diag50_a1_sft_s1,a1_sft,1,1,sft,8000,2,10,1,1.0,libero_goal,3540.5915291309357,f3443dea3735fe2a5f8adc0a6dce3292c4496bc9,outputs/rl/eval/diag50_a1_sft_s1
diag50_a1_sft_s1,a1_sft,1,1,sft,8000,2,11,1,1.0,libero_goal,3540.5915291309357,f3443dea3735fe2a5f8adc0a6dce3292c4496bc9,outputs/rl/eval/diag50_a1_sft_s1
diag50_a1_sft_s1,a1_sft,1,1,sft,8000,2,12,1,1.0,libero_goal,3540.5915291309357,f3443dea3735fe2a5f8adc0a6dce3292c4496bc9,outputs/rl/eval/diag50_a1_sft_s1
diag50_a1_sft_s1,a1_sft,1,1,sft,8000,2,13,0,0.0,libero_goal,3540.5915291309357,f3443dea3735fe2a5f8adc0a6dce3292c4496bc9,outputs/rl/eval/diag50_a1_sft_s1
diag50_a1_sft_s1,a1_sft,1,1,sft,8000,2,14,0,0.0,libero_goal,3540.5915291309357,f3443dea3735fe2a5f8adc0a6dce3292c4496bc9,outputs/rl/eval/diag50_a1_sft_s1
diag50_a1_sft_s1,a1_sft,1,1,sft,8000,2,15,1,1.0,libero_goal,3540.5915291309357,f3443dea3735fe2a5f8adc0a6dce3292c4496bc9,outputs/rl/eval/diag50_a1_sft_s1
diag50_a1_sft_s1,a1_sft,1,1,sft,8000,2,16,0,0.0,libero_goal,3540.5915291309357,f3443dea3735fe2a5f8adc0a6dce3292c4496bc9,outputs/rl/eval/diag50_a1_sft_s1
diag50_a1_sft_s1,a1_sft,1,1,sft,8000,2,17,1,1.0,libero_goal,3540.5915291309357,f3443dea3735fe2a5f8adc0a6dce3292c4496bc9,outputs/rl/eval/diag50_a1_sft_s1
diag50_a1_sft_s1,a1_sft,1,1,sft,8000,2,18,1,1.0,libero_goal,3540.5915291309357,f3443dea3735fe2a5f8adc0a6dce3292c4496bc9,outputs/rl/eval/diag50_a1_sft_s1
diag50_a1_sft_s1,a1_sft,1,1,sft,8000,2,19,0,0.0,libero_goal,3540.5915291309357,f3443dea3735fe2a5f8adc0a6dce3292c4496bc9,outputs/rl/eval/diag50_a1_sft_s1
diag50_a1_sft_s1,a1_sft,1,1,sft,8000,2,20,1,1.0,libero_goal,3540.5915291309357,f3443dea3735fe2a5f8adc0a6dce3292c4496bc9,outputs/rl/eval/diag50_a1_sft_s1
diag50_a1_sft_s1,a1_sft,1,1,sft,8000,2,21,0,0.0,libero_goal,3540.5915291309357,f3443dea3735fe2a5f8adc0a6dce3292c4496bc9,outputs/rl/eval/diag50_a1_sft_s1
diag50_a1_sft_s1,a1_sft,1,1,sft,8000,2,22,1,1.0,libero_goal,3540.5915291309357,f3443dea3735fe2a5f8adc0a6dce3292c4496bc9,outputs/rl/eval/diag50_a1_sft_s1
diag50_a1_sft_s1,a1_sft,1,1,sft,8000,2,23,1,1.0,libero_goal,3540.5915291309357,f3443dea3735fe2a5f8adc0a6dce3292c4496bc9,outputs/rl/eval/diag50_a1_sft_s1
diag50_a1_sft_s1,a1_sft,1,1,sft,8000,2,24,1,1.0,libero_goal,3540.5915291309357,f3443dea3735fe2a5f8adc0a6dce3292c4496bc9,outputs/rl/eval/diag50_a1_sft_s1
diag50_a1_sft_s1,a1_sft,1,1,sft,8000,2,25,1,1.0,libero_goal,3540.5915291309357,f3443dea3735fe2a5f8adc0a6dce3292c4496bc9,outputs/rl/eval/diag50_a1_sft_s1
diag50_a1_sft_s1,a1_sft,1,1,sft,8000,2,26,1,1.0,libero_goal,3540.5915291309357,f3443dea3735fe2a5f8adc0a6dce3292c4496bc9,outputs/rl/eval/diag50_a1_sft_s1
diag50_a1_sft_s1,a1_sft,1,1,sft,8000,2,27,1,1.0,libero_goal,3540.5915291309357,f3443dea3735fe2a5f8adc0a6dce3292c4496bc9,outputs/rl/eval/diag50_a1_sft_s1
diag50_a1_sft_s1,a1_sft,1,1,sft,8000,2,28,1,1.0,libero_goal,3540.5915291309357,f3443dea3735fe2a5f8adc0a6dce3292c4496bc9,outputs/rl/eval/diag50_a1_sft_s1
diag50_a1_sft_s1,a1_sft,1,1,sft,8000,2,29,1,1.0,libero_goal,3540.5915291309357,f3443dea3735fe2a5f8adc0a6dce3292c4496bc9,outputs/rl/eval/diag50_a1_sft_s1
diag50_a1_sft_s1,a1_sft,1,1,sft,8000,2,30,1,1.0,libero_goal,3540.5915291309357,f3443dea3735fe2a5f8adc0a6dce3292c4496bc9,outputs/rl/eval/diag50_a1_sft_s1
diag50_a1_sft_s1,a1_sft,1,1,sft,8000,2,31,0,0.0,libero_goal,3540.5915291309357,f3443dea3735fe2a5f8adc0a6dce3292c4496bc9,outputs/rl/eval/diag50_a1_sft_s1
diag50_a1_sft_s1,a1_sft,1,1,sft,8000,2,32,1,1.0,libero_goal,3540.5915291309357,f3443dea3735fe2a5f8adc0a6dce3292c4496bc9,outputs/rl/eval/diag50_a1_sft_s1
diag50_a1_sft_s1,a1_sft,1,1,sft,8000,2,33,1,1.0,libero_goal,3540.5915291309357,f3443dea3735fe2a5f8adc0a6dce3292c4496bc9,outputs/rl/eval/diag50_a1_sft_s1
diag50_a1_sft_s1,a1_sft,1,1,sft,8000,2,34,1,1.0,libero_goal,3540.5915291309357,f3443dea3735fe2a5f8adc0a6dce3292c4496bc9,outputs/rl/eval/diag50_a1_sft_s1
diag50_a1_sft_s1,a1_sft,1,1,sft,8000,2,35,0,0.0,libero_goal,3540.5915291309357,f3443dea3735fe2a5f8adc0a6dce3292c4496bc9,outputs/rl/eval/diag50_a1_sft_s1
diag50_a1_sft_s1,a1_sft,1,1,sft,8000,2,36,1,1.0,libero_goal,3540.5915291309357,f3443dea3735fe2a5f8adc0a6dce3292c4496bc9,outputs/rl/eval/diag50_a1_sft_s1
diag50_a1_sft_s1,a1_sft,1,1,sft,8000,2,37,1,1.0,libero_goal,3540.5915291309357,f3443dea3735fe2a5f8adc0a6dce3292c4496bc9,outputs/rl/eval/diag50_a1_sft_s1
diag50_a1_sft_s1,a1_sft,1,1,sft,8000,2,38,0,0.0,libero_goal,3540.5915291309357,f3443dea3735fe2a5f8adc0a6dce3292c4496bc9,outputs/rl/eval/diag50_a1_sft_s1
diag50_a1_sft_s1,a1_sft,1,1,sft,8000,2,39,1,1.0,libero_goal,3540.5915291309357,f3443dea3735fe2a5f8adc0a6dce3292c4496bc9,outputs/rl/eval/diag50_a1_sft_s1
diag50_a1_sft_s1,a1_sft,1,1,sft,8000,2,40,1,1.0,libero_goal,3540.5915291309357,f3443dea3735fe2a5f8adc0a6dce3292c4496bc9,outputs/rl/eval/diag50_a1_sft_s1
diag50_a1_sft_s1,a1_sft,1,1,sft,8000,2,41,0,0.0,libero_goal,3540.5915291309357,f3443dea3735fe2a5f8adc0a6dce3292c4496bc9,outputs/rl/eval/diag50_a1_sft_s1
diag50_a1_sft_s1,a1_sft,1,1,sft,8000,2,42,1,1.0,libero_goal,3540.5915291309357,f3443dea3735fe2a5f8adc0a6dce3292c4496bc9,outputs/rl/eval/diag50_a1_sft_s1
diag50_a1_sft_s1,a1_sft,1,1,sft,8000,2,43,0,0.0,libero_goal,3540.5915291309357,f3443dea3735fe2a5f8adc0a6dce3292c4496bc9,outputs/rl/eval/diag50_a1_sft_s1
diag50_a1_sft_s1,a1_sft,1,1,sft,8000,2,44,1,1.0,libero_goal,3540.5915291309357,f3443dea3735fe2a5f8adc0a6dce3292c4496bc9,outputs/rl/eval/diag50_a1_sft_s1
diag50_a1_sft_s1,a1_sft,1,1,sft,8000,2,45,1,1.0,libero_goal,3540.5915291309357,f3443dea3735fe2a5f8adc0a6dce3292c4496bc9,outputs/rl/eval/diag50_a1_sft_s1
diag50_a1_sft_s1,a1_sft,1,1,sft,8000,2,46,1,1.0,libero_goal,3540.5915291309357,f3443dea3735fe2a5f8adc0a6dce3292c4496bc9,outputs/rl/eval/diag50_a1_sft_s1
diag50_a1_sft_s1,a1_sft,1,1,sft,8000,2,47,1,1.0,libero_goal,3540.5915291309357,f3443dea3735fe2a5f8adc0a6dce3292c4496bc9,outputs/rl/eval/diag50_a1_sft_s1
diag50_a1_sft_s1,a1_sft,1,1,sft,8000,2,48,1,1.0,libero_goal,3540.5915291309357,f3443dea3735fe2a5f8adc0a6dce3292c4496bc9,outputs/rl/eval/diag50_a1_sft_s1
diag50_a1_sft_s1,a1_sft,1,1,sft,8000,2,49,1,1.0,libero_goal,3540.5915291309357,f3443dea3735fe2a5f8adc0a6dce3292c4496bc9,outputs/rl/eval/diag50_a1_sft_s1
diag50_a1_sft_s1,a1_sft,1,1,sft,8000,3,0,0,0.0,libero_goal,3540.5915291309357,f3443dea3735fe2a5f8adc0a6dce3292c4496bc9,outputs/rl/eval/diag50_a1_sft_s1
diag50_a1_sft_s1,a1_sft,1,1,sft,8000,3,1,1,1.0,libero_goal,3540.5915291309357,f3443dea3735fe2a5f8adc0a6dce3292c4496bc9,outputs/rl/eval/diag50_a1_sft_s1
diag50_a1_sft_s1,a1_sft,1,1,sft,8000,3,2,1,1.0,libero_goal,3540.5915291309357,f3443dea3735fe2a5f8adc0a6dce3292c4496bc9,outputs/rl/eval/diag50_a1_sft_s1
diag50_a1_sft_s1,a1_sft,1,1,sft,8000,3,3,1,1.0,libero_goal,3540.5915291309357,f3443dea3735fe2a5f8adc0a6dce3292c4496bc9,outputs/rl/eval/diag50_a1_sft_s1
diag50_a1_sft_s1,a1_sft,1,1,sft,8000,3,4,0,0.0,libero_goal,3540.5915291309357,f3443dea3735fe2a5f8adc0a6dce3292c4496bc9,outputs/rl/eval/diag50_a1_sft_s1
diag50_a1_sft_s1,a1_sft,1,1,sft,8000,3,5,0,0.0,libero_goal,3540.5915291309357,f3443dea3735fe2a5f8adc0a6dce3292c4496bc9,outputs/rl/eval/diag50_a1_sft_s1
diag50_a1_sft_s1,a1_sft,1,1,sft,8000,3,6,1,1.0,libero_goal,3540.5915291309357,f3443dea3735fe2a5f8adc0a6dce3292c4496bc9,outputs/rl/eval/diag50_a1_sft_s1
diag50_a1_sft_s1,a1_sft,1,1,sft,8000,3,7,1,1.0,libero_goal,3540.5915291309357,f3443dea3735fe2a5f8adc0a6dce3292c4496bc9,outputs/rl/eval/diag50_a1_sft_s1
diag50_a1_sft_s1,a1_sft,1,1,sft,8000,3,8,0,0.0,libero_goal,3540.5915291309357,f3443dea3735fe2a5f8adc0a6dce3292c4496bc9,outputs/rl/eval/diag50_a1_sft_s1
diag50_a1_sft_s1,a1_sft,1,1,sft,8000,3,9,0,0.0,libero_goal,3540.5915291309357,f3443dea3735fe2a5f8adc0a6dce3292c4496bc9,outputs/rl/eval/diag50_a1_sft_s1
diag50_a1_sft_s1,a1_sft,1,1,sft,8000,3,10,1,1.0,libero_goal,3540.5915291309357,f3443dea3735fe2a5f8adc0a6dce3292c4496bc9,outputs/rl/eval/diag50_a1_sft_s1
diag50_a1_sft_s1,a1_sft,1,1,sft,8000,3,11,1,1.0,libero_goal,3540.5915291309357,f3443dea3735fe2a5f8adc0a6dce3292c4496bc9,outputs/rl/eval/diag50_a1_sft_s1
diag50_a1_sft_s1,a1_sft,1,1,sft,8000,3,12,1,1.0,libero_goal,3540.5915291309357,f3443dea3735fe2a5f8adc0a6dce3292c4496bc9,outputs/rl/eval/diag50_a1_sft_s1
diag50_a1_sft_s1,a1_sft,1,1,sft,8000,3,13,1,1.0,libero_goal,3540.5915291309357,f3443dea3735fe2a5f8adc0a6dce3292c4496bc9,outputs/rl/eval/diag50_a1_sft_s1
diag50_a1_sft_s1,a1_sft,1,1,sft,8000,3,14,1,1.0,libero_goal,3540.5915291309357,f3443dea3735fe2a5f8adc0a6dce3292c4496bc9,outputs/rl/eval/diag50_a1_sft_s1
diag50_a1_sft_s1,a1_sft,1,1,sft,8000,3,15,0,0.0,libero_goal,3540.5915291309357,f3443dea3735fe2a5f8adc0a6dce3292c4496bc9,outputs/rl/eval/diag50_a1_sft_s1
diag50_a1_sft_s1,a1_sft,1,1,sft,8000,3,16,1,1.0,libero_goal,3540.5915291309357,f3443dea3735fe2a5f8adc0a6dce3292c4496bc9,outputs/rl/eval/diag50_a1_sft_s1
diag50_a1_sft_s1,a1_sft,1,1,sft,8000,3,17,0,0.0,libero_goal,3540.5915291309357,f3443dea3735fe2a5f8adc0a6dce3292c4496bc9,outputs/rl/eval/diag50_a1_sft_s1
diag50_a1_sft_s1,a1_sft,1,1,sft,8000,3,18,1,1.0,libero_goal,3540.5915291309357,f3443dea3735fe2a5f8adc0a6dce3292c4496bc9,outputs/rl/eval/diag50_a1_sft_s1
diag50_a1_sft_s1,a1_sft,1,1,sft,8000,3,19,1,1.0,libero_goal,3540.5915291309357,f3443dea3735fe2a5f8adc0a6dce3292c4496bc9,outputs/rl/eval/diag50_a1_sft_s1
diag50_a1_sft_s1,a1_sft,1,1,sft,8000,3,20,0,0.0,libero_goal,3540.5915291309357,f3443dea3735fe2a5f8adc0a6dce3292c4496bc9,outputs/rl/eval/diag50_a1_sft_s1
diag50_a1_sft_s1,a1_sft,1,1,sft,8000,3,21,1,1.0,libero_goal,3540.5915291309357,f3443dea3735fe2a5f8adc0a6dce3292c4496bc9,outputs/rl/eval/diag50_a1_sft_s1
diag50_a1_sft_s1,a1_sft,1,1,sft,8000,3,22,1,1.0,libero_goal,3540.5915291309357,f3443dea3735fe2a5f8adc0a6dce3292c4496bc9,outputs/rl/eval/diag50_a1_sft_s1
diag50_a1_sft_s1,a1_sft,1,1,sft,8000,3,23,0,0.0,libero_goal,3540.5915291309357,f3443dea3735fe2a5f8adc0a6dce3292c4496bc9,outputs/rl/eval/diag50_a1_sft_s1
diag50_a1_sft_s1,a1_sft,1,1,sft,8000,3,24,1,1.0,libero_goal,3540.5915291309357,f3443dea3735fe2a5f8adc0a6dce3292c4496bc9,outputs/rl/eval/diag50_a1_sft_s1
diag50_a1_sft_s1,a1_sft,1,1,sft,8000,3,25,1,1.0,libero_goal,3540.5915291309357,f3443dea3735fe2a5f8adc0a6dce3292c4496bc9,outputs/rl/eval/diag50_a1_sft_s1
diag50_a1_sft_s1,a1_sft,1,1,sft,8000,3,26,1,1.0,libero_goal,3540.5915291309357,f3443dea3735fe2a5f8adc0a6dce3292c4496bc9,outputs/rl/eval/diag50_a1_sft_s1
diag50_a1_sft_s1,a1_sft,1,1,sft,8000,3,27,0,0.0,libero_goal,3540.5915291309357,f3443dea3735fe2a5f8adc0a6dce3292c4496bc9,outputs/rl/eval/diag50_a1_sft_s1
diag50_a1_sft_s1,a1_sft,1,1,sft,8000,3,28,0,0.0,libero_goal,3540.5915291309357,f3443dea3735fe2a5f8adc0a6dce3292c4496bc9,outputs/rl/eval/diag50_a1_sft_s1
diag50_a1_sft_s1,a1_sft,1,1,sft,8000,3,29,1,1.0,libero_goal,3540.5915291309357,f3443dea3735fe2a5f8adc0a6dce3292c4496bc9,outputs/rl/eval/diag50_a1_sft_s1
diag50_a1_sft_s1,a1_sft,1,1,sft,8000,3,30,0,0.0,libero_goal,3540.5915291309357,f3443dea3735fe2a5f8adc0a6dce3292c4496bc9,outputs/rl/eval/diag50_a1_sft_s1
diag50_a1_sft_s1,a1_sft,1,1,sft,8000,3,31,0,0.0,libero_goal,3540.5915291309357,f3443dea3735fe2a5f8adc0a6dce3292c4496bc9,outputs/rl/eval/diag50_a1_sft_s1
diag50_a1_sft_s1,a1_sft,1,1,sft,8000,3,32,1,1.0,libero_goal,3540.5915291309357,f3443dea3735fe2a5f8adc0a6dce3292c4496bc9,outputs/rl/eval/diag50_a1_sft_s1
diag50_a1_sft_s1,a1_sft,1,1,sft,8000,3,33,0,0.0,libero_goal,3540.5915291309357,f3443dea3735fe2a5f8adc0a6dce3292c4496bc9,outputs/rl/eval/diag50_a1_sft_s1
diag50_a1_sft_s1,a1_sft,1,1,sft,8000,3,34,1,1.0,libero_goal,3540.5915291309357,f3443dea3735fe2a5f8adc0a6dce3292c4496bc9,outputs/rl/eval/diag50_a1_sft_s1
diag50_a1_sft_s1,a1_sft,1,1,sft,8000,3,35,0,0.0,libero_goal,3540.5915291309357,f3443dea3735fe2a5f8adc0a6dce3292c4496bc9,outputs/rl/eval/diag50_a1_sft_s1
diag50_a1_sft_s1,a1_sft,1,1,sft,8000,3,36,1,1.0,libero_goal,3540.5915291309357,f3443dea3735fe2a5f8adc0a6dce3292c4496bc9,outputs/rl/eval/diag50_a1_sft_s1
diag50_a1_sft_s1,a1_sft,1,1,sft,8000,3,37,0,0.0,libero_goal,3540.5915291309357,f3443dea3735fe2a5f8adc0a6dce3292c4496bc9,outputs/rl/eval/diag50_a1_sft_s1
diag50_a1_sft_s1,a1_sft,1,1,sft,8000,3,38,1,1.0,libero_goal,3540.5915291309357,f3443dea3735fe2a5f8adc0a6dce3292c4496bc9,outputs/rl/eval/diag50_a1_sft_s1
diag50_a1_sft_s1,a1_sft,1,1,sft,8000,3,39,0,0.0,libero_goal,3540.5915291309357,f3443dea3735fe2a5f8adc0a6dce3292c4496bc9,outputs/rl/eval/diag50_a1_sft_s1
diag50_a1_sft_s1,a1_sft,1,1,sft,8000,3,40,1,1.0,libero_goal,3540.5915291309357,f3443dea3735fe2a5f8adc0a6dce3292c4496bc9,outputs/rl/eval/diag50_a1_sft_s1
diag50_a1_sft_s1,a1_sft,1,1,sft,8000,3,41,1,1.0,libero_goal,3540.5915291309357,f3443dea3735fe2a5f8adc0a6dce3292c4496bc9,outputs/rl/eval/diag50_a1_sft_s1
diag50_a1_sft_s1,a1_sft,1,1,sft,8000,3,42,1,1.0,libero_goal,3540.5915291309357,f3443dea3735fe2a5f8adc0a6dce3292c4496bc9,outputs/rl/eval/diag50_a1_sft_s1
diag50_a1_sft_s1,a1_sft,1,1,sft,8000,3,43,1,1.0,libero_goal,3540.5915291309357,f3443dea3735fe2a5f8adc0a6dce3292c4496bc9,outputs/rl/eval/diag50_a1_sft_s1
diag50_a1_sft_s1,a1_sft,1,1,sft,8000,3,44,1,1.0,libero_goal,3540.5915291309357,f3443dea3735fe2a5f8adc0a6dce3292c4496bc9,outputs/rl/eval/diag50_a1_sft_s1
diag50_a1_sft_s1,a1_sft,1,1,sft,8000,3,45,1,1.0,libero_goal,3540.5915291309357,f3443dea3735fe2a5f8adc0a6dce3292c4496bc9,outputs/rl/eval/diag50_a1_sft_s1
diag50_a1_sft_s1,a1_sft,1,1,sft,8000,3,46,0,0.0,libero_goal,3540.5915291309357,f3443dea3735fe2a5f8adc0a6dce3292c4496bc9,outputs/rl/eval/diag50_a1_sft_s1
diag50_a1_sft_s1,a1_sft,1,1,sft,8000,3,47,1,1.0,libero_goal,3540.5915291309357,f3443dea3735fe2a5f8adc0a6dce3292c4496bc9,outputs/rl/eval/diag50_a1_sft_s1
diag50_a1_sft_s1,a1_sft,1,1,sft,8000,3,48,1,1.0,libero_goal,3540.5915291309357,f3443dea3735fe2a5f8adc0a6dce3292c4496bc9,outputs/rl/eval/diag50_a1_sft_s1
diag50_a1_sft_s1,a1_sft,1,1,sft,8000,3,49,1,1.0,libero_goal,3540.5915291309357,f3443dea3735fe2a5f8adc0a6dce3292c4496bc9,outputs/rl/eval/diag50_a1_sft_s1
diag50_a1_sft_s1,a1_sft,1,1,sft,8000,4,0,0,0.0,libero_goal,3540.5915291309357,f3443dea3735fe2a5f8adc0a6dce3292c4496bc9,outputs/rl/eval/diag50_a1_sft_s1
diag50_a1_sft_s1,a1_sft,1,1,sft,8000,4,1,1,1.0,libero_goal,3540.5915291309357,f3443dea3735fe2a5f8adc0a6dce3292c4496bc9,outputs/rl/eval/diag50_a1_sft_s1
diag50_a1_sft_s1,a1_sft,1,1,sft,8000,4,2,0,0.0,libero_goal,3540.5915291309357,f3443dea3735fe2a5f8adc0a6dce3292c4496bc9,outputs/rl/eval/diag50_a1_sft_s1
diag50_a1_sft_s1,a1_sft,1,1,sft,8000,4,3,1,1.0,libero_goal,3540.5915291309357,f3443dea3735fe2a5f8adc0a6dce3292c4496bc9,outputs/rl/eval/diag50_a1_sft_s1
diag50_a1_sft_s1,a1_sft,1,1,sft,8000,4,4,1,1.0,libero_goal,3540.5915291309357,f3443dea3735fe2a5f8adc0a6dce3292c4496bc9,outputs/rl/eval/diag50_a1_sft_s1
diag50_a1_sft_s1,a1_sft,1,1,sft,8000,4,5,1,1.0,libero_goal,3540.5915291309357,f3443dea3735fe2a5f8adc0a6dce3292c4496bc9,outputs/rl/eval/diag50_a1_sft_s1
diag50_a1_sft_s1,a1_sft,1,1,sft,8000,4,6,1,1.0,libero_goal,3540.5915291309357,f3443dea3735fe2a5f8adc0a6dce3292c4496bc9,outputs/rl/eval/diag50_a1_sft_s1
diag50_a1_sft_s1,a1_sft,1,1,sft,8000,4,7,0,0.0,libero_goal,3540.5915291309357,f3443dea3735fe2a5f8adc0a6dce3292c4496bc9,outputs/rl/eval/diag50_a1_sft_s1
diag50_a1_sft_s1,a1_sft,1,1,sft,8000,4,8,1,1.0,libero_goal,3540.5915291309357,f3443dea3735fe2a5f8adc0a6dce3292c4496bc9,outputs/rl/eval/diag50_a1_sft_s1
diag50_a1_sft_s1,a1_sft,1,1,sft,8000,4,9,1,1.0,libero_goal,3540.5915291309357,f3443dea3735fe2a5f8adc0a6dce3292c4496bc9,outputs/rl/eval/diag50_a1_sft_s1
diag50_a1_sft_s1,a1_sft,1,1,sft,8000,4,10,1,1.0,libero_goal,3540.5915291309357,f3443dea3735fe2a5f8adc0a6dce3292c4496bc9,outputs/rl/eval/diag50_a1_sft_s1
diag50_a1_sft_s1,a1_sft,1,1,sft,8000,4,11,1,1.0,libero_goal,3540.5915291309357,f3443dea3735fe2a5f8adc0a6dce3292c4496bc9,outputs/rl/eval/diag50_a1_sft_s1
diag50_a1_sft_s1,a1_sft,1,1,sft,8000,4,12,1,1.0,libero_goal,3540.5915291309357,f3443dea3735fe2a5f8adc0a6dce3292c4496bc9,outputs/rl/eval/diag50_a1_sft_s1
diag50_a1_sft_s1,a1_sft,1,1,sft,8000,4,13,1,1.0,libero_goal,3540.5915291309357,f3443dea3735fe2a5f8adc0a6dce3292c4496bc9,outputs/rl/eval/diag50_a1_sft_s1
diag50_a1_sft_s1,a1_sft,1,1,sft,8000,4,14,1,1.0,libero_goal,3540.5915291309357,f3443dea3735fe2a5f8adc0a6dce3292c4496bc9,outputs/rl/eval/diag50_a1_sft_s1
diag50_a1_sft_s1,a1_sft,1,1,sft,8000,4,15,1,1.0,libero_goal,3540.5915291309357,f3443dea3735fe2a5f8adc0a6dce3292c4496bc9,outputs/rl/eval/diag50_a1_sft_s1
diag50_a1_sft_s1,a1_sft,1,1,sft,8000,4,16,1,1.0,libero_goal,3540.5915291309357,f3443dea3735fe2a5f8adc0a6dce3292c4496bc9,outputs/rl/eval/diag50_a1_sft_s1
diag50_a1_sft_s1,a1_sft,1,1,sft,8000,4,17,1,1.0,libero_goal,3540.5915291309357,f3443dea3735fe2a5f8adc0a6dce3292c4496bc9,outputs/rl/eval/diag50_a1_sft_s1
diag50_a1_sft_s1,a1_sft,1,1,sft,8000,4,18,1,1.0,libero_goal,3540.5915291309357,f3443dea3735fe2a5f8adc0a6dce3292c4496bc9,outputs/rl/eval/diag50_a1_sft_s1
diag50_a1_sft_s1,a1_sft,1,1,sft,8000,4,19,1,1.0,libero_goal,3540.5915291309357,f3443dea3735fe2a5f8adc0a6dce3292c4496bc9,outputs/rl/eval/diag50_a1_sft_s1
diag50_a1_sft_s1,a1_sft,1,1,sft,8000,4,20,1,1.0,libero_goal,3540.5915291309357,f3443dea3735fe2a5f8adc0a6dce3292c4496bc9,outputs/rl/eval/diag50_a1_sft_s1
diag50_a1_sft_s1,a1_sft,1,1,sft,8000,4,21,1,1.0,libero_goal,3540.5915291309357,f3443dea3735fe2a5f8adc0a6dce3292c4496bc9,outputs/rl/eval/diag50_a1_sft_s1
diag50_a1_sft_s1,a1_sft,1,1,sft,8000,4,22,1,1.0,libero_goal,3540.5915291309357,f3443dea3735fe2a5f8adc0a6dce3292c4496bc9,outputs/rl/eval/diag50_a1_sft_s1
diag50_a1_sft_s1,a1_sft,1,1,sft,8000,4,23,1,1.0,libero_goal,3540.5915291309357,f3443dea3735fe2a5f8adc0a6dce3292c4496bc9,outputs/rl/eval/diag50_a1_sft_s1
diag50_a1_sft_s1,a1_sft,1,1,sft,8000,4,24,0,0.0,libero_goal,3540.5915291309357,f3443dea3735fe2a5f8adc0a6dce3292c4496bc9,outputs/rl/eval/diag50_a1_sft_s1
diag50_a1_sft_s1,a1_sft,1,1,sft,8000,4,25,1,1.0,libero_goal,3540.5915291309357,f3443dea3735fe2a5f8adc0a6dce3292c4496bc9,outputs/rl/eval/diag50_a1_sft_s1
diag50_a1_sft_s1,a1_sft,1,1,sft,8000,4,26,1,1.0,libero_goal,3540.5915291309357,f3443dea3735fe2a5f8adc0a6dce3292c4496bc9,outputs/rl/eval/diag50_a1_sft_s1
diag50_a1_sft_s1,a1_sft,1,1,sft,8000,4,27,1,1.0,libero_goal,3540.5915291309357,f3443dea3735fe2a5f8adc0a6dce3292c4496bc9,outputs/rl/eval/diag50_a1_sft_s1
diag50_a1_sft_s1,a1_sft,1,1,sft,8000,4,28,1,1.0,libero_goal,3540.5915291309357,f3443dea3735fe2a5f8adc0a6dce3292c4496bc9,outputs/rl/eval/diag50_a1_sft_s1
diag50_a1_sft_s1,a1_sft,1,1,sft,8000,4,29,1,1.0,libero_goal,3540.5915291309357,f3443dea3735fe2a5f8adc0a6dce3292c4496bc9,outputs/rl/eval/diag50_a1_sft_s1
diag50_a1_sft_s1,a1_sft,1,1,sft,8000,4,30,1,1.0,libero_goal,3540.5915291309357,f3443dea3735fe2a5f8adc0a6dce3292c4496bc9,outputs/rl/eval/diag50_a1_sft_s1
diag50_a1_sft_s1,a1_sft,1,1,sft,8000,4,31,1,1.0,libero_goal,3540.5915291309357,f3443dea3735fe2a5f8adc0a6dce3292c4496bc9,outputs/rl/eval/diag50_a1_sft_s1
diag50_a1_sft_s1,a1_sft,1,1,sft,8000,4,32,1,1.0,libero_goal,3540.5915291309357,f3443dea3735fe2a5f8adc0a6dce3292c4496bc9,outputs/rl/eval/diag50_a1_sft_s1
diag50_a1_sft_s1,a1_sft,1,1,sft,8000,4,33,1,1.0,libero_goal,3540.5915291309357,f3443dea3735fe2a5f8adc0a6dce3292c4496bc9,outputs/rl/eval/diag50_a1_sft_s1
diag50_a1_sft_s1,a1_sft,1,1,sft,8000,4,34,1,1.0,libero_goal,3540.5915291309357,f3443dea3735fe2a5f8adc0a6dce3292c4496bc9,outputs/rl/eval/diag50_a1_sft_s1
diag50_a1_sft_s1,a1_sft,1,1,sft,8000,4,35,1,1.0,libero_goal,3540.5915291309357,f3443dea3735fe2a5f8adc0a6dce3292c4496bc9,outputs/rl/eval/diag50_a1_sft_s1
diag50_a1_sft_s1,a1_sft,1,1,sft,8000,4,36,1,1.0,libero_goal,3540.5915291309357,f3443dea3735fe2a5f8adc0a6dce3292c4496bc9,outputs/rl/eval/diag50_a1_sft_s1
diag50_a1_sft_s1,a1_sft,1,1,sft,8000,4,37,1,1.0,libero_goal,3540.5915291309357,f3443dea3735fe2a5f8adc0a6dce3292c4496bc9,outputs/rl/eval/diag50_a1_sft_s1
diag50_a1_sft_s1,a1_sft,1,1,sft,8000,4,38,1,1.0,libero_goal,3540.5915291309357,f3443dea3735fe2a5f8adc0a6dce3292c4496bc9,outputs/rl/eval/diag50_a1_sft_s1
diag50_a1_sft_s1,a1_sft,1,1,sft,8000,4,39,1,1.0,libero_goal,3540.5915291309357,f3443dea3735fe2a5f8adc0a6dce3292c4496bc9,outputs/rl/eval/diag50_a1_sft_s1
diag50_a1_sft_s1,a1_sft,1,1,sft,8000,4,40,1,1.0,libero_goal,3540.5915291309357,f3443dea3735fe2a5f8adc0a6dce3292c4496bc9,outputs/rl/eval/diag50_a1_sft_s1
diag50_a1_sft_s1,a1_sft,1,1,sft,8000,4,41,1,1.0,libero_goal,3540.5915291309357,f3443dea3735fe2a5f8adc0a6dce3292c4496bc9,outputs/rl/eval/diag50_a1_sft_s1
diag50_a1_sft_s1,a1_sft,1,1,sft,8000,4,42,0,0.0,libero_goal,3540.5915291309357,f3443dea3735fe2a5f8adc0a6dce3292c4496bc9,outputs/rl/eval/diag50_a1_sft_s1
diag50_a1_sft_s1,a1_sft,1,1,sft,8000,4,43,1,1.0,libero_goal,3540.5915291309357,f3443dea3735fe2a5f8adc0a6dce3292c4496bc9,outputs/rl/eval/diag50_a1_sft_s1
diag50_a1_sft_s1,a1_sft,1,1,sft,8000,4,44,1,1.0,libero_goal,3540.5915291309357,f3443dea3735fe2a5f8adc0a6dce3292c4496bc9,outputs/rl/eval/diag50_a1_sft_s1
diag50_a1_sft_s1,a1_sft,1,1,sft,8000,4,45,1,1.0,libero_goal,3540.5915291309357,f3443dea3735fe2a5f8adc0a6dce3292c4496bc9,outputs/rl/eval/diag50_a1_sft_s1
diag50_a1_sft_s1,a1_sft,1,1,sft,8000,4,46,1,1.0,libero_goal,3540.5915291309357,f3443dea3735fe2a5f8adc0a6dce3292c4496bc9,outputs/rl/eval/diag50_a1_sft_s1
diag50_a1_sft_s1,a1_sft,1,1,sft,8000,4,47,0,0.0,libero_goal,3540.5915291309357,f3443dea3735fe2a5f8adc0a6dce3292c4496bc9,outputs/rl/eval/diag50_a1_sft_s1
diag50_a1_sft_s1,a1_sft,1,1,sft,8000,4,48,1,1.0,libero_goal,3540.5915291309357,f3443dea3735fe2a5f8adc0a6dce3292c4496bc9,outputs/rl/eval/diag50_a1_sft_s1
diag50_a1_sft_s1,a1_sft,1,1,sft,8000,4,49,1,1.0,libero_goal,3540.5915291309357,f3443dea3735fe2a5f8adc0a6dce3292c4496bc9,outputs/rl/eval/diag50_a1_sft_s1
diag50_a1_sft_s1,a1_sft,1,1,sft,8000,5,0,1,1.0,libero_goal,3540.5915291309357,f3443dea3735fe2a5f8adc0a6dce3292c4496bc9,outputs/rl/eval/diag50_a1_sft_s1
diag50_a1_sft_s1,a1_sft,1,1,sft,8000,5,1,1,1.0,libero_goal,3540.5915291309357,f3443dea3735fe2a5f8adc0a6dce3292c4496bc9,outputs/rl/eval/diag50_a1_sft_s1
diag50_a1_sft_s1,a1_sft,1,1,sft,8000,5,2,1,1.0,libero_goal,3540.5915291309357,f3443dea3735fe2a5f8adc0a6dce3292c4496bc9,outputs/rl/eval/diag50_a1_sft_s1
diag50_a1_sft_s1,a1_sft,1,1,sft,8000,5,3,1,1.0,libero_goal,3540.5915291309357,f3443dea3735fe2a5f8adc0a6dce3292c4496bc9,outputs/rl/eval/diag50_a1_sft_s1
diag50_a1_sft_s1,a1_sft,1,1,sft,8000,5,4,1,1.0,libero_goal,3540.5915291309357,f3443dea3735fe2a5f8adc0a6dce3292c4496bc9,outputs/rl/eval/diag50_a1_sft_s1
diag50_a1_sft_s1,a1_sft,1,1,sft,8000,5,5,1,1.0,libero_goal,3540.5915291309357,f3443dea3735fe2a5f8adc0a6dce3292c4496bc9,outputs/rl/eval/diag50_a1_sft_s1
diag50_a1_sft_s1,a1_sft,1,1,sft,8000,5,6,1,1.0,libero_goal,3540.5915291309357,f3443dea3735fe2a5f8adc0a6dce3292c4496bc9,outputs/rl/eval/diag50_a1_sft_s1
diag50_a1_sft_s1,a1_sft,1,1,sft,8000,5,7,0,0.0,libero_goal,3540.5915291309357,f3443dea3735fe2a5f8adc0a6dce3292c4496bc9,outputs/rl/eval/diag50_a1_sft_s1
diag50_a1_sft_s1,a1_sft,1,1,sft,8000,5,8,1,1.0,libero_goal,3540.5915291309357,f3443dea3735fe2a5f8adc0a6dce3292c4496bc9,outputs/rl/eval/diag50_a1_sft_s1
diag50_a1_sft_s1,a1_sft,1,1,sft,8000,5,9,1,1.0,libero_goal,3540.5915291309357,f3443dea3735fe2a5f8adc0a6dce3292c4496bc9,outputs/rl/eval/diag50_a1_sft_s1
diag50_a1_sft_s1,a1_sft,1,1,sft,8000,5,10,1,1.0,libero_goal,3540.5915291309357,f3443dea3735fe2a5f8adc0a6dce3292c4496bc9,outputs/rl/eval/diag50_a1_sft_s1
diag50_a1_sft_s1,a1_sft,1,1,sft,8000,5,11,1,1.0,libero_goal,3540.5915291309357,f3443dea3735fe2a5f8adc0a6dce3292c4496bc9,outputs/rl/eval/diag50_a1_sft_s1
diag50_a1_sft_s1,a1_sft,1,1,sft,8000,5,12,0,0.0,libero_goal,3540.5915291309357,f3443dea3735fe2a5f8adc0a6dce3292c4496bc9,outputs/rl/eval/diag50_a1_sft_s1
diag50_a1_sft_s1,a1_sft,1,1,sft,8000,5,13,1,1.0,libero_goal,3540.5915291309357,f3443dea3735fe2a5f8adc0a6dce3292c4496bc9,outputs/rl/eval/diag50_a1_sft_s1
diag50_a1_sft_s1,a1_sft,1,1,sft,8000,5,14,1,1.0,libero_goal,3540.5915291309357,f3443dea3735fe2a5f8adc0a6dce3292c4496bc9,outputs/rl/eval/diag50_a1_sft_s1
diag50_a1_sft_s1,a1_sft,1,1,sft,8000,5,15,1,1.0,libero_goal,3540.5915291309357,f3443dea3735fe2a5f8adc0a6dce3292c4496bc9,outputs/rl/eval/diag50_a1_sft_s1
diag50_a1_sft_s1,a1_sft,1,1,sft,8000,5,16,1,1.0,libero_goal,3540.5915291309357,f3443dea3735fe2a5f8adc0a6dce3292c4496bc9,outputs/rl/eval/diag50_a1_sft_s1
diag50_a1_sft_s1,a1_sft,1,1,sft,8000,5,17,1,1.0,libero_goal,3540.5915291309357,f3443dea3735fe2a5f8adc0a6dce3292c4496bc9,outputs/rl/eval/diag50_a1_sft_s1
diag50_a1_sft_s1,a1_sft,1,1,sft,8000,5,18,1,1.0,libero_goal,3540.5915291309357,f3443dea3735fe2a5f8adc0a6dce3292c4496bc9,outputs/rl/eval/diag50_a1_sft_s1
diag50_a1_sft_s1,a1_sft,1,1,sft,8000,5,19,1,1.0,libero_goal,3540.5915291309357,f3443dea3735fe2a5f8adc0a6dce3292c4496bc9,outputs/rl/eval/diag50_a1_sft_s1
diag50_a1_sft_s1,a1_sft,1,1,sft,8000,5,20,0,0.0,libero_goal,3540.5915291309357,f3443dea3735fe2a5f8adc0a6dce3292c4496bc9,outputs/rl/eval/diag50_a1_sft_s1
diag50_a1_sft_s1,a1_sft,1,1,sft,8000,5,21,1,1.0,libero_goal,3540.5915291309357,f3443dea3735fe2a5f8adc0a6dce3292c4496bc9,outputs/rl/eval/diag50_a1_sft_s1
diag50_a1_sft_s1,a1_sft,1,1,sft,8000,5,22,1,1.0,libero_goal,3540.5915291309357,f3443dea3735fe2a5f8adc0a6dce3292c4496bc9,outputs/rl/eval/diag50_a1_sft_s1
diag50_a1_sft_s1,a1_sft,1,1,sft,8000,5,23,1,1.0,libero_goal,3540.5915291309357,f3443dea3735fe2a5f8adc0a6dce3292c4496bc9,outputs/rl/eval/diag50_a1_sft_s1
diag50_a1_sft_s1,a1_sft,1,1,sft,8000,5,24,1,1.0,libero_goal,3540.5915291309357,f3443dea3735fe2a5f8adc0a6dce3292c4496bc9,outputs/rl/eval/diag50_a1_sft_s1
diag50_a1_sft_s1,a1_sft,1,1,sft,8000,5,25,1,1.0,libero_goal,3540.5915291309357,f3443dea3735fe2a5f8adc0a6dce3292c4496bc9,outputs/rl/eval/diag50_a1_sft_s1
diag50_a1_sft_s1,a1_sft,1,1,sft,8000,5,26,1,1.0,libero_goal,3540.5915291309357,f3443dea3735fe2a5f8adc0a6dce3292c4496bc9,outputs/rl/eval/diag50_a1_sft_s1
diag50_a1_sft_s1,a1_sft,1,1,sft,8000,5,27,0,0.0,libero_goal,3540.5915291309357,f3443dea3735fe2a5f8adc0a6dce3292c4496bc9,outputs/rl/eval/diag50_a1_sft_s1
diag50_a1_sft_s1,a1_sft,1,1,sft,8000,5,28,1,1.0,libero_goal,3540.5915291309357,f3443dea3735fe2a5f8adc0a6dce3292c4496bc9,outputs/rl/eval/diag50_a1_sft_s1
diag50_a1_sft_s1,a1_sft,1,1,sft,8000,5,29,0,0.0,libero_goal,3540.5915291309357,f3443dea3735fe2a5f8adc0a6dce3292c4496bc9,outputs/rl/eval/diag50_a1_sft_s1
diag50_a1_sft_s1,a1_sft,1,1,sft,8000,5,30,1,1.0,libero_goal,3540.5915291309357,f3443dea3735fe2a5f8adc0a6dce3292c4496bc9,outputs/rl/eval/diag50_a1_sft_s1
diag50_a1_sft_s1,a1_sft,1,1,sft,8000,5,31,1,1.0,libero_goal,3540.5915291309357,f3443dea3735fe2a5f8adc0a6dce3292c4496bc9,outputs/rl/eval/diag50_a1_sft_s1
diag50_a1_sft_s1,a1_sft,1,1,sft,8000,5,32,1,1.0,libero_goal,3540.5915291309357,f3443dea3735fe2a5f8adc0a6dce3292c4496bc9,outputs/rl/eval/diag50_a1_sft_s1
diag50_a1_sft_s1,a1_sft,1,1,sft,8000,5,33,1,1.0,libero_goal,3540.5915291309357,f3443dea3735fe2a5f8adc0a6dce3292c4496bc9,outputs/rl/eval/diag50_a1_sft_s1
diag50_a1_sft_s1,a1_sft,1,1,sft,8000,5,34,1,1.0,libero_goal,3540.5915291309357,f3443dea3735fe2a5f8adc0a6dce3292c4496bc9,outputs/rl/eval/diag50_a1_sft_s1
diag50_a1_sft_s1,a1_sft,1,1,sft,8000,5,35,1,1.0,libero_goal,3540.5915291309357,f3443dea3735fe2a5f8adc0a6dce3292c4496bc9,outputs/rl/eval/diag50_a1_sft_s1
diag50_a1_sft_s1,a1_sft,1,1,sft,8000,5,36,1,1.0,libero_goal,3540.5915291309357,f3443dea3735fe2a5f8adc0a6dce3292c4496bc9,outputs/rl/eval/diag50_a1_sft_s1
diag50_a1_sft_s1,a1_sft,1,1,sft,8000,5,37,1,1.0,libero_goal,3540.5915291309357,f3443dea3735fe2a5f8adc0a6dce3292c4496bc9,outputs/rl/eval/diag50_a1_sft_s1
diag50_a1_sft_s1,a1_sft,1,1,sft,8000,5,38,0,0.0,libero_goal,3540.5915291309357,f3443dea3735fe2a5f8adc0a6dce3292c4496bc9,outputs/rl/eval/diag50_a1_sft_s1
diag50_a1_sft_s1,a1_sft,1,1,sft,8000,5,39,0,0.0,libero_goal,3540.5915291309357,f3443dea3735fe2a5f8adc0a6dce3292c4496bc9,outputs/rl/eval/diag50_a1_sft_s1
diag50_a1_sft_s1,a1_sft,1,1,sft,8000,5,40,1,1.0,libero_goal,3540.5915291309357,f3443dea3735fe2a5f8adc0a6dce3292c4496bc9,outputs/rl/eval/diag50_a1_sft_s1
diag50_a1_sft_s1,a1_sft,1,1,sft,8000,5,41,1,1.0,libero_goal,3540.5915291309357,f3443dea3735fe2a5f8adc0a6dce3292c4496bc9,outputs/rl/eval/diag50_a1_sft_s1
diag50_a1_sft_s1,a1_sft,1,1,sft,8000,5,42,1,1.0,libero_goal,3540.5915291309357,f3443dea3735fe2a5f8adc0a6dce3292c4496bc9,outputs/rl/eval/diag50_a1_sft_s1
diag50_a1_sft_s1,a1_sft,1,1,sft,8000,5,43,1,1.0,libero_goal,3540.5915291309357,f3443dea3735fe2a5f8adc0a6dce3292c4496bc9,outputs/rl/eval/diag50_a1_sft_s1
diag50_a1_sft_s1,a1_sft,1,1,sft,8000,5,44,1,1.0,libero_goal,3540.5915291309357,f3443dea3735fe2a5f8adc0a6dce3292c4496bc9,outputs/rl/eval/diag50_a1_sft_s1
diag50_a1_sft_s1,a1_sft,1,1,sft,8000,5,45,1,1.0,libero_goal,3540.5915291309357,f3443dea3735fe2a5f8adc0a6dce3292c4496bc9,outputs/rl/eval/diag50_a1_sft_s1
diag50_a1_sft_s1,a1_sft,1,1,sft,8000,5,46,1,1.0,libero_goal,3540.5915291309357,f3443dea3735fe2a5f8adc0a6dce3292c4496bc9,outputs/rl/eval/diag50_a1_sft_s1
diag50_a1_sft_s1,a1_sft,1,1,sft,8000,5,47,1,1.0,libero_goal,3540.5915291309357,f3443dea3735fe2a5f8adc0a6dce3292c4496bc9,outputs/rl/eval/diag50_a1_sft_s1
diag50_a1_sft_s1,a1_sft,1,1,sft,8000,5,48,1,1.0,libero_goal,3540.5915291309357,f3443dea3735fe2a5f8adc0a6dce3292c4496bc9,outputs/rl/eval/diag50_a1_sft_s1
diag50_a1_sft_s1,a1_sft,1,1,sft,8000,5,49,1,1.0,libero_goal,3540.5915291309357,f3443dea3735fe2a5f8adc0a6dce3292c4496bc9,outputs/rl/eval/diag50_a1_sft_s1
diag50_a1_sft_s1,a1_sft,1,1,sft,8000,6,0,0,0.0,libero_goal,3540.5915291309357,f3443dea3735fe2a5f8adc0a6dce3292c4496bc9,outputs/rl/eval/diag50_a1_sft_s1
diag50_a1_sft_s1,a1_sft,1,1,sft,8000,6,1,1,1.0,libero_goal,3540.5915291309357,f3443dea3735fe2a5f8adc0a6dce3292c4496bc9,outputs/rl/eval/diag50_a1_sft_s1
diag50_a1_sft_s1,a1_sft,1,1,sft,8000,6,2,1,1.0,libero_goal,3540.5915291309357,f3443dea3735fe2a5f8adc0a6dce3292c4496bc9,outputs/rl/eval/diag50_a1_sft_s1
diag50_a1_sft_s1,a1_sft,1,1,sft,8000,6,3,0,0.0,libero_goal,3540.5915291309357,f3443dea3735fe2a5f8adc0a6dce3292c4496bc9,outputs/rl/eval/diag50_a1_sft_s1
diag50_a1_sft_s1,a1_sft,1,1,sft,8000,6,4,1,1.0,libero_goal,3540.5915291309357,f3443dea3735fe2a5f8adc0a6dce3292c4496bc9,outputs/rl/eval/diag50_a1_sft_s1
diag50_a1_sft_s1,a1_sft,1,1,sft,8000,6,5,0,0.0,libero_goal,3540.5915291309357,f3443dea3735fe2a5f8adc0a6dce3292c4496bc9,outputs/rl/eval/diag50_a1_sft_s1
diag50_a1_sft_s1,a1_sft,1,1,sft,8000,6,6,1,1.0,libero_goal,3540.5915291309357,f3443dea3735fe2a5f8adc0a6dce3292c4496bc9,outputs/rl/eval/diag50_a1_sft_s1
diag50_a1_sft_s1,a1_sft,1,1,sft,8000,6,7,0,0.0,libero_goal,3540.5915291309357,f3443dea3735fe2a5f8adc0a6dce3292c4496bc9,outputs/rl/eval/diag50_a1_sft_s1
diag50_a1_sft_s1,a1_sft,1,1,sft,8000,6,8,1,1.0,libero_goal,3540.5915291309357,f3443dea3735fe2a5f8adc0a6dce3292c4496bc9,outputs/rl/eval/diag50_a1_sft_s1
diag50_a1_sft_s1,a1_sft,1,1,sft,8000,6,9,0,0.0,libero_goal,3540.5915291309357,f3443dea3735fe2a5f8adc0a6dce3292c4496bc9,outputs/rl/eval/diag50_a1_sft_s1
diag50_a1_sft_s1,a1_sft,1,1,sft,8000,6,10,1,1.0,libero_goal,3540.5915291309357,f3443dea3735fe2a5f8adc0a6dce3292c4496bc9,outputs/rl/eval/diag50_a1_sft_s1
diag50_a1_sft_s1,a1_sft,1,1,sft,8000,6,11,1,1.0,libero_goal,3540.5915291309357,f3443dea3735fe2a5f8adc0a6dce3292c4496bc9,outputs/rl/eval/diag50_a1_sft_s1
diag50_a1_sft_s1,a1_sft,1,1,sft,8000,6,12,1,1.0,libero_goal,3540.5915291309357,f3443dea3735fe2a5f8adc0a6dce3292c4496bc9,outputs/rl/eval/diag50_a1_sft_s1
diag50_a1_sft_s1,a1_sft,1,1,sft,8000,6,13,0,0.0,libero_goal,3540.5915291309357,f3443dea3735fe2a5f8adc0a6dce3292c4496bc9,outputs/rl/eval/diag50_a1_sft_s1
diag50_a1_sft_s1,a1_sft,1,1,sft,8000,6,14,1,1.0,libero_goal,3540.5915291309357,f3443dea3735fe2a5f8adc0a6dce3292c4496bc9,outputs/rl/eval/diag50_a1_sft_s1
diag50_a1_sft_s1,a1_sft,1,1,sft,8000,6,15,1,1.0,libero_goal,3540.5915291309357,f3443dea3735fe2a5f8adc0a6dce3292c4496bc9,outputs/rl/eval/diag50_a1_sft_s1
diag50_a1_sft_s1,a1_sft,1,1,sft,8000,6,16,1,1.0,libero_goal,3540.5915291309357,f3443dea3735fe2a5f8adc0a6dce3292c4496bc9,outputs/rl/eval/diag50_a1_sft_s1
diag50_a1_sft_s1,a1_sft,1,1,sft,8000,6,17,0,0.0,libero_goal,3540.5915291309357,f3443dea3735fe2a5f8adc0a6dce3292c4496bc9,outputs/rl/eval/diag50_a1_sft_s1
diag50_a1_sft_s1,a1_sft,1,1,sft,8000,6,18,1,1.0,libero_goal,3540.5915291309357,f3443dea3735fe2a5f8adc0a6dce3292c4496bc9,outputs/rl/eval/diag50_a1_sft_s1
diag50_a1_sft_s1,a1_sft,1,1,sft,8000,6,19,1,1.0,libero_goal,3540.5915291309357,f3443dea3735fe2a5f8adc0a6dce3292c4496bc9,outputs/rl/eval/diag50_a1_sft_s1
diag50_a1_sft_s1,a1_sft,1,1,sft,8000,6,20,1,1.0,libero_goal,3540.5915291309357,f3443dea3735fe2a5f8adc0a6dce3292c4496bc9,outputs/rl/eval/diag50_a1_sft_s1
diag50_a1_sft_s1,a1_sft,1,1,sft,8000,6,21,1,1.0,libero_goal,3540.5915291309357,f3443dea3735fe2a5f8adc0a6dce3292c4496bc9,outputs/rl/eval/diag50_a1_sft_s1
diag50_a1_sft_s1,a1_sft,1,1,sft,8000,6,22,1,1.0,libero_goal,3540.5915291309357,f3443dea3735fe2a5f8adc0a6dce3292c4496bc9,outputs/rl/eval/diag50_a1_sft_s1
diag50_a1_sft_s1,a1_sft,1,1,sft,8000,6,23,1,1.0,libero_goal,3540.5915291309357,f3443dea3735fe2a5f8adc0a6dce3292c4496bc9,outputs/rl/eval/diag50_a1_sft_s1
diag50_a1_sft_s1,a1_sft,1,1,sft,8000,6,24,1,1.0,libero_goal,3540.5915291309357,f3443dea3735fe2a5f8adc0a6dce3292c4496bc9,outputs/rl/eval/diag50_a1_sft_s1
diag50_a1_sft_s1,a1_sft,1,1,sft,8000,6,25,1,1.0,libero_goal,3540.5915291309357,f3443dea3735fe2a5f8adc0a6dce3292c4496bc9,outputs/rl/eval/diag50_a1_sft_s1
diag50_a1_sft_s1,a1_sft,1,1,sft,8000,6,26,1,1.0,libero_goal,3540.5915291309357,f3443dea3735fe2a5f8adc0a6dce3292c4496bc9,outputs/rl/eval/diag50_a1_sft_s1
diag50_a1_sft_s1,a1_sft,1,1,sft,8000,6,27,0,0.0,libero_goal,3540.5915291309357,f3443dea3735fe2a5f8adc0a6dce3292c4496bc9,outputs/rl/eval/diag50_a1_sft_s1
diag50_a1_sft_s1,a1_sft,1,1,sft,8000,6,28,1,1.0,libero_goal,3540.5915291309357,f3443dea3735fe2a5f8adc0a6dce3292c4496bc9,outputs/rl/eval/diag50_a1_sft_s1
diag50_a1_sft_s1,a1_sft,1,1,sft,8000,6,29,1,1.0,libero_goal,3540.5915291309357,f3443dea3735fe2a5f8adc0a6dce3292c4496bc9,outputs/rl/eval/diag50_a1_sft_s1
diag50_a1_sft_s1,a1_sft,1,1,sft,8000,6,30,0,0.0,libero_goal,3540.5915291309357,f3443dea3735fe2a5f8adc0a6dce3292c4496bc9,outputs/rl/eval/diag50_a1_sft_s1
diag50_a1_sft_s1,a1_sft,1,1,sft,8000,6,31,1,1.0,libero_goal,3540.5915291309357,f3443dea3735fe2a5f8adc0a6dce3292c4496bc9,outputs/rl/eval/diag50_a1_sft_s1
diag50_a1_sft_s1,a1_sft,1,1,sft,8000,6,32,1,1.0,libero_goal,3540.5915291309357,f3443dea3735fe2a5f8adc0a6dce3292c4496bc9,outputs/rl/eval/diag50_a1_sft_s1
diag50_a1_sft_s1,a1_sft,1,1,sft,8000,6,33,1,1.0,libero_goal,3540.5915291309357,f3443dea3735fe2a5f8adc0a6dce3292c4496bc9,outputs/rl/eval/diag50_a1_sft_s1
diag50_a1_sft_s1,a1_sft,1,1,sft,8000,6,34,1,1.0,libero_goal,3540.5915291309357,f3443dea3735fe2a5f8adc0a6dce3292c4496bc9,outputs/rl/eval/diag50_a1_sft_s1
diag50_a1_sft_s1,a1_sft,1,1,sft,8000,6,35,1,1.0,libero_goal,3540.5915291309357,f3443dea3735fe2a5f8adc0a6dce3292c4496bc9,outputs/rl/eval/diag50_a1_sft_s1
diag50_a1_sft_s1,a1_sft,1,1,sft,8000,6,36,1,1.0,libero_goal,3540.5915291309357,f3443dea3735fe2a5f8adc0a6dce3292c4496bc9,outputs/rl/eval/diag50_a1_sft_s1
diag50_a1_sft_s1,a1_sft,1,1,sft,8000,6,37,1,1.0,libero_goal,3540.5915291309357,f3443dea3735fe2a5f8adc0a6dce3292c4496bc9,outputs/rl/eval/diag50_a1_sft_s1
diag50_a1_sft_s1,a1_sft,1,1,sft,8000,6,38,0,0.0,libero_goal,3540.5915291309357,f3443dea3735fe2a5f8adc0a6dce3292c4496bc9,outputs/rl/eval/diag50_a1_sft_s1
diag50_a1_sft_s1,a1_sft,1,1,sft,8000,6,39,1,1.0,libero_goal,3540.5915291309357,f3443dea3735fe2a5f8adc0a6dce3292c4496bc9,outputs/rl/eval/diag50_a1_sft_s1
diag50_a1_sft_s1,a1_sft,1,1,sft,8000,6,40,0,0.0,libero_goal,3540.5915291309357,f3443dea3735fe2a5f8adc0a6dce3292c4496bc9,outputs/rl/eval/diag50_a1_sft_s1
diag50_a1_sft_s1,a1_sft,1,1,sft,8000,6,41,0,0.0,libero_goal,3540.5915291309357,f3443dea3735fe2a5f8adc0a6dce3292c4496bc9,outputs/rl/eval/diag50_a1_sft_s1
diag50_a1_sft_s1,a1_sft,1,1,sft,8000,6,42,1,1.0,libero_goal,3540.5915291309357,f3443dea3735fe2a5f8adc0a6dce3292c4496bc9,outputs/rl/eval/diag50_a1_sft_s1
diag50_a1_sft_s1,a1_sft,1,1,sft,8000,6,43,1,1.0,libero_goal,3540.5915291309357,f3443dea3735fe2a5f8adc0a6dce3292c4496bc9,outputs/rl/eval/diag50_a1_sft_s1
diag50_a1_sft_s1,a1_sft,1,1,sft,8000,6,44,1,1.0,libero_goal,3540.5915291309357,f3443dea3735fe2a5f8adc0a6dce3292c4496bc9,outputs/rl/eval/diag50_a1_sft_s1
diag50_a1_sft_s1,a1_sft,1,1,sft,8000,6,45,1,1.0,libero_goal,3540.5915291309357,f3443dea3735fe2a5f8adc0a6dce3292c4496bc9,outputs/rl/eval/diag50_a1_sft_s1
diag50_a1_sft_s1,a1_sft,1,1,sft,8000,6,46,0,0.0,libero_goal,3540.5915291309357,f3443dea3735fe2a5f8adc0a6dce3292c4496bc9,outputs/rl/eval/diag50_a1_sft_s1
diag50_a1_sft_s1,a1_sft,1,1,sft,8000,6,47,0,0.0,libero_goal,3540.5915291309357,f3443dea3735fe2a5f8adc0a6dce3292c4496bc9,outputs/rl/eval/diag50_a1_sft_s1
diag50_a1_sft_s1,a1_sft,1,1,sft,8000,6,48,0,0.0,libero_goal,3540.5915291309357,f3443dea3735fe2a5f8adc0a6dce3292c4496bc9,outputs/rl/eval/diag50_a1_sft_s1
diag50_a1_sft_s1,a1_sft,1,1,sft,8000,6,49,0,0.0,libero_goal,3540.5915291309357,f3443dea3735fe2a5f8adc0a6dce3292c4496bc9,outputs/rl/eval/diag50_a1_sft_s1
diag50_a1_sft_s1,a1_sft,1,1,sft,8000,7,0,1,1.0,libero_goal,3540.5915291309357,f3443dea3735fe2a5f8adc0a6dce3292c4496bc9,outputs/rl/eval/diag50_a1_sft_s1
diag50_a1_sft_s1,a1_sft,1,1,sft,8000,7,1,1,1.0,libero_goal,3540.5915291309357,f3443dea3735fe2a5f8adc0a6dce3292c4496bc9,outputs/rl/eval/diag50_a1_sft_s1
diag50_a1_sft_s1,a1_sft,1,1,sft,8000,7,2,1,1.0,libero_goal,3540.5915291309357,f3443dea3735fe2a5f8adc0a6dce3292c4496bc9,outputs/rl/eval/diag50_a1_sft_s1
diag50_a1_sft_s1,a1_sft,1,1,sft,8000,7,3,1,1.0,libero_goal,3540.5915291309357,f3443dea3735fe2a5f8adc0a6dce3292c4496bc9,outputs/rl/eval/diag50_a1_sft_s1
diag50_a1_sft_s1,a1_sft,1,1,sft,8000,7,4,1,1.0,libero_goal,3540.5915291309357,f3443dea3735fe2a5f8adc0a6dce3292c4496bc9,outputs/rl/eval/diag50_a1_sft_s1
diag50_a1_sft_s1,a1_sft,1,1,sft,8000,7,5,1,1.0,libero_goal,3540.5915291309357,f3443dea3735fe2a5f8adc0a6dce3292c4496bc9,outputs/rl/eval/diag50_a1_sft_s1
diag50_a1_sft_s1,a1_sft,1,1,sft,8000,7,6,1,1.0,libero_goal,3540.5915291309357,f3443dea3735fe2a5f8adc0a6dce3292c4496bc9,outputs/rl/eval/diag50_a1_sft_s1
diag50_a1_sft_s1,a1_sft,1,1,sft,8000,7,7,1,1.0,libero_goal,3540.5915291309357,f3443dea3735fe2a5f8adc0a6dce3292c4496bc9,outputs/rl/eval/diag50_a1_sft_s1
diag50_a1_sft_s1,a1_sft,1,1,sft,8000,7,8,1,1.0,libero_goal,3540.5915291309357,f3443dea3735fe2a5f8adc0a6dce3292c4496bc9,outputs/rl/eval/diag50_a1_sft_s1
diag50_a1_sft_s1,a1_sft,1,1,sft,8000,7,9,1,1.0,libero_goal,3540.5915291309357,f3443dea3735fe2a5f8adc0a6dce3292c4496bc9,outputs/rl/eval/diag50_a1_sft_s1
diag50_a1_sft_s1,a1_sft,1,1,sft,8000,7,10,1,1.0,libero_goal,3540.5915291309357,f3443dea3735fe2a5f8adc0a6dce3292c4496bc9,outputs/rl/eval/diag50_a1_sft_s1
diag50_a1_sft_s1,a1_sft,1,1,sft,8000,7,11,1,1.0,libero_goal,3540.5915291309357,f3443dea3735fe2a5f8adc0a6dce3292c4496bc9,outputs/rl/eval/diag50_a1_sft_s1
diag50_a1_sft_s1,a1_sft,1,1,sft,8000,7,12,1,1.0,libero_goal,3540.5915291309357,f3443dea3735fe2a5f8adc0a6dce3292c4496bc9,outputs/rl/eval/diag50_a1_sft_s1
diag50_a1_sft_s1,a1_sft,1,1,sft,8000,7,13,1,1.0,libero_goal,3540.5915291309357,f3443dea3735fe2a5f8adc0a6dce3292c4496bc9,outputs/rl/eval/diag50_a1_sft_s1
diag50_a1_sft_s1,a1_sft,1,1,sft,8000,7,14,1,1.0,libero_goal,3540.5915291309357,f3443dea3735fe2a5f8adc0a6dce3292c4496bc9,outputs/rl/eval/diag50_a1_sft_s1
diag50_a1_sft_s1,a1_sft,1,1,sft,8000,7,15,1,1.0,libero_goal,3540.5915291309357,f3443dea3735fe2a5f8adc0a6dce3292c4496bc9,outputs/rl/eval/diag50_a1_sft_s1
diag50_a1_sft_s1,a1_sft,1,1,sft,8000,7,16,1,1.0,libero_goal,3540.5915291309357,f3443dea3735fe2a5f8adc0a6dce3292c4496bc9,outputs/rl/eval/diag50_a1_sft_s1
diag50_a1_sft_s1,a1_sft,1,1,sft,8000,7,17,1,1.0,libero_goal,3540.5915291309357,f3443dea3735fe2a5f8adc0a6dce3292c4496bc9,outputs/rl/eval/diag50_a1_sft_s1
diag50_a1_sft_s1,a1_sft,1,1,sft,8000,7,18,1,1.0,libero_goal,3540.5915291309357,f3443dea3735fe2a5f8adc0a6dce3292c4496bc9,outputs/rl/eval/diag50_a1_sft_s1
diag50_a1_sft_s1,a1_sft,1,1,sft,8000,7,19,1,1.0,libero_goal,3540.5915291309357,f3443dea3735fe2a5f8adc0a6dce3292c4496bc9,outputs/rl/eval/diag50_a1_sft_s1
diag50_a1_sft_s1,a1_sft,1,1,sft,8000,7,20,1,1.0,libero_goal,3540.5915291309357,f3443dea3735fe2a5f8adc0a6dce3292c4496bc9,outputs/rl/eval/diag50_a1_sft_s1
diag50_a1_sft_s1,a1_sft,1,1,sft,8000,7,21,0,0.0,libero_goal,3540.5915291309357,f3443dea3735fe2a5f8adc0a6dce3292c4496bc9,outputs/rl/eval/diag50_a1_sft_s1
diag50_a1_sft_s1,a1_sft,1,1,sft,8000,7,22,1,1.0,libero_goal,3540.5915291309357,f3443dea3735fe2a5f8adc0a6dce3292c4496bc9,outputs/rl/eval/diag50_a1_sft_s1
diag50_a1_sft_s1,a1_sft,1,1,sft,8000,7,23,1,1.0,libero_goal,3540.5915291309357,f3443dea3735fe2a5f8adc0a6dce3292c4496bc9,outputs/rl/eval/diag50_a1_sft_s1
diag50_a1_sft_s1,a1_sft,1,1,sft,8000,7,24,1,1.0,libero_goal,3540.5915291309357,f3443dea3735fe2a5f8adc0a6dce3292c4496bc9,outputs/rl/eval/diag50_a1_sft_s1
diag50_a1_sft_s1,a1_sft,1,1,sft,8000,7,25,1,1.0,libero_goal,3540.5915291309357,f3443dea3735fe2a5f8adc0a6dce3292c4496bc9,outputs/rl/eval/diag50_a1_sft_s1
diag50_a1_sft_s1,a1_sft,1,1,sft,8000,7,26,1,1.0,libero_goal,3540.5915291309357,f3443dea3735fe2a5f8adc0a6dce3292c4496bc9,outputs/rl/eval/diag50_a1_sft_s1
diag50_a1_sft_s1,a1_sft,1,1,sft,8000,7,27,1,1.0,libero_goal,3540.5915291309357,f3443dea3735fe2a5f8adc0a6dce3292c4496bc9,outputs/rl/eval/diag50_a1_sft_s1
diag50_a1_sft_s1,a1_sft,1,1,sft,8000,7,28,1,1.0,libero_goal,3540.5915291309357,f3443dea3735fe2a5f8adc0a6dce3292c4496bc9,outputs/rl/eval/diag50_a1_sft_s1
diag50_a1_sft_s1,a1_sft,1,1,sft,8000,7,29,1,1.0,libero_goal,3540.5915291309357,f3443dea3735fe2a5f8adc0a6dce3292c4496bc9,outputs/rl/eval/diag50_a1_sft_s1
diag50_a1_sft_s1,a1_sft,1,1,sft,8000,7,30,1,1.0,libero_goal,3540.5915291309357,f3443dea3735fe2a5f8adc0a6dce3292c4496bc9,outputs/rl/eval/diag50_a1_sft_s1
diag50_a1_sft_s1,a1_sft,1,1,sft,8000,7,31,1,1.0,libero_goal,3540.5915291309357,f3443dea3735fe2a5f8adc0a6dce3292c4496bc9,outputs/rl/eval/diag50_a1_sft_s1
diag50_a1_sft_s1,a1_sft,1,1,sft,8000,7,32,1,1.0,libero_goal,3540.5915291309357,f3443dea3735fe2a5f8adc0a6dce3292c4496bc9,outputs/rl/eval/diag50_a1_sft_s1
diag50_a1_sft_s1,a1_sft,1,1,sft,8000,7,33,1,1.0,libero_goal,3540.5915291309357,f3443dea3735fe2a5f8adc0a6dce3292c4496bc9,outputs/rl/eval/diag50_a1_sft_s1
diag50_a1_sft_s1,a1_sft,1,1,sft,8000,7,34,1,1.0,libero_goal,3540.5915291309357,f3443dea3735fe2a5f8adc0a6dce3292c4496bc9,outputs/rl/eval/diag50_a1_sft_s1
diag50_a1_sft_s1,a1_sft,1,1,sft,8000,7,35,1,1.0,libero_goal,3540.5915291309357,f3443dea3735fe2a5f8adc0a6dce3292c4496bc9,outputs/rl/eval/diag50_a1_sft_s1
diag50_a1_sft_s1,a1_sft,1,1,sft,8000,7,36,1,1.0,libero_goal,3540.5915291309357,f3443dea3735fe2a5f8adc0a6dce3292c4496bc9,outputs/rl/eval/diag50_a1_sft_s1
diag50_a1_sft_s1,a1_sft,1,1,sft,8000,7,37,1,1.0,libero_goal,3540.5915291309357,f3443dea3735fe2a5f8adc0a6dce3292c4496bc9,outputs/rl/eval/diag50_a1_sft_s1
diag50_a1_sft_s1,a1_sft,1,1,sft,8000,7,38,1,1.0,libero_goal,3540.5915291309357,f3443dea3735fe2a5f8adc0a6dce3292c4496bc9,outputs/rl/eval/diag50_a1_sft_s1
diag50_a1_sft_s1,a1_sft,1,1,sft,8000,7,39,1,1.0,libero_goal,3540.5915291309357,f3443dea3735fe2a5f8adc0a6dce3292c4496bc9,outputs/rl/eval/diag50_a1_sft_s1
diag50_a1_sft_s1,a1_sft,1,1,sft,8000,7,40,1,1.0,libero_goal,3540.5915291309357,f3443dea3735fe2a5f8adc0a6dce3292c4496bc9,outputs/rl/eval/diag50_a1_sft_s1
diag50_a1_sft_s1,a1_sft,1,1,sft,8000,7,41,1,1.0,libero_goal,3540.5915291309357,f3443dea3735fe2a5f8adc0a6dce3292c4496bc9,outputs/rl/eval/diag50_a1_sft_s1
diag50_a1_sft_s1,a1_sft,1,1,sft,8000,7,42,1,1.0,libero_goal,3540.5915291309357,f3443dea3735fe2a5f8adc0a6dce3292c4496bc9,outputs/rl/eval/diag50_a1_sft_s1
diag50_a1_sft_s1,a1_sft,1,1,sft,8000,7,43,1,1.0,libero_goal,3540.5915291309357,f3443dea3735fe2a5f8adc0a6dce3292c4496bc9,outputs/rl/eval/diag50_a1_sft_s1
diag50_a1_sft_s1,a1_sft,1,1,sft,8000,7,44,1,1.0,libero_goal,3540.5915291309357,f3443dea3735fe2a5f8adc0a6dce3292c4496bc9,outputs/rl/eval/diag50_a1_sft_s1
diag50_a1_sft_s1,a1_sft,1,1,sft,8000,7,45,1,1.0,libero_goal,3540.5915291309357,f3443dea3735fe2a5f8adc0a6dce3292c4496bc9,outputs/rl/eval/diag50_a1_sft_s1
diag50_a1_sft_s1,a1_sft,1,1,sft,8000,7,46,1,1.0,libero_goal,3540.5915291309357,f3443dea3735fe2a5f8adc0a6dce3292c4496bc9,outputs/rl/eval/diag50_a1_sft_s1
diag50_a1_sft_s1,a1_sft,1,1,sft,8000,7,47,1,1.0,libero_goal,3540.5915291309357,f3443dea3735fe2a5f8adc0a6dce3292c4496bc9,outputs/rl/eval/diag50_a1_sft_s1
diag50_a1_sft_s1,a1_sft,1,1,sft,8000,7,48,1,1.0,libero_goal,3540.5915291309357,f3443dea3735fe2a5f8adc0a6dce3292c4496bc9,outputs/rl/eval/diag50_a1_sft_s1
diag50_a1_sft_s1,a1_sft,1,1,sft,8000,7,49,1,1.0,libero_goal,3540.5915291309357,f3443dea3735fe2a5f8adc0a6dce3292c4496bc9,outputs/rl/eval/diag50_a1_sft_s1
diag50_a1_sft_s1,a1_sft,1,1,sft,8000,8,0,1,1.0,libero_goal,3540.5915291309357,f3443dea3735fe2a5f8adc0a6dce3292c4496bc9,outputs/rl/eval/diag50_a1_sft_s1
diag50_a1_sft_s1,a1_sft,1,1,sft,8000,8,1,1,1.0,libero_goal,3540.5915291309357,f3443dea3735fe2a5f8adc0a6dce3292c4496bc9,outputs/rl/eval/diag50_a1_sft_s1
diag50_a1_sft_s1,a1_sft,1,1,sft,8000,8,2,1,1.0,libero_goal,3540.5915291309357,f3443dea3735fe2a5f8adc0a6dce3292c4496bc9,outputs/rl/eval/diag50_a1_sft_s1
diag50_a1_sft_s1,a1_sft,1,1,sft,8000,8,3,1,1.0,libero_goal,3540.5915291309357,f3443dea3735fe2a5f8adc0a6dce3292c4496bc9,outputs/rl/eval/diag50_a1_sft_s1
diag50_a1_sft_s1,a1_sft,1,1,sft,8000,8,4,1,1.0,libero_goal,3540.5915291309357,f3443dea3735fe2a5f8adc0a6dce3292c4496bc9,outputs/rl/eval/diag50_a1_sft_s1
diag50_a1_sft_s1,a1_sft,1,1,sft,8000,8,5,1,1.0,libero_goal,3540.5915291309357,f3443dea3735fe2a5f8adc0a6dce3292c4496bc9,outputs/rl/eval/diag50_a1_sft_s1
diag50_a1_sft_s1,a1_sft,1,1,sft,8000,8,6,1,1.0,libero_goal,3540.5915291309357,f3443dea3735fe2a5f8adc0a6dce3292c4496bc9,outputs/rl/eval/diag50_a1_sft_s1
diag50_a1_sft_s1,a1_sft,1,1,sft,8000,8,7,1,1.0,libero_goal,3540.5915291309357,f3443dea3735fe2a5f8adc0a6dce3292c4496bc9,outputs/rl/eval/diag50_a1_sft_s1
diag50_a1_sft_s1,a1_sft,1,1,sft,8000,8,8,1,1.0,libero_goal,3540.5915291309357,f3443dea3735fe2a5f8adc0a6dce3292c4496bc9,outputs/rl/eval/diag50_a1_sft_s1
diag50_a1_sft_s1,a1_sft,1,1,sft,8000,8,9,1,1.0,libero_goal,3540.5915291309357,f3443dea3735fe2a5f8adc0a6dce3292c4496bc9,outputs/rl/eval/diag50_a1_sft_s1
diag50_a1_sft_s1,a1_sft,1,1,sft,8000,8,10,1,1.0,libero_goal,3540.5915291309357,f3443dea3735fe2a5f8adc0a6dce3292c4496bc9,outputs/rl/eval/diag50_a1_sft_s1
diag50_a1_sft_s1,a1_sft,1,1,sft,8000,8,11,1,1.0,libero_goal,3540.5915291309357,f3443dea3735fe2a5f8adc0a6dce3292c4496bc9,outputs/rl/eval/diag50_a1_sft_s1
diag50_a1_sft_s1,a1_sft,1,1,sft,8000,8,12,1,1.0,libero_goal,3540.5915291309357,f3443dea3735fe2a5f8adc0a6dce3292c4496bc9,outputs/rl/eval/diag50_a1_sft_s1
diag50_a1_sft_s1,a1_sft,1,1,sft,8000,8,13,1,1.0,libero_goal,3540.5915291309357,f3443dea3735fe2a5f8adc0a6dce3292c4496bc9,outputs/rl/eval/diag50_a1_sft_s1
diag50_a1_sft_s1,a1_sft,1,1,sft,8000,8,14,1,1.0,libero_goal,3540.5915291309357,f3443dea3735fe2a5f8adc0a6dce3292c4496bc9,outputs/rl/eval/diag50_a1_sft_s1
diag50_a1_sft_s1,a1_sft,1,1,sft,8000,8,15,1,1.0,libero_goal,3540.5915291309357,f3443dea3735fe2a5f8adc0a6dce3292c4496bc9,outputs/rl/eval/diag50_a1_sft_s1
diag50_a1_sft_s1,a1_sft,1,1,sft,8000,8,16,0,0.0,libero_goal,3540.5915291309357,f3443dea3735fe2a5f8adc0a6dce3292c4496bc9,outputs/rl/eval/diag50_a1_sft_s1
diag50_a1_sft_s1,a1_sft,1,1,sft,8000,8,17,0,0.0,libero_goal,3540.5915291309357,f3443dea3735fe2a5f8adc0a6dce3292c4496bc9,outputs/rl/eval/diag50_a1_sft_s1
diag50_a1_sft_s1,a1_sft,1,1,sft,8000,8,18,1,1.0,libero_goal,3540.5915291309357,f3443dea3735fe2a5f8adc0a6dce3292c4496bc9,outputs/rl/eval/diag50_a1_sft_s1
diag50_a1_sft_s1,a1_sft,1,1,sft,8000,8,19,1,1.0,libero_goal,3540.5915291309357,f3443dea3735fe2a5f8adc0a6dce3292c4496bc9,outputs/rl/eval/diag50_a1_sft_s1
diag50_a1_sft_s1,a1_sft,1,1,sft,8000,8,20,0,0.0,libero_goal,3540.5915291309357,f3443dea3735fe2a5f8adc0a6dce3292c4496bc9,outputs/rl/eval/diag50_a1_sft_s1
diag50_a1_sft_s1,a1_sft,1,1,sft,8000,8,21,1,1.0,libero_goal,3540.5915291309357,f3443dea3735fe2a5f8adc0a6dce3292c4496bc9,outputs/rl/eval/diag50_a1_sft_s1
diag50_a1_sft_s1,a1_sft,1,1,sft,8000,8,22,1,1.0,libero_goal,3540.5915291309357,f3443dea3735fe2a5f8adc0a6dce3292c4496bc9,outputs/rl/eval/diag50_a1_sft_s1
diag50_a1_sft_s1,a1_sft,1,1,sft,8000,8,23,1,1.0,libero_goal,3540.5915291309357,f3443dea3735fe2a5f8adc0a6dce3292c4496bc9,outputs/rl/eval/diag50_a1_sft_s1
diag50_a1_sft_s1,a1_sft,1,1,sft,8000,8,24,1,1.0,libero_goal,3540.5915291309357,f3443dea3735fe2a5f8adc0a6dce3292c4496bc9,outputs/rl/eval/diag50_a1_sft_s1
diag50_a1_sft_s1,a1_sft,1,1,sft,8000,8,25,1,1.0,libero_goal,3540.5915291309357,f3443dea3735fe2a5f8adc0a6dce3292c4496bc9,outputs/rl/eval/diag50_a1_sft_s1
diag50_a1_sft_s1,a1_sft,1,1,sft,8000,8,26,1,1.0,libero_goal,3540.5915291309357,f3443dea3735fe2a5f8adc0a6dce3292c4496bc9,outputs/rl/eval/diag50_a1_sft_s1
diag50_a1_sft_s1,a1_sft,1,1,sft,8000,8,27,1,1.0,libero_goal,3540.5915291309357,f3443dea3735fe2a5f8adc0a6dce3292c4496bc9,outputs/rl/eval/diag50_a1_sft_s1
diag50_a1_sft_s1,a1_sft,1,1,sft,8000,8,28,1,1.0,libero_goal,3540.5915291309357,f3443dea3735fe2a5f8adc0a6dce3292c4496bc9,outputs/rl/eval/diag50_a1_sft_s1
diag50_a1_sft_s1,a1_sft,1,1,sft,8000,8,29,1,1.0,libero_goal,3540.5915291309357,f3443dea3735fe2a5f8adc0a6dce3292c4496bc9,outputs/rl/eval/diag50_a1_sft_s1
diag50_a1_sft_s1,a1_sft,1,1,sft,8000,8,30,1,1.0,libero_goal,3540.5915291309357,f3443dea3735fe2a5f8adc0a6dce3292c4496bc9,outputs/rl/eval/diag50_a1_sft_s1
diag50_a1_sft_s1,a1_sft,1,1,sft,8000,8,31,1,1.0,libero_goal,3540.5915291309357,f3443dea3735fe2a5f8adc0a6dce3292c4496bc9,outputs/rl/eval/diag50_a1_sft_s1
diag50_a1_sft_s1,a1_sft,1,1,sft,8000,8,32,1,1.0,libero_goal,3540.5915291309357,f3443dea3735fe2a5f8adc0a6dce3292c4496bc9,outputs/rl/eval/diag50_a1_sft_s1
diag50_a1_sft_s1,a1_sft,1,1,sft,8000,8,33,1,1.0,libero_goal,3540.5915291309357,f3443dea3735fe2a5f8adc0a6dce3292c4496bc9,outputs/rl/eval/diag50_a1_sft_s1
diag50_a1_sft_s1,a1_sft,1,1,sft,8000,8,34,1,1.0,libero_goal,3540.5915291309357,f3443dea3735fe2a5f8adc0a6dce3292c4496bc9,outputs/rl/eval/diag50_a1_sft_s1
diag50_a1_sft_s1,a1_sft,1,1,sft,8000,8,35,1,1.0,libero_goal,3540.5915291309357,f3443dea3735fe2a5f8adc0a6dce3292c4496bc9,outputs/rl/eval/diag50_a1_sft_s1
diag50_a1_sft_s1,a1_sft,1,1,sft,8000,8,36,1,1.0,libero_goal,3540.5915291309357,f3443dea3735fe2a5f8adc0a6dce3292c4496bc9,outputs/rl/eval/diag50_a1_sft_s1
diag50_a1_sft_s1,a1_sft,1,1,sft,8000,8,37,1,1.0,libero_goal,3540.5915291309357,f3443dea3735fe2a5f8adc0a6dce3292c4496bc9,outputs/rl/eval/diag50_a1_sft_s1
diag50_a1_sft_s1,a1_sft,1,1,sft,8000,8,38,1,1.0,libero_goal,3540.5915291309357,f3443dea3735fe2a5f8adc0a6dce3292c4496bc9,outputs/rl/eval/diag50_a1_sft_s1
diag50_a1_sft_s1,a1_sft,1,1,sft,8000,8,39,1,1.0,libero_goal,3540.5915291309357,f3443dea3735fe2a5f8adc0a6dce3292c4496bc9,outputs/rl/eval/diag50_a1_sft_s1
diag50_a1_sft_s1,a1_sft,1,1,sft,8000,8,40,0,0.0,libero_goal,3540.5915291309357,f3443dea3735fe2a5f8adc0a6dce3292c4496bc9,outputs/rl/eval/diag50_a1_sft_s1
diag50_a1_sft_s1,a1_sft,1,1,sft,8000,8,41,1,1.0,libero_goal,3540.5915291309357,f3443dea3735fe2a5f8adc0a6dce3292c4496bc9,outputs/rl/eval/diag50_a1_sft_s1
diag50_a1_sft_s1,a1_sft,1,1,sft,8000,8,42,1,1.0,libero_goal,3540.5915291309357,f3443dea3735fe2a5f8adc0a6dce3292c4496bc9,outputs/rl/eval/diag50_a1_sft_s1
diag50_a1_sft_s1,a1_sft,1,1,sft,8000,8,43,1,1.0,libero_goal,3540.5915291309357,f3443dea3735fe2a5f8adc0a6dce3292c4496bc9,outputs/rl/eval/diag50_a1_sft_s1
diag50_a1_sft_s1,a1_sft,1,1,sft,8000,8,44,1,1.0,libero_goal,3540.5915291309357,f3443dea3735fe2a5f8adc0a6dce3292c4496bc9,outputs/rl/eval/diag50_a1_sft_s1
diag50_a1_sft_s1,a1_sft,1,1,sft,8000,8,45,1,1.0,libero_goal,3540.5915291309357,f3443dea3735fe2a5f8adc0a6dce3292c4496bc9,outputs/rl/eval/diag50_a1_sft_s1
diag50_a1_sft_s1,a1_sft,1,1,sft,8000,8,46,0,0.0,libero_goal,3540.5915291309357,f3443dea3735fe2a5f8adc0a6dce3292c4496bc9,outputs/rl/eval/diag50_a1_sft_s1
diag50_a1_sft_s1,a1_sft,1,1,sft,8000,8,47,1,1.0,libero_goal,3540.5915291309357,f3443dea3735fe2a5f8adc0a6dce3292c4496bc9,outputs/rl/eval/diag50_a1_sft_s1
diag50_a1_sft_s1,a1_sft,1,1,sft,8000,8,48,1,1.0,libero_goal,3540.5915291309357,f3443dea3735fe2a5f8adc0a6dce3292c4496bc9,outputs/rl/eval/diag50_a1_sft_s1
diag50_a1_sft_s1,a1_sft,1,1,sft,8000,8,49,1,1.0,libero_goal,3540.5915291309357,f3443dea3735fe2a5f8adc0a6dce3292c4496bc9,outputs/rl/eval/diag50_a1_sft_s1
diag50_a1_sft_s1,a1_sft,1,1,sft,8000,9,0,0,0.0,libero_goal,3540.5915291309357,f3443dea3735fe2a5f8adc0a6dce3292c4496bc9,outputs/rl/eval/diag50_a1_sft_s1
diag50_a1_sft_s1,a1_sft,1,1,sft,8000,9,1,0,0.0,libero_goal,3540.5915291309357,f3443dea3735fe2a5f8adc0a6dce3292c4496bc9,outputs/rl/eval/diag50_a1_sft_s1
diag50_a1_sft_s1,a1_sft,1,1,sft,8000,9,2,0,0.0,libero_goal,3540.5915291309357,f3443dea3735fe2a5f8adc0a6dce3292c4496bc9,outputs/rl/eval/diag50_a1_sft_s1
diag50_a1_sft_s1,a1_sft,1,1,sft,8000,9,3,0,0.0,libero_goal,3540.5915291309357,f3443dea3735fe2a5f8adc0a6dce3292c4496bc9,outputs/rl/eval/diag50_a1_sft_s1
diag50_a1_sft_s1,a1_sft,1,1,sft,8000,9,4,1,1.0,libero_goal,3540.5915291309357,f3443dea3735fe2a5f8adc0a6dce3292c4496bc9,outputs/rl/eval/diag50_a1_sft_s1
diag50_a1_sft_s1,a1_sft,1,1,sft,8000,9,5,0,0.0,libero_goal,3540.5915291309357,f3443dea3735fe2a5f8adc0a6dce3292c4496bc9,outputs/rl/eval/diag50_a1_sft_s1
diag50_a1_sft_s1,a1_sft,1,1,sft,8000,9,6,0,0.0,libero_goal,3540.5915291309357,f3443dea3735fe2a5f8adc0a6dce3292c4496bc9,outputs/rl/eval/diag50_a1_sft_s1
diag50_a1_sft_s1,a1_sft,1,1,sft,8000,9,7,1,1.0,libero_goal,3540.5915291309357,f3443dea3735fe2a5f8adc0a6dce3292c4496bc9,outputs/rl/eval/diag50_a1_sft_s1
diag50_a1_sft_s1,a1_sft,1,1,sft,8000,9,8,0,0.0,libero_goal,3540.5915291309357,f3443dea3735fe2a5f8adc0a6dce3292c4496bc9,outputs/rl/eval/diag50_a1_sft_s1
diag50_a1_sft_s1,a1_sft,1,1,sft,8000,9,9,1,1.0,libero_goal,3540.5915291309357,f3443dea3735fe2a5f8adc0a6dce3292c4496bc9,outputs/rl/eval/diag50_a1_sft_s1
diag50_a1_sft_s1,a1_sft,1,1,sft,8000,9,10,0,0.0,libero_goal,3540.5915291309357,f3443dea3735fe2a5f8adc0a6dce3292c4496bc9,outputs/rl/eval/diag50_a1_sft_s1
diag50_a1_sft_s1,a1_sft,1,1,sft,8000,9,11,1,1.0,libero_goal,3540.5915291309357,f3443dea3735fe2a5f8adc0a6dce3292c4496bc9,outputs/rl/eval/diag50_a1_sft_s1
diag50_a1_sft_s1,a1_sft,1,1,sft,8000,9,12,0,0.0,libero_goal,3540.5915291309357,f3443dea3735fe2a5f8adc0a6dce3292c4496bc9,outputs/rl/eval/diag50_a1_sft_s1
diag50_a1_sft_s1,a1_sft,1,1,sft,8000,9,13,1,1.0,libero_goal,3540.5915291309357,f3443dea3735fe2a5f8adc0a6dce3292c4496bc9,outputs/rl/eval/diag50_a1_sft_s1
diag50_a1_sft_s1,a1_sft,1,1,sft,8000,9,14,0,0.0,libero_goal,3540.5915291309357,f3443dea3735fe2a5f8adc0a6dce3292c4496bc9,outputs/rl/eval/diag50_a1_sft_s1
diag50_a1_sft_s1,a1_sft,1,1,sft,8000,9,15,1,1.0,libero_goal,3540.5915291309357,f3443dea3735fe2a5f8adc0a6dce3292c4496bc9,outputs/rl/eval/diag50_a1_sft_s1
diag50_a1_sft_s1,a1_sft,1,1,sft,8000,9,16,0,0.0,libero_goal,3540.5915291309357,f3443dea3735fe2a5f8adc0a6dce3292c4496bc9,outputs/rl/eval/diag50_a1_sft_s1
diag50_a1_sft_s1,a1_sft,1,1,sft,8000,9,17,0,0.0,libero_goal,3540.5915291309357,f3443dea3735fe2a5f8adc0a6dce3292c4496bc9,outputs/rl/eval/diag50_a1_sft_s1
diag50_a1_sft_s1,a1_sft,1,1,sft,8000,9,18,1,1.0,libero_goal,3540.5915291309357,f3443dea3735fe2a5f8adc0a6dce3292c4496bc9,outputs/rl/eval/diag50_a1_sft_s1
diag50_a1_sft_s1,a1_sft,1,1,sft,8000,9,19,0,0.0,libero_goal,3540.5915291309357,f3443dea3735fe2a5f8adc0a6dce3292c4496bc9,outputs/rl/eval/diag50_a1_sft_s1
diag50_a1_sft_s1,a1_sft,1,1,sft,8000,9,20,1,1.0,libero_goal,3540.5915291309357,f3443dea3735fe2a5f8adc0a6dce3292c4496bc9,outputs/rl/eval/diag50_a1_sft_s1
diag50_a1_sft_s1,a1_sft,1,1,sft,8000,9,21,1,1.0,libero_goal,3540.5915291309357,f3443dea3735fe2a5f8adc0a6dce3292c4496bc9,outputs/rl/eval/diag50_a1_sft_s1
diag50_a1_sft_s1,a1_sft,1,1,sft,8000,9,22,0,0.0,libero_goal,3540.5915291309357,f3443dea3735fe2a5f8adc0a6dce3292c4496bc9,outputs/rl/eval/diag50_a1_sft_s1
diag50_a1_sft_s1,a1_sft,1,1,sft,8000,9,23,0,0.0,libero_goal,3540.5915291309357,f3443dea3735fe2a5f8adc0a6dce3292c4496bc9,outputs/rl/eval/diag50_a1_sft_s1
diag50_a1_sft_s1,a1_sft,1,1,sft,8000,9,24,0,0.0,libero_goal,3540.5915291309357,f3443dea3735fe2a5f8adc0a6dce3292c4496bc9,outputs/rl/eval/diag50_a1_sft_s1
diag50_a1_sft_s1,a1_sft,1,1,sft,8000,9,25,1,1.0,libero_goal,3540.5915291309357,f3443dea3735fe2a5f8adc0a6dce3292c4496bc9,outputs/rl/eval/diag50_a1_sft_s1
diag50_a1_sft_s1,a1_sft,1,1,sft,8000,9,26,0,0.0,libero_goal,3540.5915291309357,f3443dea3735fe2a5f8adc0a6dce3292c4496bc9,outputs/rl/eval/diag50_a1_sft_s1
diag50_a1_sft_s1,a1_sft,1,1,sft,8000,9,27,0,0.0,libero_goal,3540.5915291309357,f3443dea3735fe2a5f8adc0a6dce3292c4496bc9,outputs/rl/eval/diag50_a1_sft_s1
diag50_a1_sft_s1,a1_sft,1,1,sft,8000,9,28,0,0.0,libero_goal,3540.5915291309357,f3443dea3735fe2a5f8adc0a6dce3292c4496bc9,outputs/rl/eval/diag50_a1_sft_s1
diag50_a1_sft_s1,a1_sft,1,1,sft,8000,9,29,0,0.0,libero_goal,3540.5915291309357,f3443dea3735fe2a5f8adc0a6dce3292c4496bc9,outputs/rl/eval/diag50_a1_sft_s1
diag50_a1_sft_s1,a1_sft,1,1,sft,8000,9,30,0,0.0,libero_goal,3540.5915291309357,f3443dea3735fe2a5f8adc0a6dce3292c4496bc9,outputs/rl/eval/diag50_a1_sft_s1
diag50_a1_sft_s1,a1_sft,1,1,sft,8000,9,31,0,0.0,libero_goal,3540.5915291309357,f3443dea3735fe2a5f8adc0a6dce3292c4496bc9,outputs/rl/eval/diag50_a1_sft_s1
diag50_a1_sft_s1,a1_sft,1,1,sft,8000,9,32,1,1.0,libero_goal,3540.5915291309357,f3443dea3735fe2a5f8adc0a6dce3292c4496bc9,outputs/rl/eval/diag50_a1_sft_s1
diag50_a1_sft_s1,a1_sft,1,1,sft,8000,9,33,1,1.0,libero_goal,3540.5915291309357,f3443dea3735fe2a5f8adc0a6dce3292c4496bc9,outputs/rl/eval/diag50_a1_sft_s1
diag50_a1_sft_s1,a1_sft,1,1,sft,8000,9,34,0,0.0,libero_goal,3540.5915291309357,f3443dea3735fe2a5f8adc0a6dce3292c4496bc9,outputs/rl/eval/diag50_a1_sft_s1
diag50_a1_sft_s1,a1_sft,1,1,sft,8000,9,35,0,0.0,libero_goal,3540.5915291309357,f3443dea3735fe2a5f8adc0a6dce3292c4496bc9,outputs/rl/eval/diag50_a1_sft_s1
diag50_a1_sft_s1,a1_sft,1,1,sft,8000,9,36,0,0.0,libero_goal,3540.5915291309357,f3443dea3735fe2a5f8adc0a6dce3292c4496bc9,outputs/rl/eval/diag50_a1_sft_s1
diag50_a1_sft_s1,a1_sft,1,1,sft,8000,9,37,0,0.0,libero_goal,3540.5915291309357,f3443dea3735fe2a5f8adc0a6dce3292c4496bc9,outputs/rl/eval/diag50_a1_sft_s1
diag50_a1_sft_s1,a1_sft,1,1,sft,8000,9,38,1,1.0,libero_goal,3540.5915291309357,f3443dea3735fe2a5f8adc0a6dce3292c4496bc9,outputs/rl/eval/diag50_a1_sft_s1
diag50_a1_sft_s1,a1_sft,1,1,sft,8000,9,39,1,1.0,libero_goal,3540.5915291309357,f3443dea3735fe2a5f8adc0a6dce3292c4496bc9,outputs/rl/eval/diag50_a1_sft_s1
diag50_a1_sft_s1,a1_sft,1,1,sft,8000,9,40,1,1.0,libero_goal,3540.5915291309357,f3443dea3735fe2a5f8adc0a6dce3292c4496bc9,outputs/rl/eval/diag50_a1_sft_s1
diag50_a1_sft_s1,a1_sft,1,1,sft,8000,9,41,1,1.0,libero_goal,3540.5915291309357,f3443dea3735fe2a5f8adc0a6dce3292c4496bc9,outputs/rl/eval/diag50_a1_sft_s1
diag50_a1_sft_s1,a1_sft,1,1,sft,8000,9,42,0,0.0,libero_goal,3540.5915291309357,f3443dea3735fe2a5f8adc0a6dce3292c4496bc9,outputs/rl/eval/diag50_a1_sft_s1
diag50_a1_sft_s1,a1_sft,1,1,sft,8000,9,43,0,0.0,libero_goal,3540.5915291309357,f3443dea3735fe2a5f8adc0a6dce3292c4496bc9,outputs/rl/eval/diag50_a1_sft_s1
diag50_a1_sft_s1,a1_sft,1,1,sft,8000,9,44,0,0.0,libero_goal,3540.5915291309357,f3443dea3735fe2a5f8adc0a6dce3292c4496bc9,outputs/rl/eval/diag50_a1_sft_s1
diag50_a1_sft_s1,a1_sft,1,1,sft,8000,9,45,1,1.0,libero_goal,3540.5915291309357,f3443dea3735fe2a5f8adc0a6dce3292c4496bc9,outputs/rl/eval/diag50_a1_sft_s1
diag50_a1_sft_s1,a1_sft,1,1,sft,8000,9,46,1,1.0,libero_goal,3540.5915291309357,f3443dea3735fe2a5f8adc0a6dce3292c4496bc9,outputs/rl/eval/diag50_a1_sft_s1
diag50_a1_sft_s1,a1_sft,1,1,sft,8000,9,47,1,1.0,libero_goal,3540.5915291309357,f3443dea3735fe2a5f8adc0a6dce3292c4496bc9,outputs/rl/eval/diag50_a1_sft_s1
diag50_a1_sft_s1,a1_sft,1,1,sft,8000,9,48,0,0.0,libero_goal,3540.5915291309357,f3443dea3735fe2a5f8adc0a6dce3292c4496bc9,outputs/rl/eval/diag50_a1_sft_s1
diag50_a1_sft_s1,a1_sft,1,1,sft,8000,9,49,1,1.0,libero_goal,3540.5915291309357,f3443dea3735fe2a5f8adc0a6dce3292c4496bc9,outputs/rl/eval/diag50_a1_sft_s1
diag50_a1_rl_s1,a1_rl,1,1,rl,160,0,0,1,1.0,libero_goal,3416.875886440277,f3443dea3735fe2a5f8adc0a6dce3292c4496bc9,outputs/rl/eval/diag50_a1_rl_s1
diag50_a1_rl_s1,a1_rl,1,1,rl,160,0,1,1,1.0,libero_goal,3416.875886440277,f3443dea3735fe2a5f8adc0a6dce3292c4496bc9,outputs/rl/eval/diag50_a1_rl_s1
diag50_a1_rl_s1,a1_rl,1,1,rl,160,0,2,1,1.0,libero_goal,3416.875886440277,f3443dea3735fe2a5f8adc0a6dce3292c4496bc9,outputs/rl/eval/diag50_a1_rl_s1
diag50_a1_rl_s1,a1_rl,1,1,rl,160,0,3,1,1.0,libero_goal,3416.875886440277,f3443dea3735fe2a5f8adc0a6dce3292c4496bc9,outputs/rl/eval/diag50_a1_rl_s1
diag50_a1_rl_s1,a1_rl,1,1,rl,160,0,4,1,1.0,libero_goal,3416.875886440277,f3443dea3735fe2a5f8adc0a6dce3292c4496bc9,outputs/rl/eval/diag50_a1_rl_s1
diag50_a1_rl_s1,a1_rl,1,1,rl,160,0,5,1,1.0,libero_goal,3416.875886440277,f3443dea3735fe2a5f8adc0a6dce3292c4496bc9,outputs/rl/eval/diag50_a1_rl_s1
diag50_a1_rl_s1,a1_rl,1,1,rl,160,0,6,1,1.0,libero_goal,3416.875886440277,f3443dea3735fe2a5f8adc0a6dce3292c4496bc9,outputs/rl/eval/diag50_a1_rl_s1
diag50_a1_rl_s1,a1_rl,1,1,rl,160,0,7,1,1.0,libero_goal,3416.875886440277,f3443dea3735fe2a5f8adc0a6dce3292c4496bc9,outputs/rl/eval/diag50_a1_rl_s1
diag50_a1_rl_s1,a1_rl,1,1,rl,160,0,8,1,1.0,libero_goal,3416.875886440277,f3443dea3735fe2a5f8adc0a6dce3292c4496bc9,outputs/rl/eval/diag50_a1_rl_s1
diag50_a1_rl_s1,a1_rl,1,1,rl,160,0,9,1,1.0,libero_goal,3416.875886440277,f3443dea3735fe2a5f8adc0a6dce3292c4496bc9,outputs/rl/eval/diag50_a1_rl_s1
diag50_a1_rl_s1,a1_rl,1,1,rl,160,0,10,1,1.0,libero_goal,3416.875886440277,f3443dea3735fe2a5f8adc0a6dce3292c4496bc9,outputs/rl/eval/diag50_a1_rl_s1
diag50_a1_rl_s1,a1_rl,1,1,rl,160,0,11,1,1.0,libero_goal,3416.875886440277,f3443dea3735fe2a5f8adc0a6dce3292c4496bc9,outputs/rl/eval/diag50_a1_rl_s1
diag50_a1_rl_s1,a1_rl,1,1,rl,160,0,12,1,1.0,libero_goal,3416.875886440277,f3443dea3735fe2a5f8adc0a6dce3292c4496bc9,outputs/rl/eval/diag50_a1_rl_s1
diag50_a1_rl_s1,a1_rl,1,1,rl,160,0,13,1,1.0,libero_goal,3416.875886440277,f3443dea3735fe2a5f8adc0a6dce3292c4496bc9,outputs/rl/eval/diag50_a1_rl_s1
diag50_a1_rl_s1,a1_rl,1,1,rl,160,0,14,1,1.0,libero_goal,3416.875886440277,f3443dea3735fe2a5f8adc0a6dce3292c4496bc9,outputs/rl/eval/diag50_a1_rl_s1
diag50_a1_rl_s1,a1_rl,1,1,rl,160,0,15,1,1.0,libero_goal,3416.875886440277,f3443dea3735fe2a5f8adc0a6dce3292c4496bc9,outputs/rl/eval/diag50_a1_rl_s1
diag50_a1_rl_s1,a1_rl,1,1,rl,160,0,16,1,1.0,libero_goal,3416.875886440277,f3443dea3735fe2a5f8adc0a6dce3292c4496bc9,outputs/rl/eval/diag50_a1_rl_s1
diag50_a1_rl_s1,a1_rl,1,1,rl,160,0,17,1,1.0,libero_goal,3416.875886440277,f3443dea3735fe2a5f8adc0a6dce3292c4496bc9,outputs/rl/eval/diag50_a1_rl_s1
diag50_a1_rl_s1,a1_rl,1,1,rl,160,0,18,1,1.0,libero_goal,3416.875886440277,f3443dea3735fe2a5f8adc0a6dce3292c4496bc9,outputs/rl/eval/diag50_a1_rl_s1
diag50_a1_rl_s1,a1_rl,1,1,rl,160,0,19,1,1.0,libero_goal,3416.875886440277,f3443dea3735fe2a5f8adc0a6dce3292c4496bc9,outputs/rl/eval/diag50_a1_rl_s1
diag50_a1_rl_s1,a1_rl,1,1,rl,160,0,20,1,1.0,libero_goal,3416.875886440277,f3443dea3735fe2a5f8adc0a6dce3292c4496bc9,outputs/rl/eval/diag50_a1_rl_s1
diag50_a1_rl_s1,a1_rl,1,1,rl,160,0,21,1,1.0,libero_goal,3416.875886440277,f3443dea3735fe2a5f8adc0a6dce3292c4496bc9,outputs/rl/eval/diag50_a1_rl_s1
diag50_a1_rl_s1,a1_rl,1,1,rl,160,0,22,1,1.0,libero_goal,3416.875886440277,f3443dea3735fe2a5f8adc0a6dce3292c4496bc9,outputs/rl/eval/diag50_a1_rl_s1
diag50_a1_rl_s1,a1_rl,1,1,rl,160,0,23,1,1.0,libero_goal,3416.875886440277,f3443dea3735fe2a5f8adc0a6dce3292c4496bc9,outputs/rl/eval/diag50_a1_rl_s1
diag50_a1_rl_s1,a1_rl,1,1,rl,160,0,24,1,1.0,libero_goal,3416.875886440277,f3443dea3735fe2a5f8adc0a6dce3292c4496bc9,outputs/rl/eval/diag50_a1_rl_s1
diag50_a1_rl_s1,a1_rl,1,1,rl,160,0,25,1,1.0,libero_goal,3416.875886440277,f3443dea3735fe2a5f8adc0a6dce3292c4496bc9,outputs/rl/eval/diag50_a1_rl_s1
diag50_a1_rl_s1,a1_rl,1,1,rl,160,0,26,1,1.0,libero_goal,3416.875886440277,f3443dea3735fe2a5f8adc0a6dce3292c4496bc9,outputs/rl/eval/diag50_a1_rl_s1
diag50_a1_rl_s1,a1_rl,1,1,rl,160,0,27,1,1.0,libero_goal,3416.875886440277,f3443dea3735fe2a5f8adc0a6dce3292c4496bc9,outputs/rl/eval/diag50_a1_rl_s1
diag50_a1_rl_s1,a1_rl,1,1,rl,160,0,28,1,1.0,libero_goal,3416.875886440277,f3443dea3735fe2a5f8adc0a6dce3292c4496bc9,outputs/rl/eval/diag50_a1_rl_s1
diag50_a1_rl_s1,a1_rl,1,1,rl,160,0,29,1,1.0,libero_goal,3416.875886440277,f3443dea3735fe2a5f8adc0a6dce3292c4496bc9,outputs/rl/eval/diag50_a1_rl_s1
diag50_a1_rl_s1,a1_rl,1,1,rl,160,0,30,1,1.0,libero_goal,3416.875886440277,f3443dea3735fe2a5f8adc0a6dce3292c4496bc9,outputs/rl/eval/diag50_a1_rl_s1
diag50_a1_rl_s1,a1_rl,1,1,rl,160,0,31,1,1.0,libero_goal,3416.875886440277,f3443dea3735fe2a5f8adc0a6dce3292c4496bc9,outputs/rl/eval/diag50_a1_rl_s1
diag50_a1_rl_s1,a1_rl,1,1,rl,160,0,32,1,1.0,libero_goal,3416.875886440277,f3443dea3735fe2a5f8adc0a6dce3292c4496bc9,outputs/rl/eval/diag50_a1_rl_s1
diag50_a1_rl_s1,a1_rl,1,1,rl,160,0,33,1,1.0,libero_goal,3416.875886440277,f3443dea3735fe2a5f8adc0a6dce3292c4496bc9,outputs/rl/eval/diag50_a1_rl_s1
diag50_a1_rl_s1,a1_rl,1,1,rl,160,0,34,1,1.0,libero_goal,3416.875886440277,f3443dea3735fe2a5f8adc0a6dce3292c4496bc9,outputs/rl/eval/diag50_a1_rl_s1
diag50_a1_rl_s1,a1_rl,1,1,rl,160,0,35,1,1.0,libero_goal,3416.875886440277,f3443dea3735fe2a5f8adc0a6dce3292c4496bc9,outputs/rl/eval/diag50_a1_rl_s1
diag50_a1_rl_s1,a1_rl,1,1,rl,160,0,36,1,1.0,libero_goal,3416.875886440277,f3443dea3735fe2a5f8adc0a6dce3292c4496bc9,outputs/rl/eval/diag50_a1_rl_s1
diag50_a1_rl_s1,a1_rl,1,1,rl,160,0,37,1,1.0,libero_goal,3416.875886440277,f3443dea3735fe2a5f8adc0a6dce3292c4496bc9,outputs/rl/eval/diag50_a1_rl_s1
diag50_a1_rl_s1,a1_rl,1,1,rl,160,0,38,1,1.0,libero_goal,3416.875886440277,f3443dea3735fe2a5f8adc0a6dce3292c4496bc9,outputs/rl/eval/diag50_a1_rl_s1
diag50_a1_rl_s1,a1_rl,1,1,rl,160,0,39,1,1.0,libero_goal,3416.875886440277,f3443dea3735fe2a5f8adc0a6dce3292c4496bc9,outputs/rl/eval/diag50_a1_rl_s1
diag50_a1_rl_s1,a1_rl,1,1,rl,160,0,40,1,1.0,libero_goal,3416.875886440277,f3443dea3735fe2a5f8adc0a6dce3292c4496bc9,outputs/rl/eval/diag50_a1_rl_s1
diag50_a1_rl_s1,a1_rl,1,1,rl,160,0,41,1,1.0,libero_goal,3416.875886440277,f3443dea3735fe2a5f8adc0a6dce3292c4496bc9,outputs/rl/eval/diag50_a1_rl_s1
diag50_a1_rl_s1,a1_rl,1,1,rl,160,0,42,1,1.0,libero_goal,3416.875886440277,f3443dea3735fe2a5f8adc0a6dce3292c4496bc9,outputs/rl/eval/diag50_a1_rl_s1
diag50_a1_rl_s1,a1_rl,1,1,rl,160,0,43,1,1.0,libero_goal,3416.875886440277,f3443dea3735fe2a5f8adc0a6dce3292c4496bc9,outputs/rl/eval/diag50_a1_rl_s1
diag50_a1_rl_s1,a1_rl,1,1,rl,160,0,44,0,0.0,libero_goal,3416.875886440277,f3443dea3735fe2a5f8adc0a6dce3292c4496bc9,outputs/rl/eval/diag50_a1_rl_s1
diag50_a1_rl_s1,a1_rl,1,1,rl,160,0,45,1,1.0,libero_goal,3416.875886440277,f3443dea3735fe2a5f8adc0a6dce3292c4496bc9,outputs/rl/eval/diag50_a1_rl_s1
diag50_a1_rl_s1,a1_rl,1,1,rl,160,0,46,1,1.0,libero_goal,3416.875886440277,f3443dea3735fe2a5f8adc0a6dce3292c4496bc9,outputs/rl/eval/diag50_a1_rl_s1
diag50_a1_rl_s1,a1_rl,1,1,rl,160,0,47,1,1.0,libero_goal,3416.875886440277,f3443dea3735fe2a5f8adc0a6dce3292c4496bc9,outputs/rl/eval/diag50_a1_rl_s1
diag50_a1_rl_s1,a1_rl,1,1,rl,160,0,48,1,1.0,libero_goal,3416.875886440277,f3443dea3735fe2a5f8adc0a6dce3292c4496bc9,outputs/rl/eval/diag50_a1_rl_s1
diag50_a1_rl_s1,a1_rl,1,1,rl,160,0,49,1,1.0,libero_goal,3416.875886440277,f3443dea3735fe2a5f8adc0a6dce3292c4496bc9,outputs/rl/eval/diag50_a1_rl_s1
diag50_a1_rl_s1,a1_rl,1,1,rl,160,1,0,1,1.0,libero_goal,3416.875886440277,f3443dea3735fe2a5f8adc0a6dce3292c4496bc9,outputs/rl/eval/diag50_a1_rl_s1
diag50_a1_rl_s1,a1_rl,1,1,rl,160,1,1,1,1.0,libero_goal,3416.875886440277,f3443dea3735fe2a5f8adc0a6dce3292c4496bc9,outputs/rl/eval/diag50_a1_rl_s1
diag50_a1_rl_s1,a1_rl,1,1,rl,160,1,2,1,1.0,libero_goal,3416.875886440277,f3443dea3735fe2a5f8adc0a6dce3292c4496bc9,outputs/rl/eval/diag50_a1_rl_s1
diag50_a1_rl_s1,a1_rl,1,1,rl,160,1,3,1,1.0,libero_goal,3416.875886440277,f3443dea3735fe2a5f8adc0a6dce3292c4496bc9,outputs/rl/eval/diag50_a1_rl_s1
diag50_a1_rl_s1,a1_rl,1,1,rl,160,1,4,1,1.0,libero_goal,3416.875886440277,f3443dea3735fe2a5f8adc0a6dce3292c4496bc9,outputs/rl/eval/diag50_a1_rl_s1
diag50_a1_rl_s1,a1_rl,1,1,rl,160,1,5,1,1.0,libero_goal,3416.875886440277,f3443dea3735fe2a5f8adc0a6dce3292c4496bc9,outputs/rl/eval/diag50_a1_rl_s1
diag50_a1_rl_s1,a1_rl,1,1,rl,160,1,6,1,1.0,libero_goal,3416.875886440277,f3443dea3735fe2a5f8adc0a6dce3292c4496bc9,outputs/rl/eval/diag50_a1_rl_s1
diag50_a1_rl_s1,a1_rl,1,1,rl,160,1,7,1,1.0,libero_goal,3416.875886440277,f3443dea3735fe2a5f8adc0a6dce3292c4496bc9,outputs/rl/eval/diag50_a1_rl_s1
diag50_a1_rl_s1,a1_rl,1,1,rl,160,1,8,1,1.0,libero_goal,3416.875886440277,f3443dea3735fe2a5f8adc0a6dce3292c4496bc9,outputs/rl/eval/diag50_a1_rl_s1
diag50_a1_rl_s1,a1_rl,1,1,rl,160,1,9,1,1.0,libero_goal,3416.875886440277,f3443dea3735fe2a5f8adc0a6dce3292c4496bc9,outputs/rl/eval/diag50_a1_rl_s1
diag50_a1_rl_s1,a1_rl,1,1,rl,160,1,10,0,0.0,libero_goal,3416.875886440277,f3443dea3735fe2a5f8adc0a6dce3292c4496bc9,outputs/rl/eval/diag50_a1_rl_s1
diag50_a1_rl_s1,a1_rl,1,1,rl,160,1,11,1,1.0,libero_goal,3416.875886440277,f3443dea3735fe2a5f8adc0a6dce3292c4496bc9,outputs/rl/eval/diag50_a1_rl_s1
diag50_a1_rl_s1,a1_rl,1,1,rl,160,1,12,1,1.0,libero_goal,3416.875886440277,f3443dea3735fe2a5f8adc0a6dce3292c4496bc9,outputs/rl/eval/diag50_a1_rl_s1
diag50_a1_rl_s1,a1_rl,1,1,rl,160,1,13,1,1.0,libero_goal,3416.875886440277,f3443dea3735fe2a5f8adc0a6dce3292c4496bc9,outputs/rl/eval/diag50_a1_rl_s1
diag50_a1_rl_s1,a1_rl,1,1,rl,160,1,14,1,1.0,libero_goal,3416.875886440277,f3443dea3735fe2a5f8adc0a6dce3292c4496bc9,outputs/rl/eval/diag50_a1_rl_s1
diag50_a1_rl_s1,a1_rl,1,1,rl,160,1,15,1,1.0,libero_goal,3416.875886440277,f3443dea3735fe2a5f8adc0a6dce3292c4496bc9,outputs/rl/eval/diag50_a1_rl_s1
diag50_a1_rl_s1,a1_rl,1,1,rl,160,1,16,1,1.0,libero_goal,3416.875886440277,f3443dea3735fe2a5f8adc0a6dce3292c4496bc9,outputs/rl/eval/diag50_a1_rl_s1
diag50_a1_rl_s1,a1_rl,1,1,rl,160,1,17,1,1.0,libero_goal,3416.875886440277,f3443dea3735fe2a5f8adc0a6dce3292c4496bc9,outputs/rl/eval/diag50_a1_rl_s1
diag50_a1_rl_s1,a1_rl,1,1,rl,160,1,18,1,1.0,libero_goal,3416.875886440277,f3443dea3735fe2a5f8adc0a6dce3292c4496bc9,outputs/rl/eval/diag50_a1_rl_s1
diag50_a1_rl_s1,a1_rl,1,1,rl,160,1,19,1,1.0,libero_goal,3416.875886440277,f3443dea3735fe2a5f8adc0a6dce3292c4496bc9,outputs/rl/eval/diag50_a1_rl_s1
diag50_a1_rl_s1,a1_rl,1,1,rl,160,1,20,1,1.0,libero_goal,3416.875886440277,f3443dea3735fe2a5f8adc0a6dce3292c4496bc9,outputs/rl/eval/diag50_a1_rl_s1
diag50_a1_rl_s1,a1_rl,1,1,rl,160,1,21,1,1.0,libero_goal,3416.875886440277,f3443dea3735fe2a5f8adc0a6dce3292c4496bc9,outputs/rl/eval/diag50_a1_rl_s1
diag50_a1_rl_s1,a1_rl,1,1,rl,160,1,22,1,1.0,libero_goal,3416.875886440277,f3443dea3735fe2a5f8adc0a6dce3292c4496bc9,outputs/rl/eval/diag50_a1_rl_s1
diag50_a1_rl_s1,a1_rl,1,1,rl,160,1,23,1,1.0,libero_goal,3416.875886440277,f3443dea3735fe2a5f8adc0a6dce3292c4496bc9,outputs/rl/eval/diag50_a1_rl_s1
diag50_a1_rl_s1,a1_rl,1,1,rl,160,1,24,1,1.0,libero_goal,3416.875886440277,f3443dea3735fe2a5f8adc0a6dce3292c4496bc9,outputs/rl/eval/diag50_a1_rl_s1
diag50_a1_rl_s1,a1_rl,1,1,rl,160,1,25,1,1.0,libero_goal,3416.875886440277,f3443dea3735fe2a5f8adc0a6dce3292c4496bc9,outputs/rl/eval/diag50_a1_rl_s1
diag50_a1_rl_s1,a1_rl,1,1,rl,160,1,26,1,1.0,libero_goal,3416.875886440277,f3443dea3735fe2a5f8adc0a6dce3292c4496bc9,outputs/rl/eval/diag50_a1_rl_s1
diag50_a1_rl_s1,a1_rl,1,1,rl,160,1,27,1,1.0,libero_goal,3416.875886440277,f3443dea3735fe2a5f8adc0a6dce3292c4496bc9,outputs/rl/eval/diag50_a1_rl_s1
diag50_a1_rl_s1,a1_rl,1,1,rl,160,1,28,1,1.0,libero_goal,3416.875886440277,f3443dea3735fe2a5f8adc0a6dce3292c4496bc9,outputs/rl/eval/diag50_a1_rl_s1
diag50_a1_rl_s1,a1_rl,1,1,rl,160,1,29,1,1.0,libero_goal,3416.875886440277,f3443dea3735fe2a5f8adc0a6dce3292c4496bc9,outputs/rl/eval/diag50_a1_rl_s1
diag50_a1_rl_s1,a1_rl,1,1,rl,160,1,30,1,1.0,libero_goal,3416.875886440277,f3443dea3735fe2a5f8adc0a6dce3292c4496bc9,outputs/rl/eval/diag50_a1_rl_s1
diag50_a1_rl_s1,a1_rl,1,1,rl,160,1,31,1,1.0,libero_goal,3416.875886440277,f3443dea3735fe2a5f8adc0a6dce3292c4496bc9,outputs/rl/eval/diag50_a1_rl_s1
diag50_a1_rl_s1,a1_rl,1,1,rl,160,1,32,1,1.0,libero_goal,3416.875886440277,f3443dea3735fe2a5f8adc0a6dce3292c4496bc9,outputs/rl/eval/diag50_a1_rl_s1
diag50_a1_rl_s1,a1_rl,1,1,rl,160,1,33,1,1.0,libero_goal,3416.875886440277,f3443dea3735fe2a5f8adc0a6dce3292c4496bc9,outputs/rl/eval/diag50_a1_rl_s1
diag50_a1_rl_s1,a1_rl,1,1,rl,160,1,34,1,1.0,libero_goal,3416.875886440277,f3443dea3735fe2a5f8adc0a6dce3292c4496bc9,outputs/rl/eval/diag50_a1_rl_s1
diag50_a1_rl_s1,a1_rl,1,1,rl,160,1,35,1,1.0,libero_goal,3416.875886440277,f3443dea3735fe2a5f8adc0a6dce3292c4496bc9,outputs/rl/eval/diag50_a1_rl_s1
diag50_a1_rl_s1,a1_rl,1,1,rl,160,1,36,1,1.0,libero_goal,3416.875886440277,f3443dea3735fe2a5f8adc0a6dce3292c4496bc9,outputs/rl/eval/diag50_a1_rl_s1
diag50_a1_rl_s1,a1_rl,1,1,rl,160,1,37,1,1.0,libero_goal,3416.875886440277,f3443dea3735fe2a5f8adc0a6dce3292c4496bc9,outputs/rl/eval/diag50_a1_rl_s1
diag50_a1_rl_s1,a1_rl,1,1,rl,160,1,38,1,1.0,libero_goal,3416.875886440277,f3443dea3735fe2a5f8adc0a6dce3292c4496bc9,outputs/rl/eval/diag50_a1_rl_s1
diag50_a1_rl_s1,a1_rl,1,1,rl,160,1,39,0,0.0,libero_goal,3416.875886440277,f3443dea3735fe2a5f8adc0a6dce3292c4496bc9,outputs/rl/eval/diag50_a1_rl_s1
diag50_a1_rl_s1,a1_rl,1,1,rl,160,1,40,1,1.0,libero_goal,3416.875886440277,f3443dea3735fe2a5f8adc0a6dce3292c4496bc9,outputs/rl/eval/diag50_a1_rl_s1
diag50_a1_rl_s1,a1_rl,1,1,rl,160,1,41,1,1.0,libero_goal,3416.875886440277,f3443dea3735fe2a5f8adc0a6dce3292c4496bc9,outputs/rl/eval/diag50_a1_rl_s1
diag50_a1_rl_s1,a1_rl,1,1,rl,160,1,42,1,1.0,libero_goal,3416.875886440277,f3443dea3735fe2a5f8adc0a6dce3292c4496bc9,outputs/rl/eval/diag50_a1_rl_s1
diag50_a1_rl_s1,a1_rl,1,1,rl,160,1,43,1,1.0,libero_goal,3416.875886440277,f3443dea3735fe2a5f8adc0a6dce3292c4496bc9,outputs/rl/eval/diag50_a1_rl_s1
diag50_a1_rl_s1,a1_rl,1,1,rl,160,1,44,1,1.0,libero_goal,3416.875886440277,f3443dea3735fe2a5f8adc0a6dce3292c4496bc9,outputs/rl/eval/diag50_a1_rl_s1
diag50_a1_rl_s1,a1_rl,1,1,rl,160,1,45,1,1.0,libero_goal,3416.875886440277,f3443dea3735fe2a5f8adc0a6dce3292c4496bc9,outputs/rl/eval/diag50_a1_rl_s1
diag50_a1_rl_s1,a1_rl,1,1,rl,160,1,46,0,0.0,libero_goal,3416.875886440277,f3443dea3735fe2a5f8adc0a6dce3292c4496bc9,outputs/rl/eval/diag50_a1_rl_s1
diag50_a1_rl_s1,a1_rl,1,1,rl,160,1,47,0,0.0,libero_goal,3416.875886440277,f3443dea3735fe2a5f8adc0a6dce3292c4496bc9,outputs/rl/eval/diag50_a1_rl_s1
diag50_a1_rl_s1,a1_rl,1,1,rl,160,1,48,1,1.0,libero_goal,3416.875886440277,f3443dea3735fe2a5f8adc0a6dce3292c4496bc9,outputs/rl/eval/diag50_a1_rl_s1
diag50_a1_rl_s1,a1_rl,1,1,rl,160,1,49,0,0.0,libero_goal,3416.875886440277,f3443dea3735fe2a5f8adc0a6dce3292c4496bc9,outputs/rl/eval/diag50_a1_rl_s1
diag50_a1_rl_s1,a1_rl,1,1,rl,160,2,0,1,1.0,libero_goal,3416.875886440277,f3443dea3735fe2a5f8adc0a6dce3292c4496bc9,outputs/rl/eval/diag50_a1_rl_s1
diag50_a1_rl_s1,a1_rl,1,1,rl,160,2,1,1,1.0,libero_goal,3416.875886440277,f3443dea3735fe2a5f8adc0a6dce3292c4496bc9,outputs/rl/eval/diag50_a1_rl_s1
diag50_a1_rl_s1,a1_rl,1,1,rl,160,2,2,0,0.0,libero_goal,3416.875886440277,f3443dea3735fe2a5f8adc0a6dce3292c4496bc9,outputs/rl/eval/diag50_a1_rl_s1
diag50_a1_rl_s1,a1_rl,1,1,rl,160,2,3,1,1.0,libero_goal,3416.875886440277,f3443dea3735fe2a5f8adc0a6dce3292c4496bc9,outputs/rl/eval/diag50_a1_rl_s1
diag50_a1_rl_s1,a1_rl,1,1,rl,160,2,4,1,1.0,libero_goal,3416.875886440277,f3443dea3735fe2a5f8adc0a6dce3292c4496bc9,outputs/rl/eval/diag50_a1_rl_s1
diag50_a1_rl_s1,a1_rl,1,1,rl,160,2,5,1,1.0,libero_goal,3416.875886440277,f3443dea3735fe2a5f8adc0a6dce3292c4496bc9,outputs/rl/eval/diag50_a1_rl_s1
diag50_a1_rl_s1,a1_rl,1,1,rl,160,2,6,1,1.0,libero_goal,3416.875886440277,f3443dea3735fe2a5f8adc0a6dce3292c4496bc9,outputs/rl/eval/diag50_a1_rl_s1
diag50_a1_rl_s1,a1_rl,1,1,rl,160,2,7,0,0.0,libero_goal,3416.875886440277,f3443dea3735fe2a5f8adc0a6dce3292c4496bc9,outputs/rl/eval/diag50_a1_rl_s1
diag50_a1_rl_s1,a1_rl,1,1,rl,160,2,8,0,0.0,libero_goal,3416.875886440277,f3443dea3735fe2a5f8adc0a6dce3292c4496bc9,outputs/rl/eval/diag50_a1_rl_s1
diag50_a1_rl_s1,a1_rl,1,1,rl,160,2,9,1,1.0,libero_goal,3416.875886440277,f3443dea3735fe2a5f8adc0a6dce3292c4496bc9,outputs/rl/eval/diag50_a1_rl_s1
diag50_a1_rl_s1,a1_rl,1,1,rl,160,2,10,1,1.0,libero_goal,3416.875886440277,f3443dea3735fe2a5f8adc0a6dce3292c4496bc9,outputs/rl/eval/diag50_a1_rl_s1
diag50_a1_rl_s1,a1_rl,1,1,rl,160,2,11,1,1.0,libero_goal,3416.875886440277,f3443dea3735fe2a5f8adc0a6dce3292c4496bc9,outputs/rl/eval/diag50_a1_rl_s1
diag50_a1_rl_s1,a1_rl,1,1,rl,160,2,12,1,1.0,libero_goal,3416.875886440277,f3443dea3735fe2a5f8adc0a6dce3292c4496bc9,outputs/rl/eval/diag50_a1_rl_s1
diag50_a1_rl_s1,a1_rl,1,1,rl,160,2,13,0,0.0,libero_goal,3416.875886440277,f3443dea3735fe2a5f8adc0a6dce3292c4496bc9,outputs/rl/eval/diag50_a1_rl_s1
diag50_a1_rl_s1,a1_rl,1,1,rl,160,2,14,1,1.0,libero_goal,3416.875886440277,f3443dea3735fe2a5f8adc0a6dce3292c4496bc9,outputs/rl/eval/diag50_a1_rl_s1
diag50_a1_rl_s1,a1_rl,1,1,rl,160,2,15,1,1.0,libero_goal,3416.875886440277,f3443dea3735fe2a5f8adc0a6dce3292c4496bc9,outputs/rl/eval/diag50_a1_rl_s1
diag50_a1_rl_s1,a1_rl,1,1,rl,160,2,16,0,0.0,libero_goal,3416.875886440277,f3443dea3735fe2a5f8adc0a6dce3292c4496bc9,outputs/rl/eval/diag50_a1_rl_s1
diag50_a1_rl_s1,a1_rl,1,1,rl,160,2,17,1,1.0,libero_goal,3416.875886440277,f3443dea3735fe2a5f8adc0a6dce3292c4496bc9,outputs/rl/eval/diag50_a1_rl_s1
diag50_a1_rl_s1,a1_rl,1,1,rl,160,2,18,1,1.0,libero_goal,3416.875886440277,f3443dea3735fe2a5f8adc0a6dce3292c4496bc9,outputs/rl/eval/diag50_a1_rl_s1
diag50_a1_rl_s1,a1_rl,1,1,rl,160,2,19,0,0.0,libero_goal,3416.875886440277,f3443dea3735fe2a5f8adc0a6dce3292c4496bc9,outputs/rl/eval/diag50_a1_rl_s1
diag50_a1_rl_s1,a1_rl,1,1,rl,160,2,20,1,1.0,libero_goal,3416.875886440277,f3443dea3735fe2a5f8adc0a6dce3292c4496bc9,outputs/rl/eval/diag50_a1_rl_s1
diag50_a1_rl_s1,a1_rl,1,1,rl,160,2,21,1,1.0,libero_goal,3416.875886440277,f3443dea3735fe2a5f8adc0a6dce3292c4496bc9,outputs/rl/eval/diag50_a1_rl_s1
diag50_a1_rl_s1,a1_rl,1,1,rl,160,2,22,1,1.0,libero_goal,3416.875886440277,f3443dea3735fe2a5f8adc0a6dce3292c4496bc9,outputs/rl/eval/diag50_a1_rl_s1
diag50_a1_rl_s1,a1_rl,1,1,rl,160,2,23,1,1.0,libero_goal,3416.875886440277,f3443dea3735fe2a5f8adc0a6dce3292c4496bc9,outputs/rl/eval/diag50_a1_rl_s1
diag50_a1_rl_s1,a1_rl,1,1,rl,160,2,24,1,1.0,libero_goal,3416.875886440277,f3443dea3735fe2a5f8adc0a6dce3292c4496bc9,outputs/rl/eval/diag50_a1_rl_s1
diag50_a1_rl_s1,a1_rl,1,1,rl,160,2,25,1,1.0,libero_goal,3416.875886440277,f3443dea3735fe2a5f8adc0a6dce3292c4496bc9,outputs/rl/eval/diag50_a1_rl_s1
diag50_a1_rl_s1,a1_rl,1,1,rl,160,2,26,1,1.0,libero_goal,3416.875886440277,f3443dea3735fe2a5f8adc0a6dce3292c4496bc9,outputs/rl/eval/diag50_a1_rl_s1
diag50_a1_rl_s1,a1_rl,1,1,rl,160,2,27,1,1.0,libero_goal,3416.875886440277,f3443dea3735fe2a5f8adc0a6dce3292c4496bc9,outputs/rl/eval/diag50_a1_rl_s1
diag50_a1_rl_s1,a1_rl,1,1,rl,160,2,28,1,1.0,libero_goal,3416.875886440277,f3443dea3735fe2a5f8adc0a6dce3292c4496bc9,outputs/rl/eval/diag50_a1_rl_s1
diag50_a1_rl_s1,a1_rl,1,1,rl,160,2,29,1,1.0,libero_goal,3416.875886440277,f3443dea3735fe2a5f8adc0a6dce3292c4496bc9,outputs/rl/eval/diag50_a1_rl_s1
diag50_a1_rl_s1,a1_rl,1,1,rl,160,2,30,1,1.0,libero_goal,3416.875886440277,f3443dea3735fe2a5f8adc0a6dce3292c4496bc9,outputs/rl/eval/diag50_a1_rl_s1
diag50_a1_rl_s1,a1_rl,1,1,rl,160,2,31,1,1.0,libero_goal,3416.875886440277,f3443dea3735fe2a5f8adc0a6dce3292c4496bc9,outputs/rl/eval/diag50_a1_rl_s1
diag50_a1_rl_s1,a1_rl,1,1,rl,160,2,32,1,1.0,libero_goal,3416.875886440277,f3443dea3735fe2a5f8adc0a6dce3292c4496bc9,outputs/rl/eval/diag50_a1_rl_s1
diag50_a1_rl_s1,a1_rl,1,1,rl,160,2,33,1,1.0,libero_goal,3416.875886440277,f3443dea3735fe2a5f8adc0a6dce3292c4496bc9,outputs/rl/eval/diag50_a1_rl_s1
diag50_a1_rl_s1,a1_rl,1,1,rl,160,2,34,1,1.0,libero_goal,3416.875886440277,f3443dea3735fe2a5f8adc0a6dce3292c4496bc9,outputs/rl/eval/diag50_a1_rl_s1
diag50_a1_rl_s1,a1_rl,1,1,rl,160,2,35,0,0.0,libero_goal,3416.875886440277,f3443dea3735fe2a5f8adc0a6dce3292c4496bc9,outputs/rl/eval/diag50_a1_rl_s1
diag50_a1_rl_s1,a1_rl,1,1,rl,160,2,36,1,1.0,libero_goal,3416.875886440277,f3443dea3735fe2a5f8adc0a6dce3292c4496bc9,outputs/rl/eval/diag50_a1_rl_s1
diag50_a1_rl_s1,a1_rl,1,1,rl,160,2,37,1,1.0,libero_goal,3416.875886440277,f3443dea3735fe2a5f8adc0a6dce3292c4496bc9,outputs/rl/eval/diag50_a1_rl_s1
diag50_a1_rl_s1,a1_rl,1,1,rl,160,2,38,1,1.0,libero_goal,3416.875886440277,f3443dea3735fe2a5f8adc0a6dce3292c4496bc9,outputs/rl/eval/diag50_a1_rl_s1
diag50_a1_rl_s1,a1_rl,1,1,rl,160,2,39,1,1.0,libero_goal,3416.875886440277,f3443dea3735fe2a5f8adc0a6dce3292c4496bc9,outputs/rl/eval/diag50_a1_rl_s1
diag50_a1_rl_s1,a1_rl,1,1,rl,160,2,40,1,1.0,libero_goal,3416.875886440277,f3443dea3735fe2a5f8adc0a6dce3292c4496bc9,outputs/rl/eval/diag50_a1_rl_s1
diag50_a1_rl_s1,a1_rl,1,1,rl,160,2,41,1,1.0,libero_goal,3416.875886440277,f3443dea3735fe2a5f8adc0a6dce3292c4496bc9,outputs/rl/eval/diag50_a1_rl_s1
diag50_a1_rl_s1,a1_rl,1,1,rl,160,2,42,1,1.0,libero_goal,3416.875886440277,f3443dea3735fe2a5f8adc0a6dce3292c4496bc9,outputs/rl/eval/diag50_a1_rl_s1
diag50_a1_rl_s1,a1_rl,1,1,rl,160,2,43,0,0.0,libero_goal,3416.875886440277,f3443dea3735fe2a5f8adc0a6dce3292c4496bc9,outputs/rl/eval/diag50_a1_rl_s1
diag50_a1_rl_s1,a1_rl,1,1,rl,160,2,44,1,1.0,libero_goal,3416.875886440277,f3443dea3735fe2a5f8adc0a6dce3292c4496bc9,outputs/rl/eval/diag50_a1_rl_s1
diag50_a1_rl_s1,a1_rl,1,1,rl,160,2,45,1,1.0,libero_goal,3416.875886440277,f3443dea3735fe2a5f8adc0a6dce3292c4496bc9,outputs/rl/eval/diag50_a1_rl_s1
diag50_a1_rl_s1,a1_rl,1,1,rl,160,2,46,0,0.0,libero_goal,3416.875886440277,f3443dea3735fe2a5f8adc0a6dce3292c4496bc9,outputs/rl/eval/diag50_a1_rl_s1
diag50_a1_rl_s1,a1_rl,1,1,rl,160,2,47,1,1.0,libero_goal,3416.875886440277,f3443dea3735fe2a5f8adc0a6dce3292c4496bc9,outputs/rl/eval/diag50_a1_rl_s1
diag50_a1_rl_s1,a1_rl,1,1,rl,160,2,48,1,1.0,libero_goal,3416.875886440277,f3443dea3735fe2a5f8adc0a6dce3292c4496bc9,outputs/rl/eval/diag50_a1_rl_s1
diag50_a1_rl_s1,a1_rl,1,1,rl,160,2,49,0,0.0,libero_goal,3416.875886440277,f3443dea3735fe2a5f8adc0a6dce3292c4496bc9,outputs/rl/eval/diag50_a1_rl_s1
diag50_a1_rl_s1,a1_rl,1,1,rl,160,3,0,0,0.0,libero_goal,3416.875886440277,f3443dea3735fe2a5f8adc0a6dce3292c4496bc9,outputs/rl/eval/diag50_a1_rl_s1
diag50_a1_rl_s1,a1_rl,1,1,rl,160,3,1,1,1.0,libero_goal,3416.875886440277,f3443dea3735fe2a5f8adc0a6dce3292c4496bc9,outputs/rl/eval/diag50_a1_rl_s1
diag50_a1_rl_s1,a1_rl,1,1,rl,160,3,2,1,1.0,libero_goal,3416.875886440277,f3443dea3735fe2a5f8adc0a6dce3292c4496bc9,outputs/rl/eval/diag50_a1_rl_s1
diag50_a1_rl_s1,a1_rl,1,1,rl,160,3,3,1,1.0,libero_goal,3416.875886440277,f3443dea3735fe2a5f8adc0a6dce3292c4496bc9,outputs/rl/eval/diag50_a1_rl_s1
diag50_a1_rl_s1,a1_rl,1,1,rl,160,3,4,0,0.0,libero_goal,3416.875886440277,f3443dea3735fe2a5f8adc0a6dce3292c4496bc9,outputs/rl/eval/diag50_a1_rl_s1
diag50_a1_rl_s1,a1_rl,1,1,rl,160,3,5,1,1.0,libero_goal,3416.875886440277,f3443dea3735fe2a5f8adc0a6dce3292c4496bc9,outputs/rl/eval/diag50_a1_rl_s1
diag50_a1_rl_s1,a1_rl,1,1,rl,160,3,6,0,0.0,libero_goal,3416.875886440277,f3443dea3735fe2a5f8adc0a6dce3292c4496bc9,outputs/rl/eval/diag50_a1_rl_s1
diag50_a1_rl_s1,a1_rl,1,1,rl,160,3,7,0,0.0,libero_goal,3416.875886440277,f3443dea3735fe2a5f8adc0a6dce3292c4496bc9,outputs/rl/eval/diag50_a1_rl_s1
diag50_a1_rl_s1,a1_rl,1,1,rl,160,3,8,1,1.0,libero_goal,3416.875886440277,f3443dea3735fe2a5f8adc0a6dce3292c4496bc9,outputs/rl/eval/diag50_a1_rl_s1
diag50_a1_rl_s1,a1_rl,1,1,rl,160,3,9,1,1.0,libero_goal,3416.875886440277,f3443dea3735fe2a5f8adc0a6dce3292c4496bc9,outputs/rl/eval/diag50_a1_rl_s1
diag50_a1_rl_s1,a1_rl,1,1,rl,160,3,10,1,1.0,libero_goal,3416.875886440277,f3443dea3735fe2a5f8adc0a6dce3292c4496bc9,outputs/rl/eval/diag50_a1_rl_s1
diag50_a1_rl_s1,a1_rl,1,1,rl,160,3,11,1,1.0,libero_goal,3416.875886440277,f3443dea3735fe2a5f8adc0a6dce3292c4496bc9,outputs/rl/eval/diag50_a1_rl_s1
diag50_a1_rl_s1,a1_rl,1,1,rl,160,3,12,1,1.0,libero_goal,3416.875886440277,f3443dea3735fe2a5f8adc0a6dce3292c4496bc9,outputs/rl/eval/diag50_a1_rl_s1
diag50_a1_rl_s1,a1_rl,1,1,rl,160,3,13,1,1.0,libero_goal,3416.875886440277,f3443dea3735fe2a5f8adc0a6dce3292c4496bc9,outputs/rl/eval/diag50_a1_rl_s1
diag50_a1_rl_s1,a1_rl,1,1,rl,160,3,14,1,1.0,libero_goal,3416.875886440277,f3443dea3735fe2a5f8adc0a6dce3292c4496bc9,outputs/rl/eval/diag50_a1_rl_s1
diag50_a1_rl_s1,a1_rl,1,1,rl,160,3,15,1,1.0,libero_goal,3416.875886440277,f3443dea3735fe2a5f8adc0a6dce3292c4496bc9,outputs/rl/eval/diag50_a1_rl_s1
diag50_a1_rl_s1,a1_rl,1,1,rl,160,3,16,1,1.0,libero_goal,3416.875886440277,f3443dea3735fe2a5f8adc0a6dce3292c4496bc9,outputs/rl/eval/diag50_a1_rl_s1
diag50_a1_rl_s1,a1_rl,1,1,rl,160,3,17,0,0.0,libero_goal,3416.875886440277,f3443dea3735fe2a5f8adc0a6dce3292c4496bc9,outputs/rl/eval/diag50_a1_rl_s1
diag50_a1_rl_s1,a1_rl,1,1,rl,160,3,18,1,1.0,libero_goal,3416.875886440277,f3443dea3735fe2a5f8adc0a6dce3292c4496bc9,outputs/rl/eval/diag50_a1_rl_s1
diag50_a1_rl_s1,a1_rl,1,1,rl,160,3,19,1,1.0,libero_goal,3416.875886440277,f3443dea3735fe2a5f8adc0a6dce3292c4496bc9,outputs/rl/eval/diag50_a1_rl_s1
diag50_a1_rl_s1,a1_rl,1,1,rl,160,3,20,0,0.0,libero_goal,3416.875886440277,f3443dea3735fe2a5f8adc0a6dce3292c4496bc9,outputs/rl/eval/diag50_a1_rl_s1
diag50_a1_rl_s1,a1_rl,1,1,rl,160,3,21,1,1.0,libero_goal,3416.875886440277,f3443dea3735fe2a5f8adc0a6dce3292c4496bc9,outputs/rl/eval/diag50_a1_rl_s1
diag50_a1_rl_s1,a1_rl,1,1,rl,160,3,22,1,1.0,libero_goal,3416.875886440277,f3443dea3735fe2a5f8adc0a6dce3292c4496bc9,outputs/rl/eval/diag50_a1_rl_s1
diag50_a1_rl_s1,a1_rl,1,1,rl,160,3,23,1,1.0,libero_goal,3416.875886440277,f3443dea3735fe2a5f8adc0a6dce3292c4496bc9,outputs/rl/eval/diag50_a1_rl_s1
diag50_a1_rl_s1,a1_rl,1,1,rl,160,3,24,1,1.0,libero_goal,3416.875886440277,f3443dea3735fe2a5f8adc0a6dce3292c4496bc9,outputs/rl/eval/diag50_a1_rl_s1
diag50_a1_rl_s1,a1_rl,1,1,rl,160,3,25,1,1.0,libero_goal,3416.875886440277,f3443dea3735fe2a5f8adc0a6dce3292c4496bc9,outputs/rl/eval/diag50_a1_rl_s1
diag50_a1_rl_s1,a1_rl,1,1,rl,160,3,26,1,1.0,libero_goal,3416.875886440277,f3443dea3735fe2a5f8adc0a6dce3292c4496bc9,outputs/rl/eval/diag50_a1_rl_s1
diag50_a1_rl_s1,a1_rl,1,1,rl,160,3,27,1,1.0,libero_goal,3416.875886440277,f3443dea3735fe2a5f8adc0a6dce3292c4496bc9,outputs/rl/eval/diag50_a1_rl_s1
diag50_a1_rl_s1,a1_rl,1,1,rl,160,3,28,1,1.0,libero_goal,3416.875886440277,f3443dea3735fe2a5f8adc0a6dce3292c4496bc9,outputs/rl/eval/diag50_a1_rl_s1
diag50_a1_rl_s1,a1_rl,1,1,rl,160,3,29,1,1.0,libero_goal,3416.875886440277,f3443dea3735fe2a5f8adc0a6dce3292c4496bc9,outputs/rl/eval/diag50_a1_rl_s1
diag50_a1_rl_s1,a1_rl,1,1,rl,160,3,30,0,0.0,libero_goal,3416.875886440277,f3443dea3735fe2a5f8adc0a6dce3292c4496bc9,outputs/rl/eval/diag50_a1_rl_s1
diag50_a1_rl_s1,a1_rl,1,1,rl,160,3,31,1,1.0,libero_goal,3416.875886440277,f3443dea3735fe2a5f8adc0a6dce3292c4496bc9,outputs/rl/eval/diag50_a1_rl_s1
diag50_a1_rl_s1,a1_rl,1,1,rl,160,3,32,1,1.0,libero_goal,3416.875886440277,f3443dea3735fe2a5f8adc0a6dce3292c4496bc9,outputs/rl/eval/diag50_a1_rl_s1
diag50_a1_rl_s1,a1_rl,1,1,rl,160,3,33,1,1.0,libero_goal,3416.875886440277,f3443dea3735fe2a5f8adc0a6dce3292c4496bc9,outputs/rl/eval/diag50_a1_rl_s1
diag50_a1_rl_s1,a1_rl,1,1,rl,160,3,34,1,1.0,libero_goal,3416.875886440277,f3443dea3735fe2a5f8adc0a6dce3292c4496bc9,outputs/rl/eval/diag50_a1_rl_s1
diag50_a1_rl_s1,a1_rl,1,1,rl,160,3,35,0,0.0,libero_goal,3416.875886440277,f3443dea3735fe2a5f8adc0a6dce3292c4496bc9,outputs/rl/eval/diag50_a1_rl_s1
diag50_a1_rl_s1,a1_rl,1,1,rl,160,3,36,1,1.0,libero_goal,3416.875886440277,f3443dea3735fe2a5f8adc0a6dce3292c4496bc9,outputs/rl/eval/diag50_a1_rl_s1
diag50_a1_rl_s1,a1_rl,1,1,rl,160,3,37,1,1.0,libero_goal,3416.875886440277,f3443dea3735fe2a5f8adc0a6dce3292c4496bc9,outputs/rl/eval/diag50_a1_rl_s1
diag50_a1_rl_s1,a1_rl,1,1,rl,160,3,38,1,1.0,libero_goal,3416.875886440277,f3443dea3735fe2a5f8adc0a6dce3292c4496bc9,outputs/rl/eval/diag50_a1_rl_s1
diag50_a1_rl_s1,a1_rl,1,1,rl,160,3,39,0,0.0,libero_goal,3416.875886440277,f3443dea3735fe2a5f8adc0a6dce3292c4496bc9,outputs/rl/eval/diag50_a1_rl_s1
diag50_a1_rl_s1,a1_rl,1,1,rl,160,3,40,1,1.0,libero_goal,3416.875886440277,f3443dea3735fe2a5f8adc0a6dce3292c4496bc9,outputs/rl/eval/diag50_a1_rl_s1
diag50_a1_rl_s1,a1_rl,1,1,rl,160,3,41,1,1.0,libero_goal,3416.875886440277,f3443dea3735fe2a5f8adc0a6dce3292c4496bc9,outputs/rl/eval/diag50_a1_rl_s1
diag50_a1_rl_s1,a1_rl,1,1,rl,160,3,42,1,1.0,libero_goal,3416.875886440277,f3443dea3735fe2a5f8adc0a6dce3292c4496bc9,outputs/rl/eval/diag50_a1_rl_s1
diag50_a1_rl_s1,a1_rl,1,1,rl,160,3,43,1,1.0,libero_goal,3416.875886440277,f3443dea3735fe2a5f8adc0a6dce3292c4496bc9,outputs/rl/eval/diag50_a1_rl_s1
diag50_a1_rl_s1,a1_rl,1,1,rl,160,3,44,1,1.0,libero_goal,3416.875886440277,f3443dea3735fe2a5f8adc0a6dce3292c4496bc9,outputs/rl/eval/diag50_a1_rl_s1
diag50_a1_rl_s1,a1_rl,1,1,rl,160,3,45,1,1.0,libero_goal,3416.875886440277,f3443dea3735fe2a5f8adc0a6dce3292c4496bc9,outputs/rl/eval/diag50_a1_rl_s1
diag50_a1_rl_s1,a1_rl,1,1,rl,160,3,46,0,0.0,libero_goal,3416.875886440277,f3443dea3735fe2a5f8adc0a6dce3292c4496bc9,outputs/rl/eval/diag50_a1_rl_s1
diag50_a1_rl_s1,a1_rl,1,1,rl,160,3,47,1,1.0,libero_goal,3416.875886440277,f3443dea3735fe2a5f8adc0a6dce3292c4496bc9,outputs/rl/eval/diag50_a1_rl_s1
diag50_a1_rl_s1,a1_rl,1,1,rl,160,3,48,1,1.0,libero_goal,3416.875886440277,f3443dea3735fe2a5f8adc0a6dce3292c4496bc9,outputs/rl/eval/diag50_a1_rl_s1
diag50_a1_rl_s1,a1_rl,1,1,rl,160,3,49,1,1.0,libero_goal,3416.875886440277,f3443dea3735fe2a5f8adc0a6dce3292c4496bc9,outputs/rl/eval/diag50_a1_rl_s1
diag50_a1_rl_s1,a1_rl,1,1,rl,160,4,0,0,0.0,libero_goal,3416.875886440277,f3443dea3735fe2a5f8adc0a6dce3292c4496bc9,outputs/rl/eval/diag50_a1_rl_s1
diag50_a1_rl_s1,a1_rl,1,1,rl,160,4,1,1,1.0,libero_goal,3416.875886440277,f3443dea3735fe2a5f8adc0a6dce3292c4496bc9,outputs/rl/eval/diag50_a1_rl_s1
diag50_a1_rl_s1,a1_rl,1,1,rl,160,4,2,0,0.0,libero_goal,3416.875886440277,f3443dea3735fe2a5f8adc0a6dce3292c4496bc9,outputs/rl/eval/diag50_a1_rl_s1
diag50_a1_rl_s1,a1_rl,1,1,rl,160,4,3,1,1.0,libero_goal,3416.875886440277,f3443dea3735fe2a5f8adc0a6dce3292c4496bc9,outputs/rl/eval/diag50_a1_rl_s1
diag50_a1_rl_s1,a1_rl,1,1,rl,160,4,4,1,1.0,libero_goal,3416.875886440277,f3443dea3735fe2a5f8adc0a6dce3292c4496bc9,outputs/rl/eval/diag50_a1_rl_s1
diag50_a1_rl_s1,a1_rl,1,1,rl,160,4,5,0,0.0,libero_goal,3416.875886440277,f3443dea3735fe2a5f8adc0a6dce3292c4496bc9,outputs/rl/eval/diag50_a1_rl_s1
diag50_a1_rl_s1,a1_rl,1,1,rl,160,4,6,1,1.0,libero_goal,3416.875886440277,f3443dea3735fe2a5f8adc0a6dce3292c4496bc9,outputs/rl/eval/diag50_a1_rl_s1
diag50_a1_rl_s1,a1_rl,1,1,rl,160,4,7,1,1.0,libero_goal,3416.875886440277,f3443dea3735fe2a5f8adc0a6dce3292c4496bc9,outputs/rl/eval/diag50_a1_rl_s1
diag50_a1_rl_s1,a1_rl,1,1,rl,160,4,8,1,1.0,libero_goal,3416.875886440277,f3443dea3735fe2a5f8adc0a6dce3292c4496bc9,outputs/rl/eval/diag50_a1_rl_s1
diag50_a1_rl_s1,a1_rl,1,1,rl,160,4,9,1,1.0,libero_goal,3416.875886440277,f3443dea3735fe2a5f8adc0a6dce3292c4496bc9,outputs/rl/eval/diag50_a1_rl_s1
diag50_a1_rl_s1,a1_rl,1,1,rl,160,4,10,1,1.0,libero_goal,3416.875886440277,f3443dea3735fe2a5f8adc0a6dce3292c4496bc9,outputs/rl/eval/diag50_a1_rl_s1
diag50_a1_rl_s1,a1_rl,1,1,rl,160,4,11,1,1.0,libero_goal,3416.875886440277,f3443dea3735fe2a5f8adc0a6dce3292c4496bc9,outputs/rl/eval/diag50_a1_rl_s1
diag50_a1_rl_s1,a1_rl,1,1,rl,160,4,12,1,1.0,libero_goal,3416.875886440277,f3443dea3735fe2a5f8adc0a6dce3292c4496bc9,outputs/rl/eval/diag50_a1_rl_s1
diag50_a1_rl_s1,a1_rl,1,1,rl,160,4,13,1,1.0,libero_goal,3416.875886440277,f3443dea3735fe2a5f8adc0a6dce3292c4496bc9,outputs/rl/eval/diag50_a1_rl_s1
diag50_a1_rl_s1,a1_rl,1,1,rl,160,4,14,1,1.0,libero_goal,3416.875886440277,f3443dea3735fe2a5f8adc0a6dce3292c4496bc9,outputs/rl/eval/diag50_a1_rl_s1
diag50_a1_rl_s1,a1_rl,1,1,rl,160,4,15,1,1.0,libero_goal,3416.875886440277,f3443dea3735fe2a5f8adc0a6dce3292c4496bc9,outputs/rl/eval/diag50_a1_rl_s1
diag50_a1_rl_s1,a1_rl,1,1,rl,160,4,16,1,1.0,libero_goal,3416.875886440277,f3443dea3735fe2a5f8adc0a6dce3292c4496bc9,outputs/rl/eval/diag50_a1_rl_s1
diag50_a1_rl_s1,a1_rl,1,1,rl,160,4,17,1,1.0,libero_goal,3416.875886440277,f3443dea3735fe2a5f8adc0a6dce3292c4496bc9,outputs/rl/eval/diag50_a1_rl_s1
diag50_a1_rl_s1,a1_rl,1,1,rl,160,4,18,1,1.0,libero_goal,3416.875886440277,f3443dea3735fe2a5f8adc0a6dce3292c4496bc9,outputs/rl/eval/diag50_a1_rl_s1
diag50_a1_rl_s1,a1_rl,1,1,rl,160,4,19,1,1.0,libero_goal,3416.875886440277,f3443dea3735fe2a5f8adc0a6dce3292c4496bc9,outputs/rl/eval/diag50_a1_rl_s1
diag50_a1_rl_s1,a1_rl,1,1,rl,160,4,20,1,1.0,libero_goal,3416.875886440277,f3443dea3735fe2a5f8adc0a6dce3292c4496bc9,outputs/rl/eval/diag50_a1_rl_s1
diag50_a1_rl_s1,a1_rl,1,1,rl,160,4,21,1,1.0,libero_goal,3416.875886440277,f3443dea3735fe2a5f8adc0a6dce3292c4496bc9,outputs/rl/eval/diag50_a1_rl_s1
diag50_a1_rl_s1,a1_rl,1,1,rl,160,4,22,1,1.0,libero_goal,3416.875886440277,f3443dea3735fe2a5f8adc0a6dce3292c4496bc9,outputs/rl/eval/diag50_a1_rl_s1
diag50_a1_rl_s1,a1_rl,1,1,rl,160,4,23,1,1.0,libero_goal,3416.875886440277,f3443dea3735fe2a5f8adc0a6dce3292c4496bc9,outputs/rl/eval/diag50_a1_rl_s1
diag50_a1_rl_s1,a1_rl,1,1,rl,160,4,24,0,0.0,libero_goal,3416.875886440277,f3443dea3735fe2a5f8adc0a6dce3292c4496bc9,outputs/rl/eval/diag50_a1_rl_s1
diag50_a1_rl_s1,a1_rl,1,1,rl,160,4,25,1,1.0,libero_goal,3416.875886440277,f3443dea3735fe2a5f8adc0a6dce3292c4496bc9,outputs/rl/eval/diag50_a1_rl_s1
diag50_a1_rl_s1,a1_rl,1,1,rl,160,4,26,1,1.0,libero_goal,3416.875886440277,f3443dea3735fe2a5f8adc0a6dce3292c4496bc9,outputs/rl/eval/diag50_a1_rl_s1
diag50_a1_rl_s1,a1_rl,1,1,rl,160,4,27,1,1.0,libero_goal,3416.875886440277,f3443dea3735fe2a5f8adc0a6dce3292c4496bc9,outputs/rl/eval/diag50_a1_rl_s1
diag50_a1_rl_s1,a1_rl,1,1,rl,160,4,28,1,1.0,libero_goal,3416.875886440277,f3443dea3735fe2a5f8adc0a6dce3292c4496bc9,outputs/rl/eval/diag50_a1_rl_s1
diag50_a1_rl_s1,a1_rl,1,1,rl,160,4,29,1,1.0,libero_goal,3416.875886440277,f3443dea3735fe2a5f8adc0a6dce3292c4496bc9,outputs/rl/eval/diag50_a1_rl_s1
diag50_a1_rl_s1,a1_rl,1,1,rl,160,4,30,1,1.0,libero_goal,3416.875886440277,f3443dea3735fe2a5f8adc0a6dce3292c4496bc9,outputs/rl/eval/diag50_a1_rl_s1
diag50_a1_rl_s1,a1_rl,1,1,rl,160,4,31,1,1.0,libero_goal,3416.875886440277,f3443dea3735fe2a5f8adc0a6dce3292c4496bc9,outputs/rl/eval/diag50_a1_rl_s1
diag50_a1_rl_s1,a1_rl,1,1,rl,160,4,32,1,1.0,libero_goal,3416.875886440277,f3443dea3735fe2a5f8adc0a6dce3292c4496bc9,outputs/rl/eval/diag50_a1_rl_s1
diag50_a1_rl_s1,a1_rl,1,1,rl,160,4,33,1,1.0,libero_goal,3416.875886440277,f3443dea3735fe2a5f8adc0a6dce3292c4496bc9,outputs/rl/eval/diag50_a1_rl_s1
diag50_a1_rl_s1,a1_rl,1,1,rl,160,4,34,1,1.0,libero_goal,3416.875886440277,f3443dea3735fe2a5f8adc0a6dce3292c4496bc9,outputs/rl/eval/diag50_a1_rl_s1
diag50_a1_rl_s1,a1_rl,1,1,rl,160,4,35,1,1.0,libero_goal,3416.875886440277,f3443dea3735fe2a5f8adc0a6dce3292c4496bc9,outputs/rl/eval/diag50_a1_rl_s1
diag50_a1_rl_s1,a1_rl,1,1,rl,160,4,36,1,1.0,libero_goal,3416.875886440277,f3443dea3735fe2a5f8adc0a6dce3292c4496bc9,outputs/rl/eval/diag50_a1_rl_s1
diag50_a1_rl_s1,a1_rl,1,1,rl,160,4,37,1,1.0,libero_goal,3416.875886440277,f3443dea3735fe2a5f8adc0a6dce3292c4496bc9,outputs/rl/eval/diag50_a1_rl_s1
diag50_a1_rl_s1,a1_rl,1,1,rl,160,4,38,1,1.0,libero_goal,3416.875886440277,f3443dea3735fe2a5f8adc0a6dce3292c4496bc9,outputs/rl/eval/diag50_a1_rl_s1
diag50_a1_rl_s1,a1_rl,1,1,rl,160,4,39,1,1.0,libero_goal,3416.875886440277,f3443dea3735fe2a5f8adc0a6dce3292c4496bc9,outputs/rl/eval/diag50_a1_rl_s1
diag50_a1_rl_s1,a1_rl,1,1,rl,160,4,40,1,1.0,libero_goal,3416.875886440277,f3443dea3735fe2a5f8adc0a6dce3292c4496bc9,outputs/rl/eval/diag50_a1_rl_s1
diag50_a1_rl_s1,a1_rl,1,1,rl,160,4,41,1,1.0,libero_goal,3416.875886440277,f3443dea3735fe2a5f8adc0a6dce3292c4496bc9,outputs/rl/eval/diag50_a1_rl_s1
diag50_a1_rl_s1,a1_rl,1,1,rl,160,4,42,1,1.0,libero_goal,3416.875886440277,f3443dea3735fe2a5f8adc0a6dce3292c4496bc9,outputs/rl/eval/diag50_a1_rl_s1
diag50_a1_rl_s1,a1_rl,1,1,rl,160,4,43,0,0.0,libero_goal,3416.875886440277,f3443dea3735fe2a5f8adc0a6dce3292c4496bc9,outputs/rl/eval/diag50_a1_rl_s1
diag50_a1_rl_s1,a1_rl,1,1,rl,160,4,44,1,1.0,libero_goal,3416.875886440277,f3443dea3735fe2a5f8adc0a6dce3292c4496bc9,outputs/rl/eval/diag50_a1_rl_s1
diag50_a1_rl_s1,a1_rl,1,1,rl,160,4,45,1,1.0,libero_goal,3416.875886440277,f3443dea3735fe2a5f8adc0a6dce3292c4496bc9,outputs/rl/eval/diag50_a1_rl_s1
diag50_a1_rl_s1,a1_rl,1,1,rl,160,4,46,1,1.0,libero_goal,3416.875886440277,f3443dea3735fe2a5f8adc0a6dce3292c4496bc9,outputs/rl/eval/diag50_a1_rl_s1
diag50_a1_rl_s1,a1_rl,1,1,rl,160,4,47,0,0.0,libero_goal,3416.875886440277,f3443dea3735fe2a5f8adc0a6dce3292c4496bc9,outputs/rl/eval/diag50_a1_rl_s1
diag50_a1_rl_s1,a1_rl,1,1,rl,160,4,48,1,1.0,libero_goal,3416.875886440277,f3443dea3735fe2a5f8adc0a6dce3292c4496bc9,outputs/rl/eval/diag50_a1_rl_s1
diag50_a1_rl_s1,a1_rl,1,1,rl,160,4,49,1,1.0,libero_goal,3416.875886440277,f3443dea3735fe2a5f8adc0a6dce3292c4496bc9,outputs/rl/eval/diag50_a1_rl_s1
diag50_a1_rl_s1,a1_rl,1,1,rl,160,5,0,1,1.0,libero_goal,3416.875886440277,f3443dea3735fe2a5f8adc0a6dce3292c4496bc9,outputs/rl/eval/diag50_a1_rl_s1
diag50_a1_rl_s1,a1_rl,1,1,rl,160,5,1,1,1.0,libero_goal,3416.875886440277,f3443dea3735fe2a5f8adc0a6dce3292c4496bc9,outputs/rl/eval/diag50_a1_rl_s1
diag50_a1_rl_s1,a1_rl,1,1,rl,160,5,2,1,1.0,libero_goal,3416.875886440277,f3443dea3735fe2a5f8adc0a6dce3292c4496bc9,outputs/rl/eval/diag50_a1_rl_s1
diag50_a1_rl_s1,a1_rl,1,1,rl,160,5,3,1,1.0,libero_goal,3416.875886440277,f3443dea3735fe2a5f8adc0a6dce3292c4496bc9,outputs/rl/eval/diag50_a1_rl_s1
diag50_a1_rl_s1,a1_rl,1,1,rl,160,5,4,1,1.0,libero_goal,3416.875886440277,f3443dea3735fe2a5f8adc0a6dce3292c4496bc9,outputs/rl/eval/diag50_a1_rl_s1
diag50_a1_rl_s1,a1_rl,1,1,rl,160,5,5,1,1.0,libero_goal,3416.875886440277,f3443dea3735fe2a5f8adc0a6dce3292c4496bc9,outputs/rl/eval/diag50_a1_rl_s1
diag50_a1_rl_s1,a1_rl,1,1,rl,160,5,6,1,1.0,libero_goal,3416.875886440277,f3443dea3735fe2a5f8adc0a6dce3292c4496bc9,outputs/rl/eval/diag50_a1_rl_s1
diag50_a1_rl_s1,a1_rl,1,1,rl,160,5,7,0,0.0,libero_goal,3416.875886440277,f3443dea3735fe2a5f8adc0a6dce3292c4496bc9,outputs/rl/eval/diag50_a1_rl_s1
diag50_a1_rl_s1,a1_rl,1,1,rl,160,5,8,1,1.0,libero_goal,3416.875886440277,f3443dea3735fe2a5f8adc0a6dce3292c4496bc9,outputs/rl/eval/diag50_a1_rl_s1
diag50_a1_rl_s1,a1_rl,1,1,rl,160,5,9,1,1.0,libero_goal,3416.875886440277,f3443dea3735fe2a5f8adc0a6dce3292c4496bc9,outputs/rl/eval/diag50_a1_rl_s1
diag50_a1_rl_s1,a1_rl,1,1,rl,160,5,10,1,1.0,libero_goal,3416.875886440277,f3443dea3735fe2a5f8adc0a6dce3292c4496bc9,outputs/rl/eval/diag50_a1_rl_s1
diag50_a1_rl_s1,a1_rl,1,1,rl,160,5,11,1,1.0,libero_goal,3416.875886440277,f3443dea3735fe2a5f8adc0a6dce3292c4496bc9,outputs/rl/eval/diag50_a1_rl_s1
diag50_a1_rl_s1,a1_rl,1,1,rl,160,5,12,0,0.0,libero_goal,3416.875886440277,f3443dea3735fe2a5f8adc0a6dce3292c4496bc9,outputs/rl/eval/diag50_a1_rl_s1
diag50_a1_rl_s1,a1_rl,1,1,rl,160,5,13,1,1.0,libero_goal,3416.875886440277,f3443dea3735fe2a5f8adc0a6dce3292c4496bc9,outputs/rl/eval/diag50_a1_rl_s1
diag50_a1_rl_s1,a1_rl,1,1,rl,160,5,14,1,1.0,libero_goal,3416.875886440277,f3443dea3735fe2a5f8adc0a6dce3292c4496bc9,outputs/rl/eval/diag50_a1_rl_s1
diag50_a1_rl_s1,a1_rl,1,1,rl,160,5,15,1,1.0,libero_goal,3416.875886440277,f3443dea3735fe2a5f8adc0a6dce3292c4496bc9,outputs/rl/eval/diag50_a1_rl_s1
diag50_a1_rl_s1,a1_rl,1,1,rl,160,5,16,1,1.0,libero_goal,3416.875886440277,f3443dea3735fe2a5f8adc0a6dce3292c4496bc9,outputs/rl/eval/diag50_a1_rl_s1
diag50_a1_rl_s1,a1_rl,1,1,rl,160,5,17,1,1.0,libero_goal,3416.875886440277,f3443dea3735fe2a5f8adc0a6dce3292c4496bc9,outputs/rl/eval/diag50_a1_rl_s1
diag50_a1_rl_s1,a1_rl,1,1,rl,160,5,18,1,1.0,libero_goal,3416.875886440277,f3443dea3735fe2a5f8adc0a6dce3292c4496bc9,outputs/rl/eval/diag50_a1_rl_s1
diag50_a1_rl_s1,a1_rl,1,1,rl,160,5,19,1,1.0,libero_goal,3416.875886440277,f3443dea3735fe2a5f8adc0a6dce3292c4496bc9,outputs/rl/eval/diag50_a1_rl_s1
diag50_a1_rl_s1,a1_rl,1,1,rl,160,5,20,1,1.0,libero_goal,3416.875886440277,f3443dea3735fe2a5f8adc0a6dce3292c4496bc9,outputs/rl/eval/diag50_a1_rl_s1
diag50_a1_rl_s1,a1_rl,1,1,rl,160,5,21,1,1.0,libero_goal,3416.875886440277,f3443dea3735fe2a5f8adc0a6dce3292c4496bc9,outputs/rl/eval/diag50_a1_rl_s1
diag50_a1_rl_s1,a1_rl,1,1,rl,160,5,22,1,1.0,libero_goal,3416.875886440277,f3443dea3735fe2a5f8adc0a6dce3292c4496bc9,outputs/rl/eval/diag50_a1_rl_s1
diag50_a1_rl_s1,a1_rl,1,1,rl,160,5,23,1,1.0,libero_goal,3416.875886440277,f3443dea3735fe2a5f8adc0a6dce3292c4496bc9,outputs/rl/eval/diag50_a1_rl_s1
diag50_a1_rl_s1,a1_rl,1,1,rl,160,5,24,0,0.0,libero_goal,3416.875886440277,f3443dea3735fe2a5f8adc0a6dce3292c4496bc9,outputs/rl/eval/diag50_a1_rl_s1
diag50_a1_rl_s1,a1_rl,1,1,rl,160,5,25,1,1.0,libero_goal,3416.875886440277,f3443dea3735fe2a5f8adc0a6dce3292c4496bc9,outputs/rl/eval/diag50_a1_rl_s1
diag50_a1_rl_s1,a1_rl,1,1,rl,160,5,26,1,1.0,libero_goal,3416.875886440277,f3443dea3735fe2a5f8adc0a6dce3292c4496bc9,outputs/rl/eval/diag50_a1_rl_s1
diag50_a1_rl_s1,a1_rl,1,1,rl,160,5,27,1,1.0,libero_goal,3416.875886440277,f3443dea3735fe2a5f8adc0a6dce3292c4496bc9,outputs/rl/eval/diag50_a1_rl_s1
diag50_a1_rl_s1,a1_rl,1,1,rl,160,5,28,1,1.0,libero_goal,3416.875886440277,f3443dea3735fe2a5f8adc0a6dce3292c4496bc9,outputs/rl/eval/diag50_a1_rl_s1
diag50_a1_rl_s1,a1_rl,1,1,rl,160,5,29,1,1.0,libero_goal,3416.875886440277,f3443dea3735fe2a5f8adc0a6dce3292c4496bc9,outputs/rl/eval/diag50_a1_rl_s1
diag50_a1_rl_s1,a1_rl,1,1,rl,160,5,30,1,1.0,libero_goal,3416.875886440277,f3443dea3735fe2a5f8adc0a6dce3292c4496bc9,outputs/rl/eval/diag50_a1_rl_s1
diag50_a1_rl_s1,a1_rl,1,1,rl,160,5,31,1,1.0,libero_goal,3416.875886440277,f3443dea3735fe2a5f8adc0a6dce3292c4496bc9,outputs/rl/eval/diag50_a1_rl_s1
diag50_a1_rl_s1,a1_rl,1,1,rl,160,5,32,1,1.0,libero_goal,3416.875886440277,f3443dea3735fe2a5f8adc0a6dce3292c4496bc9,outputs/rl/eval/diag50_a1_rl_s1
diag50_a1_rl_s1,a1_rl,1,1,rl,160,5,33,1,1.0,libero_goal,3416.875886440277,f3443dea3735fe2a5f8adc0a6dce3292c4496bc9,outputs/rl/eval/diag50_a1_rl_s1
diag50_a1_rl_s1,a1_rl,1,1,rl,160,5,34,1,1.0,libero_goal,3416.875886440277,f3443dea3735fe2a5f8adc0a6dce3292c4496bc9,outputs/rl/eval/diag50_a1_rl_s1
diag50_a1_rl_s1,a1_rl,1,1,rl,160,5,35,0,0.0,libero_goal,3416.875886440277,f3443dea3735fe2a5f8adc0a6dce3292c4496bc9,outputs/rl/eval/diag50_a1_rl_s1
diag50_a1_rl_s1,a1_rl,1,1,rl,160,5,36,1,1.0,libero_goal,3416.875886440277,f3443dea3735fe2a5f8adc0a6dce3292c4496bc9,outputs/rl/eval/diag50_a1_rl_s1
diag50_a1_rl_s1,a1_rl,1,1,rl,160,5,37,1,1.0,libero_goal,3416.875886440277,f3443dea3735fe2a5f8adc0a6dce3292c4496bc9,outputs/rl/eval/diag50_a1_rl_s1
diag50_a1_rl_s1,a1_rl,1,1,rl,160,5,38,1,1.0,libero_goal,3416.875886440277,f3443dea3735fe2a5f8adc0a6dce3292c4496bc9,outputs/rl/eval/diag50_a1_rl_s1
diag50_a1_rl_s1,a1_rl,1,1,rl,160,5,39,0,0.0,libero_goal,3416.875886440277,f3443dea3735fe2a5f8adc0a6dce3292c4496bc9,outputs/rl/eval/diag50_a1_rl_s1
diag50_a1_rl_s1,a1_rl,1,1,rl,160,5,40,1,1.0,libero_goal,3416.875886440277,f3443dea3735fe2a5f8adc0a6dce3292c4496bc9,outputs/rl/eval/diag50_a1_rl_s1
diag50_a1_rl_s1,a1_rl,1,1,rl,160,5,41,1,1.0,libero_goal,3416.875886440277,f3443dea3735fe2a5f8adc0a6dce3292c4496bc9,outputs/rl/eval/diag50_a1_rl_s1
diag50_a1_rl_s1,a1_rl,1,1,rl,160,5,42,1,1.0,libero_goal,3416.875886440277,f3443dea3735fe2a5f8adc0a6dce3292c4496bc9,outputs/rl/eval/diag50_a1_rl_s1
diag50_a1_rl_s1,a1_rl,1,1,rl,160,5,43,1,1.0,libero_goal,3416.875886440277,f3443dea3735fe2a5f8adc0a6dce3292c4496bc9,outputs/rl/eval/diag50_a1_rl_s1
diag50_a1_rl_s1,a1_rl,1,1,rl,160,5,44,1,1.0,libero_goal,3416.875886440277,f3443dea3735fe2a5f8adc0a6dce3292c4496bc9,outputs/rl/eval/diag50_a1_rl_s1
diag50_a1_rl_s1,a1_rl,1,1,rl,160,5,45,1,1.0,libero_goal,3416.875886440277,f3443dea3735fe2a5f8adc0a6dce3292c4496bc9,outputs/rl/eval/diag50_a1_rl_s1
diag50_a1_rl_s1,a1_rl,1,1,rl,160,5,46,1,1.0,libero_goal,3416.875886440277,f3443dea3735fe2a5f8adc0a6dce3292c4496bc9,outputs/rl/eval/diag50_a1_rl_s1
diag50_a1_rl_s1,a1_rl,1,1,rl,160,5,47,1,1.0,libero_goal,3416.875886440277,f3443dea3735fe2a5f8adc0a6dce3292c4496bc9,outputs/rl/eval/diag50_a1_rl_s1
diag50_a1_rl_s1,a1_rl,1,1,rl,160,5,48,1,1.0,libero_goal,3416.875886440277,f3443dea3735fe2a5f8adc0a6dce3292c4496bc9,outputs/rl/eval/diag50_a1_rl_s1
diag50_a1_rl_s1,a1_rl,1,1,rl,160,5,49,1,1.0,libero_goal,3416.875886440277,f3443dea3735fe2a5f8adc0a6dce3292c4496bc9,outputs/rl/eval/diag50_a1_rl_s1
diag50_a1_rl_s1,a1_rl,1,1,rl,160,6,0,0,0.0,libero_goal,3416.875886440277,f3443dea3735fe2a5f8adc0a6dce3292c4496bc9,outputs/rl/eval/diag50_a1_rl_s1
diag50_a1_rl_s1,a1_rl,1,1,rl,160,6,1,1,1.0,libero_goal,3416.875886440277,f3443dea3735fe2a5f8adc0a6dce3292c4496bc9,outputs/rl/eval/diag50_a1_rl_s1
diag50_a1_rl_s1,a1_rl,1,1,rl,160,6,2,0,0.0,libero_goal,3416.875886440277,f3443dea3735fe2a5f8adc0a6dce3292c4496bc9,outputs/rl/eval/diag50_a1_rl_s1
diag50_a1_rl_s1,a1_rl,1,1,rl,160,6,3,0,0.0,libero_goal,3416.875886440277,f3443dea3735fe2a5f8adc0a6dce3292c4496bc9,outputs/rl/eval/diag50_a1_rl_s1
diag50_a1_rl_s1,a1_rl,1,1,rl,160,6,4,1,1.0,libero_goal,3416.875886440277,f3443dea3735fe2a5f8adc0a6dce3292c4496bc9,outputs/rl/eval/diag50_a1_rl_s1
diag50_a1_rl_s1,a1_rl,1,1,rl,160,6,5,0,0.0,libero_goal,3416.875886440277,f3443dea3735fe2a5f8adc0a6dce3292c4496bc9,outputs/rl/eval/diag50_a1_rl_s1
diag50_a1_rl_s1,a1_rl,1,1,rl,160,6,6,1,1.0,libero_goal,3416.875886440277,f3443dea3735fe2a5f8adc0a6dce3292c4496bc9,outputs/rl/eval/diag50_a1_rl_s1
diag50_a1_rl_s1,a1_rl,1,1,rl,160,6,7,0,0.0,libero_goal,3416.875886440277,f3443dea3735fe2a5f8adc0a6dce3292c4496bc9,outputs/rl/eval/diag50_a1_rl_s1
diag50_a1_rl_s1,a1_rl,1,1,rl,160,6,8,1,1.0,libero_goal,3416.875886440277,f3443dea3735fe2a5f8adc0a6dce3292c4496bc9,outputs/rl/eval/diag50_a1_rl_s1
diag50_a1_rl_s1,a1_rl,1,1,rl,160,6,9,0,0.0,libero_goal,3416.875886440277,f3443dea3735fe2a5f8adc0a6dce3292c4496bc9,outputs/rl/eval/diag50_a1_rl_s1
diag50_a1_rl_s1,a1_rl,1,1,rl,160,6,10,1,1.0,libero_goal,3416.875886440277,f3443dea3735fe2a5f8adc0a6dce3292c4496bc9,outputs/rl/eval/diag50_a1_rl_s1
diag50_a1_rl_s1,a1_rl,1,1,rl,160,6,11,1,1.0,libero_goal,3416.875886440277,f3443dea3735fe2a5f8adc0a6dce3292c4496bc9,outputs/rl/eval/diag50_a1_rl_s1
diag50_a1_rl_s1,a1_rl,1,1,rl,160,6,12,1,1.0,libero_goal,3416.875886440277,f3443dea3735fe2a5f8adc0a6dce3292c4496bc9,outputs/rl/eval/diag50_a1_rl_s1
diag50_a1_rl_s1,a1_rl,1,1,rl,160,6,13,1,1.0,libero_goal,3416.875886440277,f3443dea3735fe2a5f8adc0a6dce3292c4496bc9,outputs/rl/eval/diag50_a1_rl_s1
diag50_a1_rl_s1,a1_rl,1,1,rl,160,6,14,1,1.0,libero_goal,3416.875886440277,f3443dea3735fe2a5f8adc0a6dce3292c4496bc9,outputs/rl/eval/diag50_a1_rl_s1
diag50_a1_rl_s1,a1_rl,1,1,rl,160,6,15,1,1.0,libero_goal,3416.875886440277,f3443dea3735fe2a5f8adc0a6dce3292c4496bc9,outputs/rl/eval/diag50_a1_rl_s1
diag50_a1_rl_s1,a1_rl,1,1,rl,160,6,16,1,1.0,libero_goal,3416.875886440277,f3443dea3735fe2a5f8adc0a6dce3292c4496bc9,outputs/rl/eval/diag50_a1_rl_s1
diag50_a1_rl_s1,a1_rl,1,1,rl,160,6,17,0,0.0,libero_goal,3416.875886440277,f3443dea3735fe2a5f8adc0a6dce3292c4496bc9,outputs/rl/eval/diag50_a1_rl_s1
diag50_a1_rl_s1,a1_rl,1,1,rl,160,6,18,1,1.0,libero_goal,3416.875886440277,f3443dea3735fe2a5f8adc0a6dce3292c4496bc9,outputs/rl/eval/diag50_a1_rl_s1
diag50_a1_rl_s1,a1_rl,1,1,rl,160,6,19,1,1.0,libero_goal,3416.875886440277,f3443dea3735fe2a5f8adc0a6dce3292c4496bc9,outputs/rl/eval/diag50_a1_rl_s1
diag50_a1_rl_s1,a1_rl,1,1,rl,160,6,20,1,1.0,libero_goal,3416.875886440277,f3443dea3735fe2a5f8adc0a6dce3292c4496bc9,outputs/rl/eval/diag50_a1_rl_s1
diag50_a1_rl_s1,a1_rl,1,1,rl,160,6,21,1,1.0,libero_goal,3416.875886440277,f3443dea3735fe2a5f8adc0a6dce3292c4496bc9,outputs/rl/eval/diag50_a1_rl_s1
diag50_a1_rl_s1,a1_rl,1,1,rl,160,6,22,1,1.0,libero_goal,3416.875886440277,f3443dea3735fe2a5f8adc0a6dce3292c4496bc9,outputs/rl/eval/diag50_a1_rl_s1
diag50_a1_rl_s1,a1_rl,1,1,rl,160,6,23,1,1.0,libero_goal,3416.875886440277,f3443dea3735fe2a5f8adc0a6dce3292c4496bc9,outputs/rl/eval/diag50_a1_rl_s1
diag50_a1_rl_s1,a1_rl,1,1,rl,160,6,24,1,1.0,libero_goal,3416.875886440277,f3443dea3735fe2a5f8adc0a6dce3292c4496bc9,outputs/rl/eval/diag50_a1_rl_s1
diag50_a1_rl_s1,a1_rl,1,1,rl,160,6,25,0,0.0,libero_goal,3416.875886440277,f3443dea3735fe2a5f8adc0a6dce3292c4496bc9,outputs/rl/eval/diag50_a1_rl_s1
diag50_a1_rl_s1,a1_rl,1,1,rl,160,6,26,1,1.0,libero_goal,3416.875886440277,f3443dea3735fe2a5f8adc0a6dce3292c4496bc9,outputs/rl/eval/diag50_a1_rl_s1
diag50_a1_rl_s1,a1_rl,1,1,rl,160,6,27,0,0.0,libero_goal,3416.875886440277,f3443dea3735fe2a5f8adc0a6dce3292c4496bc9,outputs/rl/eval/diag50_a1_rl_s1
diag50_a1_rl_s1,a1_rl,1,1,rl,160,6,28,1,1.0,libero_goal,3416.875886440277,f3443dea3735fe2a5f8adc0a6dce3292c4496bc9,outputs/rl/eval/diag50_a1_rl_s1
diag50_a1_rl_s1,a1_rl,1,1,rl,160,6,29,0,0.0,libero_goal,3416.875886440277,f3443dea3735fe2a5f8adc0a6dce3292c4496bc9,outputs/rl/eval/diag50_a1_rl_s1
diag50_a1_rl_s1,a1_rl,1,1,rl,160,6,30,0,0.0,libero_goal,3416.875886440277,f3443dea3735fe2a5f8adc0a6dce3292c4496bc9,outputs/rl/eval/diag50_a1_rl_s1
diag50_a1_rl_s1,a1_rl,1,1,rl,160,6,31,1,1.0,libero_goal,3416.875886440277,f3443dea3735fe2a5f8adc0a6dce3292c4496bc9,outputs/rl/eval/diag50_a1_rl_s1
diag50_a1_rl_s1,a1_rl,1,1,rl,160,6,32,1,1.0,libero_goal,3416.875886440277,f3443dea3735fe2a5f8adc0a6dce3292c4496bc9,outputs/rl/eval/diag50_a1_rl_s1
diag50_a1_rl_s1,a1_rl,1,1,rl,160,6,33,1,1.0,libero_goal,3416.875886440277,f3443dea3735fe2a5f8adc0a6dce3292c4496bc9,outputs/rl/eval/diag50_a1_rl_s1
diag50_a1_rl_s1,a1_rl,1,1,rl,160,6,34,1,1.0,libero_goal,3416.875886440277,f3443dea3735fe2a5f8adc0a6dce3292c4496bc9,outputs/rl/eval/diag50_a1_rl_s1
diag50_a1_rl_s1,a1_rl,1,1,rl,160,6,35,0,0.0,libero_goal,3416.875886440277,f3443dea3735fe2a5f8adc0a6dce3292c4496bc9,outputs/rl/eval/diag50_a1_rl_s1
diag50_a1_rl_s1,a1_rl,1,1,rl,160,6,36,1,1.0,libero_goal,3416.875886440277,f3443dea3735fe2a5f8adc0a6dce3292c4496bc9,outputs/rl/eval/diag50_a1_rl_s1
diag50_a1_rl_s1,a1_rl,1,1,rl,160,6,37,1,1.0,libero_goal,3416.875886440277,f3443dea3735fe2a5f8adc0a6dce3292c4496bc9,outputs/rl/eval/diag50_a1_rl_s1
diag50_a1_rl_s1,a1_rl,1,1,rl,160,6,38,0,0.0,libero_goal,3416.875886440277,f3443dea3735fe2a5f8adc0a6dce3292c4496bc9,outputs/rl/eval/diag50_a1_rl_s1
diag50_a1_rl_s1,a1_rl,1,1,rl,160,6,39,1,1.0,libero_goal,3416.875886440277,f3443dea3735fe2a5f8adc0a6dce3292c4496bc9,outputs/rl/eval/diag50_a1_rl_s1
diag50_a1_rl_s1,a1_rl,1,1,rl,160,6,40,0,0.0,libero_goal,3416.875886440277,f3443dea3735fe2a5f8adc0a6dce3292c4496bc9,outputs/rl/eval/diag50_a1_rl_s1
diag50_a1_rl_s1,a1_rl,1,1,rl,160,6,41,0,0.0,libero_goal,3416.875886440277,f3443dea3735fe2a5f8adc0a6dce3292c4496bc9,outputs/rl/eval/diag50_a1_rl_s1
diag50_a1_rl_s1,a1_rl,1,1,rl,160,6,42,1,1.0,libero_goal,3416.875886440277,f3443dea3735fe2a5f8adc0a6dce3292c4496bc9,outputs/rl/eval/diag50_a1_rl_s1
diag50_a1_rl_s1,a1_rl,1,1,rl,160,6,43,1,1.0,libero_goal,3416.875886440277,f3443dea3735fe2a5f8adc0a6dce3292c4496bc9,outputs/rl/eval/diag50_a1_rl_s1
diag50_a1_rl_s1,a1_rl,1,1,rl,160,6,44,0,0.0,libero_goal,3416.875886440277,f3443dea3735fe2a5f8adc0a6dce3292c4496bc9,outputs/rl/eval/diag50_a1_rl_s1
diag50_a1_rl_s1,a1_rl,1,1,rl,160,6,45,1,1.0,libero_goal,3416.875886440277,f3443dea3735fe2a5f8adc0a6dce3292c4496bc9,outputs/rl/eval/diag50_a1_rl_s1
diag50_a1_rl_s1,a1_rl,1,1,rl,160,6,46,0,0.0,libero_goal,3416.875886440277,f3443dea3735fe2a5f8adc0a6dce3292c4496bc9,outputs/rl/eval/diag50_a1_rl_s1
diag50_a1_rl_s1,a1_rl,1,1,rl,160,6,47,0,0.0,libero_goal,3416.875886440277,f3443dea3735fe2a5f8adc0a6dce3292c4496bc9,outputs/rl/eval/diag50_a1_rl_s1
diag50_a1_rl_s1,a1_rl,1,1,rl,160,6,48,0,0.0,libero_goal,3416.875886440277,f3443dea3735fe2a5f8adc0a6dce3292c4496bc9,outputs/rl/eval/diag50_a1_rl_s1
diag50_a1_rl_s1,a1_rl,1,1,rl,160,6,49,0,0.0,libero_goal,3416.875886440277,f3443dea3735fe2a5f8adc0a6dce3292c4496bc9,outputs/rl/eval/diag50_a1_rl_s1
diag50_a1_rl_s1,a1_rl,1,1,rl,160,7,0,1,1.0,libero_goal,3416.875886440277,f3443dea3735fe2a5f8adc0a6dce3292c4496bc9,outputs/rl/eval/diag50_a1_rl_s1
diag50_a1_rl_s1,a1_rl,1,1,rl,160,7,1,1,1.0,libero_goal,3416.875886440277,f3443dea3735fe2a5f8adc0a6dce3292c4496bc9,outputs/rl/eval/diag50_a1_rl_s1
diag50_a1_rl_s1,a1_rl,1,1,rl,160,7,2,1,1.0,libero_goal,3416.875886440277,f3443dea3735fe2a5f8adc0a6dce3292c4496bc9,outputs/rl/eval/diag50_a1_rl_s1
diag50_a1_rl_s1,a1_rl,1,1,rl,160,7,3,1,1.0,libero_goal,3416.875886440277,f3443dea3735fe2a5f8adc0a6dce3292c4496bc9,outputs/rl/eval/diag50_a1_rl_s1
diag50_a1_rl_s1,a1_rl,1,1,rl,160,7,4,1,1.0,libero_goal,3416.875886440277,f3443dea3735fe2a5f8adc0a6dce3292c4496bc9,outputs/rl/eval/diag50_a1_rl_s1
diag50_a1_rl_s1,a1_rl,1,1,rl,160,7,5,1,1.0,libero_goal,3416.875886440277,f3443dea3735fe2a5f8adc0a6dce3292c4496bc9,outputs/rl/eval/diag50_a1_rl_s1
diag50_a1_rl_s1,a1_rl,1,1,rl,160,7,6,1,1.0,libero_goal,3416.875886440277,f3443dea3735fe2a5f8adc0a6dce3292c4496bc9,outputs/rl/eval/diag50_a1_rl_s1
diag50_a1_rl_s1,a1_rl,1,1,rl,160,7,7,1,1.0,libero_goal,3416.875886440277,f3443dea3735fe2a5f8adc0a6dce3292c4496bc9,outputs/rl/eval/diag50_a1_rl_s1
diag50_a1_rl_s1,a1_rl,1,1,rl,160,7,8,1,1.0,libero_goal,3416.875886440277,f3443dea3735fe2a5f8adc0a6dce3292c4496bc9,outputs/rl/eval/diag50_a1_rl_s1
diag50_a1_rl_s1,a1_rl,1,1,rl,160,7,9,1,1.0,libero_goal,3416.875886440277,f3443dea3735fe2a5f8adc0a6dce3292c4496bc9,outputs/rl/eval/diag50_a1_rl_s1
diag50_a1_rl_s1,a1_rl,1,1,rl,160,7,10,1,1.0,libero_goal,3416.875886440277,f3443dea3735fe2a5f8adc0a6dce3292c4496bc9,outputs/rl/eval/diag50_a1_rl_s1
diag50_a1_rl_s1,a1_rl,1,1,rl,160,7,11,1,1.0,libero_goal,3416.875886440277,f3443dea3735fe2a5f8adc0a6dce3292c4496bc9,outputs/rl/eval/diag50_a1_rl_s1
diag50_a1_rl_s1,a1_rl,1,1,rl,160,7,12,1,1.0,libero_goal,3416.875886440277,f3443dea3735fe2a5f8adc0a6dce3292c4496bc9,outputs/rl/eval/diag50_a1_rl_s1
diag50_a1_rl_s1,a1_rl,1,1,rl,160,7,13,1,1.0,libero_goal,3416.875886440277,f3443dea3735fe2a5f8adc0a6dce3292c4496bc9,outputs/rl/eval/diag50_a1_rl_s1
diag50_a1_rl_s1,a1_rl,1,1,rl,160,7,14,1,1.0,libero_goal,3416.875886440277,f3443dea3735fe2a5f8adc0a6dce3292c4496bc9,outputs/rl/eval/diag50_a1_rl_s1
diag50_a1_rl_s1,a1_rl,1,1,rl,160,7,15,1,1.0,libero_goal,3416.875886440277,f3443dea3735fe2a5f8adc0a6dce3292c4496bc9,outputs/rl/eval/diag50_a1_rl_s1
diag50_a1_rl_s1,a1_rl,1,1,rl,160,7,16,1,1.0,libero_goal,3416.875886440277,f3443dea3735fe2a5f8adc0a6dce3292c4496bc9,outputs/rl/eval/diag50_a1_rl_s1
diag50_a1_rl_s1,a1_rl,1,1,rl,160,7,17,1,1.0,libero_goal,3416.875886440277,f3443dea3735fe2a5f8adc0a6dce3292c4496bc9,outputs/rl/eval/diag50_a1_rl_s1
diag50_a1_rl_s1,a1_rl,1,1,rl,160,7,18,1,1.0,libero_goal,3416.875886440277,f3443dea3735fe2a5f8adc0a6dce3292c4496bc9,outputs/rl/eval/diag50_a1_rl_s1
diag50_a1_rl_s1,a1_rl,1,1,rl,160,7,19,1,1.0,libero_goal,3416.875886440277,f3443dea3735fe2a5f8adc0a6dce3292c4496bc9,outputs/rl/eval/diag50_a1_rl_s1
diag50_a1_rl_s1,a1_rl,1,1,rl,160,7,20,1,1.0,libero_goal,3416.875886440277,f3443dea3735fe2a5f8adc0a6dce3292c4496bc9,outputs/rl/eval/diag50_a1_rl_s1
diag50_a1_rl_s1,a1_rl,1,1,rl,160,7,21,0,0.0,libero_goal,3416.875886440277,f3443dea3735fe2a5f8adc0a6dce3292c4496bc9,outputs/rl/eval/diag50_a1_rl_s1
diag50_a1_rl_s1,a1_rl,1,1,rl,160,7,22,1,1.0,libero_goal,3416.875886440277,f3443dea3735fe2a5f8adc0a6dce3292c4496bc9,outputs/rl/eval/diag50_a1_rl_s1
diag50_a1_rl_s1,a1_rl,1,1,rl,160,7,23,1,1.0,libero_goal,3416.875886440277,f3443dea3735fe2a5f8adc0a6dce3292c4496bc9,outputs/rl/eval/diag50_a1_rl_s1
diag50_a1_rl_s1,a1_rl,1,1,rl,160,7,24,1,1.0,libero_goal,3416.875886440277,f3443dea3735fe2a5f8adc0a6dce3292c4496bc9,outputs/rl/eval/diag50_a1_rl_s1
diag50_a1_rl_s1,a1_rl,1,1,rl,160,7,25,1,1.0,libero_goal,3416.875886440277,f3443dea3735fe2a5f8adc0a6dce3292c4496bc9,outputs/rl/eval/diag50_a1_rl_s1
diag50_a1_rl_s1,a1_rl,1,1,rl,160,7,26,1,1.0,libero_goal,3416.875886440277,f3443dea3735fe2a5f8adc0a6dce3292c4496bc9,outputs/rl/eval/diag50_a1_rl_s1
diag50_a1_rl_s1,a1_rl,1,1,rl,160,7,27,1,1.0,libero_goal,3416.875886440277,f3443dea3735fe2a5f8adc0a6dce3292c4496bc9,outputs/rl/eval/diag50_a1_rl_s1
diag50_a1_rl_s1,a1_rl,1,1,rl,160,7,28,1,1.0,libero_goal,3416.875886440277,f3443dea3735fe2a5f8adc0a6dce3292c4496bc9,outputs/rl/eval/diag50_a1_rl_s1
diag50_a1_rl_s1,a1_rl,1,1,rl,160,7,29,1,1.0,libero_goal,3416.875886440277,f3443dea3735fe2a5f8adc0a6dce3292c4496bc9,outputs/rl/eval/diag50_a1_rl_s1
diag50_a1_rl_s1,a1_rl,1,1,rl,160,7,30,1,1.0,libero_goal,3416.875886440277,f3443dea3735fe2a5f8adc0a6dce3292c4496bc9,outputs/rl/eval/diag50_a1_rl_s1
diag50_a1_rl_s1,a1_rl,1,1,rl,160,7,31,1,1.0,libero_goal,3416.875886440277,f3443dea3735fe2a5f8adc0a6dce3292c4496bc9,outputs/rl/eval/diag50_a1_rl_s1
diag50_a1_rl_s1,a1_rl,1,1,rl,160,7,32,1,1.0,libero_goal,3416.875886440277,f3443dea3735fe2a5f8adc0a6dce3292c4496bc9,outputs/rl/eval/diag50_a1_rl_s1
diag50_a1_rl_s1,a1_rl,1,1,rl,160,7,33,1,1.0,libero_goal,3416.875886440277,f3443dea3735fe2a5f8adc0a6dce3292c4496bc9,outputs/rl/eval/diag50_a1_rl_s1
diag50_a1_rl_s1,a1_rl,1,1,rl,160,7,34,1,1.0,libero_goal,3416.875886440277,f3443dea3735fe2a5f8adc0a6dce3292c4496bc9,outputs/rl/eval/diag50_a1_rl_s1
diag50_a1_rl_s1,a1_rl,1,1,rl,160,7,35,1,1.0,libero_goal,3416.875886440277,f3443dea3735fe2a5f8adc0a6dce3292c4496bc9,outputs/rl/eval/diag50_a1_rl_s1
diag50_a1_rl_s1,a1_rl,1,1,rl,160,7,36,1,1.0,libero_goal,3416.875886440277,f3443dea3735fe2a5f8adc0a6dce3292c4496bc9,outputs/rl/eval/diag50_a1_rl_s1
diag50_a1_rl_s1,a1_rl,1,1,rl,160,7,37,1,1.0,libero_goal,3416.875886440277,f3443dea3735fe2a5f8adc0a6dce3292c4496bc9,outputs/rl/eval/diag50_a1_rl_s1
diag50_a1_rl_s1,a1_rl,1,1,rl,160,7,38,1,1.0,libero_goal,3416.875886440277,f3443dea3735fe2a5f8adc0a6dce3292c4496bc9,outputs/rl/eval/diag50_a1_rl_s1
diag50_a1_rl_s1,a1_rl,1,1,rl,160,7,39,1,1.0,libero_goal,3416.875886440277,f3443dea3735fe2a5f8adc0a6dce3292c4496bc9,outputs/rl/eval/diag50_a1_rl_s1
diag50_a1_rl_s1,a1_rl,1,1,rl,160,7,40,1,1.0,libero_goal,3416.875886440277,f3443dea3735fe2a5f8adc0a6dce3292c4496bc9,outputs/rl/eval/diag50_a1_rl_s1
diag50_a1_rl_s1,a1_rl,1,1,rl,160,7,41,1,1.0,libero_goal,3416.875886440277,f3443dea3735fe2a5f8adc0a6dce3292c4496bc9,outputs/rl/eval/diag50_a1_rl_s1
diag50_a1_rl_s1,a1_rl,1,1,rl,160,7,42,1,1.0,libero_goal,3416.875886440277,f3443dea3735fe2a5f8adc0a6dce3292c4496bc9,outputs/rl/eval/diag50_a1_rl_s1
diag50_a1_rl_s1,a1_rl,1,1,rl,160,7,43,1,1.0,libero_goal,3416.875886440277,f3443dea3735fe2a5f8adc0a6dce3292c4496bc9,outputs/rl/eval/diag50_a1_rl_s1
diag50_a1_rl_s1,a1_rl,1,1,rl,160,7,44,1,1.0,libero_goal,3416.875886440277,f3443dea3735fe2a5f8adc0a6dce3292c4496bc9,outputs/rl/eval/diag50_a1_rl_s1
diag50_a1_rl_s1,a1_rl,1,1,rl,160,7,45,1,1.0,libero_goal,3416.875886440277,f3443dea3735fe2a5f8adc0a6dce3292c4496bc9,outputs/rl/eval/diag50_a1_rl_s1
diag50_a1_rl_s1,a1_rl,1,1,rl,160,7,46,1,1.0,libero_goal,3416.875886440277,f3443dea3735fe2a5f8adc0a6dce3292c4496bc9,outputs/rl/eval/diag50_a1_rl_s1
diag50_a1_rl_s1,a1_rl,1,1,rl,160,7,47,1,1.0,libero_goal,3416.875886440277,f3443dea3735fe2a5f8adc0a6dce3292c4496bc9,outputs/rl/eval/diag50_a1_rl_s1
diag50_a1_rl_s1,a1_rl,1,1,rl,160,7,48,1,1.0,libero_goal,3416.875886440277,f3443dea3735fe2a5f8adc0a6dce3292c4496bc9,outputs/rl/eval/diag50_a1_rl_s1
diag50_a1_rl_s1,a1_rl,1,1,rl,160,7,49,1,1.0,libero_goal,3416.875886440277,f3443dea3735fe2a5f8adc0a6dce3292c4496bc9,outputs/rl/eval/diag50_a1_rl_s1
diag50_a1_rl_s1,a1_rl,1,1,rl,160,8,0,1,1.0,libero_goal,3416.875886440277,f3443dea3735fe2a5f8adc0a6dce3292c4496bc9,outputs/rl/eval/diag50_a1_rl_s1
diag50_a1_rl_s1,a1_rl,1,1,rl,160,8,1,1,1.0,libero_goal,3416.875886440277,f3443dea3735fe2a5f8adc0a6dce3292c4496bc9,outputs/rl/eval/diag50_a1_rl_s1
diag50_a1_rl_s1,a1_rl,1,1,rl,160,8,2,1,1.0,libero_goal,3416.875886440277,f3443dea3735fe2a5f8adc0a6dce3292c4496bc9,outputs/rl/eval/diag50_a1_rl_s1
diag50_a1_rl_s1,a1_rl,1,1,rl,160,8,3,1,1.0,libero_goal,3416.875886440277,f3443dea3735fe2a5f8adc0a6dce3292c4496bc9,outputs/rl/eval/diag50_a1_rl_s1
diag50_a1_rl_s1,a1_rl,1,1,rl,160,8,4,1,1.0,libero_goal,3416.875886440277,f3443dea3735fe2a5f8adc0a6dce3292c4496bc9,outputs/rl/eval/diag50_a1_rl_s1
diag50_a1_rl_s1,a1_rl,1,1,rl,160,8,5,1,1.0,libero_goal,3416.875886440277,f3443dea3735fe2a5f8adc0a6dce3292c4496bc9,outputs/rl/eval/diag50_a1_rl_s1
diag50_a1_rl_s1,a1_rl,1,1,rl,160,8,6,1,1.0,libero_goal,3416.875886440277,f3443dea3735fe2a5f8adc0a6dce3292c4496bc9,outputs/rl/eval/diag50_a1_rl_s1
diag50_a1_rl_s1,a1_rl,1,1,rl,160,8,7,1,1.0,libero_goal,3416.875886440277,f3443dea3735fe2a5f8adc0a6dce3292c4496bc9,outputs/rl/eval/diag50_a1_rl_s1
diag50_a1_rl_s1,a1_rl,1,1,rl,160,8,8,1,1.0,libero_goal,3416.875886440277,f3443dea3735fe2a5f8adc0a6dce3292c4496bc9,outputs/rl/eval/diag50_a1_rl_s1
diag50_a1_rl_s1,a1_rl,1,1,rl,160,8,9,1,1.0,libero_goal,3416.875886440277,f3443dea3735fe2a5f8adc0a6dce3292c4496bc9,outputs/rl/eval/diag50_a1_rl_s1
diag50_a1_rl_s1,a1_rl,1,1,rl,160,8,10,1,1.0,libero_goal,3416.875886440277,f3443dea3735fe2a5f8adc0a6dce3292c4496bc9,outputs/rl/eval/diag50_a1_rl_s1
diag50_a1_rl_s1,a1_rl,1,1,rl,160,8,11,1,1.0,libero_goal,3416.875886440277,f3443dea3735fe2a5f8adc0a6dce3292c4496bc9,outputs/rl/eval/diag50_a1_rl_s1
diag50_a1_rl_s1,a1_rl,1,1,rl,160,8,12,1,1.0,libero_goal,3416.875886440277,f3443dea3735fe2a5f8adc0a6dce3292c4496bc9,outputs/rl/eval/diag50_a1_rl_s1
diag50_a1_rl_s1,a1_rl,1,1,rl,160,8,13,1,1.0,libero_goal,3416.875886440277,f3443dea3735fe2a5f8adc0a6dce3292c4496bc9,outputs/rl/eval/diag50_a1_rl_s1
diag50_a1_rl_s1,a1_rl,1,1,rl,160,8,14,1,1.0,libero_goal,3416.875886440277,f3443dea3735fe2a5f8adc0a6dce3292c4496bc9,outputs/rl/eval/diag50_a1_rl_s1
diag50_a1_rl_s1,a1_rl,1,1,rl,160,8,15,1,1.0,libero_goal,3416.875886440277,f3443dea3735fe2a5f8adc0a6dce3292c4496bc9,outputs/rl/eval/diag50_a1_rl_s1
diag50_a1_rl_s1,a1_rl,1,1,rl,160,8,16,0,0.0,libero_goal,3416.875886440277,f3443dea3735fe2a5f8adc0a6dce3292c4496bc9,outputs/rl/eval/diag50_a1_rl_s1
diag50_a1_rl_s1,a1_rl,1,1,rl,160,8,17,0,0.0,libero_goal,3416.875886440277,f3443dea3735fe2a5f8adc0a6dce3292c4496bc9,outputs/rl/eval/diag50_a1_rl_s1
diag50_a1_rl_s1,a1_rl,1,1,rl,160,8,18,1,1.0,libero_goal,3416.875886440277,f3443dea3735fe2a5f8adc0a6dce3292c4496bc9,outputs/rl/eval/diag50_a1_rl_s1
diag50_a1_rl_s1,a1_rl,1,1,rl,160,8,19,1,1.0,libero_goal,3416.875886440277,f3443dea3735fe2a5f8adc0a6dce3292c4496bc9,outputs/rl/eval/diag50_a1_rl_s1
diag50_a1_rl_s1,a1_rl,1,1,rl,160,8,20,0,0.0,libero_goal,3416.875886440277,f3443dea3735fe2a5f8adc0a6dce3292c4496bc9,outputs/rl/eval/diag50_a1_rl_s1
diag50_a1_rl_s1,a1_rl,1,1,rl,160,8,21,1,1.0,libero_goal,3416.875886440277,f3443dea3735fe2a5f8adc0a6dce3292c4496bc9,outputs/rl/eval/diag50_a1_rl_s1
diag50_a1_rl_s1,a1_rl,1,1,rl,160,8,22,1,1.0,libero_goal,3416.875886440277,f3443dea3735fe2a5f8adc0a6dce3292c4496bc9,outputs/rl/eval/diag50_a1_rl_s1
diag50_a1_rl_s1,a1_rl,1,1,rl,160,8,23,1,1.0,libero_goal,3416.875886440277,f3443dea3735fe2a5f8adc0a6dce3292c4496bc9,outputs/rl/eval/diag50_a1_rl_s1
diag50_a1_rl_s1,a1_rl,1,1,rl,160,8,24,1,1.0,libero_goal,3416.875886440277,f3443dea3735fe2a5f8adc0a6dce3292c4496bc9,outputs/rl/eval/diag50_a1_rl_s1
diag50_a1_rl_s1,a1_rl,1,1,rl,160,8,25,1,1.0,libero_goal,3416.875886440277,f3443dea3735fe2a5f8adc0a6dce3292c4496bc9,outputs/rl/eval/diag50_a1_rl_s1
diag50_a1_rl_s1,a1_rl,1,1,rl,160,8,26,1,1.0,libero_goal,3416.875886440277,f3443dea3735fe2a5f8adc0a6dce3292c4496bc9,outputs/rl/eval/diag50_a1_rl_s1
diag50_a1_rl_s1,a1_rl,1,1,rl,160,8,27,1,1.0,libero_goal,3416.875886440277,f3443dea3735fe2a5f8adc0a6dce3292c4496bc9,outputs/rl/eval/diag50_a1_rl_s1
diag50_a1_rl_s1,a1_rl,1,1,rl,160,8,28,1,1.0,libero_goal,3416.875886440277,f3443dea3735fe2a5f8adc0a6dce3292c4496bc9,outputs/rl/eval/diag50_a1_rl_s1
diag50_a1_rl_s1,a1_rl,1,1,rl,160,8,29,1,1.0,libero_goal,3416.875886440277,f3443dea3735fe2a5f8adc0a6dce3292c4496bc9,outputs/rl/eval/diag50_a1_rl_s1
diag50_a1_rl_s1,a1_rl,1,1,rl,160,8,30,1,1.0,libero_goal,3416.875886440277,f3443dea3735fe2a5f8adc0a6dce3292c4496bc9,outputs/rl/eval/diag50_a1_rl_s1
diag50_a1_rl_s1,a1_rl,1,1,rl,160,8,31,1,1.0,libero_goal,3416.875886440277,f3443dea3735fe2a5f8adc0a6dce3292c4496bc9,outputs/rl/eval/diag50_a1_rl_s1
diag50_a1_rl_s1,a1_rl,1,1,rl,160,8,32,1,1.0,libero_goal,3416.875886440277,f3443dea3735fe2a5f8adc0a6dce3292c4496bc9,outputs/rl/eval/diag50_a1_rl_s1
diag50_a1_rl_s1,a1_rl,1,1,rl,160,8,33,1,1.0,libero_goal,3416.875886440277,f3443dea3735fe2a5f8adc0a6dce3292c4496bc9,outputs/rl/eval/diag50_a1_rl_s1
diag50_a1_rl_s1,a1_rl,1,1,rl,160,8,34,1,1.0,libero_goal,3416.875886440277,f3443dea3735fe2a5f8adc0a6dce3292c4496bc9,outputs/rl/eval/diag50_a1_rl_s1
diag50_a1_rl_s1,a1_rl,1,1,rl,160,8,35,1,1.0,libero_goal,3416.875886440277,f3443dea3735fe2a5f8adc0a6dce3292c4496bc9,outputs/rl/eval/diag50_a1_rl_s1
diag50_a1_rl_s1,a1_rl,1,1,rl,160,8,36,1,1.0,libero_goal,3416.875886440277,f3443dea3735fe2a5f8adc0a6dce3292c4496bc9,outputs/rl/eval/diag50_a1_rl_s1
diag50_a1_rl_s1,a1_rl,1,1,rl,160,8,37,1,1.0,libero_goal,3416.875886440277,f3443dea3735fe2a5f8adc0a6dce3292c4496bc9,outputs/rl/eval/diag50_a1_rl_s1
diag50_a1_rl_s1,a1_rl,1,1,rl,160,8,38,1,1.0,libero_goal,3416.875886440277,f3443dea3735fe2a5f8adc0a6dce3292c4496bc9,outputs/rl/eval/diag50_a1_rl_s1
diag50_a1_rl_s1,a1_rl,1,1,rl,160,8,39,1,1.0,libero_goal,3416.875886440277,f3443dea3735fe2a5f8adc0a6dce3292c4496bc9,outputs/rl/eval/diag50_a1_rl_s1
diag50_a1_rl_s1,a1_rl,1,1,rl,160,8,40,0,0.0,libero_goal,3416.875886440277,f3443dea3735fe2a5f8adc0a6dce3292c4496bc9,outputs/rl/eval/diag50_a1_rl_s1
diag50_a1_rl_s1,a1_rl,1,1,rl,160,8,41,1,1.0,libero_goal,3416.875886440277,f3443dea3735fe2a5f8adc0a6dce3292c4496bc9,outputs/rl/eval/diag50_a1_rl_s1
diag50_a1_rl_s1,a1_rl,1,1,rl,160,8,42,1,1.0,libero_goal,3416.875886440277,f3443dea3735fe2a5f8adc0a6dce3292c4496bc9,outputs/rl/eval/diag50_a1_rl_s1
diag50_a1_rl_s1,a1_rl,1,1,rl,160,8,43,1,1.0,libero_goal,3416.875886440277,f3443dea3735fe2a5f8adc0a6dce3292c4496bc9,outputs/rl/eval/diag50_a1_rl_s1
diag50_a1_rl_s1,a1_rl,1,1,rl,160,8,44,1,1.0,libero_goal,3416.875886440277,f3443dea3735fe2a5f8adc0a6dce3292c4496bc9,outputs/rl/eval/diag50_a1_rl_s1
diag50_a1_rl_s1,a1_rl,1,1,rl,160,8,45,1,1.0,libero_goal,3416.875886440277,f3443dea3735fe2a5f8adc0a6dce3292c4496bc9,outputs/rl/eval/diag50_a1_rl_s1
diag50_a1_rl_s1,a1_rl,1,1,rl,160,8,46,0,0.0,libero_goal,3416.875886440277,f3443dea3735fe2a5f8adc0a6dce3292c4496bc9,outputs/rl/eval/diag50_a1_rl_s1
diag50_a1_rl_s1,a1_rl,1,1,rl,160,8,47,1,1.0,libero_goal,3416.875886440277,f3443dea3735fe2a5f8adc0a6dce3292c4496bc9,outputs/rl/eval/diag50_a1_rl_s1
diag50_a1_rl_s1,a1_rl,1,1,rl,160,8,48,1,1.0,libero_goal,3416.875886440277,f3443dea3735fe2a5f8adc0a6dce3292c4496bc9,outputs/rl/eval/diag50_a1_rl_s1
diag50_a1_rl_s1,a1_rl,1,1,rl,160,8,49,1,1.0,libero_goal,3416.875886440277,f3443dea3735fe2a5f8adc0a6dce3292c4496bc9,outputs/rl/eval/diag50_a1_rl_s1
diag50_a1_rl_s1,a1_rl,1,1,rl,160,9,0,0,0.0,libero_goal,3416.875886440277,f3443dea3735fe2a5f8adc0a6dce3292c4496bc9,outputs/rl/eval/diag50_a1_rl_s1
diag50_a1_rl_s1,a1_rl,1,1,rl,160,9,1,0,0.0,libero_goal,3416.875886440277,f3443dea3735fe2a5f8adc0a6dce3292c4496bc9,outputs/rl/eval/diag50_a1_rl_s1
diag50_a1_rl_s1,a1_rl,1,1,rl,160,9,2,0,0.0,libero_goal,3416.875886440277,f3443dea3735fe2a5f8adc0a6dce3292c4496bc9,outputs/rl/eval/diag50_a1_rl_s1
diag50_a1_rl_s1,a1_rl,1,1,rl,160,9,3,0,0.0,libero_goal,3416.875886440277,f3443dea3735fe2a5f8adc0a6dce3292c4496bc9,outputs/rl/eval/diag50_a1_rl_s1
diag50_a1_rl_s1,a1_rl,1,1,rl,160,9,4,1,1.0,libero_goal,3416.875886440277,f3443dea3735fe2a5f8adc0a6dce3292c4496bc9,outputs/rl/eval/diag50_a1_rl_s1
diag50_a1_rl_s1,a1_rl,1,1,rl,160,9,5,0,0.0,libero_goal,3416.875886440277,f3443dea3735fe2a5f8adc0a6dce3292c4496bc9,outputs/rl/eval/diag50_a1_rl_s1
diag50_a1_rl_s1,a1_rl,1,1,rl,160,9,6,0,0.0,libero_goal,3416.875886440277,f3443dea3735fe2a5f8adc0a6dce3292c4496bc9,outputs/rl/eval/diag50_a1_rl_s1
diag50_a1_rl_s1,a1_rl,1,1,rl,160,9,7,1,1.0,libero_goal,3416.875886440277,f3443dea3735fe2a5f8adc0a6dce3292c4496bc9,outputs/rl/eval/diag50_a1_rl_s1
diag50_a1_rl_s1,a1_rl,1,1,rl,160,9,8,0,0.0,libero_goal,3416.875886440277,f3443dea3735fe2a5f8adc0a6dce3292c4496bc9,outputs/rl/eval/diag50_a1_rl_s1
diag50_a1_rl_s1,a1_rl,1,1,rl,160,9,9,0,0.0,libero_goal,3416.875886440277,f3443dea3735fe2a5f8adc0a6dce3292c4496bc9,outputs/rl/eval/diag50_a1_rl_s1
diag50_a1_rl_s1,a1_rl,1,1,rl,160,9,10,0,0.0,libero_goal,3416.875886440277,f3443dea3735fe2a5f8adc0a6dce3292c4496bc9,outputs/rl/eval/diag50_a1_rl_s1
diag50_a1_rl_s1,a1_rl,1,1,rl,160,9,11,1,1.0,libero_goal,3416.875886440277,f3443dea3735fe2a5f8adc0a6dce3292c4496bc9,outputs/rl/eval/diag50_a1_rl_s1
diag50_a1_rl_s1,a1_rl,1,1,rl,160,9,12,1,1.0,libero_goal,3416.875886440277,f3443dea3735fe2a5f8adc0a6dce3292c4496bc9,outputs/rl/eval/diag50_a1_rl_s1
diag50_a1_rl_s1,a1_rl,1,1,rl,160,9,13,1,1.0,libero_goal,3416.875886440277,f3443dea3735fe2a5f8adc0a6dce3292c4496bc9,outputs/rl/eval/diag50_a1_rl_s1
diag50_a1_rl_s1,a1_rl,1,1,rl,160,9,14,0,0.0,libero_goal,3416.875886440277,f3443dea3735fe2a5f8adc0a6dce3292c4496bc9,outputs/rl/eval/diag50_a1_rl_s1
diag50_a1_rl_s1,a1_rl,1,1,rl,160,9,15,1,1.0,libero_goal,3416.875886440277,f3443dea3735fe2a5f8adc0a6dce3292c4496bc9,outputs/rl/eval/diag50_a1_rl_s1
diag50_a1_rl_s1,a1_rl,1,1,rl,160,9,16,0,0.0,libero_goal,3416.875886440277,f3443dea3735fe2a5f8adc0a6dce3292c4496bc9,outputs/rl/eval/diag50_a1_rl_s1
diag50_a1_rl_s1,a1_rl,1,1,rl,160,9,17,1,1.0,libero_goal,3416.875886440277,f3443dea3735fe2a5f8adc0a6dce3292c4496bc9,outputs/rl/eval/diag50_a1_rl_s1
diag50_a1_rl_s1,a1_rl,1,1,rl,160,9,18,1,1.0,libero_goal,3416.875886440277,f3443dea3735fe2a5f8adc0a6dce3292c4496bc9,outputs/rl/eval/diag50_a1_rl_s1
diag50_a1_rl_s1,a1_rl,1,1,rl,160,9,19,0,0.0,libero_goal,3416.875886440277,f3443dea3735fe2a5f8adc0a6dce3292c4496bc9,outputs/rl/eval/diag50_a1_rl_s1
diag50_a1_rl_s1,a1_rl,1,1,rl,160,9,20,1,1.0,libero_goal,3416.875886440277,f3443dea3735fe2a5f8adc0a6dce3292c4496bc9,outputs/rl/eval/diag50_a1_rl_s1
diag50_a1_rl_s1,a1_rl,1,1,rl,160,9,21,1,1.0,libero_goal,3416.875886440277,f3443dea3735fe2a5f8adc0a6dce3292c4496bc9,outputs/rl/eval/diag50_a1_rl_s1
diag50_a1_rl_s1,a1_rl,1,1,rl,160,9,22,0,0.0,libero_goal,3416.875886440277,f3443dea3735fe2a5f8adc0a6dce3292c4496bc9,outputs/rl/eval/diag50_a1_rl_s1
diag50_a1_rl_s1,a1_rl,1,1,rl,160,9,23,0,0.0,libero_goal,3416.875886440277,f3443dea3735fe2a5f8adc0a6dce3292c4496bc9,outputs/rl/eval/diag50_a1_rl_s1
diag50_a1_rl_s1,a1_rl,1,1,rl,160,9,24,1,1.0,libero_goal,3416.875886440277,f3443dea3735fe2a5f8adc0a6dce3292c4496bc9,outputs/rl/eval/diag50_a1_rl_s1
diag50_a1_rl_s1,a1_rl,1,1,rl,160,9,25,0,0.0,libero_goal,3416.875886440277,f3443dea3735fe2a5f8adc0a6dce3292c4496bc9,outputs/rl/eval/diag50_a1_rl_s1
diag50_a1_rl_s1,a1_rl,1,1,rl,160,9,26,0,0.0,libero_goal,3416.875886440277,f3443dea3735fe2a5f8adc0a6dce3292c4496bc9,outputs/rl/eval/diag50_a1_rl_s1
diag50_a1_rl_s1,a1_rl,1,1,rl,160,9,27,0,0.0,libero_goal,3416.875886440277,f3443dea3735fe2a5f8adc0a6dce3292c4496bc9,outputs/rl/eval/diag50_a1_rl_s1
diag50_a1_rl_s1,a1_rl,1,1,rl,160,9,28,0,0.0,libero_goal,3416.875886440277,f3443dea3735fe2a5f8adc0a6dce3292c4496bc9,outputs/rl/eval/diag50_a1_rl_s1
diag50_a1_rl_s1,a1_rl,1,1,rl,160,9,29,0,0.0,libero_goal,3416.875886440277,f3443dea3735fe2a5f8adc0a6dce3292c4496bc9,outputs/rl/eval/diag50_a1_rl_s1
diag50_a1_rl_s1,a1_rl,1,1,rl,160,9,30,1,1.0,libero_goal,3416.875886440277,f3443dea3735fe2a5f8adc0a6dce3292c4496bc9,outputs/rl/eval/diag50_a1_rl_s1
diag50_a1_rl_s1,a1_rl,1,1,rl,160,9,31,0,0.0,libero_goal,3416.875886440277,f3443dea3735fe2a5f8adc0a6dce3292c4496bc9,outputs/rl/eval/diag50_a1_rl_s1
diag50_a1_rl_s1,a1_rl,1,1,rl,160,9,32,0,0.0,libero_goal,3416.875886440277,f3443dea3735fe2a5f8adc0a6dce3292c4496bc9,outputs/rl/eval/diag50_a1_rl_s1
diag50_a1_rl_s1,a1_rl,1,1,rl,160,9,33,1,1.0,libero_goal,3416.875886440277,f3443dea3735fe2a5f8adc0a6dce3292c4496bc9,outputs/rl/eval/diag50_a1_rl_s1
diag50_a1_rl_s1,a1_rl,1,1,rl,160,9,34,0,0.0,libero_goal,3416.875886440277,f3443dea3735fe2a5f8adc0a6dce3292c4496bc9,outputs/rl/eval/diag50_a1_rl_s1
diag50_a1_rl_s1,a1_rl,1,1,rl,160,9,35,0,0.0,libero_goal,3416.875886440277,f3443dea3735fe2a5f8adc0a6dce3292c4496bc9,outputs/rl/eval/diag50_a1_rl_s1
diag50_a1_rl_s1,a1_rl,1,1,rl,160,9,36,0,0.0,libero_goal,3416.875886440277,f3443dea3735fe2a5f8adc0a6dce3292c4496bc9,outputs/rl/eval/diag50_a1_rl_s1
diag50_a1_rl_s1,a1_rl,1,1,rl,160,9,37,0,0.0,libero_goal,3416.875886440277,f3443dea3735fe2a5f8adc0a6dce3292c4496bc9,outputs/rl/eval/diag50_a1_rl_s1
diag50_a1_rl_s1,a1_rl,1,1,rl,160,9,38,0,0.0,libero_goal,3416.875886440277,f3443dea3735fe2a5f8adc0a6dce3292c4496bc9,outputs/rl/eval/diag50_a1_rl_s1
diag50_a1_rl_s1,a1_rl,1,1,rl,160,9,39,1,1.0,libero_goal,3416.875886440277,f3443dea3735fe2a5f8adc0a6dce3292c4496bc9,outputs/rl/eval/diag50_a1_rl_s1
diag50_a1_rl_s1,a1_rl,1,1,rl,160,9,40,1,1.0,libero_goal,3416.875886440277,f3443dea3735fe2a5f8adc0a6dce3292c4496bc9,outputs/rl/eval/diag50_a1_rl_s1
diag50_a1_rl_s1,a1_rl,1,1,rl,160,9,41,1,1.0,libero_goal,3416.875886440277,f3443dea3735fe2a5f8adc0a6dce3292c4496bc9,outputs/rl/eval/diag50_a1_rl_s1
diag50_a1_rl_s1,a1_rl,1,1,rl,160,9,42,0,0.0,libero_goal,3416.875886440277,f3443dea3735fe2a5f8adc0a6dce3292c4496bc9,outputs/rl/eval/diag50_a1_rl_s1
diag50_a1_rl_s1,a1_rl,1,1,rl,160,9,43,0,0.0,libero_goal,3416.875886440277,f3443dea3735fe2a5f8adc0a6dce3292c4496bc9,outputs/rl/eval/diag50_a1_rl_s1
diag50_a1_rl_s1,a1_rl,1,1,rl,160,9,44,0,0.0,libero_goal,3416.875886440277,f3443dea3735fe2a5f8adc0a6dce3292c4496bc9,outputs/rl/eval/diag50_a1_rl_s1
diag50_a1_rl_s1,a1_rl,1,1,rl,160,9,45,1,1.0,libero_goal,3416.875886440277,f3443dea3735fe2a5f8adc0a6dce3292c4496bc9,outputs/rl/eval/diag50_a1_rl_s1
diag50_a1_rl_s1,a1_rl,1,1,rl,160,9,46,0,0.0,libero_goal,3416.875886440277,f3443dea3735fe2a5f8adc0a6dce3292c4496bc9,outputs/rl/eval/diag50_a1_rl_s1
diag50_a1_rl_s1,a1_rl,1,1,rl,160,9,47,1,1.0,libero_goal,3416.875886440277,f3443dea3735fe2a5f8adc0a6dce3292c4496bc9,outputs/rl/eval/diag50_a1_rl_s1
diag50_a1_rl_s1,a1_rl,1,1,rl,160,9,48,0,0.0,libero_goal,3416.875886440277,f3443dea3735fe2a5f8adc0a6dce3292c4496bc9,outputs/rl/eval/diag50_a1_rl_s1
diag50_a1_rl_s1,a1_rl,1,1,rl,160,9,49,1,1.0,libero_goal,3416.875886440277,f3443dea3735fe2a5f8adc0a6dce3292c4496bc9,outputs/rl/eval/diag50_a1_rl_s1
