run_id,condition,demo_budget,seed,stage,step,task_id,episode_idx,success,reward_total,eval_distribution,wallclock_s,git_sha,eval_dir
a1_sft_s0,a1_sft,1,0,sft,8000,5,0,0,0.0,libero_plus,4387.879211425781,c44283c652a1d43b04742220339217df59089453,outputs/cp3_eval/a1_sft_s0/shard0
a1_sft_s0,a1_sft,1,0,sft,8000,64,0,0,0.0,libero_plus,4387.879211425781,c44283c652a1d43b04742220339217df59089453,outputs/cp3_eval/a1_sft_s0/shard0
a1_sft_s0,a1_sft,1,0,sft,8000,97,0,1,1.0,libero_plus,4387.879211425781,c44283c652a1d43b04742220339217df59089453,outputs/cp3_eval/a1_sft_s0/shard0
a1_sft_s0,a1_sft,1,0,sft,8000,152,0,0,0.0,libero_plus,4387.879211425781,c44283c652a1d43b04742220339217df59089453,outputs/cp3_eval/a1_sft_s0/shard0
a1_sft_s0,a1_sft,1,0,sft,8000,238,0,1,1.0,libero_plus,4387.879211425781,c44283c652a1d43b04742220339217df59089453,outputs/cp3_eval/a1_sft_s0/shard0
a1_sft_s0,a1_sft,1,0,sft,8000,270,0,0,0.0,libero_plus,4387.879211425781,c44283c652a1d43b04742220339217df59089453,outputs/cp3_eval/a1_sft_s0/shard0
a1_sft_s0,a1_sft,1,0,sft,8000,306,0,0,0.0,libero_plus,4387.879211425781,c44283c652a1d43b04742220339217df59089453,outputs/cp3_eval/a1_sft_s0/shard0
a1_sft_s0,a1_sft,1,0,sft,8000,340,0,0,0.0,libero_plus,4387.879211425781,c44283c652a1d43b04742220339217df59089453,outputs/cp3_eval/a1_sft_s0/shard0
a1_sft_s0,a1_sft,1,0,sft,8000,384,0,0,0.0,libero_plus,4387.879211425781,c44283c652a1d43b04742220339217df59089453,outputs/cp3_eval/a1_sft_s0/shard0
a1_sft_s0,a1_sft,1,0,sft,8000,493,0,0,0.0,libero_plus,4387.879211425781,c44283c652a1d43b04742220339217df59089453,outputs/cp3_eval/a1_sft_s0/shard0
a1_sft_s0,a1_sft,1,0,sft,8000,571,0,0,0.0,libero_plus,4387.879211425781,c44283c652a1d43b04742220339217df59089453,outputs/cp3_eval/a1_sft_s0/shard0
a1_sft_s0,a1_sft,1,0,sft,8000,664,0,0,0.0,libero_plus,4387.879211425781,c44283c652a1d43b04742220339217df59089453,outputs/cp3_eval/a1_sft_s0/shard0
a1_sft_s0,a1_sft,1,0,sft,8000,745,0,0,0.0,libero_plus,4387.879211425781,c44283c652a1d43b04742220339217df59089453,outputs/cp3_eval/a1_sft_s0/shard0
a1_sft_s0,a1_sft,1,0,sft,8000,814,0,0,0.0,libero_plus,4387.879211425781,c44283c652a1d43b04742220339217df59089453,outputs/cp3_eval/a1_sft_s0/shard0
a1_sft_s0,a1_sft,1,0,sft,8000,913,0,0,0.0,libero_plus,4387.879211425781,c44283c652a1d43b04742220339217df59089453,outputs/cp3_eval/a1_sft_s0/shard0
a1_sft_s0,a1_sft,1,0,sft,8000,968,0,0,0.0,libero_plus,4387.879211425781,c44283c652a1d43b04742220339217df59089453,outputs/cp3_eval/a1_sft_s0/shard0
a1_sft_s0,a1_sft,1,0,sft,8000,1025,0,0,0.0,libero_plus,4387.879211425781,c44283c652a1d43b04742220339217df59089453,outputs/cp3_eval/a1_sft_s0/shard0
a1_sft_s0,a1_sft,1,0,sft,8000,1126,0,0,0.0,libero_plus,4387.879211425781,c44283c652a1d43b04742220339217df59089453,outputs/cp3_eval/a1_sft_s0/shard0
a1_sft_s0,a1_sft,1,0,sft,8000,1209,0,0,0.0,libero_plus,4387.879211425781,c44283c652a1d43b04742220339217df59089453,outputs/cp3_eval/a1_sft_s0/shard0
a1_sft_s0,a1_sft,1,0,sft,8000,1243,0,0,0.0,libero_plus,4387.879211425781,c44283c652a1d43b04742220339217df59089453,outputs/cp3_eval/a1_sft_s0/shard0
a1_sft_s0,a1_sft,1,0,sft,8000,1304,0,0,0.0,libero_plus,4387.879211425781,c44283c652a1d43b04742220339217df59089453,outputs/cp3_eval/a1_sft_s0/shard0
a1_sft_s0,a1_sft,1,0,sft,8000,1394,0,0,0.0,libero_plus,4387.879211425781,c44283c652a1d43b04742220339217df59089453,outputs/cp3_eval/a1_sft_s0/shard0
a1_sft_s0,a1_sft,1,0,sft,8000,1466,0,0,0.0,libero_plus,4387.879211425781,c44283c652a1d43b04742220339217df59089453,outputs/cp3_eval/a1_sft_s0/shard0
a1_sft_s0,a1_sft,1,0,sft,8000,1591,0,0,0.0,libero_plus,4387.879211425781,c44283c652a1d43b04742220339217df59089453,outputs/cp3_eval/a1_sft_s0/shard0
a1_sft_s0,a1_sft,1,0,sft,8000,1625,0,0,0.0,libero_plus,4387.879211425781,c44283c652a1d43b04742220339217df59089453,outputs/cp3_eval/a1_sft_s0/shard0
a1_sft_s0,a1_sft,1,0,sft,8000,1695,0,0,0.0,libero_plus,4387.879211425781,c44283c652a1d43b04742220339217df59089453,outputs/cp3_eval/a1_sft_s0/shard0
a1_sft_s0,a1_sft,1,0,sft,8000,1759,0,0,0.0,libero_plus,4387.879211425781,c44283c652a1d43b04742220339217df59089453,outputs/cp3_eval/a1_sft_s0/shard0
a1_sft_s0,a1_sft,1,0,sft,8000,1811,0,0,0.0,libero_plus,4387.879211425781,c44283c652a1d43b04742220339217df59089453,outputs/cp3_eval/a1_sft_s0/shard0
a1_sft_s0,a1_sft,1,0,sft,8000,1887,0,0,0.0,libero_plus,4387.879211425781,c44283c652a1d43b04742220339217df59089453,outputs/cp3_eval/a1_sft_s0/shard0
a1_sft_s0,a1_sft,1,0,sft,8000,1995,0,0,0.0,libero_plus,4387.879211425781,c44283c652a1d43b04742220339217df59089453,outputs/cp3_eval/a1_sft_s0/shard0
a1_sft_s0,a1_sft,1,0,sft,8000,2045,0,0,0.0,libero_plus,4387.879211425781,c44283c652a1d43b04742220339217df59089453,outputs/cp3_eval/a1_sft_s0/shard0
a1_sft_s0,a1_sft,1,0,sft,8000,2093,0,0,0.0,libero_plus,4387.879211425781,c44283c652a1d43b04742220339217df59089453,outputs/cp3_eval/a1_sft_s0/shard0
a1_sft_s0,a1_sft,1,0,sft,8000,2180,0,0,0.0,libero_plus,4387.879211425781,c44283c652a1d43b04742220339217df59089453,outputs/cp3_eval/a1_sft_s0/shard0
a1_sft_s0,a1_sft,1,0,sft,8000,2235,0,1,1.0,libero_plus,4387.879211425781,c44283c652a1d43b04742220339217df59089453,outputs/cp3_eval/a1_sft_s0/shard0
a1_sft_s0,a1_sft,1,0,sft,8000,2338,0,0,0.0,libero_plus,4387.879211425781,c44283c652a1d43b04742220339217df59089453,outputs/cp3_eval/a1_sft_s0/shard0
a1_sft_s0,a1_sft,1,0,sft,8000,2377,0,0,0.0,libero_plus,4387.879211425781,c44283c652a1d43b04742220339217df59089453,outputs/cp3_eval/a1_sft_s0/shard0
a1_sft_s0,a1_sft,1,0,sft,8000,2411,0,0,0.0,libero_plus,4387.879211425781,c44283c652a1d43b04742220339217df59089453,outputs/cp3_eval/a1_sft_s0/shard0
a1_sft_s0,a1_sft,1,0,sft,8000,2488,0,0,0.0,libero_plus,4387.879211425781,c44283c652a1d43b04742220339217df59089453,outputs/cp3_eval/a1_sft_s0/shard0
a1_sft_s0,a1_sft,1,0,sft,8000,2513,0,0,0.0,libero_plus,4387.879211425781,c44283c652a1d43b04742220339217df59089453,outputs/cp3_eval/a1_sft_s0/shard0
a1_sft_s0,a1_sft,1,0,sft,8000,2578,0,0,0.0,libero_plus,4387.879211425781,c44283c652a1d43b04742220339217df59089453,outputs/cp3_eval/a1_sft_s0/shard0
a1_sft_s0,a1_sft,1,0,sft,8000,31,0,0,0.0,libero_plus,4387.879211425781,c44283c652a1d43b04742220339217df59089453,outputs/cp3_eval/a1_sft_s0/shard1
a1_sft_s0,a1_sft,1,0,sft,8000,70,0,0,0.0,libero_plus,4387.879211425781,c44283c652a1d43b04742220339217df59089453,outputs/cp3_eval/a1_sft_s0/shard1
a1_sft_s0,a1_sft,1,0,sft,8000,106,0,0,0.0,libero_plus,4387.879211425781,c44283c652a1d43b04742220339217df59089453,outputs/cp3_eval/a1_sft_s0/shard1
a1_sft_s0,a1_sft,1,0,sft,8000,164,0,0,0.0,libero_plus,4387.879211425781,c44283c652a1d43b04742220339217df59089453,outputs/cp3_eval/a1_sft_s0/shard1
a1_sft_s0,a1_sft,1,0,sft,8000,242,0,0,0.0,libero_plus,4387.879211425781,c44283c652a1d43b04742220339217df59089453,outputs/cp3_eval/a1_sft_s0/shard1
a1_sft_s0,a1_sft,1,0,sft,8000,273,0,0,0.0,libero_plus,4387.879211425781,c44283c652a1d43b04742220339217df59089453,outputs/cp3_eval/a1_sft_s0/shard1
a1_sft_s0,a1_sft,1,0,sft,8000,315,0,0,0.0,libero_plus,4387.879211425781,c44283c652a1d43b04742220339217df59089453,outputs/cp3_eval/a1_sft_s0/shard1
a1_sft_s0,a1_sft,1,0,sft,8000,346,0,0,0.0,libero_plus,4387.879211425781,c44283c652a1d43b04742220339217df59089453,outputs/cp3_eval/a1_sft_s0/shard1
a1_sft_s0,a1_sft,1,0,sft,8000,392,0,0,0.0,libero_plus,4387.879211425781,c44283c652a1d43b04742220339217df59089453,outputs/cp3_eval/a1_sft_s0/shard1
a1_sft_s0,a1_sft,1,0,sft,8000,517,0,0,0.0,libero_plus,4387.879211425781,c44283c652a1d43b04742220339217df59089453,outputs/cp3_eval/a1_sft_s0/shard1
a1_sft_s0,a1_sft,1,0,sft,8000,608,0,0,0.0,libero_plus,4387.879211425781,c44283c652a1d43b04742220339217df59089453,outputs/cp3_eval/a1_sft_s0/shard1
a1_sft_s0,a1_sft,1,0,sft,8000,706,0,0,0.0,libero_plus,4387.879211425781,c44283c652a1d43b04742220339217df59089453,outputs/cp3_eval/a1_sft_s0/shard1
a1_sft_s0,a1_sft,1,0,sft,8000,754,0,0,0.0,libero_plus,4387.879211425781,c44283c652a1d43b04742220339217df59089453,outputs/cp3_eval/a1_sft_s0/shard1
a1_sft_s0,a1_sft,1,0,sft,8000,829,0,0,0.0,libero_plus,4387.879211425781,c44283c652a1d43b04742220339217df59089453,outputs/cp3_eval/a1_sft_s0/shard1
a1_sft_s0,a1_sft,1,0,sft,8000,934,0,0,0.0,libero_plus,4387.879211425781,c44283c652a1d43b04742220339217df59089453,outputs/cp3_eval/a1_sft_s0/shard1
a1_sft_s0,a1_sft,1,0,sft,8000,969,0,0,0.0,libero_plus,4387.879211425781,c44283c652a1d43b04742220339217df59089453,outputs/cp3_eval/a1_sft_s0/shard1
a1_sft_s0,a1_sft,1,0,sft,8000,1042,0,0,0.0,libero_plus,4387.879211425781,c44283c652a1d43b04742220339217df59089453,outputs/cp3_eval/a1_sft_s0/shard1
a1_sft_s0,a1_sft,1,0,sft,8000,1139,0,0,0.0,libero_plus,4387.879211425781,c44283c652a1d43b04742220339217df59089453,outputs/cp3_eval/a1_sft_s0/shard1
a1_sft_s0,a1_sft,1,0,sft,8000,1210,0,0,0.0,libero_plus,4387.879211425781,c44283c652a1d43b04742220339217df59089453,outputs/cp3_eval/a1_sft_s0/shard1
a1_sft_s0,a1_sft,1,0,sft,8000,1246,0,0,0.0,libero_plus,4387.879211425781,c44283c652a1d43b04742220339217df59089453,outputs/cp3_eval/a1_sft_s0/shard1
a1_sft_s0,a1_sft,1,0,sft,8000,1308,0,0,0.0,libero_plus,4387.879211425781,c44283c652a1d43b04742220339217df59089453,outputs/cp3_eval/a1_sft_s0/shard1
a1_sft_s0,a1_sft,1,0,sft,8000,1399,0,0,0.0,libero_plus,4387.879211425781,c44283c652a1d43b04742220339217df59089453,outputs/cp3_eval/a1_sft_s0/shard1
a1_sft_s0,a1_sft,1,0,sft,8000,1503,0,0,0.0,libero_plus,4387.879211425781,c44283c652a1d43b04742220339217df59089453,outputs/cp3_eval/a1_sft_s0/shard1
a1_sft_s0,a1_sft,1,0,sft,8000,1592,0,0,0.0,libero_plus,4387.879211425781,c44283c652a1d43b04742220339217df59089453,outputs/cp3_eval/a1_sft_s0/shard1
a1_sft_s0,a1_sft,1,0,sft,8000,1634,0,0,0.0,libero_plus,4387.879211425781,c44283c652a1d43b04742220339217df59089453,outputs/cp3_eval/a1_sft_s0/shard1
a1_sft_s0,a1_sft,1,0,sft,8000,1714,0,0,0.0,libero_plus,4387.879211425781,c44283c652a1d43b04742220339217df59089453,outputs/cp3_eval/a1_sft_s0/shard1
a1_sft_s0,a1_sft,1,0,sft,8000,1770,0,0,0.0,libero_plus,4387.879211425781,c44283c652a1d43b04742220339217df59089453,outputs/cp3_eval/a1_sft_s0/shard1
a1_sft_s0,a1_sft,1,0,sft,8000,1852,0,0,0.0,libero_plus,4387.879211425781,c44283c652a1d43b04742220339217df59089453,outputs/cp3_eval/a1_sft_s0/shard1
a1_sft_s0,a1_sft,1,0,sft,8000,1922,0,0,0.0,libero_plus,4387.879211425781,c44283c652a1d43b04742220339217df59089453,outputs/cp3_eval/a1_sft_s0/shard1
a1_sft_s0,a1_sft,1,0,sft,8000,2016,0,0,0.0,libero_plus,4387.879211425781,c44283c652a1d43b04742220339217df59089453,outputs/cp3_eval/a1_sft_s0/shard1
a1_sft_s0,a1_sft,1,0,sft,8000,2052,0,0,0.0,libero_plus,4387.879211425781,c44283c652a1d43b04742220339217df59089453,outputs/cp3_eval/a1_sft_s0/shard1
a1_sft_s0,a1_sft,1,0,sft,8000,2128,0,1,1.0,libero_plus,4387.879211425781,c44283c652a1d43b04742220339217df59089453,outputs/cp3_eval/a1_sft_s0/shard1
a1_sft_s0,a1_sft,1,0,sft,8000,2185,0,0,0.0,libero_plus,4387.879211425781,c44283c652a1d43b04742220339217df59089453,outputs/cp3_eval/a1_sft_s0/shard1
a1_sft_s0,a1_sft,1,0,sft,8000,2255,0,0,0.0,libero_plus,4387.879211425781,c44283c652a1d43b04742220339217df59089453,outputs/cp3_eval/a1_sft_s0/shard1
a1_sft_s0,a1_sft,1,0,sft,8000,2346,0,0,0.0,libero_plus,4387.879211425781,c44283c652a1d43b04742220339217df59089453,outputs/cp3_eval/a1_sft_s0/shard1
a1_sft_s0,a1_sft,1,0,sft,8000,2382,0,0,0.0,libero_plus,4387.879211425781,c44283c652a1d43b04742220339217df59089453,outputs/cp3_eval/a1_sft_s0/shard1
a1_sft_s0,a1_sft,1,0,sft,8000,2413,0,0,0.0,libero_plus,4387.879211425781,c44283c652a1d43b04742220339217df59089453,outputs/cp3_eval/a1_sft_s0/shard1
a1_sft_s0,a1_sft,1,0,sft,8000,2491,0,0,0.0,libero_plus,4387.879211425781,c44283c652a1d43b04742220339217df59089453,outputs/cp3_eval/a1_sft_s0/shard1
a1_sft_s0,a1_sft,1,0,sft,8000,2516,0,0,0.0,libero_plus,4387.879211425781,c44283c652a1d43b04742220339217df59089453,outputs/cp3_eval/a1_sft_s0/shard1
a1_sft_s0,a1_sft,1,0,sft,8000,39,0,0,0.0,libero_plus,4387.879211425781,c44283c652a1d43b04742220339217df59089453,outputs/cp3_eval/a1_sft_s0/shard2
a1_sft_s0,a1_sft,1,0,sft,8000,74,0,0,0.0,libero_plus,4387.879211425781,c44283c652a1d43b04742220339217df59089453,outputs/cp3_eval/a1_sft_s0/shard2
a1_sft_s0,a1_sft,1,0,sft,8000,117,0,0,0.0,libero_plus,4387.879211425781,c44283c652a1d43b04742220339217df59089453,outputs/cp3_eval/a1_sft_s0/shard2
a1_sft_s0,a1_sft,1,0,sft,8000,173,0,0,0.0,libero_plus,4387.879211425781,c44283c652a1d43b04742220339217df59089453,outputs/cp3_eval/a1_sft_s0/shard2
a1_sft_s0,a1_sft,1,0,sft,8000,250,0,1,1.0,libero_plus,4387.879211425781,c44283c652a1d43b04742220339217df59089453,outputs/cp3_eval/a1_sft_s0/shard2
a1_sft_s0,a1_sft,1,0,sft,8000,277,0,0,0.0,libero_plus,4387.879211425781,c44283c652a1d43b04742220339217df59089453,outputs/cp3_eval/a1_sft_s0/shard2
a1_sft_s0,a1_sft,1,0,sft,8000,332,0,0,0.0,libero_plus,4387.879211425781,c44283c652a1d43b04742220339217df59089453,outputs/cp3_eval/a1_sft_s0/shard2
a1_sft_s0,a1_sft,1,0,sft,8000,352,0,0,0.0,libero_plus,4387.879211425781,c44283c652a1d43b04742220339217df59089453,outputs/cp3_eval/a1_sft_s0/shard2
a1_sft_s0,a1_sft,1,0,sft,8000,484,0,0,0.0,libero_plus,4387.879211425781,c44283c652a1d43b04742220339217df59089453,outputs/cp3_eval/a1_sft_s0/shard2
a1_sft_s0,a1_sft,1,0,sft,8000,523,0,0,0.0,libero_plus,4387.879211425781,c44283c652a1d43b04742220339217df59089453,outputs/cp3_eval/a1_sft_s0/shard2
a1_sft_s0,a1_sft,1,0,sft,8000,611,0,0,0.0,libero_plus,4387.879211425781,c44283c652a1d43b04742220339217df59089453,outputs/cp3_eval/a1_sft_s0/shard2
a1_sft_s0,a1_sft,1,0,sft,8000,734,0,0,0.0,libero_plus,4387.879211425781,c44283c652a1d43b04742220339217df59089453,outputs/cp3_eval/a1_sft_s0/shard2
a1_sft_s0,a1_sft,1,0,sft,8000,758,0,0,0.0,libero_plus,4387.879211425781,c44283c652a1d43b04742220339217df59089453,outputs/cp3_eval/a1_sft_s0/shard2
a1_sft_s0,a1_sft,1,0,sft,8000,836,0,0,0.0,libero_plus,4387.879211425781,c44283c652a1d43b04742220339217df59089453,outputs/cp3_eval/a1_sft_s0/shard2
a1_sft_s0,a1_sft,1,0,sft,8000,950,0,0,0.0,libero_plus,4387.879211425781,c44283c652a1d43b04742220339217df59089453,outputs/cp3_eval/a1_sft_s0/shard2
a1_sft_s0,a1_sft,1,0,sft,8000,973,0,0,0.0,libero_plus,4387.879211425781,c44283c652a1d43b04742220339217df59089453,outputs/cp3_eval/a1_sft_s0/shard2
a1_sft_s0,a1_sft,1,0,sft,8000,1058,0,0,0.0,libero_plus,4387.879211425781,c44283c652a1d43b04742220339217df59089453,outputs/cp3_eval/a1_sft_s0/shard2
a1_sft_s0,a1_sft,1,0,sft,8000,1171,0,1,1.0,libero_plus,4387.879211425781,c44283c652a1d43b04742220339217df59089453,outputs/cp3_eval/a1_sft_s0/shard2
a1_sft_s0,a1_sft,1,0,sft,8000,1211,0,0,0.0,libero_plus,4387.879211425781,c44283c652a1d43b04742220339217df59089453,outputs/cp3_eval/a1_sft_s0/shard2
a1_sft_s0,a1_sft,1,0,sft,8000,1267,0,0,0.0,libero_plus,4387.879211425781,c44283c652a1d43b04742220339217df59089453,outputs/cp3_eval/a1_sft_s0/shard2
a1_sft_s0,a1_sft,1,0,sft,8000,1355,0,0,0.0,libero_plus,4387.879211425781,c44283c652a1d43b04742220339217df59089453,outputs/cp3_eval/a1_sft_s0/shard2
a1_sft_s0,a1_sft,1,0,sft,8000,1422,0,0,0.0,libero_plus,4387.879211425781,c44283c652a1d43b04742220339217df59089453,outputs/cp3_eval/a1_sft_s0/shard2
a1_sft_s0,a1_sft,1,0,sft,8000,1567,0,0,0.0,libero_plus,4387.879211425781,c44283c652a1d43b04742220339217df59089453,outputs/cp3_eval/a1_sft_s0/shard2
a1_sft_s0,a1_sft,1,0,sft,8000,1595,0,0,0.0,libero_plus,4387.879211425781,c44283c652a1d43b04742220339217df59089453,outputs/cp3_eval/a1_sft_s0/shard2
a1_sft_s0,a1_sft,1,0,sft,8000,1642,0,0,0.0,libero_plus,4387.879211425781,c44283c652a1d43b04742220339217df59089453,outputs/cp3_eval/a1_sft_s0/shard2
a1_sft_s0,a1_sft,1,0,sft,8000,1718,0,0,0.0,libero_plus,4387.879211425781,c44283c652a1d43b04742220339217df59089453,outputs/cp3_eval/a1_sft_s0/shard2
a1_sft_s0,a1_sft,1,0,sft,8000,1791,0,0,0.0,libero_plus,4387.879211425781,c44283c652a1d43b04742220339217df59089453,outputs/cp3_eval/a1_sft_s0/shard2
a1_sft_s0,a1_sft,1,0,sft,8000,1860,0,0,0.0,libero_plus,4387.879211425781,c44283c652a1d43b04742220339217df59089453,outputs/cp3_eval/a1_sft_s0/shard2
a1_sft_s0,a1_sft,1,0,sft,8000,1940,0,0,0.0,libero_plus,4387.879211425781,c44283c652a1d43b04742220339217df59089453,outputs/cp3_eval/a1_sft_s0/shard2
a1_sft_s0,a1_sft,1,0,sft,8000,2034,0,0,0.0,libero_plus,4387.879211425781,c44283c652a1d43b04742220339217df59089453,outputs/cp3_eval/a1_sft_s0/shard2
a1_sft_s0,a1_sft,1,0,sft,8000,2056,0,0,0.0,libero_plus,4387.879211425781,c44283c652a1d43b04742220339217df59089453,outputs/cp3_eval/a1_sft_s0/shard2
a1_sft_s0,a1_sft,1,0,sft,8000,2139,0,0,0.0,libero_plus,4387.879211425781,c44283c652a1d43b04742220339217df59089453,outputs/cp3_eval/a1_sft_s0/shard2
a1_sft_s0,a1_sft,1,0,sft,8000,2203,0,0,0.0,libero_plus,4387.879211425781,c44283c652a1d43b04742220339217df59089453,outputs/cp3_eval/a1_sft_s0/shard2
a1_sft_s0,a1_sft,1,0,sft,8000,2262,0,0,0.0,libero_plus,4387.879211425781,c44283c652a1d43b04742220339217df59089453,outputs/cp3_eval/a1_sft_s0/shard2
a1_sft_s0,a1_sft,1,0,sft,8000,2350,0,0,0.0,libero_plus,4387.879211425781,c44283c652a1d43b04742220339217df59089453,outputs/cp3_eval/a1_sft_s0/shard2
a1_sft_s0,a1_sft,1,0,sft,8000,2388,0,0,0.0,libero_plus,4387.879211425781,c44283c652a1d43b04742220339217df59089453,outputs/cp3_eval/a1_sft_s0/shard2
a1_sft_s0,a1_sft,1,0,sft,8000,2446,0,0,0.0,libero_plus,4387.879211425781,c44283c652a1d43b04742220339217df59089453,outputs/cp3_eval/a1_sft_s0/shard2
a1_sft_s0,a1_sft,1,0,sft,8000,2494,0,0,0.0,libero_plus,4387.879211425781,c44283c652a1d43b04742220339217df59089453,outputs/cp3_eval/a1_sft_s0/shard2
a1_sft_s0,a1_sft,1,0,sft,8000,2528,0,0,0.0,libero_plus,4387.879211425781,c44283c652a1d43b04742220339217df59089453,outputs/cp3_eval/a1_sft_s0/shard2
a1_sft_s0,a1_sft,1,0,sft,8000,41,0,0,0.0,libero_plus,4387.879211425781,c44283c652a1d43b04742220339217df59089453,outputs/cp3_eval/a1_sft_s0/shard3
a1_sft_s0,a1_sft,1,0,sft,8000,83,0,0,0.0,libero_plus,4387.879211425781,c44283c652a1d43b04742220339217df59089453,outputs/cp3_eval/a1_sft_s0/shard3
a1_sft_s0,a1_sft,1,0,sft,8000,124,0,0,0.0,libero_plus,4387.879211425781,c44283c652a1d43b04742220339217df59089453,outputs/cp3_eval/a1_sft_s0/shard3
a1_sft_s0,a1_sft,1,0,sft,8000,214,0,0,0.0,libero_plus,4387.879211425781,c44283c652a1d43b04742220339217df59089453,outputs/cp3_eval/a1_sft_s0/shard3
a1_sft_s0,a1_sft,1,0,sft,8000,265,0,0,0.0,libero_plus,4387.879211425781,c44283c652a1d43b04742220339217df59089453,outputs/cp3_eval/a1_sft_s0/shard3
a1_sft_s0,a1_sft,1,0,sft,8000,291,0,0,0.0,libero_plus,4387.879211425781,c44283c652a1d43b04742220339217df59089453,outputs/cp3_eval/a1_sft_s0/shard3
a1_sft_s0,a1_sft,1,0,sft,8000,337,0,0,0.0,libero_plus,4387.879211425781,c44283c652a1d43b04742220339217df59089453,outputs/cp3_eval/a1_sft_s0/shard3
a1_sft_s0,a1_sft,1,0,sft,8000,355,0,0,0.0,libero_plus,4387.879211425781,c44283c652a1d43b04742220339217df59089453,outputs/cp3_eval/a1_sft_s0/shard3
a1_sft_s0,a1_sft,1,0,sft,8000,488,0,0,0.0,libero_plus,4387.879211425781,c44283c652a1d43b04742220339217df59089453,outputs/cp3_eval/a1_sft_s0/shard3
a1_sft_s0,a1_sft,1,0,sft,8000,546,0,0,0.0,libero_plus,4387.879211425781,c44283c652a1d43b04742220339217df59089453,outputs/cp3_eval/a1_sft_s0/shard3
a1_sft_s0,a1_sft,1,0,sft,8000,614,0,0,0.0,libero_plus,4387.879211425781,c44283c652a1d43b04742220339217df59089453,outputs/cp3_eval/a1_sft_s0/shard3
a1_sft_s0,a1_sft,1,0,sft,8000,737,0,0,0.0,libero_plus,4387.879211425781,c44283c652a1d43b04742220339217df59089453,outputs/cp3_eval/a1_sft_s0/shard3
a1_sft_s0,a1_sft,1,0,sft,8000,786,0,0,0.0,libero_plus,4387.879211425781,c44283c652a1d43b04742220339217df59089453,outputs/cp3_eval/a1_sft_s0/shard3
a1_sft_s0,a1_sft,1,0,sft,8000,871,0,0,0.0,libero_plus,4387.879211425781,c44283c652a1d43b04742220339217df59089453,outputs/cp3_eval/a1_sft_s0/shard3
a1_sft_s0,a1_sft,1,0,sft,8000,962,0,0,0.0,libero_plus,4387.879211425781,c44283c652a1d43b04742220339217df59089453,outputs/cp3_eval/a1_sft_s0/shard3
a1_sft_s0,a1_sft,1,0,sft,8000,974,0,0,0.0,libero_plus,4387.879211425781,c44283c652a1d43b04742220339217df59089453,outputs/cp3_eval/a1_sft_s0/shard3
a1_sft_s0,a1_sft,1,0,sft,8000,1069,0,0,0.0,libero_plus,4387.879211425781,c44283c652a1d43b04742220339217df59089453,outputs/cp3_eval/a1_sft_s0/shard3
a1_sft_s0,a1_sft,1,0,sft,8000,1194,0,0,0.0,libero_plus,4387.879211425781,c44283c652a1d43b04742220339217df59089453,outputs/cp3_eval/a1_sft_s0/shard3
a1_sft_s0,a1_sft,1,0,sft,8000,1213,0,0,0.0,libero_plus,4387.879211425781,c44283c652a1d43b04742220339217df59089453,outputs/cp3_eval/a1_sft_s0/shard3
a1_sft_s0,a1_sft,1,0,sft,8000,1279,0,0,0.0,libero_plus,4387.879211425781,c44283c652a1d43b04742220339217df59089453,outputs/cp3_eval/a1_sft_s0/shard3
a1_sft_s0,a1_sft,1,0,sft,8000,1356,0,0,0.0,libero_plus,4387.879211425781,c44283c652a1d43b04742220339217df59089453,outputs/cp3_eval/a1_sft_s0/shard3
a1_sft_s0,a1_sft,1,0,sft,8000,1449,0,0,0.0,libero_plus,4387.879211425781,c44283c652a1d43b04742220339217df59089453,outputs/cp3_eval/a1_sft_s0/shard3
a1_sft_s0,a1_sft,1,0,sft,8000,1572,0,0,0.0,libero_plus,4387.879211425781,c44283c652a1d43b04742220339217df59089453,outputs/cp3_eval/a1_sft_s0/shard3
a1_sft_s0,a1_sft,1,0,sft,8000,1608,0,0,0.0,libero_plus,4387.879211425781,c44283c652a1d43b04742220339217df59089453,outputs/cp3_eval/a1_sft_s0/shard3
a1_sft_s0,a1_sft,1,0,sft,8000,1672,0,0,0.0,libero_plus,4387.879211425781,c44283c652a1d43b04742220339217df59089453,outputs/cp3_eval/a1_sft_s0/shard3
a1_sft_s0,a1_sft,1,0,sft,8000,1727,0,0,0.0,libero_plus,4387.879211425781,c44283c652a1d43b04742220339217df59089453,outputs/cp3_eval/a1_sft_s0/shard3
a1_sft_s0,a1_sft,1,0,sft,8000,1794,0,0,0.0,libero_plus,4387.879211425781,c44283c652a1d43b04742220339217df59089453,outputs/cp3_eval/a1_sft_s0/shard3
a1_sft_s0,a1_sft,1,0,sft,8000,1864,0,0,0.0,libero_plus,4387.879211425781,c44283c652a1d43b04742220339217df59089453,outputs/cp3_eval/a1_sft_s0/shard3
a1_sft_s0,a1_sft,1,0,sft,8000,1945,0,0,0.0,libero_plus,4387.879211425781,c44283c652a1d43b04742220339217df59089453,outputs/cp3_eval/a1_sft_s0/shard3
a1_sft_s0,a1_sft,1,0,sft,8000,2035,0,0,0.0,libero_plus,4387.879211425781,c44283c652a1d43b04742220339217df59089453,outputs/cp3_eval/a1_sft_s0/shard3
a1_sft_s0,a1_sft,1,0,sft,8000,2065,0,0,0.0,libero_plus,4387.879211425781,c44283c652a1d43b04742220339217df59089453,outputs/cp3_eval/a1_sft_s0/shard3
a1_sft_s0,a1_sft,1,0,sft,8000,2153,0,0,0.0,libero_plus,4387.879211425781,c44283c652a1d43b04742220339217df59089453,outputs/cp3_eval/a1_sft_s0/shard3
a1_sft_s0,a1_sft,1,0,sft,8000,2207,0,0,0.0,libero_plus,4387.879211425781,c44283c652a1d43b04742220339217df59089453,outputs/cp3_eval/a1_sft_s0/shard3
a1_sft_s0,a1_sft,1,0,sft,8000,2321,0,0,0.0,libero_plus,4387.879211425781,c44283c652a1d43b04742220339217df59089453,outputs/cp3_eval/a1_sft_s0/shard3
a1_sft_s0,a1_sft,1,0,sft,8000,2359,0,0,0.0,libero_plus,4387.879211425781,c44283c652a1d43b04742220339217df59089453,outputs/cp3_eval/a1_sft_s0/shard3
a1_sft_s0,a1_sft,1,0,sft,8000,2405,0,1,1.0,libero_plus,4387.879211425781,c44283c652a1d43b04742220339217df59089453,outputs/cp3_eval/a1_sft_s0/shard3
a1_sft_s0,a1_sft,1,0,sft,8000,2464,0,0,0.0,libero_plus,4387.879211425781,c44283c652a1d43b04742220339217df59089453,outputs/cp3_eval/a1_sft_s0/shard3
a1_sft_s0,a1_sft,1,0,sft,8000,2497,0,0,0.0,libero_plus,4387.879211425781,c44283c652a1d43b04742220339217df59089453,outputs/cp3_eval/a1_sft_s0/shard3
a1_sft_s0,a1_sft,1,0,sft,8000,2539,0,0,0.0,libero_plus,4387.879211425781,c44283c652a1d43b04742220339217df59089453,outputs/cp3_eval/a1_sft_s0/shard3
a1_sft_s0,a1_sft,1,0,sft,8000,44,0,0,0.0,libero_plus,4387.879211425781,c44283c652a1d43b04742220339217df59089453,outputs/cp3_eval/a1_sft_s0/shard4
a1_sft_s0,a1_sft,1,0,sft,8000,94,0,1,1.0,libero_plus,4387.879211425781,c44283c652a1d43b04742220339217df59089453,outputs/cp3_eval/a1_sft_s0/shard4
a1_sft_s0,a1_sft,1,0,sft,8000,141,0,0,0.0,libero_plus,4387.879211425781,c44283c652a1d43b04742220339217df59089453,outputs/cp3_eval/a1_sft_s0/shard4
a1_sft_s0,a1_sft,1,0,sft,8000,226,0,0,0.0,libero_plus,4387.879211425781,c44283c652a1d43b04742220339217df59089453,outputs/cp3_eval/a1_sft_s0/shard4
a1_sft_s0,a1_sft,1,0,sft,8000,266,0,1,1.0,libero_plus,4387.879211425781,c44283c652a1d43b04742220339217df59089453,outputs/cp3_eval/a1_sft_s0/shard4
a1_sft_s0,a1_sft,1,0,sft,8000,304,0,0,0.0,libero_plus,4387.879211425781,c44283c652a1d43b04742220339217df59089453,outputs/cp3_eval/a1_sft_s0/shard4
a1_sft_s0,a1_sft,1,0,sft,8000,339,0,0,0.0,libero_plus,4387.879211425781,c44283c652a1d43b04742220339217df59089453,outputs/cp3_eval/a1_sft_s0/shard4
a1_sft_s0,a1_sft,1,0,sft,8000,365,0,0,0.0,libero_plus,4387.879211425781,c44283c652a1d43b04742220339217df59089453,outputs/cp3_eval/a1_sft_s0/shard4
a1_sft_s0,a1_sft,1,0,sft,8000,492,0,0,0.0,libero_plus,4387.879211425781,c44283c652a1d43b04742220339217df59089453,outputs/cp3_eval/a1_sft_s0/shard4
a1_sft_s0,a1_sft,1,0,sft,8000,556,0,0,0.0,libero_plus,4387.879211425781,c44283c652a1d43b04742220339217df59089453,outputs/cp3_eval/a1_sft_s0/shard4
a1_sft_s0,a1_sft,1,0,sft,8000,616,0,0,0.0,libero_plus,4387.879211425781,c44283c652a1d43b04742220339217df59089453,outputs/cp3_eval/a1_sft_s0/shard4
a1_sft_s0,a1_sft,1,0,sft,8000,740,0,0,0.0,libero_plus,4387.879211425781,c44283c652a1d43b04742220339217df59089453,outputs/cp3_eval/a1_sft_s0/shard4
a1_sft_s0,a1_sft,1,0,sft,8000,812,0,0,0.0,libero_plus,4387.879211425781,c44283c652a1d43b04742220339217df59089453,outputs/cp3_eval/a1_sft_s0/shard4
a1_sft_s0,a1_sft,1,0,sft,8000,882,0,0,0.0,libero_plus,4387.879211425781,c44283c652a1d43b04742220339217df59089453,outputs/cp3_eval/a1_sft_s0/shard4
a1_sft_s0,a1_sft,1,0,sft,8000,964,0,0,0.0,libero_plus,4387.879211425781,c44283c652a1d43b04742220339217df59089453,outputs/cp3_eval/a1_sft_s0/shard4
a1_sft_s0,a1_sft,1,0,sft,8000,978,0,0,0.0,libero_plus,4387.879211425781,c44283c652a1d43b04742220339217df59089453,outputs/cp3_eval/a1_sft_s0/shard4
a1_sft_s0,a1_sft,1,0,sft,8000,1117,0,0,0.0,libero_plus,4387.879211425781,c44283c652a1d43b04742220339217df59089453,outputs/cp3_eval/a1_sft_s0/shard4
a1_sft_s0,a1_sft,1,0,sft,8000,1196,0,0,0.0,libero_plus,4387.879211425781,c44283c652a1d43b04742220339217df59089453,outputs/cp3_eval/a1_sft_s0/shard4
a1_sft_s0,a1_sft,1,0,sft,8000,1239,0,0,0.0,libero_plus,4387.879211425781,c44283c652a1d43b04742220339217df59089453,outputs/cp3_eval/a1_sft_s0/shard4
a1_sft_s0,a1_sft,1,0,sft,8000,1286,0,0,0.0,libero_plus,4387.879211425781,c44283c652a1d43b04742220339217df59089453,outputs/cp3_eval/a1_sft_s0/shard4
a1_sft_s0,a1_sft,1,0,sft,8000,1378,0,0,0.0,libero_plus,4387.879211425781,c44283c652a1d43b04742220339217df59089453,outputs/cp3_eval/a1_sft_s0/shard4
a1_sft_s0,a1_sft,1,0,sft,8000,1455,0,0,0.0,libero_plus,4387.879211425781,c44283c652a1d43b04742220339217df59089453,outputs/cp3_eval/a1_sft_s0/shard4
a1_sft_s0,a1_sft,1,0,sft,8000,1577,0,0,0.0,libero_plus,4387.879211425781,c44283c652a1d43b04742220339217df59089453,outputs/cp3_eval/a1_sft_s0/shard4
a1_sft_s0,a1_sft,1,0,sft,8000,1621,0,0,0.0,libero_plus,4387.879211425781,c44283c652a1d43b04742220339217df59089453,outputs/cp3_eval/a1_sft_s0/shard4
a1_sft_s0,a1_sft,1,0,sft,8000,1681,0,0,0.0,libero_plus,4387.879211425781,c44283c652a1d43b04742220339217df59089453,outputs/cp3_eval/a1_sft_s0/shard4
a1_sft_s0,a1_sft,1,0,sft,8000,1729,0,0,0.0,libero_plus,4387.879211425781,c44283c652a1d43b04742220339217df59089453,outputs/cp3_eval/a1_sft_s0/shard4
a1_sft_s0,a1_sft,1,0,sft,8000,1803,0,0,0.0,libero_plus,4387.879211425781,c44283c652a1d43b04742220339217df59089453,outputs/cp3_eval/a1_sft_s0/shard4
a1_sft_s0,a1_sft,1,0,sft,8000,1882,0,0,0.0,libero_plus,4387.879211425781,c44283c652a1d43b04742220339217df59089453,outputs/cp3_eval/a1_sft_s0/shard4
a1_sft_s0,a1_sft,1,0,sft,8000,1959,0,0,0.0,libero_plus,4387.879211425781,c44283c652a1d43b04742220339217df59089453,outputs/cp3_eval/a1_sft_s0/shard4
a1_sft_s0,a1_sft,1,0,sft,8000,2037,0,0,0.0,libero_plus,4387.879211425781,c44283c652a1d43b04742220339217df59089453,outputs/cp3_eval/a1_sft_s0/shard4
a1_sft_s0,a1_sft,1,0,sft,8000,2081,0,0,0.0,libero_plus,4387.879211425781,c44283c652a1d43b04742220339217df59089453,outputs/cp3_eval/a1_sft_s0/shard4
a1_sft_s0,a1_sft,1,0,sft,8000,2179,0,0,0.0,libero_plus,4387.879211425781,c44283c652a1d43b04742220339217df59089453,outputs/cp3_eval/a1_sft_s0/shard4
a1_sft_s0,a1_sft,1,0,sft,8000,2222,0,1,1.0,libero_plus,4387.879211425781,c44283c652a1d43b04742220339217df59089453,outputs/cp3_eval/a1_sft_s0/shard4
a1_sft_s0,a1_sft,1,0,sft,8000,2332,0,0,0.0,libero_plus,4387.879211425781,c44283c652a1d43b04742220339217df59089453,outputs/cp3_eval/a1_sft_s0/shard4
a1_sft_s0,a1_sft,1,0,sft,8000,2363,0,0,0.0,libero_plus,4387.879211425781,c44283c652a1d43b04742220339217df59089453,outputs/cp3_eval/a1_sft_s0/shard4
a1_sft_s0,a1_sft,1,0,sft,8000,2406,0,0,0.0,libero_plus,4387.879211425781,c44283c652a1d43b04742220339217df59089453,outputs/cp3_eval/a1_sft_s0/shard4
a1_sft_s0,a1_sft,1,0,sft,8000,2465,0,0,0.0,libero_plus,4387.879211425781,c44283c652a1d43b04742220339217df59089453,outputs/cp3_eval/a1_sft_s0/shard4
a1_sft_s0,a1_sft,1,0,sft,8000,2504,0,0,0.0,libero_plus,4387.879211425781,c44283c652a1d43b04742220339217df59089453,outputs/cp3_eval/a1_sft_s0/shard4
a1_sft_s0,a1_sft,1,0,sft,8000,2569,0,0,0.0,libero_plus,4387.879211425781,c44283c652a1d43b04742220339217df59089453,outputs/cp3_eval/a1_sft_s0/shard4
a1_sft_s1,a1_sft,1,1,sft,8000,5,0,0,0.0,libero_plus,4461.865109443665,c44283c652a1d43b04742220339217df59089453,outputs/cp3_eval/a1_sft_s1/shard0
a1_sft_s1,a1_sft,1,1,sft,8000,64,0,0,0.0,libero_plus,4461.865109443665,c44283c652a1d43b04742220339217df59089453,outputs/cp3_eval/a1_sft_s1/shard0
a1_sft_s1,a1_sft,1,1,sft,8000,97,0,0,0.0,libero_plus,4461.865109443665,c44283c652a1d43b04742220339217df59089453,outputs/cp3_eval/a1_sft_s1/shard0
a1_sft_s1,a1_sft,1,1,sft,8000,152,0,0,0.0,libero_plus,4461.865109443665,c44283c652a1d43b04742220339217df59089453,outputs/cp3_eval/a1_sft_s1/shard0
a1_sft_s1,a1_sft,1,1,sft,8000,238,0,0,0.0,libero_plus,4461.865109443665,c44283c652a1d43b04742220339217df59089453,outputs/cp3_eval/a1_sft_s1/shard0
a1_sft_s1,a1_sft,1,1,sft,8000,270,0,0,0.0,libero_plus,4461.865109443665,c44283c652a1d43b04742220339217df59089453,outputs/cp3_eval/a1_sft_s1/shard0
a1_sft_s1,a1_sft,1,1,sft,8000,306,0,0,0.0,libero_plus,4461.865109443665,c44283c652a1d43b04742220339217df59089453,outputs/cp3_eval/a1_sft_s1/shard0
a1_sft_s1,a1_sft,1,1,sft,8000,340,0,0,0.0,libero_plus,4461.865109443665,c44283c652a1d43b04742220339217df59089453,outputs/cp3_eval/a1_sft_s1/shard0
a1_sft_s1,a1_sft,1,1,sft,8000,384,0,0,0.0,libero_plus,4461.865109443665,c44283c652a1d43b04742220339217df59089453,outputs/cp3_eval/a1_sft_s1/shard0
a1_sft_s1,a1_sft,1,1,sft,8000,493,0,0,0.0,libero_plus,4461.865109443665,c44283c652a1d43b04742220339217df59089453,outputs/cp3_eval/a1_sft_s1/shard0
a1_sft_s1,a1_sft,1,1,sft,8000,571,0,0,0.0,libero_plus,4461.865109443665,c44283c652a1d43b04742220339217df59089453,outputs/cp3_eval/a1_sft_s1/shard0
a1_sft_s1,a1_sft,1,1,sft,8000,664,0,0,0.0,libero_plus,4461.865109443665,c44283c652a1d43b04742220339217df59089453,outputs/cp3_eval/a1_sft_s1/shard0
a1_sft_s1,a1_sft,1,1,sft,8000,745,0,0,0.0,libero_plus,4461.865109443665,c44283c652a1d43b04742220339217df59089453,outputs/cp3_eval/a1_sft_s1/shard0
a1_sft_s1,a1_sft,1,1,sft,8000,814,0,0,0.0,libero_plus,4461.865109443665,c44283c652a1d43b04742220339217df59089453,outputs/cp3_eval/a1_sft_s1/shard0
a1_sft_s1,a1_sft,1,1,sft,8000,913,0,0,0.0,libero_plus,4461.865109443665,c44283c652a1d43b04742220339217df59089453,outputs/cp3_eval/a1_sft_s1/shard0
a1_sft_s1,a1_sft,1,1,sft,8000,968,0,0,0.0,libero_plus,4461.865109443665,c44283c652a1d43b04742220339217df59089453,outputs/cp3_eval/a1_sft_s1/shard0
a1_sft_s1,a1_sft,1,1,sft,8000,1025,0,0,0.0,libero_plus,4461.865109443665,c44283c652a1d43b04742220339217df59089453,outputs/cp3_eval/a1_sft_s1/shard0
a1_sft_s1,a1_sft,1,1,sft,8000,1126,0,0,0.0,libero_plus,4461.865109443665,c44283c652a1d43b04742220339217df59089453,outputs/cp3_eval/a1_sft_s1/shard0
a1_sft_s1,a1_sft,1,1,sft,8000,1209,0,0,0.0,libero_plus,4461.865109443665,c44283c652a1d43b04742220339217df59089453,outputs/cp3_eval/a1_sft_s1/shard0
a1_sft_s1,a1_sft,1,1,sft,8000,1243,0,0,0.0,libero_plus,4461.865109443665,c44283c652a1d43b04742220339217df59089453,outputs/cp3_eval/a1_sft_s1/shard0
a1_sft_s1,a1_sft,1,1,sft,8000,1304,0,0,0.0,libero_plus,4461.865109443665,c44283c652a1d43b04742220339217df59089453,outputs/cp3_eval/a1_sft_s1/shard0
a1_sft_s1,a1_sft,1,1,sft,8000,1394,0,0,0.0,libero_plus,4461.865109443665,c44283c652a1d43b04742220339217df59089453,outputs/cp3_eval/a1_sft_s1/shard0
a1_sft_s1,a1_sft,1,1,sft,8000,1466,0,0,0.0,libero_plus,4461.865109443665,c44283c652a1d43b04742220339217df59089453,outputs/cp3_eval/a1_sft_s1/shard0
a1_sft_s1,a1_sft,1,1,sft,8000,1591,0,0,0.0,libero_plus,4461.865109443665,c44283c652a1d43b04742220339217df59089453,outputs/cp3_eval/a1_sft_s1/shard0
a1_sft_s1,a1_sft,1,1,sft,8000,1625,0,0,0.0,libero_plus,4461.865109443665,c44283c652a1d43b04742220339217df59089453,outputs/cp3_eval/a1_sft_s1/shard0
a1_sft_s1,a1_sft,1,1,sft,8000,1695,0,0,0.0,libero_plus,4461.865109443665,c44283c652a1d43b04742220339217df59089453,outputs/cp3_eval/a1_sft_s1/shard0
a1_sft_s1,a1_sft,1,1,sft,8000,1759,0,0,0.0,libero_plus,4461.865109443665,c44283c652a1d43b04742220339217df59089453,outputs/cp3_eval/a1_sft_s1/shard0
a1_sft_s1,a1_sft,1,1,sft,8000,1811,0,0,0.0,libero_plus,4461.865109443665,c44283c652a1d43b04742220339217df59089453,outputs/cp3_eval/a1_sft_s1/shard0
a1_sft_s1,a1_sft,1,1,sft,8000,1887,0,0,0.0,libero_plus,4461.865109443665,c44283c652a1d43b04742220339217df59089453,outputs/cp3_eval/a1_sft_s1/shard0
a1_sft_s1,a1_sft,1,1,sft,8000,1995,0,0,0.0,libero_plus,4461.865109443665,c44283c652a1d43b04742220339217df59089453,outputs/cp3_eval/a1_sft_s1/shard0
a1_sft_s1,a1_sft,1,1,sft,8000,2045,0,0,0.0,libero_plus,4461.865109443665,c44283c652a1d43b04742220339217df59089453,outputs/cp3_eval/a1_sft_s1/shard0
a1_sft_s1,a1_sft,1,1,sft,8000,2093,0,0,0.0,libero_plus,4461.865109443665,c44283c652a1d43b04742220339217df59089453,outputs/cp3_eval/a1_sft_s1/shard0
a1_sft_s1,a1_sft,1,1,sft,8000,2180,0,1,1.0,libero_plus,4461.865109443665,c44283c652a1d43b04742220339217df59089453,outputs/cp3_eval/a1_sft_s1/shard0
a1_sft_s1,a1_sft,1,1,sft,8000,2235,0,0,0.0,libero_plus,4461.865109443665,c44283c652a1d43b04742220339217df59089453,outputs/cp3_eval/a1_sft_s1/shard0
a1_sft_s1,a1_sft,1,1,sft,8000,2338,0,0,0.0,libero_plus,4461.865109443665,c44283c652a1d43b04742220339217df59089453,outputs/cp3_eval/a1_sft_s1/shard0
a1_sft_s1,a1_sft,1,1,sft,8000,2377,0,0,0.0,libero_plus,4461.865109443665,c44283c652a1d43b04742220339217df59089453,outputs/cp3_eval/a1_sft_s1/shard0
a1_sft_s1,a1_sft,1,1,sft,8000,2411,0,1,1.0,libero_plus,4461.865109443665,c44283c652a1d43b04742220339217df59089453,outputs/cp3_eval/a1_sft_s1/shard0
a1_sft_s1,a1_sft,1,1,sft,8000,2488,0,0,0.0,libero_plus,4461.865109443665,c44283c652a1d43b04742220339217df59089453,outputs/cp3_eval/a1_sft_s1/shard0
a1_sft_s1,a1_sft,1,1,sft,8000,2513,0,0,0.0,libero_plus,4461.865109443665,c44283c652a1d43b04742220339217df59089453,outputs/cp3_eval/a1_sft_s1/shard0
a1_sft_s1,a1_sft,1,1,sft,8000,2578,0,0,0.0,libero_plus,4461.865109443665,c44283c652a1d43b04742220339217df59089453,outputs/cp3_eval/a1_sft_s1/shard0
a1_sft_s1,a1_sft,1,1,sft,8000,31,0,0,0.0,libero_plus,4461.865109443665,c44283c652a1d43b04742220339217df59089453,outputs/cp3_eval/a1_sft_s1/shard1
a1_sft_s1,a1_sft,1,1,sft,8000,70,0,0,0.0,libero_plus,4461.865109443665,c44283c652a1d43b04742220339217df59089453,outputs/cp3_eval/a1_sft_s1/shard1
a1_sft_s1,a1_sft,1,1,sft,8000,106,0,0,0.0,libero_plus,4461.865109443665,c44283c652a1d43b04742220339217df59089453,outputs/cp3_eval/a1_sft_s1/shard1
a1_sft_s1,a1_sft,1,1,sft,8000,164,0,0,0.0,libero_plus,4461.865109443665,c44283c652a1d43b04742220339217df59089453,outputs/cp3_eval/a1_sft_s1/shard1
a1_sft_s1,a1_sft,1,1,sft,8000,242,0,0,0.0,libero_plus,4461.865109443665,c44283c652a1d43b04742220339217df59089453,outputs/cp3_eval/a1_sft_s1/shard1
a1_sft_s1,a1_sft,1,1,sft,8000,273,0,0,0.0,libero_plus,4461.865109443665,c44283c652a1d43b04742220339217df59089453,outputs/cp3_eval/a1_sft_s1/shard1
a1_sft_s1,a1_sft,1,1,sft,8000,315,0,0,0.0,libero_plus,4461.865109443665,c44283c652a1d43b04742220339217df59089453,outputs/cp3_eval/a1_sft_s1/shard1
a1_sft_s1,a1_sft,1,1,sft,8000,346,0,0,0.0,libero_plus,4461.865109443665,c44283c652a1d43b04742220339217df59089453,outputs/cp3_eval/a1_sft_s1/shard1
a1_sft_s1,a1_sft,1,1,sft,8000,392,0,0,0.0,libero_plus,4461.865109443665,c44283c652a1d43b04742220339217df59089453,outputs/cp3_eval/a1_sft_s1/shard1
a1_sft_s1,a1_sft,1,1,sft,8000,517,0,0,0.0,libero_plus,4461.865109443665,c44283c652a1d43b04742220339217df59089453,outputs/cp3_eval/a1_sft_s1/shard1
a1_sft_s1,a1_sft,1,1,sft,8000,608,0,0,0.0,libero_plus,4461.865109443665,c44283c652a1d43b04742220339217df59089453,outputs/cp3_eval/a1_sft_s1/shard1
a1_sft_s1,a1_sft,1,1,sft,8000,706,0,0,0.0,libero_plus,4461.865109443665,c44283c652a1d43b04742220339217df59089453,outputs/cp3_eval/a1_sft_s1/shard1
a1_sft_s1,a1_sft,1,1,sft,8000,754,0,0,0.0,libero_plus,4461.865109443665,c44283c652a1d43b04742220339217df59089453,outputs/cp3_eval/a1_sft_s1/shard1
a1_sft_s1,a1_sft,1,1,sft,8000,829,0,0,0.0,libero_plus,4461.865109443665,c44283c652a1d43b04742220339217df59089453,outputs/cp3_eval/a1_sft_s1/shard1
a1_sft_s1,a1_sft,1,1,sft,8000,934,0,0,0.0,libero_plus,4461.865109443665,c44283c652a1d43b04742220339217df59089453,outputs/cp3_eval/a1_sft_s1/shard1
a1_sft_s1,a1_sft,1,1,sft,8000,969,0,0,0.0,libero_plus,4461.865109443665,c44283c652a1d43b04742220339217df59089453,outputs/cp3_eval/a1_sft_s1/shard1
a1_sft_s1,a1_sft,1,1,sft,8000,1042,0,0,0.0,libero_plus,4461.865109443665,c44283c652a1d43b04742220339217df59089453,outputs/cp3_eval/a1_sft_s1/shard1
a1_sft_s1,a1_sft,1,1,sft,8000,1139,0,0,0.0,libero_plus,4461.865109443665,c44283c652a1d43b04742220339217df59089453,outputs/cp3_eval/a1_sft_s1/shard1
a1_sft_s1,a1_sft,1,1,sft,8000,1210,0,0,0.0,libero_plus,4461.865109443665,c44283c652a1d43b04742220339217df59089453,outputs/cp3_eval/a1_sft_s1/shard1
a1_sft_s1,a1_sft,1,1,sft,8000,1246,0,0,0.0,libero_plus,4461.865109443665,c44283c652a1d43b04742220339217df59089453,outputs/cp3_eval/a1_sft_s1/shard1
a1_sft_s1,a1_sft,1,1,sft,8000,1308,0,0,0.0,libero_plus,4461.865109443665,c44283c652a1d43b04742220339217df59089453,outputs/cp3_eval/a1_sft_s1/shard1
a1_sft_s1,a1_sft,1,1,sft,8000,1399,0,0,0.0,libero_plus,4461.865109443665,c44283c652a1d43b04742220339217df59089453,outputs/cp3_eval/a1_sft_s1/shard1
a1_sft_s1,a1_sft,1,1,sft,8000,1503,0,0,0.0,libero_plus,4461.865109443665,c44283c652a1d43b04742220339217df59089453,outputs/cp3_eval/a1_sft_s1/shard1
a1_sft_s1,a1_sft,1,1,sft,8000,1592,0,1,1.0,libero_plus,4461.865109443665,c44283c652a1d43b04742220339217df59089453,outputs/cp3_eval/a1_sft_s1/shard1
a1_sft_s1,a1_sft,1,1,sft,8000,1634,0,0,0.0,libero_plus,4461.865109443665,c44283c652a1d43b04742220339217df59089453,outputs/cp3_eval/a1_sft_s1/shard1
a1_sft_s1,a1_sft,1,1,sft,8000,1714,0,0,0.0,libero_plus,4461.865109443665,c44283c652a1d43b04742220339217df59089453,outputs/cp3_eval/a1_sft_s1/shard1
a1_sft_s1,a1_sft,1,1,sft,8000,1770,0,0,0.0,libero_plus,4461.865109443665,c44283c652a1d43b04742220339217df59089453,outputs/cp3_eval/a1_sft_s1/shard1
a1_sft_s1,a1_sft,1,1,sft,8000,1852,0,0,0.0,libero_plus,4461.865109443665,c44283c652a1d43b04742220339217df59089453,outputs/cp3_eval/a1_sft_s1/shard1
a1_sft_s1,a1_sft,1,1,sft,8000,1922,0,0,0.0,libero_plus,4461.865109443665,c44283c652a1d43b04742220339217df59089453,outputs/cp3_eval/a1_sft_s1/shard1
a1_sft_s1,a1_sft,1,1,sft,8000,2016,0,0,0.0,libero_plus,4461.865109443665,c44283c652a1d43b04742220339217df59089453,outputs/cp3_eval/a1_sft_s1/shard1
a1_sft_s1,a1_sft,1,1,sft,8000,2052,0,0,0.0,libero_plus,4461.865109443665,c44283c652a1d43b04742220339217df59089453,outputs/cp3_eval/a1_sft_s1/shard1
a1_sft_s1,a1_sft,1,1,sft,8000,2128,0,0,0.0,libero_plus,4461.865109443665,c44283c652a1d43b04742220339217df59089453,outputs/cp3_eval/a1_sft_s1/shard1
a1_sft_s1,a1_sft,1,1,sft,8000,2185,0,0,0.0,libero_plus,4461.865109443665,c44283c652a1d43b04742220339217df59089453,outputs/cp3_eval/a1_sft_s1/shard1
a1_sft_s1,a1_sft,1,1,sft,8000,2255,0,0,0.0,libero_plus,4461.865109443665,c44283c652a1d43b04742220339217df59089453,outputs/cp3_eval/a1_sft_s1/shard1
a1_sft_s1,a1_sft,1,1,sft,8000,2346,0,0,0.0,libero_plus,4461.865109443665,c44283c652a1d43b04742220339217df59089453,outputs/cp3_eval/a1_sft_s1/shard1
a1_sft_s1,a1_sft,1,1,sft,8000,2382,0,0,0.0,libero_plus,4461.865109443665,c44283c652a1d43b04742220339217df59089453,outputs/cp3_eval/a1_sft_s1/shard1
a1_sft_s1,a1_sft,1,1,sft,8000,2413,0,1,1.0,libero_plus,4461.865109443665,c44283c652a1d43b04742220339217df59089453,outputs/cp3_eval/a1_sft_s1/shard1
a1_sft_s1,a1_sft,1,1,sft,8000,2491,0,0,0.0,libero_plus,4461.865109443665,c44283c652a1d43b04742220339217df59089453,outputs/cp3_eval/a1_sft_s1/shard1
a1_sft_s1,a1_sft,1,1,sft,8000,2516,0,0,0.0,libero_plus,4461.865109443665,c44283c652a1d43b04742220339217df59089453,outputs/cp3_eval/a1_sft_s1/shard1
a1_sft_s1,a1_sft,1,1,sft,8000,39,0,0,0.0,libero_plus,4461.865109443665,c44283c652a1d43b04742220339217df59089453,outputs/cp3_eval/a1_sft_s1/shard2
a1_sft_s1,a1_sft,1,1,sft,8000,74,0,0,0.0,libero_plus,4461.865109443665,c44283c652a1d43b04742220339217df59089453,outputs/cp3_eval/a1_sft_s1/shard2
a1_sft_s1,a1_sft,1,1,sft,8000,117,0,0,0.0,libero_plus,4461.865109443665,c44283c652a1d43b04742220339217df59089453,outputs/cp3_eval/a1_sft_s1/shard2
a1_sft_s1,a1_sft,1,1,sft,8000,173,0,0,0.0,libero_plus,4461.865109443665,c44283c652a1d43b04742220339217df59089453,outputs/cp3_eval/a1_sft_s1/shard2
a1_sft_s1,a1_sft,1,1,sft,8000,250,0,1,1.0,libero_plus,4461.865109443665,c44283c652a1d43b04742220339217df59089453,outputs/cp3_eval/a1_sft_s1/shard2
a1_sft_s1,a1_sft,1,1,sft,8000,277,0,0,0.0,libero_plus,4461.865109443665,c44283c652a1d43b04742220339217df59089453,outputs/cp3_eval/a1_sft_s1/shard2
a1_sft_s1,a1_sft,1,1,sft,8000,332,0,0,0.0,libero_plus,4461.865109443665,c44283c652a1d43b04742220339217df59089453,outputs/cp3_eval/a1_sft_s1/shard2
a1_sft_s1,a1_sft,1,1,sft,8000,352,0,0,0.0,libero_plus,4461.865109443665,c44283c652a1d43b04742220339217df59089453,outputs/cp3_eval/a1_sft_s1/shard2
a1_sft_s1,a1_sft,1,1,sft,8000,484,0,0,0.0,libero_plus,4461.865109443665,c44283c652a1d43b04742220339217df59089453,outputs/cp3_eval/a1_sft_s1/shard2
a1_sft_s1,a1_sft,1,1,sft,8000,523,0,0,0.0,libero_plus,4461.865109443665,c44283c652a1d43b04742220339217df59089453,outputs/cp3_eval/a1_sft_s1/shard2
a1_sft_s1,a1_sft,1,1,sft,8000,611,0,0,0.0,libero_plus,4461.865109443665,c44283c652a1d43b04742220339217df59089453,outputs/cp3_eval/a1_sft_s1/shard2
a1_sft_s1,a1_sft,1,1,sft,8000,734,0,0,0.0,libero_plus,4461.865109443665,c44283c652a1d43b04742220339217df59089453,outputs/cp3_eval/a1_sft_s1/shard2
a1_sft_s1,a1_sft,1,1,sft,8000,758,0,0,0.0,libero_plus,4461.865109443665,c44283c652a1d43b04742220339217df59089453,outputs/cp3_eval/a1_sft_s1/shard2
a1_sft_s1,a1_sft,1,1,sft,8000,836,0,0,0.0,libero_plus,4461.865109443665,c44283c652a1d43b04742220339217df59089453,outputs/cp3_eval/a1_sft_s1/shard2
a1_sft_s1,a1_sft,1,1,sft,8000,950,0,0,0.0,libero_plus,4461.865109443665,c44283c652a1d43b04742220339217df59089453,outputs/cp3_eval/a1_sft_s1/shard2
a1_sft_s1,a1_sft,1,1,sft,8000,973,0,0,0.0,libero_plus,4461.865109443665,c44283c652a1d43b04742220339217df59089453,outputs/cp3_eval/a1_sft_s1/shard2
a1_sft_s1,a1_sft,1,1,sft,8000,1058,0,0,0.0,libero_plus,4461.865109443665,c44283c652a1d43b04742220339217df59089453,outputs/cp3_eval/a1_sft_s1/shard2
a1_sft_s1,a1_sft,1,1,sft,8000,1171,0,1,1.0,libero_plus,4461.865109443665,c44283c652a1d43b04742220339217df59089453,outputs/cp3_eval/a1_sft_s1/shard2
a1_sft_s1,a1_sft,1,1,sft,8000,1211,0,0,0.0,libero_plus,4461.865109443665,c44283c652a1d43b04742220339217df59089453,outputs/cp3_eval/a1_sft_s1/shard2
a1_sft_s1,a1_sft,1,1,sft,8000,1267,0,1,1.0,libero_plus,4461.865109443665,c44283c652a1d43b04742220339217df59089453,outputs/cp3_eval/a1_sft_s1/shard2
a1_sft_s1,a1_sft,1,1,sft,8000,1355,0,0,0.0,libero_plus,4461.865109443665,c44283c652a1d43b04742220339217df59089453,outputs/cp3_eval/a1_sft_s1/shard2
a1_sft_s1,a1_sft,1,1,sft,8000,1422,0,0,0.0,libero_plus,4461.865109443665,c44283c652a1d43b04742220339217df59089453,outputs/cp3_eval/a1_sft_s1/shard2
a1_sft_s1,a1_sft,1,1,sft,8000,1567,0,0,0.0,libero_plus,4461.865109443665,c44283c652a1d43b04742220339217df59089453,outputs/cp3_eval/a1_sft_s1/shard2
a1_sft_s1,a1_sft,1,1,sft,8000,1595,0,0,0.0,libero_plus,4461.865109443665,c44283c652a1d43b04742220339217df59089453,outputs/cp3_eval/a1_sft_s1/shard2
a1_sft_s1,a1_sft,1,1,sft,8000,1642,0,0,0.0,libero_plus,4461.865109443665,c44283c652a1d43b04742220339217df59089453,outputs/cp3_eval/a1_sft_s1/shard2
a1_sft_s1,a1_sft,1,1,sft,8000,1718,0,0,0.0,libero_plus,4461.865109443665,c44283c652a1d43b04742220339217df59089453,outputs/cp3_eval/a1_sft_s1/shard2
a1_sft_s1,a1_sft,1,1,sft,8000,1791,0,0,0.0,libero_plus,4461.865109443665,c44283c652a1d43b04742220339217df59089453,outputs/cp3_eval/a1_sft_s1/shard2
a1_sft_s1,a1_sft,1,1,sft,8000,1860,0,0,0.0,libero_plus,4461.865109443665,c44283c652a1d43b04742220339217df59089453,outputs/cp3_eval/a1_sft_s1/shard2
a1_sft_s1,a1_sft,1,1,sft,8000,1940,0,0,0.0,libero_plus,4461.865109443665,c44283c652a1d43b04742220339217df59089453,outputs/cp3_eval/a1_sft_s1/shard2
a1_sft_s1,a1_sft,1,1,sft,8000,2034,0,0,0.0,libero_plus,4461.865109443665,c44283c652a1d43b04742220339217df59089453,outputs/cp3_eval/a1_sft_s1/shard2
a1_sft_s1,a1_sft,1,1,sft,8000,2056,0,0,0.0,libero_plus,4461.865109443665,c44283c652a1d43b04742220339217df59089453,outputs/cp3_eval/a1_sft_s1/shard2
a1_sft_s1,a1_sft,1,1,sft,8000,2139,0,0,0.0,libero_plus,4461.865109443665,c44283c652a1d43b04742220339217df59089453,outputs/cp3_eval/a1_sft_s1/shard2
a1_sft_s1,a1_sft,1,1,sft,8000,2203,0,0,0.0,libero_plus,4461.865109443665,c44283c652a1d43b04742220339217df59089453,outputs/cp3_eval/a1_sft_s1/shard2
a1_sft_s1,a1_sft,1,1,sft,8000,2262,0,0,0.0,libero_plus,4461.865109443665,c44283c652a1d43b04742220339217df59089453,outputs/cp3_eval/a1_sft_s1/shard2
a1_sft_s1,a1_sft,1,1,sft,8000,2350,0,0,0.0,libero_plus,4461.865109443665,c44283c652a1d43b04742220339217df59089453,outputs/cp3_eval/a1_sft_s1/shard2
a1_sft_s1,a1_sft,1,1,sft,8000,2388,0,0,0.0,libero_plus,4461.865109443665,c44283c652a1d43b04742220339217df59089453,outputs/cp3_eval/a1_sft_s1/shard2
a1_sft_s1,a1_sft,1,1,sft,8000,2446,0,0,0.0,libero_plus,4461.865109443665,c44283c652a1d43b04742220339217df59089453,outputs/cp3_eval/a1_sft_s1/shard2
a1_sft_s1,a1_sft,1,1,sft,8000,2494,0,0,0.0,libero_plus,4461.865109443665,c44283c652a1d43b04742220339217df59089453,outputs/cp3_eval/a1_sft_s1/shard2
a1_sft_s1,a1_sft,1,1,sft,8000,2528,0,0,0.0,libero_plus,4461.865109443665,c44283c652a1d43b04742220339217df59089453,outputs/cp3_eval/a1_sft_s1/shard2
a1_sft_s1,a1_sft,1,1,sft,8000,41,0,0,0.0,libero_plus,4461.865109443665,c44283c652a1d43b04742220339217df59089453,outputs/cp3_eval/a1_sft_s1/shard3
a1_sft_s1,a1_sft,1,1,sft,8000,83,0,0,0.0,libero_plus,4461.865109443665,c44283c652a1d43b04742220339217df59089453,outputs/cp3_eval/a1_sft_s1/shard3
a1_sft_s1,a1_sft,1,1,sft,8000,124,0,0,0.0,libero_plus,4461.865109443665,c44283c652a1d43b04742220339217df59089453,outputs/cp3_eval/a1_sft_s1/shard3
a1_sft_s1,a1_sft,1,1,sft,8000,214,0,0,0.0,libero_plus,4461.865109443665,c44283c652a1d43b04742220339217df59089453,outputs/cp3_eval/a1_sft_s1/shard3
a1_sft_s1,a1_sft,1,1,sft,8000,265,0,1,1.0,libero_plus,4461.865109443665,c44283c652a1d43b04742220339217df59089453,outputs/cp3_eval/a1_sft_s1/shard3
a1_sft_s1,a1_sft,1,1,sft,8000,291,0,0,0.0,libero_plus,4461.865109443665,c44283c652a1d43b04742220339217df59089453,outputs/cp3_eval/a1_sft_s1/shard3
a1_sft_s1,a1_sft,1,1,sft,8000,337,0,0,0.0,libero_plus,4461.865109443665,c44283c652a1d43b04742220339217df59089453,outputs/cp3_eval/a1_sft_s1/shard3
a1_sft_s1,a1_sft,1,1,sft,8000,355,0,0,0.0,libero_plus,4461.865109443665,c44283c652a1d43b04742220339217df59089453,outputs/cp3_eval/a1_sft_s1/shard3
a1_sft_s1,a1_sft,1,1,sft,8000,488,0,0,0.0,libero_plus,4461.865109443665,c44283c652a1d43b04742220339217df59089453,outputs/cp3_eval/a1_sft_s1/shard3
a1_sft_s1,a1_sft,1,1,sft,8000,546,0,0,0.0,libero_plus,4461.865109443665,c44283c652a1d43b04742220339217df59089453,outputs/cp3_eval/a1_sft_s1/shard3
a1_sft_s1,a1_sft,1,1,sft,8000,614,0,0,0.0,libero_plus,4461.865109443665,c44283c652a1d43b04742220339217df59089453,outputs/cp3_eval/a1_sft_s1/shard3
a1_sft_s1,a1_sft,1,1,sft,8000,737,0,0,0.0,libero_plus,4461.865109443665,c44283c652a1d43b04742220339217df59089453,outputs/cp3_eval/a1_sft_s1/shard3
a1_sft_s1,a1_sft,1,1,sft,8000,786,0,0,0.0,libero_plus,4461.865109443665,c44283c652a1d43b04742220339217df59089453,outputs/cp3_eval/a1_sft_s1/shard3
a1_sft_s1,a1_sft,1,1,sft,8000,871,0,0,0.0,libero_plus,4461.865109443665,c44283c652a1d43b04742220339217df59089453,outputs/cp3_eval/a1_sft_s1/shard3
a1_sft_s1,a1_sft,1,1,sft,8000,962,0,0,0.0,libero_plus,4461.865109443665,c44283c652a1d43b04742220339217df59089453,outputs/cp3_eval/a1_sft_s1/shard3
a1_sft_s1,a1_sft,1,1,sft,8000,974,0,0,0.0,libero_plus,4461.865109443665,c44283c652a1d43b04742220339217df59089453,outputs/cp3_eval/a1_sft_s1/shard3
a1_sft_s1,a1_sft,1,1,sft,8000,1069,0,0,0.0,libero_plus,4461.865109443665,c44283c652a1d43b04742220339217df59089453,outputs/cp3_eval/a1_sft_s1/shard3
a1_sft_s1,a1_sft,1,1,sft,8000,1194,0,0,0.0,libero_plus,4461.865109443665,c44283c652a1d43b04742220339217df59089453,outputs/cp3_eval/a1_sft_s1/shard3
a1_sft_s1,a1_sft,1,1,sft,8000,1213,0,0,0.0,libero_plus,4461.865109443665,c44283c652a1d43b04742220339217df59089453,outputs/cp3_eval/a1_sft_s1/shard3
a1_sft_s1,a1_sft,1,1,sft,8000,1279,0,0,0.0,libero_plus,4461.865109443665,c44283c652a1d43b04742220339217df59089453,outputs/cp3_eval/a1_sft_s1/shard3
a1_sft_s1,a1_sft,1,1,sft,8000,1356,0,0,0.0,libero_plus,4461.865109443665,c44283c652a1d43b04742220339217df59089453,outputs/cp3_eval/a1_sft_s1/shard3
a1_sft_s1,a1_sft,1,1,sft,8000,1449,0,0,0.0,libero_plus,4461.865109443665,c44283c652a1d43b04742220339217df59089453,outputs/cp3_eval/a1_sft_s1/shard3
a1_sft_s1,a1_sft,1,1,sft,8000,1572,0,0,0.0,libero_plus,4461.865109443665,c44283c652a1d43b04742220339217df59089453,outputs/cp3_eval/a1_sft_s1/shard3
a1_sft_s1,a1_sft,1,1,sft,8000,1608,0,0,0.0,libero_plus,4461.865109443665,c44283c652a1d43b04742220339217df59089453,outputs/cp3_eval/a1_sft_s1/shard3
a1_sft_s1,a1_sft,1,1,sft,8000,1672,0,0,0.0,libero_plus,4461.865109443665,c44283c652a1d43b04742220339217df59089453,outputs/cp3_eval/a1_sft_s1/shard3
a1_sft_s1,a1_sft,1,1,sft,8000,1727,0,0,0.0,libero_plus,4461.865109443665,c44283c652a1d43b04742220339217df59089453,outputs/cp3_eval/a1_sft_s1/shard3
a1_sft_s1,a1_sft,1,1,sft,8000,1794,0,0,0.0,libero_plus,4461.865109443665,c44283c652a1d43b04742220339217df59089453,outputs/cp3_eval/a1_sft_s1/shard3
a1_sft_s1,a1_sft,1,1,sft,8000,1864,0,0,0.0,libero_plus,4461.865109443665,c44283c652a1d43b04742220339217df59089453,outputs/cp3_eval/a1_sft_s1/shard3
a1_sft_s1,a1_sft,1,1,sft,8000,1945,0,0,0.0,libero_plus,4461.865109443665,c44283c652a1d43b04742220339217df59089453,outputs/cp3_eval/a1_sft_s1/shard3
a1_sft_s1,a1_sft,1,1,sft,8000,2035,0,0,0.0,libero_plus,4461.865109443665,c44283c652a1d43b04742220339217df59089453,outputs/cp3_eval/a1_sft_s1/shard3
a1_sft_s1,a1_sft,1,1,sft,8000,2065,0,0,0.0,libero_plus,4461.865109443665,c44283c652a1d43b04742220339217df59089453,outputs/cp3_eval/a1_sft_s1/shard3
a1_sft_s1,a1_sft,1,1,sft,8000,2153,0,0,0.0,libero_plus,4461.865109443665,c44283c652a1d43b04742220339217df59089453,outputs/cp3_eval/a1_sft_s1/shard3
a1_sft_s1,a1_sft,1,1,sft,8000,2207,0,0,0.0,libero_plus,4461.865109443665,c44283c652a1d43b04742220339217df59089453,outputs/cp3_eval/a1_sft_s1/shard3
a1_sft_s1,a1_sft,1,1,sft,8000,2321,0,0,0.0,libero_plus,4461.865109443665,c44283c652a1d43b04742220339217df59089453,outputs/cp3_eval/a1_sft_s1/shard3
a1_sft_s1,a1_sft,1,1,sft,8000,2359,0,0,0.0,libero_plus,4461.865109443665,c44283c652a1d43b04742220339217df59089453,outputs/cp3_eval/a1_sft_s1/shard3
a1_sft_s1,a1_sft,1,1,sft,8000,2405,0,0,0.0,libero_plus,4461.865109443665,c44283c652a1d43b04742220339217df59089453,outputs/cp3_eval/a1_sft_s1/shard3
a1_sft_s1,a1_sft,1,1,sft,8000,2464,0,0,0.0,libero_plus,4461.865109443665,c44283c652a1d43b04742220339217df59089453,outputs/cp3_eval/a1_sft_s1/shard3
a1_sft_s1,a1_sft,1,1,sft,8000,2497,0,0,0.0,libero_plus,4461.865109443665,c44283c652a1d43b04742220339217df59089453,outputs/cp3_eval/a1_sft_s1/shard3
a1_sft_s1,a1_sft,1,1,sft,8000,2539,0,0,0.0,libero_plus,4461.865109443665,c44283c652a1d43b04742220339217df59089453,outputs/cp3_eval/a1_sft_s1/shard3
a1_sft_s1,a1_sft,1,1,sft,8000,44,0,0,0.0,libero_plus,4461.865109443665,c44283c652a1d43b04742220339217df59089453,outputs/cp3_eval/a1_sft_s1/shard4
a1_sft_s1,a1_sft,1,1,sft,8000,94,0,1,1.0,libero_plus,4461.865109443665,c44283c652a1d43b04742220339217df59089453,outputs/cp3_eval/a1_sft_s1/shard4
a1_sft_s1,a1_sft,1,1,sft,8000,141,0,0,0.0,libero_plus,4461.865109443665,c44283c652a1d43b04742220339217df59089453,outputs/cp3_eval/a1_sft_s1/shard4
a1_sft_s1,a1_sft,1,1,sft,8000,226,0,0,0.0,libero_plus,4461.865109443665,c44283c652a1d43b04742220339217df59089453,outputs/cp3_eval/a1_sft_s1/shard4
a1_sft_s1,a1_sft,1,1,sft,8000,266,0,1,1.0,libero_plus,4461.865109443665,c44283c652a1d43b04742220339217df59089453,outputs/cp3_eval/a1_sft_s1/shard4
a1_sft_s1,a1_sft,1,1,sft,8000,304,0,0,0.0,libero_plus,4461.865109443665,c44283c652a1d43b04742220339217df59089453,outputs/cp3_eval/a1_sft_s1/shard4
a1_sft_s1,a1_sft,1,1,sft,8000,339,0,0,0.0,libero_plus,4461.865109443665,c44283c652a1d43b04742220339217df59089453,outputs/cp3_eval/a1_sft_s1/shard4
a1_sft_s1,a1_sft,1,1,sft,8000,365,0,0,0.0,libero_plus,4461.865109443665,c44283c652a1d43b04742220339217df59089453,outputs/cp3_eval/a1_sft_s1/shard4
a1_sft_s1,a1_sft,1,1,sft,8000,492,0,0,0.0,libero_plus,4461.865109443665,c44283c652a1d43b04742220339217df59089453,outputs/cp3_eval/a1_sft_s1/shard4
a1_sft_s1,a1_sft,1,1,sft,8000,556,0,0,0.0,libero_plus,4461.865109443665,c44283c652a1d43b04742220339217df59089453,outputs/cp3_eval/a1_sft_s1/shard4
a1_sft_s1,a1_sft,1,1,sft,8000,616,0,0,0.0,libero_plus,4461.865109443665,c44283c652a1d43b04742220339217df59089453,outputs/cp3_eval/a1_sft_s1/shard4
a1_sft_s1,a1_sft,1,1,sft,8000,740,0,0,0.0,libero_plus,4461.865109443665,c44283c652a1d43b04742220339217df59089453,outputs/cp3_eval/a1_sft_s1/shard4
a1_sft_s1,a1_sft,1,1,sft,8000,812,0,0,0.0,libero_plus,4461.865109443665,c44283c652a1d43b04742220339217df59089453,outputs/cp3_eval/a1_sft_s1/shard4
a1_sft_s1,a1_sft,1,1,sft,8000,882,0,0,0.0,libero_plus,4461.865109443665,c44283c652a1d43b04742220339217df59089453,outputs/cp3_eval/a1_sft_s1/shard4
a1_sft_s1,a1_sft,1,1,sft,8000,964,0,0,0.0,libero_plus,4461.865109443665,c44283c652a1d43b04742220339217df59089453,outputs/cp3_eval/a1_sft_s1/shard4
a1_sft_s1,a1_sft,1,1,sft,8000,978,0,0,0.0,libero_plus,4461.865109443665,c44283c652a1d43b04742220339217df59089453,outputs/cp3_eval/a1_sft_s1/shard4
a1_sft_s1,a1_sft,1,1,sft,8000,1117,0,0,0.0,libero_plus,4461.865109443665,c44283c652a1d43b04742220339217df59089453,outputs/cp3_eval/a1_sft_s1/shard4
a1_sft_s1,a1_sft,1,1,sft,8000,1196,0,0,0.0,libero_plus,4461.865109443665,c44283c652a1d43b04742220339217df59089453,outputs/cp3_eval/a1_sft_s1/shard4
a1_sft_s1,a1_sft,1,1,sft,8000,1239,0,0,0.0,libero_plus,4461.865109443665,c44283c652a1d43b04742220339217df59089453,outputs/cp3_eval/a1_sft_s1/shard4
a1_sft_s1,a1_sft,1,1,sft,8000,1286,0,0,0.0,libero_plus,4461.865109443665,c44283c652a1d43b04742220339217df59089453,outputs/cp3_eval/a1_sft_s1/shard4
a1_sft_s1,a1_sft,1,1,sft,8000,1378,0,0,0.0,libero_plus,4461.865109443665,c44283c652a1d43b04742220339217df59089453,outputs/cp3_eval/a1_sft_s1/shard4
a1_sft_s1,a1_sft,1,1,sft,8000,1455,0,0,0.0,libero_plus,4461.865109443665,c44283c652a1d43b04742220339217df59089453,outputs/cp3_eval/a1_sft_s1/shard4
a1_sft_s1,a1_sft,1,1,sft,8000,1577,0,0,0.0,libero_plus,4461.865109443665,c44283c652a1d43b04742220339217df59089453,outputs/cp3_eval/a1_sft_s1/shard4
a1_sft_s1,a1_sft,1,1,sft,8000,1621,0,0,0.0,libero_plus,4461.865109443665,c44283c652a1d43b04742220339217df59089453,outputs/cp3_eval/a1_sft_s1/shard4
a1_sft_s1,a1_sft,1,1,sft,8000,1681,0,0,0.0,libero_plus,4461.865109443665,c44283c652a1d43b04742220339217df59089453,outputs/cp3_eval/a1_sft_s1/shard4
a1_sft_s1,a1_sft,1,1,sft,8000,1729,0,0,0.0,libero_plus,4461.865109443665,c44283c652a1d43b04742220339217df59089453,outputs/cp3_eval/a1_sft_s1/shard4
a1_sft_s1,a1_sft,1,1,sft,8000,1803,0,0,0.0,libero_plus,4461.865109443665,c44283c652a1d43b04742220339217df59089453,outputs/cp3_eval/a1_sft_s1/shard4
a1_sft_s1,a1_sft,1,1,sft,8000,1882,0,0,0.0,libero_plus,4461.865109443665,c44283c652a1d43b04742220339217df59089453,outputs/cp3_eval/a1_sft_s1/shard4
a1_sft_s1,a1_sft,1,1,sft,8000,1959,0,0,0.0,libero_plus,4461.865109443665,c44283c652a1d43b04742220339217df59089453,outputs/cp3_eval/a1_sft_s1/shard4
a1_sft_s1,a1_sft,1,1,sft,8000,2037,0,0,0.0,libero_plus,4461.865109443665,c44283c652a1d43b04742220339217df59089453,outputs/cp3_eval/a1_sft_s1/shard4
a1_sft_s1,a1_sft,1,1,sft,8000,2081,0,0,0.0,libero_plus,4461.865109443665,c44283c652a1d43b04742220339217df59089453,outputs/cp3_eval/a1_sft_s1/shard4
a1_sft_s1,a1_sft,1,1,sft,8000,2179,0,0,0.0,libero_plus,4461.865109443665,c44283c652a1d43b04742220339217df59089453,outputs/cp3_eval/a1_sft_s1/shard4
a1_sft_s1,a1_sft,1,1,sft,8000,2222,0,0,0.0,libero_plus,4461.865109443665,c44283c652a1d43b04742220339217df59089453,outputs/cp3_eval/a1_sft_s1/shard4
a1_sft_s1,a1_sft,1,1,sft,8000,2332,0,0,0.0,libero_plus,4461.865109443665,c44283c652a1d43b04742220339217df59089453,outputs/cp3_eval/a1_sft_s1/shard4
a1_sft_s1,a1_sft,1,1,sft,8000,2363,0,0,0.0,libero_plus,4461.865109443665,c44283c652a1d43b04742220339217df59089453,outputs/cp3_eval/a1_sft_s1/shard4
a1_sft_s1,a1_sft,1,1,sft,8000,2406,0,0,0.0,libero_plus,4461.865109443665,c44283c652a1d43b04742220339217df59089453,outputs/cp3_eval/a1_sft_s1/shard4
a1_sft_s1,a1_sft,1,1,sft,8000,2465,0,0,0.0,libero_plus,4461.865109443665,c44283c652a1d43b04742220339217df59089453,outputs/cp3_eval/a1_sft_s1/shard4
a1_sft_s1,a1_sft,1,1,sft,8000,2504,0,0,0.0,libero_plus,4461.865109443665,c44283c652a1d43b04742220339217df59089453,outputs/cp3_eval/a1_sft_s1/shard4
a1_sft_s1,a1_sft,1,1,sft,8000,2569,0,0,0.0,libero_plus,4461.865109443665,c44283c652a1d43b04742220339217df59089453,outputs/cp3_eval/a1_sft_s1/shard4
a1_sft_s2,a1_sft,1,2,sft,8000,5,0,0,0.0,libero_plus,4403.628389120102,c44283c652a1d43b04742220339217df59089453,outputs/cp3_eval/a1_sft_s2/shard0
a1_sft_s2,a1_sft,1,2,sft,8000,64,0,0,0.0,libero_plus,4403.628389120102,c44283c652a1d43b04742220339217df59089453,outputs/cp3_eval/a1_sft_s2/shard0
a1_sft_s2,a1_sft,1,2,sft,8000,97,0,0,0.0,libero_plus,4403.628389120102,c44283c652a1d43b04742220339217df59089453,outputs/cp3_eval/a1_sft_s2/shard0
a1_sft_s2,a1_sft,1,2,sft,8000,152,0,0,0.0,libero_plus,4403.628389120102,c44283c652a1d43b04742220339217df59089453,outputs/cp3_eval/a1_sft_s2/shard0
a1_sft_s2,a1_sft,1,2,sft,8000,238,0,0,0.0,libero_plus,4403.628389120102,c44283c652a1d43b04742220339217df59089453,outputs/cp3_eval/a1_sft_s2/shard0
a1_sft_s2,a1_sft,1,2,sft,8000,270,0,0,0.0,libero_plus,4403.628389120102,c44283c652a1d43b04742220339217df59089453,outputs/cp3_eval/a1_sft_s2/shard0
a1_sft_s2,a1_sft,1,2,sft,8000,306,0,0,0.0,libero_plus,4403.628389120102,c44283c652a1d43b04742220339217df59089453,outputs/cp3_eval/a1_sft_s2/shard0
a1_sft_s2,a1_sft,1,2,sft,8000,340,0,0,0.0,libero_plus,4403.628389120102,c44283c652a1d43b04742220339217df59089453,outputs/cp3_eval/a1_sft_s2/shard0
a1_sft_s2,a1_sft,1,2,sft,8000,384,0,0,0.0,libero_plus,4403.628389120102,c44283c652a1d43b04742220339217df59089453,outputs/cp3_eval/a1_sft_s2/shard0
a1_sft_s2,a1_sft,1,2,sft,8000,493,0,0,0.0,libero_plus,4403.628389120102,c44283c652a1d43b04742220339217df59089453,outputs/cp3_eval/a1_sft_s2/shard0
a1_sft_s2,a1_sft,1,2,sft,8000,571,0,0,0.0,libero_plus,4403.628389120102,c44283c652a1d43b04742220339217df59089453,outputs/cp3_eval/a1_sft_s2/shard0
a1_sft_s2,a1_sft,1,2,sft,8000,664,0,0,0.0,libero_plus,4403.628389120102,c44283c652a1d43b04742220339217df59089453,outputs/cp3_eval/a1_sft_s2/shard0
a1_sft_s2,a1_sft,1,2,sft,8000,745,0,0,0.0,libero_plus,4403.628389120102,c44283c652a1d43b04742220339217df59089453,outputs/cp3_eval/a1_sft_s2/shard0
a1_sft_s2,a1_sft,1,2,sft,8000,814,0,0,0.0,libero_plus,4403.628389120102,c44283c652a1d43b04742220339217df59089453,outputs/cp3_eval/a1_sft_s2/shard0
a1_sft_s2,a1_sft,1,2,sft,8000,913,0,0,0.0,libero_plus,4403.628389120102,c44283c652a1d43b04742220339217df59089453,outputs/cp3_eval/a1_sft_s2/shard0
a1_sft_s2,a1_sft,1,2,sft,8000,968,0,0,0.0,libero_plus,4403.628389120102,c44283c652a1d43b04742220339217df59089453,outputs/cp3_eval/a1_sft_s2/shard0
a1_sft_s2,a1_sft,1,2,sft,8000,1025,0,0,0.0,libero_plus,4403.628389120102,c44283c652a1d43b04742220339217df59089453,outputs/cp3_eval/a1_sft_s2/shard0
a1_sft_s2,a1_sft,1,2,sft,8000,1126,0,0,0.0,libero_plus,4403.628389120102,c44283c652a1d43b04742220339217df59089453,outputs/cp3_eval/a1_sft_s2/shard0
a1_sft_s2,a1_sft,1,2,sft,8000,1209,0,0,0.0,libero_plus,4403.628389120102,c44283c652a1d43b04742220339217df59089453,outputs/cp3_eval/a1_sft_s2/shard0
a1_sft_s2,a1_sft,1,2,sft,8000,1243,0,0,0.0,libero_plus,4403.628389120102,c44283c652a1d43b04742220339217df59089453,outputs/cp3_eval/a1_sft_s2/shard0
a1_sft_s2,a1_sft,1,2,sft,8000,1304,0,0,0.0,libero_plus,4403.628389120102,c44283c652a1d43b04742220339217df59089453,outputs/cp3_eval/a1_sft_s2/shard0
a1_sft_s2,a1_sft,1,2,sft,8000,1394,0,0,0.0,libero_plus,4403.628389120102,c44283c652a1d43b04742220339217df59089453,outputs/cp3_eval/a1_sft_s2/shard0
a1_sft_s2,a1_sft,1,2,sft,8000,1466,0,0,0.0,libero_plus,4403.628389120102,c44283c652a1d43b04742220339217df59089453,outputs/cp3_eval/a1_sft_s2/shard0
a1_sft_s2,a1_sft,1,2,sft,8000,1591,0,0,0.0,libero_plus,4403.628389120102,c44283c652a1d43b04742220339217df59089453,outputs/cp3_eval/a1_sft_s2/shard0
a1_sft_s2,a1_sft,1,2,sft,8000,1625,0,0,0.0,libero_plus,4403.628389120102,c44283c652a1d43b04742220339217df59089453,outputs/cp3_eval/a1_sft_s2/shard0
a1_sft_s2,a1_sft,1,2,sft,8000,1695,0,0,0.0,libero_plus,4403.628389120102,c44283c652a1d43b04742220339217df59089453,outputs/cp3_eval/a1_sft_s2/shard0
a1_sft_s2,a1_sft,1,2,sft,8000,1759,0,0,0.0,libero_plus,4403.628389120102,c44283c652a1d43b04742220339217df59089453,outputs/cp3_eval/a1_sft_s2/shard0
a1_sft_s2,a1_sft,1,2,sft,8000,1811,0,0,0.0,libero_plus,4403.628389120102,c44283c652a1d43b04742220339217df59089453,outputs/cp3_eval/a1_sft_s2/shard0
a1_sft_s2,a1_sft,1,2,sft,8000,1887,0,0,0.0,libero_plus,4403.628389120102,c44283c652a1d43b04742220339217df59089453,outputs/cp3_eval/a1_sft_s2/shard0
a1_sft_s2,a1_sft,1,2,sft,8000,1995,0,0,0.0,libero_plus,4403.628389120102,c44283c652a1d43b04742220339217df59089453,outputs/cp3_eval/a1_sft_s2/shard0
a1_sft_s2,a1_sft,1,2,sft,8000,2045,0,0,0.0,libero_plus,4403.628389120102,c44283c652a1d43b04742220339217df59089453,outputs/cp3_eval/a1_sft_s2/shard0
a1_sft_s2,a1_sft,1,2,sft,8000,2093,0,0,0.0,libero_plus,4403.628389120102,c44283c652a1d43b04742220339217df59089453,outputs/cp3_eval/a1_sft_s2/shard0
a1_sft_s2,a1_sft,1,2,sft,8000,2180,0,0,0.0,libero_plus,4403.628389120102,c44283c652a1d43b04742220339217df59089453,outputs/cp3_eval/a1_sft_s2/shard0
a1_sft_s2,a1_sft,1,2,sft,8000,2235,0,1,1.0,libero_plus,4403.628389120102,c44283c652a1d43b04742220339217df59089453,outputs/cp3_eval/a1_sft_s2/shard0
a1_sft_s2,a1_sft,1,2,sft,8000,2338,0,0,0.0,libero_plus,4403.628389120102,c44283c652a1d43b04742220339217df59089453,outputs/cp3_eval/a1_sft_s2/shard0
a1_sft_s2,a1_sft,1,2,sft,8000,2377,0,0,0.0,libero_plus,4403.628389120102,c44283c652a1d43b04742220339217df59089453,outputs/cp3_eval/a1_sft_s2/shard0
a1_sft_s2,a1_sft,1,2,sft,8000,2411,0,0,0.0,libero_plus,4403.628389120102,c44283c652a1d43b04742220339217df59089453,outputs/cp3_eval/a1_sft_s2/shard0
a1_sft_s2,a1_sft,1,2,sft,8000,2488,0,0,0.0,libero_plus,4403.628389120102,c44283c652a1d43b04742220339217df59089453,outputs/cp3_eval/a1_sft_s2/shard0
a1_sft_s2,a1_sft,1,2,sft,8000,2513,0,0,0.0,libero_plus,4403.628389120102,c44283c652a1d43b04742220339217df59089453,outputs/cp3_eval/a1_sft_s2/shard0
a1_sft_s2,a1_sft,1,2,sft,8000,2578,0,0,0.0,libero_plus,4403.628389120102,c44283c652a1d43b04742220339217df59089453,outputs/cp3_eval/a1_sft_s2/shard0
a1_sft_s2,a1_sft,1,2,sft,8000,31,0,0,0.0,libero_plus,4403.628389120102,c44283c652a1d43b04742220339217df59089453,outputs/cp3_eval/a1_sft_s2/shard1
a1_sft_s2,a1_sft,1,2,sft,8000,70,0,0,0.0,libero_plus,4403.628389120102,c44283c652a1d43b04742220339217df59089453,outputs/cp3_eval/a1_sft_s2/shard1
a1_sft_s2,a1_sft,1,2,sft,8000,106,0,0,0.0,libero_plus,4403.628389120102,c44283c652a1d43b04742220339217df59089453,outputs/cp3_eval/a1_sft_s2/shard1
a1_sft_s2,a1_sft,1,2,sft,8000,164,0,0,0.0,libero_plus,4403.628389120102,c44283c652a1d43b04742220339217df59089453,outputs/cp3_eval/a1_sft_s2/shard1
a1_sft_s2,a1_sft,1,2,sft,8000,242,0,0,0.0,libero_plus,4403.628389120102,c44283c652a1d43b04742220339217df59089453,outputs/cp3_eval/a1_sft_s2/shard1
a1_sft_s2,a1_sft,1,2,sft,8000,273,0,0,0.0,libero_plus,4403.628389120102,c44283c652a1d43b04742220339217df59089453,outputs/cp3_eval/a1_sft_s2/shard1
a1_sft_s2,a1_sft,1,2,sft,8000,315,0,0,0.0,libero_plus,4403.628389120102,c44283c652a1d43b04742220339217df59089453,outputs/cp3_eval/a1_sft_s2/shard1
a1_sft_s2,a1_sft,1,2,sft,8000,346,0,0,0.0,libero_plus,4403.628389120102,c44283c652a1d43b04742220339217df59089453,outputs/cp3_eval/a1_sft_s2/shard1
a1_sft_s2,a1_sft,1,2,sft,8000,392,0,0,0.0,libero_plus,4403.628389120102,c44283c652a1d43b04742220339217df59089453,outputs/cp3_eval/a1_sft_s2/shard1
a1_sft_s2,a1_sft,1,2,sft,8000,517,0,0,0.0,libero_plus,4403.628389120102,c44283c652a1d43b04742220339217df59089453,outputs/cp3_eval/a1_sft_s2/shard1
a1_sft_s2,a1_sft,1,2,sft,8000,608,0,0,0.0,libero_plus,4403.628389120102,c44283c652a1d43b04742220339217df59089453,outputs/cp3_eval/a1_sft_s2/shard1
a1_sft_s2,a1_sft,1,2,sft,8000,706,0,0,0.0,libero_plus,4403.628389120102,c44283c652a1d43b04742220339217df59089453,outputs/cp3_eval/a1_sft_s2/shard1
a1_sft_s2,a1_sft,1,2,sft,8000,754,0,0,0.0,libero_plus,4403.628389120102,c44283c652a1d43b04742220339217df59089453,outputs/cp3_eval/a1_sft_s2/shard1
a1_sft_s2,a1_sft,1,2,sft,8000,829,0,0,0.0,libero_plus,4403.628389120102,c44283c652a1d43b04742220339217df59089453,outputs/cp3_eval/a1_sft_s2/shard1
a1_sft_s2,a1_sft,1,2,sft,8000,934,0,0,0.0,libero_plus,4403.628389120102,c44283c652a1d43b04742220339217df59089453,outputs/cp3_eval/a1_sft_s2/shard1
a1_sft_s2,a1_sft,1,2,sft,8000,969,0,0,0.0,libero_plus,4403.628389120102,c44283c652a1d43b04742220339217df59089453,outputs/cp3_eval/a1_sft_s2/shard1
a1_sft_s2,a1_sft,1,2,sft,8000,1042,0,0,0.0,libero_plus,4403.628389120102,c44283c652a1d43b04742220339217df59089453,outputs/cp3_eval/a1_sft_s2/shard1
a1_sft_s2,a1_sft,1,2,sft,8000,1139,0,0,0.0,libero_plus,4403.628389120102,c44283c652a1d43b04742220339217df59089453,outputs/cp3_eval/a1_sft_s2/shard1
a1_sft_s2,a1_sft,1,2,sft,8000,1210,0,0,0.0,libero_plus,4403.628389120102,c44283c652a1d43b04742220339217df59089453,outputs/cp3_eval/a1_sft_s2/shard1
a1_sft_s2,a1_sft,1,2,sft,8000,1246,0,0,0.0,libero_plus,4403.628389120102,c44283c652a1d43b04742220339217df59089453,outputs/cp3_eval/a1_sft_s2/shard1
a1_sft_s2,a1_sft,1,2,sft,8000,1308,0,0,0.0,libero_plus,4403.628389120102,c44283c652a1d43b04742220339217df59089453,outputs/cp3_eval/a1_sft_s2/shard1
a1_sft_s2,a1_sft,1,2,sft,8000,1399,0,0,0.0,libero_plus,4403.628389120102,c44283c652a1d43b04742220339217df59089453,outputs/cp3_eval/a1_sft_s2/shard1
a1_sft_s2,a1_sft,1,2,sft,8000,1503,0,0,0.0,libero_plus,4403.628389120102,c44283c652a1d43b04742220339217df59089453,outputs/cp3_eval/a1_sft_s2/shard1
a1_sft_s2,a1_sft,1,2,sft,8000,1592,0,0,0.0,libero_plus,4403.628389120102,c44283c652a1d43b04742220339217df59089453,outputs/cp3_eval/a1_sft_s2/shard1
a1_sft_s2,a1_sft,1,2,sft,8000,1634,0,0,0.0,libero_plus,4403.628389120102,c44283c652a1d43b04742220339217df59089453,outputs/cp3_eval/a1_sft_s2/shard1
a1_sft_s2,a1_sft,1,2,sft,8000,1714,0,0,0.0,libero_plus,4403.628389120102,c44283c652a1d43b04742220339217df59089453,outputs/cp3_eval/a1_sft_s2/shard1
a1_sft_s2,a1_sft,1,2,sft,8000,1770,0,0,0.0,libero_plus,4403.628389120102,c44283c652a1d43b04742220339217df59089453,outputs/cp3_eval/a1_sft_s2/shard1
a1_sft_s2,a1_sft,1,2,sft,8000,1852,0,0,0.0,libero_plus,4403.628389120102,c44283c652a1d43b04742220339217df59089453,outputs/cp3_eval/a1_sft_s2/shard1
a1_sft_s2,a1_sft,1,2,sft,8000,1922,0,0,0.0,libero_plus,4403.628389120102,c44283c652a1d43b04742220339217df59089453,outputs/cp3_eval/a1_sft_s2/shard1
a1_sft_s2,a1_sft,1,2,sft,8000,2016,0,0,0.0,libero_plus,4403.628389120102,c44283c652a1d43b04742220339217df59089453,outputs/cp3_eval/a1_sft_s2/shard1
a1_sft_s2,a1_sft,1,2,sft,8000,2052,0,0,0.0,libero_plus,4403.628389120102,c44283c652a1d43b04742220339217df59089453,outputs/cp3_eval/a1_sft_s2/shard1
a1_sft_s2,a1_sft,1,2,sft,8000,2128,0,0,0.0,libero_plus,4403.628389120102,c44283c652a1d43b04742220339217df59089453,outputs/cp3_eval/a1_sft_s2/shard1
a1_sft_s2,a1_sft,1,2,sft,8000,2185,0,0,0.0,libero_plus,4403.628389120102,c44283c652a1d43b04742220339217df59089453,outputs/cp3_eval/a1_sft_s2/shard1
a1_sft_s2,a1_sft,1,2,sft,8000,2255,0,0,0.0,libero_plus,4403.628389120102,c44283c652a1d43b04742220339217df59089453,outputs/cp3_eval/a1_sft_s2/shard1
a1_sft_s2,a1_sft,1,2,sft,8000,2346,0,0,0.0,libero_plus,4403.628389120102,c44283c652a1d43b04742220339217df59089453,outputs/cp3_eval/a1_sft_s2/shard1
a1_sft_s2,a1_sft,1,2,sft,8000,2382,0,0,0.0,libero_plus,4403.628389120102,c44283c652a1d43b04742220339217df59089453,outputs/cp3_eval/a1_sft_s2/shard1
a1_sft_s2,a1_sft,1,2,sft,8000,2413,0,0,0.0,libero_plus,4403.628389120102,c44283c652a1d43b04742220339217df59089453,outputs/cp3_eval/a1_sft_s2/shard1
a1_sft_s2,a1_sft,1,2,sft,8000,2491,0,0,0.0,libero_plus,4403.628389120102,c44283c652a1d43b04742220339217df59089453,outputs/cp3_eval/a1_sft_s2/shard1
a1_sft_s2,a1_sft,1,2,sft,8000,2516,0,0,0.0,libero_plus,4403.628389120102,c44283c652a1d43b04742220339217df59089453,outputs/cp3_eval/a1_sft_s2/shard1
a1_sft_s2,a1_sft,1,2,sft,8000,39,0,0,0.0,libero_plus,4403.628389120102,c44283c652a1d43b04742220339217df59089453,outputs/cp3_eval/a1_sft_s2/shard2
a1_sft_s2,a1_sft,1,2,sft,8000,74,0,0,0.0,libero_plus,4403.628389120102,c44283c652a1d43b04742220339217df59089453,outputs/cp3_eval/a1_sft_s2/shard2
a1_sft_s2,a1_sft,1,2,sft,8000,117,0,0,0.0,libero_plus,4403.628389120102,c44283c652a1d43b04742220339217df59089453,outputs/cp3_eval/a1_sft_s2/shard2
a1_sft_s2,a1_sft,1,2,sft,8000,173,0,0,0.0,libero_plus,4403.628389120102,c44283c652a1d43b04742220339217df59089453,outputs/cp3_eval/a1_sft_s2/shard2
a1_sft_s2,a1_sft,1,2,sft,8000,250,0,1,1.0,libero_plus,4403.628389120102,c44283c652a1d43b04742220339217df59089453,outputs/cp3_eval/a1_sft_s2/shard2
a1_sft_s2,a1_sft,1,2,sft,8000,277,0,0,0.0,libero_plus,4403.628389120102,c44283c652a1d43b04742220339217df59089453,outputs/cp3_eval/a1_sft_s2/shard2
a1_sft_s2,a1_sft,1,2,sft,8000,332,0,0,0.0,libero_plus,4403.628389120102,c44283c652a1d43b04742220339217df59089453,outputs/cp3_eval/a1_sft_s2/shard2
a1_sft_s2,a1_sft,1,2,sft,8000,352,0,0,0.0,libero_plus,4403.628389120102,c44283c652a1d43b04742220339217df59089453,outputs/cp3_eval/a1_sft_s2/shard2
a1_sft_s2,a1_sft,1,2,sft,8000,484,0,0,0.0,libero_plus,4403.628389120102,c44283c652a1d43b04742220339217df59089453,outputs/cp3_eval/a1_sft_s2/shard2
a1_sft_s2,a1_sft,1,2,sft,8000,523,0,0,0.0,libero_plus,4403.628389120102,c44283c652a1d43b04742220339217df59089453,outputs/cp3_eval/a1_sft_s2/shard2
a1_sft_s2,a1_sft,1,2,sft,8000,611,0,0,0.0,libero_plus,4403.628389120102,c44283c652a1d43b04742220339217df59089453,outputs/cp3_eval/a1_sft_s2/shard2
a1_sft_s2,a1_sft,1,2,sft,8000,734,0,0,0.0,libero_plus,4403.628389120102,c44283c652a1d43b04742220339217df59089453,outputs/cp3_eval/a1_sft_s2/shard2
a1_sft_s2,a1_sft,1,2,sft,8000,758,0,0,0.0,libero_plus,4403.628389120102,c44283c652a1d43b04742220339217df59089453,outputs/cp3_eval/a1_sft_s2/shard2
a1_sft_s2,a1_sft,1,2,sft,8000,836,0,0,0.0,libero_plus,4403.628389120102,c44283c652a1d43b04742220339217df59089453,outputs/cp3_eval/a1_sft_s2/shard2
a1_sft_s2,a1_sft,1,2,sft,8000,950,0,0,0.0,libero_plus,4403.628389120102,c44283c652a1d43b04742220339217df59089453,outputs/cp3_eval/a1_sft_s2/shard2
a1_sft_s2,a1_sft,1,2,sft,8000,973,0,0,0.0,libero_plus,4403.628389120102,c44283c652a1d43b04742220339217df59089453,outputs/cp3_eval/a1_sft_s2/shard2
a1_sft_s2,a1_sft,1,2,sft,8000,1058,0,0,0.0,libero_plus,4403.628389120102,c44283c652a1d43b04742220339217df59089453,outputs/cp3_eval/a1_sft_s2/shard2
a1_sft_s2,a1_sft,1,2,sft,8000,1171,0,0,0.0,libero_plus,4403.628389120102,c44283c652a1d43b04742220339217df59089453,outputs/cp3_eval/a1_sft_s2/shard2
a1_sft_s2,a1_sft,1,2,sft,8000,1211,0,0,0.0,libero_plus,4403.628389120102,c44283c652a1d43b04742220339217df59089453,outputs/cp3_eval/a1_sft_s2/shard2
a1_sft_s2,a1_sft,1,2,sft,8000,1267,0,0,0.0,libero_plus,4403.628389120102,c44283c652a1d43b04742220339217df59089453,outputs/cp3_eval/a1_sft_s2/shard2
a1_sft_s2,a1_sft,1,2,sft,8000,1355,0,0,0.0,libero_plus,4403.628389120102,c44283c652a1d43b04742220339217df59089453,outputs/cp3_eval/a1_sft_s2/shard2
a1_sft_s2,a1_sft,1,2,sft,8000,1422,0,0,0.0,libero_plus,4403.628389120102,c44283c652a1d43b04742220339217df59089453,outputs/cp3_eval/a1_sft_s2/shard2
a1_sft_s2,a1_sft,1,2,sft,8000,1567,0,0,0.0,libero_plus,4403.628389120102,c44283c652a1d43b04742220339217df59089453,outputs/cp3_eval/a1_sft_s2/shard2
a1_sft_s2,a1_sft,1,2,sft,8000,1595,0,0,0.0,libero_plus,4403.628389120102,c44283c652a1d43b04742220339217df59089453,outputs/cp3_eval/a1_sft_s2/shard2
a1_sft_s2,a1_sft,1,2,sft,8000,1642,0,0,0.0,libero_plus,4403.628389120102,c44283c652a1d43b04742220339217df59089453,outputs/cp3_eval/a1_sft_s2/shard2
a1_sft_s2,a1_sft,1,2,sft,8000,1718,0,0,0.0,libero_plus,4403.628389120102,c44283c652a1d43b04742220339217df59089453,outputs/cp3_eval/a1_sft_s2/shard2
a1_sft_s2,a1_sft,1,2,sft,8000,1791,0,0,0.0,libero_plus,4403.628389120102,c44283c652a1d43b04742220339217df59089453,outputs/cp3_eval/a1_sft_s2/shard2
a1_sft_s2,a1_sft,1,2,sft,8000,1860,0,0,0.0,libero_plus,4403.628389120102,c44283c652a1d43b04742220339217df59089453,outputs/cp3_eval/a1_sft_s2/shard2
a1_sft_s2,a1_sft,1,2,sft,8000,1940,0,0,0.0,libero_plus,4403.628389120102,c44283c652a1d43b04742220339217df59089453,outputs/cp3_eval/a1_sft_s2/shard2
a1_sft_s2,a1_sft,1,2,sft,8000,2034,0,0,0.0,libero_plus,4403.628389120102,c44283c652a1d43b04742220339217df59089453,outputs/cp3_eval/a1_sft_s2/shard2
a1_sft_s2,a1_sft,1,2,sft,8000,2056,0,0,0.0,libero_plus,4403.628389120102,c44283c652a1d43b04742220339217df59089453,outputs/cp3_eval/a1_sft_s2/shard2
a1_sft_s2,a1_sft,1,2,sft,8000,2139,0,0,0.0,libero_plus,4403.628389120102,c44283c652a1d43b04742220339217df59089453,outputs/cp3_eval/a1_sft_s2/shard2
a1_sft_s2,a1_sft,1,2,sft,8000,2203,0,1,1.0,libero_plus,4403.628389120102,c44283c652a1d43b04742220339217df59089453,outputs/cp3_eval/a1_sft_s2/shard2
a1_sft_s2,a1_sft,1,2,sft,8000,2262,0,0,0.0,libero_plus,4403.628389120102,c44283c652a1d43b04742220339217df59089453,outputs/cp3_eval/a1_sft_s2/shard2
a1_sft_s2,a1_sft,1,2,sft,8000,2350,0,0,0.0,libero_plus,4403.628389120102,c44283c652a1d43b04742220339217df59089453,outputs/cp3_eval/a1_sft_s2/shard2
a1_sft_s2,a1_sft,1,2,sft,8000,2388,0,0,0.0,libero_plus,4403.628389120102,c44283c652a1d43b04742220339217df59089453,outputs/cp3_eval/a1_sft_s2/shard2
a1_sft_s2,a1_sft,1,2,sft,8000,2446,0,0,0.0,libero_plus,4403.628389120102,c44283c652a1d43b04742220339217df59089453,outputs/cp3_eval/a1_sft_s2/shard2
a1_sft_s2,a1_sft,1,2,sft,8000,2494,0,0,0.0,libero_plus,4403.628389120102,c44283c652a1d43b04742220339217df59089453,outputs/cp3_eval/a1_sft_s2/shard2
a1_sft_s2,a1_sft,1,2,sft,8000,2528,0,0,0.0,libero_plus,4403.628389120102,c44283c652a1d43b04742220339217df59089453,outputs/cp3_eval/a1_sft_s2/shard2
a1_sft_s2,a1_sft,1,2,sft,8000,41,0,0,0.0,libero_plus,4403.628389120102,c44283c652a1d43b04742220339217df59089453,outputs/cp3_eval/a1_sft_s2/shard3
a1_sft_s2,a1_sft,1,2,sft,8000,83,0,0,0.0,libero_plus,4403.628389120102,c44283c652a1d43b04742220339217df59089453,outputs/cp3_eval/a1_sft_s2/shard3
a1_sft_s2,a1_sft,1,2,sft,8000,124,0,0,0.0,libero_plus,4403.628389120102,c44283c652a1d43b04742220339217df59089453,outputs/cp3_eval/a1_sft_s2/shard3
a1_sft_s2,a1_sft,1,2,sft,8000,214,0,0,0.0,libero_plus,4403.628389120102,c44283c652a1d43b04742220339217df59089453,outputs/cp3_eval/a1_sft_s2/shard3
a1_sft_s2,a1_sft,1,2,sft,8000,265,0,1,1.0,libero_plus,4403.628389120102,c44283c652a1d43b04742220339217df59089453,outputs/cp3_eval/a1_sft_s2/shard3
a1_sft_s2,a1_sft,1,2,sft,8000,291,0,0,0.0,libero_plus,4403.628389120102,c44283c652a1d43b04742220339217df59089453,outputs/cp3_eval/a1_sft_s2/shard3
a1_sft_s2,a1_sft,1,2,sft,8000,337,0,0,0.0,libero_plus,4403.628389120102,c44283c652a1d43b04742220339217df59089453,outputs/cp3_eval/a1_sft_s2/shard3
a1_sft_s2,a1_sft,1,2,sft,8000,355,0,0,0.0,libero_plus,4403.628389120102,c44283c652a1d43b04742220339217df59089453,outputs/cp3_eval/a1_sft_s2/shard3
a1_sft_s2,a1_sft,1,2,sft,8000,488,0,0,0.0,libero_plus,4403.628389120102,c44283c652a1d43b04742220339217df59089453,outputs/cp3_eval/a1_sft_s2/shard3
a1_sft_s2,a1_sft,1,2,sft,8000,546,0,0,0.0,libero_plus,4403.628389120102,c44283c652a1d43b04742220339217df59089453,outputs/cp3_eval/a1_sft_s2/shard3
a1_sft_s2,a1_sft,1,2,sft,8000,614,0,0,0.0,libero_plus,4403.628389120102,c44283c652a1d43b04742220339217df59089453,outputs/cp3_eval/a1_sft_s2/shard3
a1_sft_s2,a1_sft,1,2,sft,8000,737,0,0,0.0,libero_plus,4403.628389120102,c44283c652a1d43b04742220339217df59089453,outputs/cp3_eval/a1_sft_s2/shard3
a1_sft_s2,a1_sft,1,2,sft,8000,786,0,0,0.0,libero_plus,4403.628389120102,c44283c652a1d43b04742220339217df59089453,outputs/cp3_eval/a1_sft_s2/shard3
a1_sft_s2,a1_sft,1,2,sft,8000,871,0,0,0.0,libero_plus,4403.628389120102,c44283c652a1d43b04742220339217df59089453,outputs/cp3_eval/a1_sft_s2/shard3
a1_sft_s2,a1_sft,1,2,sft,8000,962,0,0,0.0,libero_plus,4403.628389120102,c44283c652a1d43b04742220339217df59089453,outputs/cp3_eval/a1_sft_s2/shard3
a1_sft_s2,a1_sft,1,2,sft,8000,974,0,0,0.0,libero_plus,4403.628389120102,c44283c652a1d43b04742220339217df59089453,outputs/cp3_eval/a1_sft_s2/shard3
a1_sft_s2,a1_sft,1,2,sft,8000,1069,0,0,0.0,libero_plus,4403.628389120102,c44283c652a1d43b04742220339217df59089453,outputs/cp3_eval/a1_sft_s2/shard3
a1_sft_s2,a1_sft,1,2,sft,8000,1194,0,0,0.0,libero_plus,4403.628389120102,c44283c652a1d43b04742220339217df59089453,outputs/cp3_eval/a1_sft_s2/shard3
a1_sft_s2,a1_sft,1,2,sft,8000,1213,0,0,0.0,libero_plus,4403.628389120102,c44283c652a1d43b04742220339217df59089453,outputs/cp3_eval/a1_sft_s2/shard3
a1_sft_s2,a1_sft,1,2,sft,8000,1279,0,0,0.0,libero_plus,4403.628389120102,c44283c652a1d43b04742220339217df59089453,outputs/cp3_eval/a1_sft_s2/shard3
a1_sft_s2,a1_sft,1,2,sft,8000,1356,0,0,0.0,libero_plus,4403.628389120102,c44283c652a1d43b04742220339217df59089453,outputs/cp3_eval/a1_sft_s2/shard3
a1_sft_s2,a1_sft,1,2,sft,8000,1449,0,0,0.0,libero_plus,4403.628389120102,c44283c652a1d43b04742220339217df59089453,outputs/cp3_eval/a1_sft_s2/shard3
a1_sft_s2,a1_sft,1,2,sft,8000,1572,0,0,0.0,libero_plus,4403.628389120102,c44283c652a1d43b04742220339217df59089453,outputs/cp3_eval/a1_sft_s2/shard3
a1_sft_s2,a1_sft,1,2,sft,8000,1608,0,0,0.0,libero_plus,4403.628389120102,c44283c652a1d43b04742220339217df59089453,outputs/cp3_eval/a1_sft_s2/shard3
a1_sft_s2,a1_sft,1,2,sft,8000,1672,0,0,0.0,libero_plus,4403.628389120102,c44283c652a1d43b04742220339217df59089453,outputs/cp3_eval/a1_sft_s2/shard3
a1_sft_s2,a1_sft,1,2,sft,8000,1727,0,0,0.0,libero_plus,4403.628389120102,c44283c652a1d43b04742220339217df59089453,outputs/cp3_eval/a1_sft_s2/shard3
a1_sft_s2,a1_sft,1,2,sft,8000,1794,0,0,0.0,libero_plus,4403.628389120102,c44283c652a1d43b04742220339217df59089453,outputs/cp3_eval/a1_sft_s2/shard3
a1_sft_s2,a1_sft,1,2,sft,8000,1864,0,0,0.0,libero_plus,4403.628389120102,c44283c652a1d43b04742220339217df59089453,outputs/cp3_eval/a1_sft_s2/shard3
a1_sft_s2,a1_sft,1,2,sft,8000,1945,0,0,0.0,libero_plus,4403.628389120102,c44283c652a1d43b04742220339217df59089453,outputs/cp3_eval/a1_sft_s2/shard3
a1_sft_s2,a1_sft,1,2,sft,8000,2035,0,0,0.0,libero_plus,4403.628389120102,c44283c652a1d43b04742220339217df59089453,outputs/cp3_eval/a1_sft_s2/shard3
a1_sft_s2,a1_sft,1,2,sft,8000,2065,0,0,0.0,libero_plus,4403.628389120102,c44283c652a1d43b04742220339217df59089453,outputs/cp3_eval/a1_sft_s2/shard3
a1_sft_s2,a1_sft,1,2,sft,8000,2153,0,0,0.0,libero_plus,4403.628389120102,c44283c652a1d43b04742220339217df59089453,outputs/cp3_eval/a1_sft_s2/shard3
a1_sft_s2,a1_sft,1,2,sft,8000,2207,0,0,0.0,libero_plus,4403.628389120102,c44283c652a1d43b04742220339217df59089453,outputs/cp3_eval/a1_sft_s2/shard3
a1_sft_s2,a1_sft,1,2,sft,8000,2321,0,0,0.0,libero_plus,4403.628389120102,c44283c652a1d43b04742220339217df59089453,outputs/cp3_eval/a1_sft_s2/shard3
a1_sft_s2,a1_sft,1,2,sft,8000,2359,0,0,0.0,libero_plus,4403.628389120102,c44283c652a1d43b04742220339217df59089453,outputs/cp3_eval/a1_sft_s2/shard3
a1_sft_s2,a1_sft,1,2,sft,8000,2405,0,0,0.0,libero_plus,4403.628389120102,c44283c652a1d43b04742220339217df59089453,outputs/cp3_eval/a1_sft_s2/shard3
a1_sft_s2,a1_sft,1,2,sft,8000,2464,0,0,0.0,libero_plus,4403.628389120102,c44283c652a1d43b04742220339217df59089453,outputs/cp3_eval/a1_sft_s2/shard3
a1_sft_s2,a1_sft,1,2,sft,8000,2497,0,0,0.0,libero_plus,4403.628389120102,c44283c652a1d43b04742220339217df59089453,outputs/cp3_eval/a1_sft_s2/shard3
a1_sft_s2,a1_sft,1,2,sft,8000,2539,0,0,0.0,libero_plus,4403.628389120102,c44283c652a1d43b04742220339217df59089453,outputs/cp3_eval/a1_sft_s2/shard3
a1_sft_s2,a1_sft,1,2,sft,8000,44,0,0,0.0,libero_plus,4403.628389120102,c44283c652a1d43b04742220339217df59089453,outputs/cp3_eval/a1_sft_s2/shard4
a1_sft_s2,a1_sft,1,2,sft,8000,94,0,0,0.0,libero_plus,4403.628389120102,c44283c652a1d43b04742220339217df59089453,outputs/cp3_eval/a1_sft_s2/shard4
a1_sft_s2,a1_sft,1,2,sft,8000,141,0,0,0.0,libero_plus,4403.628389120102,c44283c652a1d43b04742220339217df59089453,outputs/cp3_eval/a1_sft_s2/shard4
a1_sft_s2,a1_sft,1,2,sft,8000,226,0,0,0.0,libero_plus,4403.628389120102,c44283c652a1d43b04742220339217df59089453,outputs/cp3_eval/a1_sft_s2/shard4
a1_sft_s2,a1_sft,1,2,sft,8000,266,0,1,1.0,libero_plus,4403.628389120102,c44283c652a1d43b04742220339217df59089453,outputs/cp3_eval/a1_sft_s2/shard4
a1_sft_s2,a1_sft,1,2,sft,8000,304,0,0,0.0,libero_plus,4403.628389120102,c44283c652a1d43b04742220339217df59089453,outputs/cp3_eval/a1_sft_s2/shard4
a1_sft_s2,a1_sft,1,2,sft,8000,339,0,0,0.0,libero_plus,4403.628389120102,c44283c652a1d43b04742220339217df59089453,outputs/cp3_eval/a1_sft_s2/shard4
a1_sft_s2,a1_sft,1,2,sft,8000,365,0,0,0.0,libero_plus,4403.628389120102,c44283c652a1d43b04742220339217df59089453,outputs/cp3_eval/a1_sft_s2/shard4
a1_sft_s2,a1_sft,1,2,sft,8000,492,0,0,0.0,libero_plus,4403.628389120102,c44283c652a1d43b04742220339217df59089453,outputs/cp3_eval/a1_sft_s2/shard4
a1_sft_s2,a1_sft,1,2,sft,8000,556,0,0,0.0,libero_plus,4403.628389120102,c44283c652a1d43b04742220339217df59089453,outputs/cp3_eval/a1_sft_s2/shard4
a1_sft_s2,a1_sft,1,2,sft,8000,616,0,0,0.0,libero_plus,4403.628389120102,c44283c652a1d43b04742220339217df59089453,outputs/cp3_eval/a1_sft_s2/shard4
a1_sft_s2,a1_sft,1,2,sft,8000,740,0,0,0.0,libero_plus,4403.628389120102,c44283c652a1d43b04742220339217df59089453,outputs/cp3_eval/a1_sft_s2/shard4
a1_sft_s2,a1_sft,1,2,sft,8000,812,0,0,0.0,libero_plus,4403.628389120102,c44283c652a1d43b04742220339217df59089453,outputs/cp3_eval/a1_sft_s2/shard4
a1_sft_s2,a1_sft,1,2,sft,8000,882,0,0,0.0,libero_plus,4403.628389120102,c44283c652a1d43b04742220339217df59089453,outputs/cp3_eval/a1_sft_s2/shard4
a1_sft_s2,a1_sft,1,2,sft,8000,964,0,0,0.0,libero_plus,4403.628389120102,c44283c652a1d43b04742220339217df59089453,outputs/cp3_eval/a1_sft_s2/shard4
a1_sft_s2,a1_sft,1,2,sft,8000,978,0,0,0.0,libero_plus,4403.628389120102,c44283c652a1d43b04742220339217df59089453,outputs/cp3_eval/a1_sft_s2/shard4
a1_sft_s2,a1_sft,1,2,sft,8000,1117,0,0,0.0,libero_plus,4403.628389120102,c44283c652a1d43b04742220339217df59089453,outputs/cp3_eval/a1_sft_s2/shard4
a1_sft_s2,a1_sft,1,2,sft,8000,1196,0,0,0.0,libero_plus,4403.628389120102,c44283c652a1d43b04742220339217df59089453,outputs/cp3_eval/a1_sft_s2/shard4
a1_sft_s2,a1_sft,1,2,sft,8000,1239,0,0,0.0,libero_plus,4403.628389120102,c44283c652a1d43b04742220339217df59089453,outputs/cp3_eval/a1_sft_s2/shard4
a1_sft_s2,a1_sft,1,2,sft,8000,1286,0,0,0.0,libero_plus,4403.628389120102,c44283c652a1d43b04742220339217df59089453,outputs/cp3_eval/a1_sft_s2/shard4
a1_sft_s2,a1_sft,1,2,sft,8000,1378,0,0,0.0,libero_plus,4403.628389120102,c44283c652a1d43b04742220339217df59089453,outputs/cp3_eval/a1_sft_s2/shard4
a1_sft_s2,a1_sft,1,2,sft,8000,1455,0,0,0.0,libero_plus,4403.628389120102,c44283c652a1d43b04742220339217df59089453,outputs/cp3_eval/a1_sft_s2/shard4
a1_sft_s2,a1_sft,1,2,sft,8000,1577,0,0,0.0,libero_plus,4403.628389120102,c44283c652a1d43b04742220339217df59089453,outputs/cp3_eval/a1_sft_s2/shard4
a1_sft_s2,a1_sft,1,2,sft,8000,1621,0,0,0.0,libero_plus,4403.628389120102,c44283c652a1d43b04742220339217df59089453,outputs/cp3_eval/a1_sft_s2/shard4
a1_sft_s2,a1_sft,1,2,sft,8000,1681,0,0,0.0,libero_plus,4403.628389120102,c44283c652a1d43b04742220339217df59089453,outputs/cp3_eval/a1_sft_s2/shard4
a1_sft_s2,a1_sft,1,2,sft,8000,1729,0,0,0.0,libero_plus,4403.628389120102,c44283c652a1d43b04742220339217df59089453,outputs/cp3_eval/a1_sft_s2/shard4
a1_sft_s2,a1_sft,1,2,sft,8000,1803,0,0,0.0,libero_plus,4403.628389120102,c44283c652a1d43b04742220339217df59089453,outputs/cp3_eval/a1_sft_s2/shard4
a1_sft_s2,a1_sft,1,2,sft,8000,1882,0,0,0.0,libero_plus,4403.628389120102,c44283c652a1d43b04742220339217df59089453,outputs/cp3_eval/a1_sft_s2/shard4
a1_sft_s2,a1_sft,1,2,sft,8000,1959,0,0,0.0,libero_plus,4403.628389120102,c44283c652a1d43b04742220339217df59089453,outputs/cp3_eval/a1_sft_s2/shard4
a1_sft_s2,a1_sft,1,2,sft,8000,2037,0,0,0.0,libero_plus,4403.628389120102,c44283c652a1d43b04742220339217df59089453,outputs/cp3_eval/a1_sft_s2/shard4
a1_sft_s2,a1_sft,1,2,sft,8000,2081,0,0,0.0,libero_plus,4403.628389120102,c44283c652a1d43b04742220339217df59089453,outputs/cp3_eval/a1_sft_s2/shard4
a1_sft_s2,a1_sft,1,2,sft,8000,2179,0,0,0.0,libero_plus,4403.628389120102,c44283c652a1d43b04742220339217df59089453,outputs/cp3_eval/a1_sft_s2/shard4
a1_sft_s2,a1_sft,1,2,sft,8000,2222,0,1,1.0,libero_plus,4403.628389120102,c44283c652a1d43b04742220339217df59089453,outputs/cp3_eval/a1_sft_s2/shard4
a1_sft_s2,a1_sft,1,2,sft,8000,2332,0,0,0.0,libero_plus,4403.628389120102,c44283c652a1d43b04742220339217df59089453,outputs/cp3_eval/a1_sft_s2/shard4
a1_sft_s2,a1_sft,1,2,sft,8000,2363,0,0,0.0,libero_plus,4403.628389120102,c44283c652a1d43b04742220339217df59089453,outputs/cp3_eval/a1_sft_s2/shard4
a1_sft_s2,a1_sft,1,2,sft,8000,2406,0,0,0.0,libero_plus,4403.628389120102,c44283c652a1d43b04742220339217df59089453,outputs/cp3_eval/a1_sft_s2/shard4
a1_sft_s2,a1_sft,1,2,sft,8000,2465,0,0,0.0,libero_plus,4403.628389120102,c44283c652a1d43b04742220339217df59089453,outputs/cp3_eval/a1_sft_s2/shard4
a1_sft_s2,a1_sft,1,2,sft,8000,2504,0,0,0.0,libero_plus,4403.628389120102,c44283c652a1d43b04742220339217df59089453,outputs/cp3_eval/a1_sft_s2/shard4
a1_sft_s2,a1_sft,1,2,sft,8000,2569,0,0,0.0,libero_plus,4403.628389120102,c44283c652a1d43b04742220339217df59089453,outputs/cp3_eval/a1_sft_s2/shard4
a1_sft_s3,a1_sft,1,3,sft,8000,5,0,0,0.0,libero_plus,4380.243052005768,c44283c652a1d43b04742220339217df59089453,outputs/cp3_eval/a1_sft_s3/shard0
a1_sft_s3,a1_sft,1,3,sft,8000,64,0,0,0.0,libero_plus,4380.243052005768,c44283c652a1d43b04742220339217df59089453,outputs/cp3_eval/a1_sft_s3/shard0
a1_sft_s3,a1_sft,1,3,sft,8000,97,0,0,0.0,libero_plus,4380.243052005768,c44283c652a1d43b04742220339217df59089453,outputs/cp3_eval/a1_sft_s3/shard0
a1_sft_s3,a1_sft,1,3,sft,8000,152,0,0,0.0,libero_plus,4380.243052005768,c44283c652a1d43b04742220339217df59089453,outputs/cp3_eval/a1_sft_s3/shard0
a1_sft_s3,a1_sft,1,3,sft,8000,238,0,1,1.0,libero_plus,4380.243052005768,c44283c652a1d43b04742220339217df59089453,outputs/cp3_eval/a1_sft_s3/shard0
a1_sft_s3,a1_sft,1,3,sft,8000,270,0,0,0.0,libero_plus,4380.243052005768,c44283c652a1d43b04742220339217df59089453,outputs/cp3_eval/a1_sft_s3/shard0
a1_sft_s3,a1_sft,1,3,sft,8000,306,0,0,0.0,libero_plus,4380.243052005768,c44283c652a1d43b04742220339217df59089453,outputs/cp3_eval/a1_sft_s3/shard0
a1_sft_s3,a1_sft,1,3,sft,8000,340,0,0,0.0,libero_plus,4380.243052005768,c44283c652a1d43b04742220339217df59089453,outputs/cp3_eval/a1_sft_s3/shard0
a1_sft_s3,a1_sft,1,3,sft,8000,384,0,1,1.0,libero_plus,4380.243052005768,c44283c652a1d43b04742220339217df59089453,outputs/cp3_eval/a1_sft_s3/shard0
a1_sft_s3,a1_sft,1,3,sft,8000,493,0,0,0.0,libero_plus,4380.243052005768,c44283c652a1d43b04742220339217df59089453,outputs/cp3_eval/a1_sft_s3/shard0
a1_sft_s3,a1_sft,1,3,sft,8000,571,0,0,0.0,libero_plus,4380.243052005768,c44283c652a1d43b04742220339217df59089453,outputs/cp3_eval/a1_sft_s3/shard0
a1_sft_s3,a1_sft,1,3,sft,8000,664,0,0,0.0,libero_plus,4380.243052005768,c44283c652a1d43b04742220339217df59089453,outputs/cp3_eval/a1_sft_s3/shard0
a1_sft_s3,a1_sft,1,3,sft,8000,745,0,1,1.0,libero_plus,4380.243052005768,c44283c652a1d43b04742220339217df59089453,outputs/cp3_eval/a1_sft_s3/shard0
a1_sft_s3,a1_sft,1,3,sft,8000,814,0,0,0.0,libero_plus,4380.243052005768,c44283c652a1d43b04742220339217df59089453,outputs/cp3_eval/a1_sft_s3/shard0
a1_sft_s3,a1_sft,1,3,sft,8000,913,0,0,0.0,libero_plus,4380.243052005768,c44283c652a1d43b04742220339217df59089453,outputs/cp3_eval/a1_sft_s3/shard0
a1_sft_s3,a1_sft,1,3,sft,8000,968,0,0,0.0,libero_plus,4380.243052005768,c44283c652a1d43b04742220339217df59089453,outputs/cp3_eval/a1_sft_s3/shard0
a1_sft_s3,a1_sft,1,3,sft,8000,1025,0,0,0.0,libero_plus,4380.243052005768,c44283c652a1d43b04742220339217df59089453,outputs/cp3_eval/a1_sft_s3/shard0
a1_sft_s3,a1_sft,1,3,sft,8000,1126,0,0,0.0,libero_plus,4380.243052005768,c44283c652a1d43b04742220339217df59089453,outputs/cp3_eval/a1_sft_s3/shard0
a1_sft_s3,a1_sft,1,3,sft,8000,1209,0,0,0.0,libero_plus,4380.243052005768,c44283c652a1d43b04742220339217df59089453,outputs/cp3_eval/a1_sft_s3/shard0
a1_sft_s3,a1_sft,1,3,sft,8000,1243,0,0,0.0,libero_plus,4380.243052005768,c44283c652a1d43b04742220339217df59089453,outputs/cp3_eval/a1_sft_s3/shard0
a1_sft_s3,a1_sft,1,3,sft,8000,1304,0,0,0.0,libero_plus,4380.243052005768,c44283c652a1d43b04742220339217df59089453,outputs/cp3_eval/a1_sft_s3/shard0
a1_sft_s3,a1_sft,1,3,sft,8000,1394,0,0,0.0,libero_plus,4380.243052005768,c44283c652a1d43b04742220339217df59089453,outputs/cp3_eval/a1_sft_s3/shard0
a1_sft_s3,a1_sft,1,3,sft,8000,1466,0,0,0.0,libero_plus,4380.243052005768,c44283c652a1d43b04742220339217df59089453,outputs/cp3_eval/a1_sft_s3/shard0
a1_sft_s3,a1_sft,1,3,sft,8000,1591,0,0,0.0,libero_plus,4380.243052005768,c44283c652a1d43b04742220339217df59089453,outputs/cp3_eval/a1_sft_s3/shard0
a1_sft_s3,a1_sft,1,3,sft,8000,1625,0,0,0.0,libero_plus,4380.243052005768,c44283c652a1d43b04742220339217df59089453,outputs/cp3_eval/a1_sft_s3/shard0
a1_sft_s3,a1_sft,1,3,sft,8000,1695,0,0,0.0,libero_plus,4380.243052005768,c44283c652a1d43b04742220339217df59089453,outputs/cp3_eval/a1_sft_s3/shard0
a1_sft_s3,a1_sft,1,3,sft,8000,1759,0,0,0.0,libero_plus,4380.243052005768,c44283c652a1d43b04742220339217df59089453,outputs/cp3_eval/a1_sft_s3/shard0
a1_sft_s3,a1_sft,1,3,sft,8000,1811,0,0,0.0,libero_plus,4380.243052005768,c44283c652a1d43b04742220339217df59089453,outputs/cp3_eval/a1_sft_s3/shard0
a1_sft_s3,a1_sft,1,3,sft,8000,1887,0,0,0.0,libero_plus,4380.243052005768,c44283c652a1d43b04742220339217df59089453,outputs/cp3_eval/a1_sft_s3/shard0
a1_sft_s3,a1_sft,1,3,sft,8000,1995,0,0,0.0,libero_plus,4380.243052005768,c44283c652a1d43b04742220339217df59089453,outputs/cp3_eval/a1_sft_s3/shard0
a1_sft_s3,a1_sft,1,3,sft,8000,2045,0,0,0.0,libero_plus,4380.243052005768,c44283c652a1d43b04742220339217df59089453,outputs/cp3_eval/a1_sft_s3/shard0
a1_sft_s3,a1_sft,1,3,sft,8000,2093,0,0,0.0,libero_plus,4380.243052005768,c44283c652a1d43b04742220339217df59089453,outputs/cp3_eval/a1_sft_s3/shard0
a1_sft_s3,a1_sft,1,3,sft,8000,2180,0,0,0.0,libero_plus,4380.243052005768,c44283c652a1d43b04742220339217df59089453,outputs/cp3_eval/a1_sft_s3/shard0
a1_sft_s3,a1_sft,1,3,sft,8000,2235,0,1,1.0,libero_plus,4380.243052005768,c44283c652a1d43b04742220339217df59089453,outputs/cp3_eval/a1_sft_s3/shard0
a1_sft_s3,a1_sft,1,3,sft,8000,2338,0,0,0.0,libero_plus,4380.243052005768,c44283c652a1d43b04742220339217df59089453,outputs/cp3_eval/a1_sft_s3/shard0
a1_sft_s3,a1_sft,1,3,sft,8000,2377,0,0,0.0,libero_plus,4380.243052005768,c44283c652a1d43b04742220339217df59089453,outputs/cp3_eval/a1_sft_s3/shard0
a1_sft_s3,a1_sft,1,3,sft,8000,2411,0,1,1.0,libero_plus,4380.243052005768,c44283c652a1d43b04742220339217df59089453,outputs/cp3_eval/a1_sft_s3/shard0
a1_sft_s3,a1_sft,1,3,sft,8000,2488,0,0,0.0,libero_plus,4380.243052005768,c44283c652a1d43b04742220339217df59089453,outputs/cp3_eval/a1_sft_s3/shard0
a1_sft_s3,a1_sft,1,3,sft,8000,2513,0,0,0.0,libero_plus,4380.243052005768,c44283c652a1d43b04742220339217df59089453,outputs/cp3_eval/a1_sft_s3/shard0
a1_sft_s3,a1_sft,1,3,sft,8000,2578,0,0,0.0,libero_plus,4380.243052005768,c44283c652a1d43b04742220339217df59089453,outputs/cp3_eval/a1_sft_s3/shard0
a1_sft_s3,a1_sft,1,3,sft,8000,31,0,0,0.0,libero_plus,4380.243052005768,c44283c652a1d43b04742220339217df59089453,outputs/cp3_eval/a1_sft_s3/shard1
a1_sft_s3,a1_sft,1,3,sft,8000,70,0,0,0.0,libero_plus,4380.243052005768,c44283c652a1d43b04742220339217df59089453,outputs/cp3_eval/a1_sft_s3/shard1
a1_sft_s3,a1_sft,1,3,sft,8000,106,0,0,0.0,libero_plus,4380.243052005768,c44283c652a1d43b04742220339217df59089453,outputs/cp3_eval/a1_sft_s3/shard1
a1_sft_s3,a1_sft,1,3,sft,8000,164,0,0,0.0,libero_plus,4380.243052005768,c44283c652a1d43b04742220339217df59089453,outputs/cp3_eval/a1_sft_s3/shard1
a1_sft_s3,a1_sft,1,3,sft,8000,242,0,0,0.0,libero_plus,4380.243052005768,c44283c652a1d43b04742220339217df59089453,outputs/cp3_eval/a1_sft_s3/shard1
a1_sft_s3,a1_sft,1,3,sft,8000,273,0,0,0.0,libero_plus,4380.243052005768,c44283c652a1d43b04742220339217df59089453,outputs/cp3_eval/a1_sft_s3/shard1
a1_sft_s3,a1_sft,1,3,sft,8000,315,0,0,0.0,libero_plus,4380.243052005768,c44283c652a1d43b04742220339217df59089453,outputs/cp3_eval/a1_sft_s3/shard1
a1_sft_s3,a1_sft,1,3,sft,8000,346,0,0,0.0,libero_plus,4380.243052005768,c44283c652a1d43b04742220339217df59089453,outputs/cp3_eval/a1_sft_s3/shard1
a1_sft_s3,a1_sft,1,3,sft,8000,392,0,0,0.0,libero_plus,4380.243052005768,c44283c652a1d43b04742220339217df59089453,outputs/cp3_eval/a1_sft_s3/shard1
a1_sft_s3,a1_sft,1,3,sft,8000,517,0,0,0.0,libero_plus,4380.243052005768,c44283c652a1d43b04742220339217df59089453,outputs/cp3_eval/a1_sft_s3/shard1
a1_sft_s3,a1_sft,1,3,sft,8000,608,0,0,0.0,libero_plus,4380.243052005768,c44283c652a1d43b04742220339217df59089453,outputs/cp3_eval/a1_sft_s3/shard1
a1_sft_s3,a1_sft,1,3,sft,8000,706,0,0,0.0,libero_plus,4380.243052005768,c44283c652a1d43b04742220339217df59089453,outputs/cp3_eval/a1_sft_s3/shard1
a1_sft_s3,a1_sft,1,3,sft,8000,754,0,1,1.0,libero_plus,4380.243052005768,c44283c652a1d43b04742220339217df59089453,outputs/cp3_eval/a1_sft_s3/shard1
a1_sft_s3,a1_sft,1,3,sft,8000,829,0,0,0.0,libero_plus,4380.243052005768,c44283c652a1d43b04742220339217df59089453,outputs/cp3_eval/a1_sft_s3/shard1
a1_sft_s3,a1_sft,1,3,sft,8000,934,0,0,0.0,libero_plus,4380.243052005768,c44283c652a1d43b04742220339217df59089453,outputs/cp3_eval/a1_sft_s3/shard1
a1_sft_s3,a1_sft,1,3,sft,8000,969,0,0,0.0,libero_plus,4380.243052005768,c44283c652a1d43b04742220339217df59089453,outputs/cp3_eval/a1_sft_s3/shard1
a1_sft_s3,a1_sft,1,3,sft,8000,1042,0,0,0.0,libero_plus,4380.243052005768,c44283c652a1d43b04742220339217df59089453,outputs/cp3_eval/a1_sft_s3/shard1
a1_sft_s3,a1_sft,1,3,sft,8000,1139,0,0,0.0,libero_plus,4380.243052005768,c44283c652a1d43b04742220339217df59089453,outputs/cp3_eval/a1_sft_s3/shard1
a1_sft_s3,a1_sft,1,3,sft,8000,1210,0,0,0.0,libero_plus,4380.243052005768,c44283c652a1d43b04742220339217df59089453,outputs/cp3_eval/a1_sft_s3/shard1
a1_sft_s3,a1_sft,1,3,sft,8000,1246,0,0,0.0,libero_plus,4380.243052005768,c44283c652a1d43b04742220339217df59089453,outputs/cp3_eval/a1_sft_s3/shard1
a1_sft_s3,a1_sft,1,3,sft,8000,1308,0,0,0.0,libero_plus,4380.243052005768,c44283c652a1d43b04742220339217df59089453,outputs/cp3_eval/a1_sft_s3/shard1
a1_sft_s3,a1_sft,1,3,sft,8000,1399,0,0,0.0,libero_plus,4380.243052005768,c44283c652a1d43b04742220339217df59089453,outputs/cp3_eval/a1_sft_s3/shard1
a1_sft_s3,a1_sft,1,3,sft,8000,1503,0,0,0.0,libero_plus,4380.243052005768,c44283c652a1d43b04742220339217df59089453,outputs/cp3_eval/a1_sft_s3/shard1
a1_sft_s3,a1_sft,1,3,sft,8000,1592,0,0,0.0,libero_plus,4380.243052005768,c44283c652a1d43b04742220339217df59089453,outputs/cp3_eval/a1_sft_s3/shard1
a1_sft_s3,a1_sft,1,3,sft,8000,1634,0,0,0.0,libero_plus,4380.243052005768,c44283c652a1d43b04742220339217df59089453,outputs/cp3_eval/a1_sft_s3/shard1
a1_sft_s3,a1_sft,1,3,sft,8000,1714,0,0,0.0,libero_plus,4380.243052005768,c44283c652a1d43b04742220339217df59089453,outputs/cp3_eval/a1_sft_s3/shard1
a1_sft_s3,a1_sft,1,3,sft,8000,1770,0,0,0.0,libero_plus,4380.243052005768,c44283c652a1d43b04742220339217df59089453,outputs/cp3_eval/a1_sft_s3/shard1
a1_sft_s3,a1_sft,1,3,sft,8000,1852,0,0,0.0,libero_plus,4380.243052005768,c44283c652a1d43b04742220339217df59089453,outputs/cp3_eval/a1_sft_s3/shard1
a1_sft_s3,a1_sft,1,3,sft,8000,1922,0,0,0.0,libero_plus,4380.243052005768,c44283c652a1d43b04742220339217df59089453,outputs/cp3_eval/a1_sft_s3/shard1
a1_sft_s3,a1_sft,1,3,sft,8000,2016,0,0,0.0,libero_plus,4380.243052005768,c44283c652a1d43b04742220339217df59089453,outputs/cp3_eval/a1_sft_s3/shard1
a1_sft_s3,a1_sft,1,3,sft,8000,2052,0,0,0.0,libero_plus,4380.243052005768,c44283c652a1d43b04742220339217df59089453,outputs/cp3_eval/a1_sft_s3/shard1
a1_sft_s3,a1_sft,1,3,sft,8000,2128,0,0,0.0,libero_plus,4380.243052005768,c44283c652a1d43b04742220339217df59089453,outputs/cp3_eval/a1_sft_s3/shard1
a1_sft_s3,a1_sft,1,3,sft,8000,2185,0,0,0.0,libero_plus,4380.243052005768,c44283c652a1d43b04742220339217df59089453,outputs/cp3_eval/a1_sft_s3/shard1
a1_sft_s3,a1_sft,1,3,sft,8000,2255,0,0,0.0,libero_plus,4380.243052005768,c44283c652a1d43b04742220339217df59089453,outputs/cp3_eval/a1_sft_s3/shard1
a1_sft_s3,a1_sft,1,3,sft,8000,2346,0,0,0.0,libero_plus,4380.243052005768,c44283c652a1d43b04742220339217df59089453,outputs/cp3_eval/a1_sft_s3/shard1
a1_sft_s3,a1_sft,1,3,sft,8000,2382,0,0,0.0,libero_plus,4380.243052005768,c44283c652a1d43b04742220339217df59089453,outputs/cp3_eval/a1_sft_s3/shard1
a1_sft_s3,a1_sft,1,3,sft,8000,2413,0,0,0.0,libero_plus,4380.243052005768,c44283c652a1d43b04742220339217df59089453,outputs/cp3_eval/a1_sft_s3/shard1
a1_sft_s3,a1_sft,1,3,sft,8000,2491,0,0,0.0,libero_plus,4380.243052005768,c44283c652a1d43b04742220339217df59089453,outputs/cp3_eval/a1_sft_s3/shard1
a1_sft_s3,a1_sft,1,3,sft,8000,2516,0,0,0.0,libero_plus,4380.243052005768,c44283c652a1d43b04742220339217df59089453,outputs/cp3_eval/a1_sft_s3/shard1
a1_sft_s3,a1_sft,1,3,sft,8000,39,0,0,0.0,libero_plus,4380.243052005768,c44283c652a1d43b04742220339217df59089453,outputs/cp3_eval/a1_sft_s3/shard2
a1_sft_s3,a1_sft,1,3,sft,8000,74,0,0,0.0,libero_plus,4380.243052005768,c44283c652a1d43b04742220339217df59089453,outputs/cp3_eval/a1_sft_s3/shard2
a1_sft_s3,a1_sft,1,3,sft,8000,117,0,0,0.0,libero_plus,4380.243052005768,c44283c652a1d43b04742220339217df59089453,outputs/cp3_eval/a1_sft_s3/shard2
a1_sft_s3,a1_sft,1,3,sft,8000,173,0,0,0.0,libero_plus,4380.243052005768,c44283c652a1d43b04742220339217df59089453,outputs/cp3_eval/a1_sft_s3/shard2
a1_sft_s3,a1_sft,1,3,sft,8000,250,0,1,1.0,libero_plus,4380.243052005768,c44283c652a1d43b04742220339217df59089453,outputs/cp3_eval/a1_sft_s3/shard2
a1_sft_s3,a1_sft,1,3,sft,8000,277,0,0,0.0,libero_plus,4380.243052005768,c44283c652a1d43b04742220339217df59089453,outputs/cp3_eval/a1_sft_s3/shard2
a1_sft_s3,a1_sft,1,3,sft,8000,332,0,0,0.0,libero_plus,4380.243052005768,c44283c652a1d43b04742220339217df59089453,outputs/cp3_eval/a1_sft_s3/shard2
a1_sft_s3,a1_sft,1,3,sft,8000,352,0,0,0.0,libero_plus,4380.243052005768,c44283c652a1d43b04742220339217df59089453,outputs/cp3_eval/a1_sft_s3/shard2
a1_sft_s3,a1_sft,1,3,sft,8000,484,0,0,0.0,libero_plus,4380.243052005768,c44283c652a1d43b04742220339217df59089453,outputs/cp3_eval/a1_sft_s3/shard2
a1_sft_s3,a1_sft,1,3,sft,8000,523,0,0,0.0,libero_plus,4380.243052005768,c44283c652a1d43b04742220339217df59089453,outputs/cp3_eval/a1_sft_s3/shard2
a1_sft_s3,a1_sft,1,3,sft,8000,611,0,0,0.0,libero_plus,4380.243052005768,c44283c652a1d43b04742220339217df59089453,outputs/cp3_eval/a1_sft_s3/shard2
a1_sft_s3,a1_sft,1,3,sft,8000,734,0,0,0.0,libero_plus,4380.243052005768,c44283c652a1d43b04742220339217df59089453,outputs/cp3_eval/a1_sft_s3/shard2
a1_sft_s3,a1_sft,1,3,sft,8000,758,0,1,1.0,libero_plus,4380.243052005768,c44283c652a1d43b04742220339217df59089453,outputs/cp3_eval/a1_sft_s3/shard2
a1_sft_s3,a1_sft,1,3,sft,8000,836,0,0,0.0,libero_plus,4380.243052005768,c44283c652a1d43b04742220339217df59089453,outputs/cp3_eval/a1_sft_s3/shard2
a1_sft_s3,a1_sft,1,3,sft,8000,950,0,0,0.0,libero_plus,4380.243052005768,c44283c652a1d43b04742220339217df59089453,outputs/cp3_eval/a1_sft_s3/shard2
a1_sft_s3,a1_sft,1,3,sft,8000,973,0,0,0.0,libero_plus,4380.243052005768,c44283c652a1d43b04742220339217df59089453,outputs/cp3_eval/a1_sft_s3/shard2
a1_sft_s3,a1_sft,1,3,sft,8000,1058,0,0,0.0,libero_plus,4380.243052005768,c44283c652a1d43b04742220339217df59089453,outputs/cp3_eval/a1_sft_s3/shard2
a1_sft_s3,a1_sft,1,3,sft,8000,1171,0,1,1.0,libero_plus,4380.243052005768,c44283c652a1d43b04742220339217df59089453,outputs/cp3_eval/a1_sft_s3/shard2
a1_sft_s3,a1_sft,1,3,sft,8000,1211,0,0,0.0,libero_plus,4380.243052005768,c44283c652a1d43b04742220339217df59089453,outputs/cp3_eval/a1_sft_s3/shard2
a1_sft_s3,a1_sft,1,3,sft,8000,1267,0,0,0.0,libero_plus,4380.243052005768,c44283c652a1d43b04742220339217df59089453,outputs/cp3_eval/a1_sft_s3/shard2
a1_sft_s3,a1_sft,1,3,sft,8000,1355,0,0,0.0,libero_plus,4380.243052005768,c44283c652a1d43b04742220339217df59089453,outputs/cp3_eval/a1_sft_s3/shard2
a1_sft_s3,a1_sft,1,3,sft,8000,1422,0,0,0.0,libero_plus,4380.243052005768,c44283c652a1d43b04742220339217df59089453,outputs/cp3_eval/a1_sft_s3/shard2
a1_sft_s3,a1_sft,1,3,sft,8000,1567,0,0,0.0,libero_plus,4380.243052005768,c44283c652a1d43b04742220339217df59089453,outputs/cp3_eval/a1_sft_s3/shard2
a1_sft_s3,a1_sft,1,3,sft,8000,1595,0,0,0.0,libero_plus,4380.243052005768,c44283c652a1d43b04742220339217df59089453,outputs/cp3_eval/a1_sft_s3/shard2
a1_sft_s3,a1_sft,1,3,sft,8000,1642,0,0,0.0,libero_plus,4380.243052005768,c44283c652a1d43b04742220339217df59089453,outputs/cp3_eval/a1_sft_s3/shard2
a1_sft_s3,a1_sft,1,3,sft,8000,1718,0,0,0.0,libero_plus,4380.243052005768,c44283c652a1d43b04742220339217df59089453,outputs/cp3_eval/a1_sft_s3/shard2
a1_sft_s3,a1_sft,1,3,sft,8000,1791,0,0,0.0,libero_plus,4380.243052005768,c44283c652a1d43b04742220339217df59089453,outputs/cp3_eval/a1_sft_s3/shard2
a1_sft_s3,a1_sft,1,3,sft,8000,1860,0,0,0.0,libero_plus,4380.243052005768,c44283c652a1d43b04742220339217df59089453,outputs/cp3_eval/a1_sft_s3/shard2
a1_sft_s3,a1_sft,1,3,sft,8000,1940,0,0,0.0,libero_plus,4380.243052005768,c44283c652a1d43b04742220339217df59089453,outputs/cp3_eval/a1_sft_s3/shard2
a1_sft_s3,a1_sft,1,3,sft,8000,2034,0,0,0.0,libero_plus,4380.243052005768,c44283c652a1d43b04742220339217df59089453,outputs/cp3_eval/a1_sft_s3/shard2
a1_sft_s3,a1_sft,1,3,sft,8000,2056,0,0,0.0,libero_plus,4380.243052005768,c44283c652a1d43b04742220339217df59089453,outputs/cp3_eval/a1_sft_s3/shard2
a1_sft_s3,a1_sft,1,3,sft,8000,2139,0,0,0.0,libero_plus,4380.243052005768,c44283c652a1d43b04742220339217df59089453,outputs/cp3_eval/a1_sft_s3/shard2
a1_sft_s3,a1_sft,1,3,sft,8000,2203,0,0,0.0,libero_plus,4380.243052005768,c44283c652a1d43b04742220339217df59089453,outputs/cp3_eval/a1_sft_s3/shard2
a1_sft_s3,a1_sft,1,3,sft,8000,2262,0,0,0.0,libero_plus,4380.243052005768,c44283c652a1d43b04742220339217df59089453,outputs/cp3_eval/a1_sft_s3/shard2
a1_sft_s3,a1_sft,1,3,sft,8000,2350,0,0,0.0,libero_plus,4380.243052005768,c44283c652a1d43b04742220339217df59089453,outputs/cp3_eval/a1_sft_s3/shard2
a1_sft_s3,a1_sft,1,3,sft,8000,2388,0,0,0.0,libero_plus,4380.243052005768,c44283c652a1d43b04742220339217df59089453,outputs/cp3_eval/a1_sft_s3/shard2
a1_sft_s3,a1_sft,1,3,sft,8000,2446,0,0,0.0,libero_plus,4380.243052005768,c44283c652a1d43b04742220339217df59089453,outputs/cp3_eval/a1_sft_s3/shard2
a1_sft_s3,a1_sft,1,3,sft,8000,2494,0,0,0.0,libero_plus,4380.243052005768,c44283c652a1d43b04742220339217df59089453,outputs/cp3_eval/a1_sft_s3/shard2
a1_sft_s3,a1_sft,1,3,sft,8000,2528,0,0,0.0,libero_plus,4380.243052005768,c44283c652a1d43b04742220339217df59089453,outputs/cp3_eval/a1_sft_s3/shard2
a1_sft_s3,a1_sft,1,3,sft,8000,41,0,0,0.0,libero_plus,4380.243052005768,c44283c652a1d43b04742220339217df59089453,outputs/cp3_eval/a1_sft_s3/shard3
a1_sft_s3,a1_sft,1,3,sft,8000,83,0,0,0.0,libero_plus,4380.243052005768,c44283c652a1d43b04742220339217df59089453,outputs/cp3_eval/a1_sft_s3/shard3
a1_sft_s3,a1_sft,1,3,sft,8000,124,0,0,0.0,libero_plus,4380.243052005768,c44283c652a1d43b04742220339217df59089453,outputs/cp3_eval/a1_sft_s3/shard3
a1_sft_s3,a1_sft,1,3,sft,8000,214,0,0,0.0,libero_plus,4380.243052005768,c44283c652a1d43b04742220339217df59089453,outputs/cp3_eval/a1_sft_s3/shard3
a1_sft_s3,a1_sft,1,3,sft,8000,265,0,1,1.0,libero_plus,4380.243052005768,c44283c652a1d43b04742220339217df59089453,outputs/cp3_eval/a1_sft_s3/shard3
a1_sft_s3,a1_sft,1,3,sft,8000,291,0,0,0.0,libero_plus,4380.243052005768,c44283c652a1d43b04742220339217df59089453,outputs/cp3_eval/a1_sft_s3/shard3
a1_sft_s3,a1_sft,1,3,sft,8000,337,0,0,0.0,libero_plus,4380.243052005768,c44283c652a1d43b04742220339217df59089453,outputs/cp3_eval/a1_sft_s3/shard3
a1_sft_s3,a1_sft,1,3,sft,8000,355,0,0,0.0,libero_plus,4380.243052005768,c44283c652a1d43b04742220339217df59089453,outputs/cp3_eval/a1_sft_s3/shard3
a1_sft_s3,a1_sft,1,3,sft,8000,488,0,0,0.0,libero_plus,4380.243052005768,c44283c652a1d43b04742220339217df59089453,outputs/cp3_eval/a1_sft_s3/shard3
a1_sft_s3,a1_sft,1,3,sft,8000,546,0,0,0.0,libero_plus,4380.243052005768,c44283c652a1d43b04742220339217df59089453,outputs/cp3_eval/a1_sft_s3/shard3
a1_sft_s3,a1_sft,1,3,sft,8000,614,0,0,0.0,libero_plus,4380.243052005768,c44283c652a1d43b04742220339217df59089453,outputs/cp3_eval/a1_sft_s3/shard3
a1_sft_s3,a1_sft,1,3,sft,8000,737,0,0,0.0,libero_plus,4380.243052005768,c44283c652a1d43b04742220339217df59089453,outputs/cp3_eval/a1_sft_s3/shard3
a1_sft_s3,a1_sft,1,3,sft,8000,786,0,0,0.0,libero_plus,4380.243052005768,c44283c652a1d43b04742220339217df59089453,outputs/cp3_eval/a1_sft_s3/shard3
a1_sft_s3,a1_sft,1,3,sft,8000,871,0,0,0.0,libero_plus,4380.243052005768,c44283c652a1d43b04742220339217df59089453,outputs/cp3_eval/a1_sft_s3/shard3
a1_sft_s3,a1_sft,1,3,sft,8000,962,0,0,0.0,libero_plus,4380.243052005768,c44283c652a1d43b04742220339217df59089453,outputs/cp3_eval/a1_sft_s3/shard3
a1_sft_s3,a1_sft,1,3,sft,8000,974,0,0,0.0,libero_plus,4380.243052005768,c44283c652a1d43b04742220339217df59089453,outputs/cp3_eval/a1_sft_s3/shard3
a1_sft_s3,a1_sft,1,3,sft,8000,1069,0,0,0.0,libero_plus,4380.243052005768,c44283c652a1d43b04742220339217df59089453,outputs/cp3_eval/a1_sft_s3/shard3
a1_sft_s3,a1_sft,1,3,sft,8000,1194,0,0,0.0,libero_plus,4380.243052005768,c44283c652a1d43b04742220339217df59089453,outputs/cp3_eval/a1_sft_s3/shard3
a1_sft_s3,a1_sft,1,3,sft,8000,1213,0,0,0.0,libero_plus,4380.243052005768,c44283c652a1d43b04742220339217df59089453,outputs/cp3_eval/a1_sft_s3/shard3
a1_sft_s3,a1_sft,1,3,sft,8000,1279,0,0,0.0,libero_plus,4380.243052005768,c44283c652a1d43b04742220339217df59089453,outputs/cp3_eval/a1_sft_s3/shard3
a1_sft_s3,a1_sft,1,3,sft,8000,1356,0,0,0.0,libero_plus,4380.243052005768,c44283c652a1d43b04742220339217df59089453,outputs/cp3_eval/a1_sft_s3/shard3
a1_sft_s3,a1_sft,1,3,sft,8000,1449,0,0,0.0,libero_plus,4380.243052005768,c44283c652a1d43b04742220339217df59089453,outputs/cp3_eval/a1_sft_s3/shard3
a1_sft_s3,a1_sft,1,3,sft,8000,1572,0,0,0.0,libero_plus,4380.243052005768,c44283c652a1d43b04742220339217df59089453,outputs/cp3_eval/a1_sft_s3/shard3
a1_sft_s3,a1_sft,1,3,sft,8000,1608,0,0,0.0,libero_plus,4380.243052005768,c44283c652a1d43b04742220339217df59089453,outputs/cp3_eval/a1_sft_s3/shard3
a1_sft_s3,a1_sft,1,3,sft,8000,1672,0,0,0.0,libero_plus,4380.243052005768,c44283c652a1d43b04742220339217df59089453,outputs/cp3_eval/a1_sft_s3/shard3
a1_sft_s3,a1_sft,1,3,sft,8000,1727,0,0,0.0,libero_plus,4380.243052005768,c44283c652a1d43b04742220339217df59089453,outputs/cp3_eval/a1_sft_s3/shard3
a1_sft_s3,a1_sft,1,3,sft,8000,1794,0,0,0.0,libero_plus,4380.243052005768,c44283c652a1d43b04742220339217df59089453,outputs/cp3_eval/a1_sft_s3/shard3
a1_sft_s3,a1_sft,1,3,sft,8000,1864,0,0,0.0,libero_plus,4380.243052005768,c44283c652a1d43b04742220339217df59089453,outputs/cp3_eval/a1_sft_s3/shard3
a1_sft_s3,a1_sft,1,3,sft,8000,1945,0,0,0.0,libero_plus,4380.243052005768,c44283c652a1d43b04742220339217df59089453,outputs/cp3_eval/a1_sft_s3/shard3
a1_sft_s3,a1_sft,1,3,sft,8000,2035,0,0,0.0,libero_plus,4380.243052005768,c44283c652a1d43b04742220339217df59089453,outputs/cp3_eval/a1_sft_s3/shard3
a1_sft_s3,a1_sft,1,3,sft,8000,2065,0,0,0.0,libero_plus,4380.243052005768,c44283c652a1d43b04742220339217df59089453,outputs/cp3_eval/a1_sft_s3/shard3
a1_sft_s3,a1_sft,1,3,sft,8000,2153,0,0,0.0,libero_plus,4380.243052005768,c44283c652a1d43b04742220339217df59089453,outputs/cp3_eval/a1_sft_s3/shard3
a1_sft_s3,a1_sft,1,3,sft,8000,2207,0,0,0.0,libero_plus,4380.243052005768,c44283c652a1d43b04742220339217df59089453,outputs/cp3_eval/a1_sft_s3/shard3
a1_sft_s3,a1_sft,1,3,sft,8000,2321,0,0,0.0,libero_plus,4380.243052005768,c44283c652a1d43b04742220339217df59089453,outputs/cp3_eval/a1_sft_s3/shard3
a1_sft_s3,a1_sft,1,3,sft,8000,2359,0,0,0.0,libero_plus,4380.243052005768,c44283c652a1d43b04742220339217df59089453,outputs/cp3_eval/a1_sft_s3/shard3
a1_sft_s3,a1_sft,1,3,sft,8000,2405,0,1,1.0,libero_plus,4380.243052005768,c44283c652a1d43b04742220339217df59089453,outputs/cp3_eval/a1_sft_s3/shard3
a1_sft_s3,a1_sft,1,3,sft,8000,2464,0,0,0.0,libero_plus,4380.243052005768,c44283c652a1d43b04742220339217df59089453,outputs/cp3_eval/a1_sft_s3/shard3
a1_sft_s3,a1_sft,1,3,sft,8000,2497,0,0,0.0,libero_plus,4380.243052005768,c44283c652a1d43b04742220339217df59089453,outputs/cp3_eval/a1_sft_s3/shard3
a1_sft_s3,a1_sft,1,3,sft,8000,2539,0,0,0.0,libero_plus,4380.243052005768,c44283c652a1d43b04742220339217df59089453,outputs/cp3_eval/a1_sft_s3/shard3
a1_sft_s3,a1_sft,1,3,sft,8000,44,0,0,0.0,libero_plus,4380.243052005768,c44283c652a1d43b04742220339217df59089453,outputs/cp3_eval/a1_sft_s3/shard4
a1_sft_s3,a1_sft,1,3,sft,8000,94,0,0,0.0,libero_plus,4380.243052005768,c44283c652a1d43b04742220339217df59089453,outputs/cp3_eval/a1_sft_s3/shard4
a1_sft_s3,a1_sft,1,3,sft,8000,141,0,1,1.0,libero_plus,4380.243052005768,c44283c652a1d43b04742220339217df59089453,outputs/cp3_eval/a1_sft_s3/shard4
a1_sft_s3,a1_sft,1,3,sft,8000,226,0,0,0.0,libero_plus,4380.243052005768,c44283c652a1d43b04742220339217df59089453,outputs/cp3_eval/a1_sft_s3/shard4
a1_sft_s3,a1_sft,1,3,sft,8000,266,0,0,0.0,libero_plus,4380.243052005768,c44283c652a1d43b04742220339217df59089453,outputs/cp3_eval/a1_sft_s3/shard4
a1_sft_s3,a1_sft,1,3,sft,8000,304,0,0,0.0,libero_plus,4380.243052005768,c44283c652a1d43b04742220339217df59089453,outputs/cp3_eval/a1_sft_s3/shard4
a1_sft_s3,a1_sft,1,3,sft,8000,339,0,0,0.0,libero_plus,4380.243052005768,c44283c652a1d43b04742220339217df59089453,outputs/cp3_eval/a1_sft_s3/shard4
a1_sft_s3,a1_sft,1,3,sft,8000,365,0,0,0.0,libero_plus,4380.243052005768,c44283c652a1d43b04742220339217df59089453,outputs/cp3_eval/a1_sft_s3/shard4
a1_sft_s3,a1_sft,1,3,sft,8000,492,0,0,0.0,libero_plus,4380.243052005768,c44283c652a1d43b04742220339217df59089453,outputs/cp3_eval/a1_sft_s3/shard4
a1_sft_s3,a1_sft,1,3,sft,8000,556,0,0,0.0,libero_plus,4380.243052005768,c44283c652a1d43b04742220339217df59089453,outputs/cp3_eval/a1_sft_s3/shard4
a1_sft_s3,a1_sft,1,3,sft,8000,616,0,0,0.0,libero_plus,4380.243052005768,c44283c652a1d43b04742220339217df59089453,outputs/cp3_eval/a1_sft_s3/shard4
a1_sft_s3,a1_sft,1,3,sft,8000,740,0,0,0.0,libero_plus,4380.243052005768,c44283c652a1d43b04742220339217df59089453,outputs/cp3_eval/a1_sft_s3/shard4
a1_sft_s3,a1_sft,1,3,sft,8000,812,0,0,0.0,libero_plus,4380.243052005768,c44283c652a1d43b04742220339217df59089453,outputs/cp3_eval/a1_sft_s3/shard4
a1_sft_s3,a1_sft,1,3,sft,8000,882,0,0,0.0,libero_plus,4380.243052005768,c44283c652a1d43b04742220339217df59089453,outputs/cp3_eval/a1_sft_s3/shard4
a1_sft_s3,a1_sft,1,3,sft,8000,964,0,0,0.0,libero_plus,4380.243052005768,c44283c652a1d43b04742220339217df59089453,outputs/cp3_eval/a1_sft_s3/shard4
a1_sft_s3,a1_sft,1,3,sft,8000,978,0,0,0.0,libero_plus,4380.243052005768,c44283c652a1d43b04742220339217df59089453,outputs/cp3_eval/a1_sft_s3/shard4
a1_sft_s3,a1_sft,1,3,sft,8000,1117,0,0,0.0,libero_plus,4380.243052005768,c44283c652a1d43b04742220339217df59089453,outputs/cp3_eval/a1_sft_s3/shard4
a1_sft_s3,a1_sft,1,3,sft,8000,1196,0,0,0.0,libero_plus,4380.243052005768,c44283c652a1d43b04742220339217df59089453,outputs/cp3_eval/a1_sft_s3/shard4
a1_sft_s3,a1_sft,1,3,sft,8000,1239,0,0,0.0,libero_plus,4380.243052005768,c44283c652a1d43b04742220339217df59089453,outputs/cp3_eval/a1_sft_s3/shard4
a1_sft_s3,a1_sft,1,3,sft,8000,1286,0,0,0.0,libero_plus,4380.243052005768,c44283c652a1d43b04742220339217df59089453,outputs/cp3_eval/a1_sft_s3/shard4
a1_sft_s3,a1_sft,1,3,sft,8000,1378,0,0,0.0,libero_plus,4380.243052005768,c44283c652a1d43b04742220339217df59089453,outputs/cp3_eval/a1_sft_s3/shard4
a1_sft_s3,a1_sft,1,3,sft,8000,1455,0,0,0.0,libero_plus,4380.243052005768,c44283c652a1d43b04742220339217df59089453,outputs/cp3_eval/a1_sft_s3/shard4
a1_sft_s3,a1_sft,1,3,sft,8000,1577,0,0,0.0,libero_plus,4380.243052005768,c44283c652a1d43b04742220339217df59089453,outputs/cp3_eval/a1_sft_s3/shard4
a1_sft_s3,a1_sft,1,3,sft,8000,1621,0,0,0.0,libero_plus,4380.243052005768,c44283c652a1d43b04742220339217df59089453,outputs/cp3_eval/a1_sft_s3/shard4
a1_sft_s3,a1_sft,1,3,sft,8000,1681,0,0,0.0,libero_plus,4380.243052005768,c44283c652a1d43b04742220339217df59089453,outputs/cp3_eval/a1_sft_s3/shard4
a1_sft_s3,a1_sft,1,3,sft,8000,1729,0,0,0.0,libero_plus,4380.243052005768,c44283c652a1d43b04742220339217df59089453,outputs/cp3_eval/a1_sft_s3/shard4
a1_sft_s3,a1_sft,1,3,sft,8000,1803,0,0,0.0,libero_plus,4380.243052005768,c44283c652a1d43b04742220339217df59089453,outputs/cp3_eval/a1_sft_s3/shard4
a1_sft_s3,a1_sft,1,3,sft,8000,1882,0,0,0.0,libero_plus,4380.243052005768,c44283c652a1d43b04742220339217df59089453,outputs/cp3_eval/a1_sft_s3/shard4
a1_sft_s3,a1_sft,1,3,sft,8000,1959,0,0,0.0,libero_plus,4380.243052005768,c44283c652a1d43b04742220339217df59089453,outputs/cp3_eval/a1_sft_s3/shard4
a1_sft_s3,a1_sft,1,3,sft,8000,2037,0,0,0.0,libero_plus,4380.243052005768,c44283c652a1d43b04742220339217df59089453,outputs/cp3_eval/a1_sft_s3/shard4
a1_sft_s3,a1_sft,1,3,sft,8000,2081,0,0,0.0,libero_plus,4380.243052005768,c44283c652a1d43b04742220339217df59089453,outputs/cp3_eval/a1_sft_s3/shard4
a1_sft_s3,a1_sft,1,3,sft,8000,2179,0,0,0.0,libero_plus,4380.243052005768,c44283c652a1d43b04742220339217df59089453,outputs/cp3_eval/a1_sft_s3/shard4
a1_sft_s3,a1_sft,1,3,sft,8000,2222,0,1,1.0,libero_plus,4380.243052005768,c44283c652a1d43b04742220339217df59089453,outputs/cp3_eval/a1_sft_s3/shard4
a1_sft_s3,a1_sft,1,3,sft,8000,2332,0,0,0.0,libero_plus,4380.243052005768,c44283c652a1d43b04742220339217df59089453,outputs/cp3_eval/a1_sft_s3/shard4
a1_sft_s3,a1_sft,1,3,sft,8000,2363,0,0,0.0,libero_plus,4380.243052005768,c44283c652a1d43b04742220339217df59089453,outputs/cp3_eval/a1_sft_s3/shard4
a1_sft_s3,a1_sft,1,3,sft,8000,2406,0,0,0.0,libero_plus,4380.243052005768,c44283c652a1d43b04742220339217df59089453,outputs/cp3_eval/a1_sft_s3/shard4
a1_sft_s3,a1_sft,1,3,sft,8000,2465,0,0,0.0,libero_plus,4380.243052005768,c44283c652a1d43b04742220339217df59089453,outputs/cp3_eval/a1_sft_s3/shard4
a1_sft_s3,a1_sft,1,3,sft,8000,2504,0,0,0.0,libero_plus,4380.243052005768,c44283c652a1d43b04742220339217df59089453,outputs/cp3_eval/a1_sft_s3/shard4
a1_sft_s3,a1_sft,1,3,sft,8000,2569,0,0,0.0,libero_plus,4380.243052005768,c44283c652a1d43b04742220339217df59089453,outputs/cp3_eval/a1_sft_s3/shard4
a1_sft_s4,a1_sft,1,4,sft,8000,5,0,0,0.0,libero_plus,4320.86593413353,c44283c652a1d43b04742220339217df59089453,outputs/cp3_eval/a1_sft_s4/shard0
a1_sft_s4,a1_sft,1,4,sft,8000,64,0,0,0.0,libero_plus,4320.86593413353,c44283c652a1d43b04742220339217df59089453,outputs/cp3_eval/a1_sft_s4/shard0
a1_sft_s4,a1_sft,1,4,sft,8000,97,0,0,0.0,libero_plus,4320.86593413353,c44283c652a1d43b04742220339217df59089453,outputs/cp3_eval/a1_sft_s4/shard0
a1_sft_s4,a1_sft,1,4,sft,8000,152,0,0,0.0,libero_plus,4320.86593413353,c44283c652a1d43b04742220339217df59089453,outputs/cp3_eval/a1_sft_s4/shard0
a1_sft_s4,a1_sft,1,4,sft,8000,238,0,0,0.0,libero_plus,4320.86593413353,c44283c652a1d43b04742220339217df59089453,outputs/cp3_eval/a1_sft_s4/shard0
a1_sft_s4,a1_sft,1,4,sft,8000,270,0,0,0.0,libero_plus,4320.86593413353,c44283c652a1d43b04742220339217df59089453,outputs/cp3_eval/a1_sft_s4/shard0
a1_sft_s4,a1_sft,1,4,sft,8000,306,0,0,0.0,libero_plus,4320.86593413353,c44283c652a1d43b04742220339217df59089453,outputs/cp3_eval/a1_sft_s4/shard0
a1_sft_s4,a1_sft,1,4,sft,8000,340,0,0,0.0,libero_plus,4320.86593413353,c44283c652a1d43b04742220339217df59089453,outputs/cp3_eval/a1_sft_s4/shard0
a1_sft_s4,a1_sft,1,4,sft,8000,384,0,0,0.0,libero_plus,4320.86593413353,c44283c652a1d43b04742220339217df59089453,outputs/cp3_eval/a1_sft_s4/shard0
a1_sft_s4,a1_sft,1,4,sft,8000,493,0,0,0.0,libero_plus,4320.86593413353,c44283c652a1d43b04742220339217df59089453,outputs/cp3_eval/a1_sft_s4/shard0
a1_sft_s4,a1_sft,1,4,sft,8000,571,0,0,0.0,libero_plus,4320.86593413353,c44283c652a1d43b04742220339217df59089453,outputs/cp3_eval/a1_sft_s4/shard0
a1_sft_s4,a1_sft,1,4,sft,8000,664,0,0,0.0,libero_plus,4320.86593413353,c44283c652a1d43b04742220339217df59089453,outputs/cp3_eval/a1_sft_s4/shard0
a1_sft_s4,a1_sft,1,4,sft,8000,745,0,0,0.0,libero_plus,4320.86593413353,c44283c652a1d43b04742220339217df59089453,outputs/cp3_eval/a1_sft_s4/shard0
a1_sft_s4,a1_sft,1,4,sft,8000,814,0,0,0.0,libero_plus,4320.86593413353,c44283c652a1d43b04742220339217df59089453,outputs/cp3_eval/a1_sft_s4/shard0
a1_sft_s4,a1_sft,1,4,sft,8000,913,0,0,0.0,libero_plus,4320.86593413353,c44283c652a1d43b04742220339217df59089453,outputs/cp3_eval/a1_sft_s4/shard0
a1_sft_s4,a1_sft,1,4,sft,8000,968,0,0,0.0,libero_plus,4320.86593413353,c44283c652a1d43b04742220339217df59089453,outputs/cp3_eval/a1_sft_s4/shard0
a1_sft_s4,a1_sft,1,4,sft,8000,1025,0,0,0.0,libero_plus,4320.86593413353,c44283c652a1d43b04742220339217df59089453,outputs/cp3_eval/a1_sft_s4/shard0
a1_sft_s4,a1_sft,1,4,sft,8000,1126,0,0,0.0,libero_plus,4320.86593413353,c44283c652a1d43b04742220339217df59089453,outputs/cp3_eval/a1_sft_s4/shard0
a1_sft_s4,a1_sft,1,4,sft,8000,1209,0,0,0.0,libero_plus,4320.86593413353,c44283c652a1d43b04742220339217df59089453,outputs/cp3_eval/a1_sft_s4/shard0
a1_sft_s4,a1_sft,1,4,sft,8000,1243,0,0,0.0,libero_plus,4320.86593413353,c44283c652a1d43b04742220339217df59089453,outputs/cp3_eval/a1_sft_s4/shard0
a1_sft_s4,a1_sft,1,4,sft,8000,1304,0,0,0.0,libero_plus,4320.86593413353,c44283c652a1d43b04742220339217df59089453,outputs/cp3_eval/a1_sft_s4/shard0
a1_sft_s4,a1_sft,1,4,sft,8000,1394,0,0,0.0,libero_plus,4320.86593413353,c44283c652a1d43b04742220339217df59089453,outputs/cp3_eval/a1_sft_s4/shard0
a1_sft_s4,a1_sft,1,4,sft,8000,1466,0,0,0.0,libero_plus,4320.86593413353,c44283c652a1d43b04742220339217df59089453,outputs/cp3_eval/a1_sft_s4/shard0
a1_sft_s4,a1_sft,1,4,sft,8000,1591,0,0,0.0,libero_plus,4320.86593413353,c44283c652a1d43b04742220339217df59089453,outputs/cp3_eval/a1_sft_s4/shard0
a1_sft_s4,a1_sft,1,4,sft,8000,1625,0,0,0.0,libero_plus,4320.86593413353,c44283c652a1d43b04742220339217df59089453,outputs/cp3_eval/a1_sft_s4/shard0
a1_sft_s4,a1_sft,1,4,sft,8000,1695,0,0,0.0,libero_plus,4320.86593413353,c44283c652a1d43b04742220339217df59089453,outputs/cp3_eval/a1_sft_s4/shard0
a1_sft_s4,a1_sft,1,4,sft,8000,1759,0,0,0.0,libero_plus,4320.86593413353,c44283c652a1d43b04742220339217df59089453,outputs/cp3_eval/a1_sft_s4/shard0
a1_sft_s4,a1_sft,1,4,sft,8000,1811,0,0,0.0,libero_plus,4320.86593413353,c44283c652a1d43b04742220339217df59089453,outputs/cp3_eval/a1_sft_s4/shard0
a1_sft_s4,a1_sft,1,4,sft,8000,1887,0,0,0.0,libero_plus,4320.86593413353,c44283c652a1d43b04742220339217df59089453,outputs/cp3_eval/a1_sft_s4/shard0
a1_sft_s4,a1_sft,1,4,sft,8000,1995,0,0,0.0,libero_plus,4320.86593413353,c44283c652a1d43b04742220339217df59089453,outputs/cp3_eval/a1_sft_s4/shard0
a1_sft_s4,a1_sft,1,4,sft,8000,2045,0,0,0.0,libero_plus,4320.86593413353,c44283c652a1d43b04742220339217df59089453,outputs/cp3_eval/a1_sft_s4/shard0
a1_sft_s4,a1_sft,1,4,sft,8000,2093,0,0,0.0,libero_plus,4320.86593413353,c44283c652a1d43b04742220339217df59089453,outputs/cp3_eval/a1_sft_s4/shard0
a1_sft_s4,a1_sft,1,4,sft,8000,2180,0,0,0.0,libero_plus,4320.86593413353,c44283c652a1d43b04742220339217df59089453,outputs/cp3_eval/a1_sft_s4/shard0
a1_sft_s4,a1_sft,1,4,sft,8000,2235,0,0,0.0,libero_plus,4320.86593413353,c44283c652a1d43b04742220339217df59089453,outputs/cp3_eval/a1_sft_s4/shard0
a1_sft_s4,a1_sft,1,4,sft,8000,2338,0,0,0.0,libero_plus,4320.86593413353,c44283c652a1d43b04742220339217df59089453,outputs/cp3_eval/a1_sft_s4/shard0
a1_sft_s4,a1_sft,1,4,sft,8000,2377,0,0,0.0,libero_plus,4320.86593413353,c44283c652a1d43b04742220339217df59089453,outputs/cp3_eval/a1_sft_s4/shard0
a1_sft_s4,a1_sft,1,4,sft,8000,2411,0,0,0.0,libero_plus,4320.86593413353,c44283c652a1d43b04742220339217df59089453,outputs/cp3_eval/a1_sft_s4/shard0
a1_sft_s4,a1_sft,1,4,sft,8000,2488,0,0,0.0,libero_plus,4320.86593413353,c44283c652a1d43b04742220339217df59089453,outputs/cp3_eval/a1_sft_s4/shard0
a1_sft_s4,a1_sft,1,4,sft,8000,2513,0,0,0.0,libero_plus,4320.86593413353,c44283c652a1d43b04742220339217df59089453,outputs/cp3_eval/a1_sft_s4/shard0
a1_sft_s4,a1_sft,1,4,sft,8000,2578,0,0,0.0,libero_plus,4320.86593413353,c44283c652a1d43b04742220339217df59089453,outputs/cp3_eval/a1_sft_s4/shard0
a1_sft_s4,a1_sft,1,4,sft,8000,31,0,0,0.0,libero_plus,4320.86593413353,c44283c652a1d43b04742220339217df59089453,outputs/cp3_eval/a1_sft_s4/shard1
a1_sft_s4,a1_sft,1,4,sft,8000,70,0,0,0.0,libero_plus,4320.86593413353,c44283c652a1d43b04742220339217df59089453,outputs/cp3_eval/a1_sft_s4/shard1
a1_sft_s4,a1_sft,1,4,sft,8000,106,0,0,0.0,libero_plus,4320.86593413353,c44283c652a1d43b04742220339217df59089453,outputs/cp3_eval/a1_sft_s4/shard1
a1_sft_s4,a1_sft,1,4,sft,8000,164,0,0,0.0,libero_plus,4320.86593413353,c44283c652a1d43b04742220339217df59089453,outputs/cp3_eval/a1_sft_s4/shard1
a1_sft_s4,a1_sft,1,4,sft,8000,242,0,0,0.0,libero_plus,4320.86593413353,c44283c652a1d43b04742220339217df59089453,outputs/cp3_eval/a1_sft_s4/shard1
a1_sft_s4,a1_sft,1,4,sft,8000,273,0,0,0.0,libero_plus,4320.86593413353,c44283c652a1d43b04742220339217df59089453,outputs/cp3_eval/a1_sft_s4/shard1
a1_sft_s4,a1_sft,1,4,sft,8000,315,0,0,0.0,libero_plus,4320.86593413353,c44283c652a1d43b04742220339217df59089453,outputs/cp3_eval/a1_sft_s4/shard1
a1_sft_s4,a1_sft,1,4,sft,8000,346,0,0,0.0,libero_plus,4320.86593413353,c44283c652a1d43b04742220339217df59089453,outputs/cp3_eval/a1_sft_s4/shard1
a1_sft_s4,a1_sft,1,4,sft,8000,392,0,0,0.0,libero_plus,4320.86593413353,c44283c652a1d43b04742220339217df59089453,outputs/cp3_eval/a1_sft_s4/shard1
a1_sft_s4,a1_sft,1,4,sft,8000,517,0,0,0.0,libero_plus,4320.86593413353,c44283c652a1d43b04742220339217df59089453,outputs/cp3_eval/a1_sft_s4/shard1
a1_sft_s4,a1_sft,1,4,sft,8000,608,0,0,0.0,libero_plus,4320.86593413353,c44283c652a1d43b04742220339217df59089453,outputs/cp3_eval/a1_sft_s4/shard1
a1_sft_s4,a1_sft,1,4,sft,8000,706,0,0,0.0,libero_plus,4320.86593413353,c44283c652a1d43b04742220339217df59089453,outputs/cp3_eval/a1_sft_s4/shard1
a1_sft_s4,a1_sft,1,4,sft,8000,754,0,0,0.0,libero_plus,4320.86593413353,c44283c652a1d43b04742220339217df59089453,outputs/cp3_eval/a1_sft_s4/shard1
a1_sft_s4,a1_sft,1,4,sft,8000,829,0,0,0.0,libero_plus,4320.86593413353,c44283c652a1d43b04742220339217df59089453,outputs/cp3_eval/a1_sft_s4/shard1
a1_sft_s4,a1_sft,1,4,sft,8000,934,0,0,0.0,libero_plus,4320.86593413353,c44283c652a1d43b04742220339217df59089453,outputs/cp3_eval/a1_sft_s4/shard1
a1_sft_s4,a1_sft,1,4,sft,8000,969,0,0,0.0,libero_plus,4320.86593413353,c44283c652a1d43b04742220339217df59089453,outputs/cp3_eval/a1_sft_s4/shard1
a1_sft_s4,a1_sft,1,4,sft,8000,1042,0,0,0.0,libero_plus,4320.86593413353,c44283c652a1d43b04742220339217df59089453,outputs/cp3_eval/a1_sft_s4/shard1
a1_sft_s4,a1_sft,1,4,sft,8000,1139,0,0,0.0,libero_plus,4320.86593413353,c44283c652a1d43b04742220339217df59089453,outputs/cp3_eval/a1_sft_s4/shard1
a1_sft_s4,a1_sft,1,4,sft,8000,1210,0,0,0.0,libero_plus,4320.86593413353,c44283c652a1d43b04742220339217df59089453,outputs/cp3_eval/a1_sft_s4/shard1
a1_sft_s4,a1_sft,1,4,sft,8000,1246,0,0,0.0,libero_plus,4320.86593413353,c44283c652a1d43b04742220339217df59089453,outputs/cp3_eval/a1_sft_s4/shard1
a1_sft_s4,a1_sft,1,4,sft,8000,1308,0,0,0.0,libero_plus,4320.86593413353,c44283c652a1d43b04742220339217df59089453,outputs/cp3_eval/a1_sft_s4/shard1
a1_sft_s4,a1_sft,1,4,sft,8000,1399,0,0,0.0,libero_plus,4320.86593413353,c44283c652a1d43b04742220339217df59089453,outputs/cp3_eval/a1_sft_s4/shard1
a1_sft_s4,a1_sft,1,4,sft,8000,1503,0,0,0.0,libero_plus,4320.86593413353,c44283c652a1d43b04742220339217df59089453,outputs/cp3_eval/a1_sft_s4/shard1
a1_sft_s4,a1_sft,1,4,sft,8000,1592,0,0,0.0,libero_plus,4320.86593413353,c44283c652a1d43b04742220339217df59089453,outputs/cp3_eval/a1_sft_s4/shard1
a1_sft_s4,a1_sft,1,4,sft,8000,1634,0,0,0.0,libero_plus,4320.86593413353,c44283c652a1d43b04742220339217df59089453,outputs/cp3_eval/a1_sft_s4/shard1
a1_sft_s4,a1_sft,1,4,sft,8000,1714,0,0,0.0,libero_plus,4320.86593413353,c44283c652a1d43b04742220339217df59089453,outputs/cp3_eval/a1_sft_s4/shard1
a1_sft_s4,a1_sft,1,4,sft,8000,1770,0,0,0.0,libero_plus,4320.86593413353,c44283c652a1d43b04742220339217df59089453,outputs/cp3_eval/a1_sft_s4/shard1
a1_sft_s4,a1_sft,1,4,sft,8000,1852,0,0,0.0,libero_plus,4320.86593413353,c44283c652a1d43b04742220339217df59089453,outputs/cp3_eval/a1_sft_s4/shard1
a1_sft_s4,a1_sft,1,4,sft,8000,1922,0,0,0.0,libero_plus,4320.86593413353,c44283c652a1d43b04742220339217df59089453,outputs/cp3_eval/a1_sft_s4/shard1
a1_sft_s4,a1_sft,1,4,sft,8000,2016,0,0,0.0,libero_plus,4320.86593413353,c44283c652a1d43b04742220339217df59089453,outputs/cp3_eval/a1_sft_s4/shard1
a1_sft_s4,a1_sft,1,4,sft,8000,2052,0,0,0.0,libero_plus,4320.86593413353,c44283c652a1d43b04742220339217df59089453,outputs/cp3_eval/a1_sft_s4/shard1
a1_sft_s4,a1_sft,1,4,sft,8000,2128,0,0,0.0,libero_plus,4320.86593413353,c44283c652a1d43b04742220339217df59089453,outputs/cp3_eval/a1_sft_s4/shard1
a1_sft_s4,a1_sft,1,4,sft,8000,2185,0,0,0.0,libero_plus,4320.86593413353,c44283c652a1d43b04742220339217df59089453,outputs/cp3_eval/a1_sft_s4/shard1
a1_sft_s4,a1_sft,1,4,sft,8000,2255,0,0,0.0,libero_plus,4320.86593413353,c44283c652a1d43b04742220339217df59089453,outputs/cp3_eval/a1_sft_s4/shard1
a1_sft_s4,a1_sft,1,4,sft,8000,2346,0,0,0.0,libero_plus,4320.86593413353,c44283c652a1d43b04742220339217df59089453,outputs/cp3_eval/a1_sft_s4/shard1
a1_sft_s4,a1_sft,1,4,sft,8000,2382,0,0,0.0,libero_plus,4320.86593413353,c44283c652a1d43b04742220339217df59089453,outputs/cp3_eval/a1_sft_s4/shard1
a1_sft_s4,a1_sft,1,4,sft,8000,2413,0,0,0.0,libero_plus,4320.86593413353,c44283c652a1d43b04742220339217df59089453,outputs/cp3_eval/a1_sft_s4/shard1
a1_sft_s4,a1_sft,1,4,sft,8000,2491,0,0,0.0,libero_plus,4320.86593413353,c44283c652a1d43b04742220339217df59089453,outputs/cp3_eval/a1_sft_s4/shard1
a1_sft_s4,a1_sft,1,4,sft,8000,2516,0,0,0.0,libero_plus,4320.86593413353,c44283c652a1d43b04742220339217df59089453,outputs/cp3_eval/a1_sft_s4/shard1
a1_sft_s4,a1_sft,1,4,sft,8000,39,0,0,0.0,libero_plus,4320.86593413353,c44283c652a1d43b04742220339217df59089453,outputs/cp3_eval/a1_sft_s4/shard2
a1_sft_s4,a1_sft,1,4,sft,8000,74,0,0,0.0,libero_plus,4320.86593413353,c44283c652a1d43b04742220339217df59089453,outputs/cp3_eval/a1_sft_s4/shard2
a1_sft_s4,a1_sft,1,4,sft,8000,117,0,0,0.0,libero_plus,4320.86593413353,c44283c652a1d43b04742220339217df59089453,outputs/cp3_eval/a1_sft_s4/shard2
a1_sft_s4,a1_sft,1,4,sft,8000,173,0,0,0.0,libero_plus,4320.86593413353,c44283c652a1d43b04742220339217df59089453,outputs/cp3_eval/a1_sft_s4/shard2
a1_sft_s4,a1_sft,1,4,sft,8000,250,0,0,0.0,libero_plus,4320.86593413353,c44283c652a1d43b04742220339217df59089453,outputs/cp3_eval/a1_sft_s4/shard2
a1_sft_s4,a1_sft,1,4,sft,8000,277,0,0,0.0,libero_plus,4320.86593413353,c44283c652a1d43b04742220339217df59089453,outputs/cp3_eval/a1_sft_s4/shard2
a1_sft_s4,a1_sft,1,4,sft,8000,332,0,0,0.0,libero_plus,4320.86593413353,c44283c652a1d43b04742220339217df59089453,outputs/cp3_eval/a1_sft_s4/shard2
a1_sft_s4,a1_sft,1,4,sft,8000,352,0,0,0.0,libero_plus,4320.86593413353,c44283c652a1d43b04742220339217df59089453,outputs/cp3_eval/a1_sft_s4/shard2
a1_sft_s4,a1_sft,1,4,sft,8000,484,0,0,0.0,libero_plus,4320.86593413353,c44283c652a1d43b04742220339217df59089453,outputs/cp3_eval/a1_sft_s4/shard2
a1_sft_s4,a1_sft,1,4,sft,8000,523,0,0,0.0,libero_plus,4320.86593413353,c44283c652a1d43b04742220339217df59089453,outputs/cp3_eval/a1_sft_s4/shard2
a1_sft_s4,a1_sft,1,4,sft,8000,611,0,0,0.0,libero_plus,4320.86593413353,c44283c652a1d43b04742220339217df59089453,outputs/cp3_eval/a1_sft_s4/shard2
a1_sft_s4,a1_sft,1,4,sft,8000,734,0,0,0.0,libero_plus,4320.86593413353,c44283c652a1d43b04742220339217df59089453,outputs/cp3_eval/a1_sft_s4/shard2
a1_sft_s4,a1_sft,1,4,sft,8000,758,0,0,0.0,libero_plus,4320.86593413353,c44283c652a1d43b04742220339217df59089453,outputs/cp3_eval/a1_sft_s4/shard2
a1_sft_s4,a1_sft,1,4,sft,8000,836,0,0,0.0,libero_plus,4320.86593413353,c44283c652a1d43b04742220339217df59089453,outputs/cp3_eval/a1_sft_s4/shard2
a1_sft_s4,a1_sft,1,4,sft,8000,950,0,0,0.0,libero_plus,4320.86593413353,c44283c652a1d43b04742220339217df59089453,outputs/cp3_eval/a1_sft_s4/shard2
a1_sft_s4,a1_sft,1,4,sft,8000,973,0,0,0.0,libero_plus,4320.86593413353,c44283c652a1d43b04742220339217df59089453,outputs/cp3_eval/a1_sft_s4/shard2
a1_sft_s4,a1_sft,1,4,sft,8000,1058,0,0,0.0,libero_plus,4320.86593413353,c44283c652a1d43b04742220339217df59089453,outputs/cp3_eval/a1_sft_s4/shard2
a1_sft_s4,a1_sft,1,4,sft,8000,1171,0,0,0.0,libero_plus,4320.86593413353,c44283c652a1d43b04742220339217df59089453,outputs/cp3_eval/a1_sft_s4/shard2
a1_sft_s4,a1_sft,1,4,sft,8000,1211,0,0,0.0,libero_plus,4320.86593413353,c44283c652a1d43b04742220339217df59089453,outputs/cp3_eval/a1_sft_s4/shard2
a1_sft_s4,a1_sft,1,4,sft,8000,1267,0,0,0.0,libero_plus,4320.86593413353,c44283c652a1d43b04742220339217df59089453,outputs/cp3_eval/a1_sft_s4/shard2
a1_sft_s4,a1_sft,1,4,sft,8000,1355,0,0,0.0,libero_plus,4320.86593413353,c44283c652a1d43b04742220339217df59089453,outputs/cp3_eval/a1_sft_s4/shard2
a1_sft_s4,a1_sft,1,4,sft,8000,1422,0,0,0.0,libero_plus,4320.86593413353,c44283c652a1d43b04742220339217df59089453,outputs/cp3_eval/a1_sft_s4/shard2
a1_sft_s4,a1_sft,1,4,sft,8000,1567,0,0,0.0,libero_plus,4320.86593413353,c44283c652a1d43b04742220339217df59089453,outputs/cp3_eval/a1_sft_s4/shard2
a1_sft_s4,a1_sft,1,4,sft,8000,1595,0,0,0.0,libero_plus,4320.86593413353,c44283c652a1d43b04742220339217df59089453,outputs/cp3_eval/a1_sft_s4/shard2
a1_sft_s4,a1_sft,1,4,sft,8000,1642,0,0,0.0,libero_plus,4320.86593413353,c44283c652a1d43b04742220339217df59089453,outputs/cp3_eval/a1_sft_s4/shard2
a1_sft_s4,a1_sft,1,4,sft,8000,1718,0,0,0.0,libero_plus,4320.86593413353,c44283c652a1d43b04742220339217df59089453,outputs/cp3_eval/a1_sft_s4/shard2
a1_sft_s4,a1_sft,1,4,sft,8000,1791,0,0,0.0,libero_plus,4320.86593413353,c44283c652a1d43b04742220339217df59089453,outputs/cp3_eval/a1_sft_s4/shard2
a1_sft_s4,a1_sft,1,4,sft,8000,1860,0,0,0.0,libero_plus,4320.86593413353,c44283c652a1d43b04742220339217df59089453,outputs/cp3_eval/a1_sft_s4/shard2
a1_sft_s4,a1_sft,1,4,sft,8000,1940,0,0,0.0,libero_plus,4320.86593413353,c44283c652a1d43b04742220339217df59089453,outputs/cp3_eval/a1_sft_s4/shard2
a1_sft_s4,a1_sft,1,4,sft,8000,2034,0,0,0.0,libero_plus,4320.86593413353,c44283c652a1d43b04742220339217df59089453,outputs/cp3_eval/a1_sft_s4/shard2
a1_sft_s4,a1_sft,1,4,sft,8000,2056,0,0,0.0,libero_plus,4320.86593413353,c44283c652a1d43b04742220339217df59089453,outputs/cp3_eval/a1_sft_s4/shard2
a1_sft_s4,a1_sft,1,4,sft,8000,2139,0,0,0.0,libero_plus,4320.86593413353,c44283c652a1d43b04742220339217df59089453,outputs/cp3_eval/a1_sft_s4/shard2
a1_sft_s4,a1_sft,1,4,sft,8000,2203,0,0,0.0,libero_plus,4320.86593413353,c44283c652a1d43b04742220339217df59089453,outputs/cp3_eval/a1_sft_s4/shard2
a1_sft_s4,a1_sft,1,4,sft,8000,2262,0,0,0.0,libero_plus,4320.86593413353,c44283c652a1d43b04742220339217df59089453,outputs/cp3_eval/a1_sft_s4/shard2
a1_sft_s4,a1_sft,1,4,sft,8000,2350,0,0,0.0,libero_plus,4320.86593413353,c44283c652a1d43b04742220339217df59089453,outputs/cp3_eval/a1_sft_s4/shard2
a1_sft_s4,a1_sft,1,4,sft,8000,2388,0,0,0.0,libero_plus,4320.86593413353,c44283c652a1d43b04742220339217df59089453,outputs/cp3_eval/a1_sft_s4/shard2
a1_sft_s4,a1_sft,1,4,sft,8000,2446,0,1,1.0,libero_plus,4320.86593413353,c44283c652a1d43b04742220339217df59089453,outputs/cp3_eval/a1_sft_s4/shard2
a1_sft_s4,a1_sft,1,4,sft,8000,2494,0,0,0.0,libero_plus,4320.86593413353,c44283c652a1d43b04742220339217df59089453,outputs/cp3_eval/a1_sft_s4/shard2
a1_sft_s4,a1_sft,1,4,sft,8000,2528,0,0,0.0,libero_plus,4320.86593413353,c44283c652a1d43b04742220339217df59089453,outputs/cp3_eval/a1_sft_s4/shard2
a1_sft_s4,a1_sft,1,4,sft,8000,41,0,0,0.0,libero_plus,4320.86593413353,c44283c652a1d43b04742220339217df59089453,outputs/cp3_eval/a1_sft_s4/shard3
a1_sft_s4,a1_sft,1,4,sft,8000,83,0,0,0.0,libero_plus,4320.86593413353,c44283c652a1d43b04742220339217df59089453,outputs/cp3_eval/a1_sft_s4/shard3
a1_sft_s4,a1_sft,1,4,sft,8000,124,0,0,0.0,libero_plus,4320.86593413353,c44283c652a1d43b04742220339217df59089453,outputs/cp3_eval/a1_sft_s4/shard3
a1_sft_s4,a1_sft,1,4,sft,8000,214,0,0,0.0,libero_plus,4320.86593413353,c44283c652a1d43b04742220339217df59089453,outputs/cp3_eval/a1_sft_s4/shard3
a1_sft_s4,a1_sft,1,4,sft,8000,265,0,0,0.0,libero_plus,4320.86593413353,c44283c652a1d43b04742220339217df59089453,outputs/cp3_eval/a1_sft_s4/shard3
a1_sft_s4,a1_sft,1,4,sft,8000,291,0,0,0.0,libero_plus,4320.86593413353,c44283c652a1d43b04742220339217df59089453,outputs/cp3_eval/a1_sft_s4/shard3
a1_sft_s4,a1_sft,1,4,sft,8000,337,0,0,0.0,libero_plus,4320.86593413353,c44283c652a1d43b04742220339217df59089453,outputs/cp3_eval/a1_sft_s4/shard3
a1_sft_s4,a1_sft,1,4,sft,8000,355,0,0,0.0,libero_plus,4320.86593413353,c44283c652a1d43b04742220339217df59089453,outputs/cp3_eval/a1_sft_s4/shard3
a1_sft_s4,a1_sft,1,4,sft,8000,488,0,0,0.0,libero_plus,4320.86593413353,c44283c652a1d43b04742220339217df59089453,outputs/cp3_eval/a1_sft_s4/shard3
a1_sft_s4,a1_sft,1,4,sft,8000,546,0,0,0.0,libero_plus,4320.86593413353,c44283c652a1d43b04742220339217df59089453,outputs/cp3_eval/a1_sft_s4/shard3
a1_sft_s4,a1_sft,1,4,sft,8000,614,0,0,0.0,libero_plus,4320.86593413353,c44283c652a1d43b04742220339217df59089453,outputs/cp3_eval/a1_sft_s4/shard3
a1_sft_s4,a1_sft,1,4,sft,8000,737,0,0,0.0,libero_plus,4320.86593413353,c44283c652a1d43b04742220339217df59089453,outputs/cp3_eval/a1_sft_s4/shard3
a1_sft_s4,a1_sft,1,4,sft,8000,786,0,0,0.0,libero_plus,4320.86593413353,c44283c652a1d43b04742220339217df59089453,outputs/cp3_eval/a1_sft_s4/shard3
a1_sft_s4,a1_sft,1,4,sft,8000,871,0,0,0.0,libero_plus,4320.86593413353,c44283c652a1d43b04742220339217df59089453,outputs/cp3_eval/a1_sft_s4/shard3
a1_sft_s4,a1_sft,1,4,sft,8000,962,0,0,0.0,libero_plus,4320.86593413353,c44283c652a1d43b04742220339217df59089453,outputs/cp3_eval/a1_sft_s4/shard3
a1_sft_s4,a1_sft,1,4,sft,8000,974,0,0,0.0,libero_plus,4320.86593413353,c44283c652a1d43b04742220339217df59089453,outputs/cp3_eval/a1_sft_s4/shard3
a1_sft_s4,a1_sft,1,4,sft,8000,1069,0,0,0.0,libero_plus,4320.86593413353,c44283c652a1d43b04742220339217df59089453,outputs/cp3_eval/a1_sft_s4/shard3
a1_sft_s4,a1_sft,1,4,sft,8000,1194,0,0,0.0,libero_plus,4320.86593413353,c44283c652a1d43b04742220339217df59089453,outputs/cp3_eval/a1_sft_s4/shard3
a1_sft_s4,a1_sft,1,4,sft,8000,1213,0,0,0.0,libero_plus,4320.86593413353,c44283c652a1d43b04742220339217df59089453,outputs/cp3_eval/a1_sft_s4/shard3
a1_sft_s4,a1_sft,1,4,sft,8000,1279,0,0,0.0,libero_plus,4320.86593413353,c44283c652a1d43b04742220339217df59089453,outputs/cp3_eval/a1_sft_s4/shard3
a1_sft_s4,a1_sft,1,4,sft,8000,1356,0,0,0.0,libero_plus,4320.86593413353,c44283c652a1d43b04742220339217df59089453,outputs/cp3_eval/a1_sft_s4/shard3
a1_sft_s4,a1_sft,1,4,sft,8000,1449,0,0,0.0,libero_plus,4320.86593413353,c44283c652a1d43b04742220339217df59089453,outputs/cp3_eval/a1_sft_s4/shard3
a1_sft_s4,a1_sft,1,4,sft,8000,1572,0,0,0.0,libero_plus,4320.86593413353,c44283c652a1d43b04742220339217df59089453,outputs/cp3_eval/a1_sft_s4/shard3
a1_sft_s4,a1_sft,1,4,sft,8000,1608,0,0,0.0,libero_plus,4320.86593413353,c44283c652a1d43b04742220339217df59089453,outputs/cp3_eval/a1_sft_s4/shard3
a1_sft_s4,a1_sft,1,4,sft,8000,1672,0,0,0.0,libero_plus,4320.86593413353,c44283c652a1d43b04742220339217df59089453,outputs/cp3_eval/a1_sft_s4/shard3
a1_sft_s4,a1_sft,1,4,sft,8000,1727,0,0,0.0,libero_plus,4320.86593413353,c44283c652a1d43b04742220339217df59089453,outputs/cp3_eval/a1_sft_s4/shard3
a1_sft_s4,a1_sft,1,4,sft,8000,1794,0,0,0.0,libero_plus,4320.86593413353,c44283c652a1d43b04742220339217df59089453,outputs/cp3_eval/a1_sft_s4/shard3
a1_sft_s4,a1_sft,1,4,sft,8000,1864,0,0,0.0,libero_plus,4320.86593413353,c44283c652a1d43b04742220339217df59089453,outputs/cp3_eval/a1_sft_s4/shard3
a1_sft_s4,a1_sft,1,4,sft,8000,1945,0,0,0.0,libero_plus,4320.86593413353,c44283c652a1d43b04742220339217df59089453,outputs/cp3_eval/a1_sft_s4/shard3
a1_sft_s4,a1_sft,1,4,sft,8000,2035,0,0,0.0,libero_plus,4320.86593413353,c44283c652a1d43b04742220339217df59089453,outputs/cp3_eval/a1_sft_s4/shard3
a1_sft_s4,a1_sft,1,4,sft,8000,2065,0,0,0.0,libero_plus,4320.86593413353,c44283c652a1d43b04742220339217df59089453,outputs/cp3_eval/a1_sft_s4/shard3
a1_sft_s4,a1_sft,1,4,sft,8000,2153,0,0,0.0,libero_plus,4320.86593413353,c44283c652a1d43b04742220339217df59089453,outputs/cp3_eval/a1_sft_s4/shard3
a1_sft_s4,a1_sft,1,4,sft,8000,2207,0,0,0.0,libero_plus,4320.86593413353,c44283c652a1d43b04742220339217df59089453,outputs/cp3_eval/a1_sft_s4/shard3
a1_sft_s4,a1_sft,1,4,sft,8000,2321,0,0,0.0,libero_plus,4320.86593413353,c44283c652a1d43b04742220339217df59089453,outputs/cp3_eval/a1_sft_s4/shard3
a1_sft_s4,a1_sft,1,4,sft,8000,2359,0,0,0.0,libero_plus,4320.86593413353,c44283c652a1d43b04742220339217df59089453,outputs/cp3_eval/a1_sft_s4/shard3
a1_sft_s4,a1_sft,1,4,sft,8000,2405,0,0,0.0,libero_plus,4320.86593413353,c44283c652a1d43b04742220339217df59089453,outputs/cp3_eval/a1_sft_s4/shard3
a1_sft_s4,a1_sft,1,4,sft,8000,2464,0,0,0.0,libero_plus,4320.86593413353,c44283c652a1d43b04742220339217df59089453,outputs/cp3_eval/a1_sft_s4/shard3
a1_sft_s4,a1_sft,1,4,sft,8000,2497,0,0,0.0,libero_plus,4320.86593413353,c44283c652a1d43b04742220339217df59089453,outputs/cp3_eval/a1_sft_s4/shard3
a1_sft_s4,a1_sft,1,4,sft,8000,2539,0,1,1.0,libero_plus,4320.86593413353,c44283c652a1d43b04742220339217df59089453,outputs/cp3_eval/a1_sft_s4/shard3
a1_sft_s4,a1_sft,1,4,sft,8000,44,0,0,0.0,libero_plus,4320.86593413353,c44283c652a1d43b04742220339217df59089453,outputs/cp3_eval/a1_sft_s4/shard4
a1_sft_s4,a1_sft,1,4,sft,8000,94,0,0,0.0,libero_plus,4320.86593413353,c44283c652a1d43b04742220339217df59089453,outputs/cp3_eval/a1_sft_s4/shard4
a1_sft_s4,a1_sft,1,4,sft,8000,141,0,0,0.0,libero_plus,4320.86593413353,c44283c652a1d43b04742220339217df59089453,outputs/cp3_eval/a1_sft_s4/shard4
a1_sft_s4,a1_sft,1,4,sft,8000,226,0,0,0.0,libero_plus,4320.86593413353,c44283c652a1d43b04742220339217df59089453,outputs/cp3_eval/a1_sft_s4/shard4
a1_sft_s4,a1_sft,1,4,sft,8000,266,0,0,0.0,libero_plus,4320.86593413353,c44283c652a1d43b04742220339217df59089453,outputs/cp3_eval/a1_sft_s4/shard4
a1_sft_s4,a1_sft,1,4,sft,8000,304,0,0,0.0,libero_plus,4320.86593413353,c44283c652a1d43b04742220339217df59089453,outputs/cp3_eval/a1_sft_s4/shard4
a1_sft_s4,a1_sft,1,4,sft,8000,339,0,0,0.0,libero_plus,4320.86593413353,c44283c652a1d43b04742220339217df59089453,outputs/cp3_eval/a1_sft_s4/shard4
a1_sft_s4,a1_sft,1,4,sft,8000,365,0,0,0.0,libero_plus,4320.86593413353,c44283c652a1d43b04742220339217df59089453,outputs/cp3_eval/a1_sft_s4/shard4
a1_sft_s4,a1_sft,1,4,sft,8000,492,0,0,0.0,libero_plus,4320.86593413353,c44283c652a1d43b04742220339217df59089453,outputs/cp3_eval/a1_sft_s4/shard4
a1_sft_s4,a1_sft,1,4,sft,8000,556,0,0,0.0,libero_plus,4320.86593413353,c44283c652a1d43b04742220339217df59089453,outputs/cp3_eval/a1_sft_s4/shard4
a1_sft_s4,a1_sft,1,4,sft,8000,616,0,0,0.0,libero_plus,4320.86593413353,c44283c652a1d43b04742220339217df59089453,outputs/cp3_eval/a1_sft_s4/shard4
a1_sft_s4,a1_sft,1,4,sft,8000,740,0,0,0.0,libero_plus,4320.86593413353,c44283c652a1d43b04742220339217df59089453,outputs/cp3_eval/a1_sft_s4/shard4
a1_sft_s4,a1_sft,1,4,sft,8000,812,0,0,0.0,libero_plus,4320.86593413353,c44283c652a1d43b04742220339217df59089453,outputs/cp3_eval/a1_sft_s4/shard4
a1_sft_s4,a1_sft,1,4,sft,8000,882,0,0,0.0,libero_plus,4320.86593413353,c44283c652a1d43b04742220339217df59089453,outputs/cp3_eval/a1_sft_s4/shard4
a1_sft_s4,a1_sft,1,4,sft,8000,964,0,0,0.0,libero_plus,4320.86593413353,c44283c652a1d43b04742220339217df59089453,outputs/cp3_eval/a1_sft_s4/shard4
a1_sft_s4,a1_sft,1,4,sft,8000,978,0,0,0.0,libero_plus,4320.86593413353,c44283c652a1d43b04742220339217df59089453,outputs/cp3_eval/a1_sft_s4/shard4
a1_sft_s4,a1_sft,1,4,sft,8000,1117,0,0,0.0,libero_plus,4320.86593413353,c44283c652a1d43b04742220339217df59089453,outputs/cp3_eval/a1_sft_s4/shard4
a1_sft_s4,a1_sft,1,4,sft,8000,1196,0,0,0.0,libero_plus,4320.86593413353,c44283c652a1d43b04742220339217df59089453,outputs/cp3_eval/a1_sft_s4/shard4
a1_sft_s4,a1_sft,1,4,sft,8000,1239,0,0,0.0,libero_plus,4320.86593413353,c44283c652a1d43b04742220339217df59089453,outputs/cp3_eval/a1_sft_s4/shard4
a1_sft_s4,a1_sft,1,4,sft,8000,1286,0,0,0.0,libero_plus,4320.86593413353,c44283c652a1d43b04742220339217df59089453,outputs/cp3_eval/a1_sft_s4/shard4
a1_sft_s4,a1_sft,1,4,sft,8000,1378,0,0,0.0,libero_plus,4320.86593413353,c44283c652a1d43b04742220339217df59089453,outputs/cp3_eval/a1_sft_s4/shard4
a1_sft_s4,a1_sft,1,4,sft,8000,1455,0,0,0.0,libero_plus,4320.86593413353,c44283c652a1d43b04742220339217df59089453,outputs/cp3_eval/a1_sft_s4/shard4
a1_sft_s4,a1_sft,1,4,sft,8000,1577,0,0,0.0,libero_plus,4320.86593413353,c44283c652a1d43b04742220339217df59089453,outputs/cp3_eval/a1_sft_s4/shard4
a1_sft_s4,a1_sft,1,4,sft,8000,1621,0,0,0.0,libero_plus,4320.86593413353,c44283c652a1d43b04742220339217df59089453,outputs/cp3_eval/a1_sft_s4/shard4
a1_sft_s4,a1_sft,1,4,sft,8000,1681,0,0,0.0,libero_plus,4320.86593413353,c44283c652a1d43b04742220339217df59089453,outputs/cp3_eval/a1_sft_s4/shard4
a1_sft_s4,a1_sft,1,4,sft,8000,1729,0,0,0.0,libero_plus,4320.86593413353,c44283c652a1d43b04742220339217df59089453,outputs/cp3_eval/a1_sft_s4/shard4
a1_sft_s4,a1_sft,1,4,sft,8000,1803,0,0,0.0,libero_plus,4320.86593413353,c44283c652a1d43b04742220339217df59089453,outputs/cp3_eval/a1_sft_s4/shard4
a1_sft_s4,a1_sft,1,4,sft,8000,1882,0,0,0.0,libero_plus,4320.86593413353,c44283c652a1d43b04742220339217df59089453,outputs/cp3_eval/a1_sft_s4/shard4
a1_sft_s4,a1_sft,1,4,sft,8000,1959,0,0,0.0,libero_plus,4320.86593413353,c44283c652a1d43b04742220339217df59089453,outputs/cp3_eval/a1_sft_s4/shard4
a1_sft_s4,a1_sft,1,4,sft,8000,2037,0,0,0.0,libero_plus,4320.86593413353,c44283c652a1d43b04742220339217df59089453,outputs/cp3_eval/a1_sft_s4/shard4
a1_sft_s4,a1_sft,1,4,sft,8000,2081,0,0,0.0,libero_plus,4320.86593413353,c44283c652a1d43b04742220339217df59089453,outputs/cp3_eval/a1_sft_s4/shard4
a1_sft_s4,a1_sft,1,4,sft,8000,2179,0,0,0.0,libero_plus,4320.86593413353,c44283c652a1d43b04742220339217df59089453,outputs/cp3_eval/a1_sft_s4/shard4
a1_sft_s4,a1_sft,1,4,sft,8000,2222,0,1,1.0,libero_plus,4320.86593413353,c44283c652a1d43b04742220339217df59089453,outputs/cp3_eval/a1_sft_s4/shard4
a1_sft_s4,a1_sft,1,4,sft,8000,2332,0,0,0.0,libero_plus,4320.86593413353,c44283c652a1d43b04742220339217df59089453,outputs/cp3_eval/a1_sft_s4/shard4
a1_sft_s4,a1_sft,1,4,sft,8000,2363,0,0,0.0,libero_plus,4320.86593413353,c44283c652a1d43b04742220339217df59089453,outputs/cp3_eval/a1_sft_s4/shard4
a1_sft_s4,a1_sft,1,4,sft,8000,2406,0,0,0.0,libero_plus,4320.86593413353,c44283c652a1d43b04742220339217df59089453,outputs/cp3_eval/a1_sft_s4/shard4
a1_sft_s4,a1_sft,1,4,sft,8000,2465,0,1,1.0,libero_plus,4320.86593413353,c44283c652a1d43b04742220339217df59089453,outputs/cp3_eval/a1_sft_s4/shard4
a1_sft_s4,a1_sft,1,4,sft,8000,2504,0,0,0.0,libero_plus,4320.86593413353,c44283c652a1d43b04742220339217df59089453,outputs/cp3_eval/a1_sft_s4/shard4
a1_sft_s4,a1_sft,1,4,sft,8000,2569,0,1,1.0,libero_plus,4320.86593413353,c44283c652a1d43b04742220339217df59089453,outputs/cp3_eval/a1_sft_s4/shard4
a25_sft_s0,a25_sft,25,0,sft,8000,5,0,0,0.0,libero_plus,4287.673539161682,c44283c652a1d43b04742220339217df59089453,outputs/cp3_eval/a25_sft_s0/shard0
a25_sft_s0,a25_sft,25,0,sft,8000,64,0,0,0.0,libero_plus,4287.673539161682,c44283c652a1d43b04742220339217df59089453,outputs/cp3_eval/a25_sft_s0/shard0
a25_sft_s0,a25_sft,25,0,sft,8000,97,0,1,1.0,libero_plus,4287.673539161682,c44283c652a1d43b04742220339217df59089453,outputs/cp3_eval/a25_sft_s0/shard0
a25_sft_s0,a25_sft,25,0,sft,8000,152,0,0,0.0,libero_plus,4287.673539161682,c44283c652a1d43b04742220339217df59089453,outputs/cp3_eval/a25_sft_s0/shard0
a25_sft_s0,a25_sft,25,0,sft,8000,238,0,0,0.0,libero_plus,4287.673539161682,c44283c652a1d43b04742220339217df59089453,outputs/cp3_eval/a25_sft_s0/shard0
a25_sft_s0,a25_sft,25,0,sft,8000,270,0,0,0.0,libero_plus,4287.673539161682,c44283c652a1d43b04742220339217df59089453,outputs/cp3_eval/a25_sft_s0/shard0
a25_sft_s0,a25_sft,25,0,sft,8000,306,0,0,0.0,libero_plus,4287.673539161682,c44283c652a1d43b04742220339217df59089453,outputs/cp3_eval/a25_sft_s0/shard0
a25_sft_s0,a25_sft,25,0,sft,8000,340,0,0,0.0,libero_plus,4287.673539161682,c44283c652a1d43b04742220339217df59089453,outputs/cp3_eval/a25_sft_s0/shard0
a25_sft_s0,a25_sft,25,0,sft,8000,384,0,0,0.0,libero_plus,4287.673539161682,c44283c652a1d43b04742220339217df59089453,outputs/cp3_eval/a25_sft_s0/shard0
a25_sft_s0,a25_sft,25,0,sft,8000,493,0,0,0.0,libero_plus,4287.673539161682,c44283c652a1d43b04742220339217df59089453,outputs/cp3_eval/a25_sft_s0/shard0
a25_sft_s0,a25_sft,25,0,sft,8000,571,0,0,0.0,libero_plus,4287.673539161682,c44283c652a1d43b04742220339217df59089453,outputs/cp3_eval/a25_sft_s0/shard0
a25_sft_s0,a25_sft,25,0,sft,8000,664,0,0,0.0,libero_plus,4287.673539161682,c44283c652a1d43b04742220339217df59089453,outputs/cp3_eval/a25_sft_s0/shard0
a25_sft_s0,a25_sft,25,0,sft,8000,745,0,0,0.0,libero_plus,4287.673539161682,c44283c652a1d43b04742220339217df59089453,outputs/cp3_eval/a25_sft_s0/shard0
a25_sft_s0,a25_sft,25,0,sft,8000,814,0,0,0.0,libero_plus,4287.673539161682,c44283c652a1d43b04742220339217df59089453,outputs/cp3_eval/a25_sft_s0/shard0
a25_sft_s0,a25_sft,25,0,sft,8000,913,0,0,0.0,libero_plus,4287.673539161682,c44283c652a1d43b04742220339217df59089453,outputs/cp3_eval/a25_sft_s0/shard0
a25_sft_s0,a25_sft,25,0,sft,8000,968,0,0,0.0,libero_plus,4287.673539161682,c44283c652a1d43b04742220339217df59089453,outputs/cp3_eval/a25_sft_s0/shard0
a25_sft_s0,a25_sft,25,0,sft,8000,1025,0,0,0.0,libero_plus,4287.673539161682,c44283c652a1d43b04742220339217df59089453,outputs/cp3_eval/a25_sft_s0/shard0
a25_sft_s0,a25_sft,25,0,sft,8000,1126,0,0,0.0,libero_plus,4287.673539161682,c44283c652a1d43b04742220339217df59089453,outputs/cp3_eval/a25_sft_s0/shard0
a25_sft_s0,a25_sft,25,0,sft,8000,1209,0,0,0.0,libero_plus,4287.673539161682,c44283c652a1d43b04742220339217df59089453,outputs/cp3_eval/a25_sft_s0/shard0
a25_sft_s0,a25_sft,25,0,sft,8000,1243,0,0,0.0,libero_plus,4287.673539161682,c44283c652a1d43b04742220339217df59089453,outputs/cp3_eval/a25_sft_s0/shard0
a25_sft_s0,a25_sft,25,0,sft,8000,1304,0,0,0.0,libero_plus,4287.673539161682,c44283c652a1d43b04742220339217df59089453,outputs/cp3_eval/a25_sft_s0/shard0
a25_sft_s0,a25_sft,25,0,sft,8000,1394,0,0,0.0,libero_plus,4287.673539161682,c44283c652a1d43b04742220339217df59089453,outputs/cp3_eval/a25_sft_s0/shard0
a25_sft_s0,a25_sft,25,0,sft,8000,1466,0,0,0.0,libero_plus,4287.673539161682,c44283c652a1d43b04742220339217df59089453,outputs/cp3_eval/a25_sft_s0/shard0
a25_sft_s0,a25_sft,25,0,sft,8000,1591,0,0,0.0,libero_plus,4287.673539161682,c44283c652a1d43b04742220339217df59089453,outputs/cp3_eval/a25_sft_s0/shard0
a25_sft_s0,a25_sft,25,0,sft,8000,1625,0,0,0.0,libero_plus,4287.673539161682,c44283c652a1d43b04742220339217df59089453,outputs/cp3_eval/a25_sft_s0/shard0
a25_sft_s0,a25_sft,25,0,sft,8000,1695,0,0,0.0,libero_plus,4287.673539161682,c44283c652a1d43b04742220339217df59089453,outputs/cp3_eval/a25_sft_s0/shard0
a25_sft_s0,a25_sft,25,0,sft,8000,1759,0,0,0.0,libero_plus,4287.673539161682,c44283c652a1d43b04742220339217df59089453,outputs/cp3_eval/a25_sft_s0/shard0
a25_sft_s0,a25_sft,25,0,sft,8000,1811,0,0,0.0,libero_plus,4287.673539161682,c44283c652a1d43b04742220339217df59089453,outputs/cp3_eval/a25_sft_s0/shard0
a25_sft_s0,a25_sft,25,0,sft,8000,1887,0,0,0.0,libero_plus,4287.673539161682,c44283c652a1d43b04742220339217df59089453,outputs/cp3_eval/a25_sft_s0/shard0
a25_sft_s0,a25_sft,25,0,sft,8000,1995,0,0,0.0,libero_plus,4287.673539161682,c44283c652a1d43b04742220339217df59089453,outputs/cp3_eval/a25_sft_s0/shard0
a25_sft_s0,a25_sft,25,0,sft,8000,2045,0,0,0.0,libero_plus,4287.673539161682,c44283c652a1d43b04742220339217df59089453,outputs/cp3_eval/a25_sft_s0/shard0
a25_sft_s0,a25_sft,25,0,sft,8000,2093,0,0,0.0,libero_plus,4287.673539161682,c44283c652a1d43b04742220339217df59089453,outputs/cp3_eval/a25_sft_s0/shard0
a25_sft_s0,a25_sft,25,0,sft,8000,2180,0,0,0.0,libero_plus,4287.673539161682,c44283c652a1d43b04742220339217df59089453,outputs/cp3_eval/a25_sft_s0/shard0
a25_sft_s0,a25_sft,25,0,sft,8000,2235,0,0,0.0,libero_plus,4287.673539161682,c44283c652a1d43b04742220339217df59089453,outputs/cp3_eval/a25_sft_s0/shard0
a25_sft_s0,a25_sft,25,0,sft,8000,2338,0,0,0.0,libero_plus,4287.673539161682,c44283c652a1d43b04742220339217df59089453,outputs/cp3_eval/a25_sft_s0/shard0
a25_sft_s0,a25_sft,25,0,sft,8000,2377,0,0,0.0,libero_plus,4287.673539161682,c44283c652a1d43b04742220339217df59089453,outputs/cp3_eval/a25_sft_s0/shard0
a25_sft_s0,a25_sft,25,0,sft,8000,2411,0,1,1.0,libero_plus,4287.673539161682,c44283c652a1d43b04742220339217df59089453,outputs/cp3_eval/a25_sft_s0/shard0
a25_sft_s0,a25_sft,25,0,sft,8000,2488,0,0,0.0,libero_plus,4287.673539161682,c44283c652a1d43b04742220339217df59089453,outputs/cp3_eval/a25_sft_s0/shard0
a25_sft_s0,a25_sft,25,0,sft,8000,2513,0,0,0.0,libero_plus,4287.673539161682,c44283c652a1d43b04742220339217df59089453,outputs/cp3_eval/a25_sft_s0/shard0
a25_sft_s0,a25_sft,25,0,sft,8000,2578,0,0,0.0,libero_plus,4287.673539161682,c44283c652a1d43b04742220339217df59089453,outputs/cp3_eval/a25_sft_s0/shard0
a25_sft_s0,a25_sft,25,0,sft,8000,31,0,0,0.0,libero_plus,4287.673539161682,c44283c652a1d43b04742220339217df59089453,outputs/cp3_eval/a25_sft_s0/shard1
a25_sft_s0,a25_sft,25,0,sft,8000,70,0,0,0.0,libero_plus,4287.673539161682,c44283c652a1d43b04742220339217df59089453,outputs/cp3_eval/a25_sft_s0/shard1
a25_sft_s0,a25_sft,25,0,sft,8000,106,0,0,0.0,libero_plus,4287.673539161682,c44283c652a1d43b04742220339217df59089453,outputs/cp3_eval/a25_sft_s0/shard1
a25_sft_s0,a25_sft,25,0,sft,8000,164,0,0,0.0,libero_plus,4287.673539161682,c44283c652a1d43b04742220339217df59089453,outputs/cp3_eval/a25_sft_s0/shard1
a25_sft_s0,a25_sft,25,0,sft,8000,242,0,0,0.0,libero_plus,4287.673539161682,c44283c652a1d43b04742220339217df59089453,outputs/cp3_eval/a25_sft_s0/shard1
a25_sft_s0,a25_sft,25,0,sft,8000,273,0,0,0.0,libero_plus,4287.673539161682,c44283c652a1d43b04742220339217df59089453,outputs/cp3_eval/a25_sft_s0/shard1
a25_sft_s0,a25_sft,25,0,sft,8000,315,0,0,0.0,libero_plus,4287.673539161682,c44283c652a1d43b04742220339217df59089453,outputs/cp3_eval/a25_sft_s0/shard1
a25_sft_s0,a25_sft,25,0,sft,8000,346,0,0,0.0,libero_plus,4287.673539161682,c44283c652a1d43b04742220339217df59089453,outputs/cp3_eval/a25_sft_s0/shard1
a25_sft_s0,a25_sft,25,0,sft,8000,392,0,0,0.0,libero_plus,4287.673539161682,c44283c652a1d43b04742220339217df59089453,outputs/cp3_eval/a25_sft_s0/shard1
a25_sft_s0,a25_sft,25,0,sft,8000,517,0,0,0.0,libero_plus,4287.673539161682,c44283c652a1d43b04742220339217df59089453,outputs/cp3_eval/a25_sft_s0/shard1
a25_sft_s0,a25_sft,25,0,sft,8000,608,0,0,0.0,libero_plus,4287.673539161682,c44283c652a1d43b04742220339217df59089453,outputs/cp3_eval/a25_sft_s0/shard1
a25_sft_s0,a25_sft,25,0,sft,8000,706,0,0,0.0,libero_plus,4287.673539161682,c44283c652a1d43b04742220339217df59089453,outputs/cp3_eval/a25_sft_s0/shard1
a25_sft_s0,a25_sft,25,0,sft,8000,754,0,0,0.0,libero_plus,4287.673539161682,c44283c652a1d43b04742220339217df59089453,outputs/cp3_eval/a25_sft_s0/shard1
a25_sft_s0,a25_sft,25,0,sft,8000,829,0,0,0.0,libero_plus,4287.673539161682,c44283c652a1d43b04742220339217df59089453,outputs/cp3_eval/a25_sft_s0/shard1
a25_sft_s0,a25_sft,25,0,sft,8000,934,0,0,0.0,libero_plus,4287.673539161682,c44283c652a1d43b04742220339217df59089453,outputs/cp3_eval/a25_sft_s0/shard1
a25_sft_s0,a25_sft,25,0,sft,8000,969,0,0,0.0,libero_plus,4287.673539161682,c44283c652a1d43b04742220339217df59089453,outputs/cp3_eval/a25_sft_s0/shard1
a25_sft_s0,a25_sft,25,0,sft,8000,1042,0,0,0.0,libero_plus,4287.673539161682,c44283c652a1d43b04742220339217df59089453,outputs/cp3_eval/a25_sft_s0/shard1
a25_sft_s0,a25_sft,25,0,sft,8000,1139,0,0,0.0,libero_plus,4287.673539161682,c44283c652a1d43b04742220339217df59089453,outputs/cp3_eval/a25_sft_s0/shard1
a25_sft_s0,a25_sft,25,0,sft,8000,1210,0,0,0.0,libero_plus,4287.673539161682,c44283c652a1d43b04742220339217df59089453,outputs/cp3_eval/a25_sft_s0/shard1
a25_sft_s0,a25_sft,25,0,sft,8000,1246,0,0,0.0,libero_plus,4287.673539161682,c44283c652a1d43b04742220339217df59089453,outputs/cp3_eval/a25_sft_s0/shard1
a25_sft_s0,a25_sft,25,0,sft,8000,1308,0,0,0.0,libero_plus,4287.673539161682,c44283c652a1d43b04742220339217df59089453,outputs/cp3_eval/a25_sft_s0/shard1
a25_sft_s0,a25_sft,25,0,sft,8000,1399,0,0,0.0,libero_plus,4287.673539161682,c44283c652a1d43b04742220339217df59089453,outputs/cp3_eval/a25_sft_s0/shard1
a25_sft_s0,a25_sft,25,0,sft,8000,1503,0,0,0.0,libero_plus,4287.673539161682,c44283c652a1d43b04742220339217df59089453,outputs/cp3_eval/a25_sft_s0/shard1
a25_sft_s0,a25_sft,25,0,sft,8000,1592,0,0,0.0,libero_plus,4287.673539161682,c44283c652a1d43b04742220339217df59089453,outputs/cp3_eval/a25_sft_s0/shard1
a25_sft_s0,a25_sft,25,0,sft,8000,1634,0,0,0.0,libero_plus,4287.673539161682,c44283c652a1d43b04742220339217df59089453,outputs/cp3_eval/a25_sft_s0/shard1
a25_sft_s0,a25_sft,25,0,sft,8000,1714,0,0,0.0,libero_plus,4287.673539161682,c44283c652a1d43b04742220339217df59089453,outputs/cp3_eval/a25_sft_s0/shard1
a25_sft_s0,a25_sft,25,0,sft,8000,1770,0,0,0.0,libero_plus,4287.673539161682,c44283c652a1d43b04742220339217df59089453,outputs/cp3_eval/a25_sft_s0/shard1
a25_sft_s0,a25_sft,25,0,sft,8000,1852,0,0,0.0,libero_plus,4287.673539161682,c44283c652a1d43b04742220339217df59089453,outputs/cp3_eval/a25_sft_s0/shard1
a25_sft_s0,a25_sft,25,0,sft,8000,1922,0,0,0.0,libero_plus,4287.673539161682,c44283c652a1d43b04742220339217df59089453,outputs/cp3_eval/a25_sft_s0/shard1
a25_sft_s0,a25_sft,25,0,sft,8000,2016,0,0,0.0,libero_plus,4287.673539161682,c44283c652a1d43b04742220339217df59089453,outputs/cp3_eval/a25_sft_s0/shard1
a25_sft_s0,a25_sft,25,0,sft,8000,2052,0,0,0.0,libero_plus,4287.673539161682,c44283c652a1d43b04742220339217df59089453,outputs/cp3_eval/a25_sft_s0/shard1
a25_sft_s0,a25_sft,25,0,sft,8000,2128,0,0,0.0,libero_plus,4287.673539161682,c44283c652a1d43b04742220339217df59089453,outputs/cp3_eval/a25_sft_s0/shard1
a25_sft_s0,a25_sft,25,0,sft,8000,2185,0,0,0.0,libero_plus,4287.673539161682,c44283c652a1d43b04742220339217df59089453,outputs/cp3_eval/a25_sft_s0/shard1
a25_sft_s0,a25_sft,25,0,sft,8000,2255,0,0,0.0,libero_plus,4287.673539161682,c44283c652a1d43b04742220339217df59089453,outputs/cp3_eval/a25_sft_s0/shard1
a25_sft_s0,a25_sft,25,0,sft,8000,2346,0,0,0.0,libero_plus,4287.673539161682,c44283c652a1d43b04742220339217df59089453,outputs/cp3_eval/a25_sft_s0/shard1
a25_sft_s0,a25_sft,25,0,sft,8000,2382,0,0,0.0,libero_plus,4287.673539161682,c44283c652a1d43b04742220339217df59089453,outputs/cp3_eval/a25_sft_s0/shard1
a25_sft_s0,a25_sft,25,0,sft,8000,2413,0,0,0.0,libero_plus,4287.673539161682,c44283c652a1d43b04742220339217df59089453,outputs/cp3_eval/a25_sft_s0/shard1
a25_sft_s0,a25_sft,25,0,sft,8000,2491,0,0,0.0,libero_plus,4287.673539161682,c44283c652a1d43b04742220339217df59089453,outputs/cp3_eval/a25_sft_s0/shard1
a25_sft_s0,a25_sft,25,0,sft,8000,2516,0,0,0.0,libero_plus,4287.673539161682,c44283c652a1d43b04742220339217df59089453,outputs/cp3_eval/a25_sft_s0/shard1
a25_sft_s0,a25_sft,25,0,sft,8000,39,0,0,0.0,libero_plus,4287.673539161682,c44283c652a1d43b04742220339217df59089453,outputs/cp3_eval/a25_sft_s0/shard2
a25_sft_s0,a25_sft,25,0,sft,8000,74,0,0,0.0,libero_plus,4287.673539161682,c44283c652a1d43b04742220339217df59089453,outputs/cp3_eval/a25_sft_s0/shard2
a25_sft_s0,a25_sft,25,0,sft,8000,117,0,0,0.0,libero_plus,4287.673539161682,c44283c652a1d43b04742220339217df59089453,outputs/cp3_eval/a25_sft_s0/shard2
a25_sft_s0,a25_sft,25,0,sft,8000,173,0,0,0.0,libero_plus,4287.673539161682,c44283c652a1d43b04742220339217df59089453,outputs/cp3_eval/a25_sft_s0/shard2
a25_sft_s0,a25_sft,25,0,sft,8000,250,0,0,0.0,libero_plus,4287.673539161682,c44283c652a1d43b04742220339217df59089453,outputs/cp3_eval/a25_sft_s0/shard2
a25_sft_s0,a25_sft,25,0,sft,8000,277,0,0,0.0,libero_plus,4287.673539161682,c44283c652a1d43b04742220339217df59089453,outputs/cp3_eval/a25_sft_s0/shard2
a25_sft_s0,a25_sft,25,0,sft,8000,332,0,0,0.0,libero_plus,4287.673539161682,c44283c652a1d43b04742220339217df59089453,outputs/cp3_eval/a25_sft_s0/shard2
a25_sft_s0,a25_sft,25,0,sft,8000,352,0,0,0.0,libero_plus,4287.673539161682,c44283c652a1d43b04742220339217df59089453,outputs/cp3_eval/a25_sft_s0/shard2
a25_sft_s0,a25_sft,25,0,sft,8000,484,0,0,0.0,libero_plus,4287.673539161682,c44283c652a1d43b04742220339217df59089453,outputs/cp3_eval/a25_sft_s0/shard2
a25_sft_s0,a25_sft,25,0,sft,8000,523,0,0,0.0,libero_plus,4287.673539161682,c44283c652a1d43b04742220339217df59089453,outputs/cp3_eval/a25_sft_s0/shard2
a25_sft_s0,a25_sft,25,0,sft,8000,611,0,0,0.0,libero_plus,4287.673539161682,c44283c652a1d43b04742220339217df59089453,outputs/cp3_eval/a25_sft_s0/shard2
a25_sft_s0,a25_sft,25,0,sft,8000,734,0,0,0.0,libero_plus,4287.673539161682,c44283c652a1d43b04742220339217df59089453,outputs/cp3_eval/a25_sft_s0/shard2
a25_sft_s0,a25_sft,25,0,sft,8000,758,0,0,0.0,libero_plus,4287.673539161682,c44283c652a1d43b04742220339217df59089453,outputs/cp3_eval/a25_sft_s0/shard2
a25_sft_s0,a25_sft,25,0,sft,8000,836,0,0,0.0,libero_plus,4287.673539161682,c44283c652a1d43b04742220339217df59089453,outputs/cp3_eval/a25_sft_s0/shard2
a25_sft_s0,a25_sft,25,0,sft,8000,950,0,0,0.0,libero_plus,4287.673539161682,c44283c652a1d43b04742220339217df59089453,outputs/cp3_eval/a25_sft_s0/shard2
a25_sft_s0,a25_sft,25,0,sft,8000,973,0,0,0.0,libero_plus,4287.673539161682,c44283c652a1d43b04742220339217df59089453,outputs/cp3_eval/a25_sft_s0/shard2
a25_sft_s0,a25_sft,25,0,sft,8000,1058,0,0,0.0,libero_plus,4287.673539161682,c44283c652a1d43b04742220339217df59089453,outputs/cp3_eval/a25_sft_s0/shard2
a25_sft_s0,a25_sft,25,0,sft,8000,1171,0,0,0.0,libero_plus,4287.673539161682,c44283c652a1d43b04742220339217df59089453,outputs/cp3_eval/a25_sft_s0/shard2
a25_sft_s0,a25_sft,25,0,sft,8000,1211,0,0,0.0,libero_plus,4287.673539161682,c44283c652a1d43b04742220339217df59089453,outputs/cp3_eval/a25_sft_s0/shard2
a25_sft_s0,a25_sft,25,0,sft,8000,1267,0,0,0.0,libero_plus,4287.673539161682,c44283c652a1d43b04742220339217df59089453,outputs/cp3_eval/a25_sft_s0/shard2
a25_sft_s0,a25_sft,25,0,sft,8000,1355,0,0,0.0,libero_plus,4287.673539161682,c44283c652a1d43b04742220339217df59089453,outputs/cp3_eval/a25_sft_s0/shard2
a25_sft_s0,a25_sft,25,0,sft,8000,1422,0,0,0.0,libero_plus,4287.673539161682,c44283c652a1d43b04742220339217df59089453,outputs/cp3_eval/a25_sft_s0/shard2
a25_sft_s0,a25_sft,25,0,sft,8000,1567,0,0,0.0,libero_plus,4287.673539161682,c44283c652a1d43b04742220339217df59089453,outputs/cp3_eval/a25_sft_s0/shard2
a25_sft_s0,a25_sft,25,0,sft,8000,1595,0,0,0.0,libero_plus,4287.673539161682,c44283c652a1d43b04742220339217df59089453,outputs/cp3_eval/a25_sft_s0/shard2
a25_sft_s0,a25_sft,25,0,sft,8000,1642,0,0,0.0,libero_plus,4287.673539161682,c44283c652a1d43b04742220339217df59089453,outputs/cp3_eval/a25_sft_s0/shard2
a25_sft_s0,a25_sft,25,0,sft,8000,1718,0,0,0.0,libero_plus,4287.673539161682,c44283c652a1d43b04742220339217df59089453,outputs/cp3_eval/a25_sft_s0/shard2
a25_sft_s0,a25_sft,25,0,sft,8000,1791,0,0,0.0,libero_plus,4287.673539161682,c44283c652a1d43b04742220339217df59089453,outputs/cp3_eval/a25_sft_s0/shard2
a25_sft_s0,a25_sft,25,0,sft,8000,1860,0,0,0.0,libero_plus,4287.673539161682,c44283c652a1d43b04742220339217df59089453,outputs/cp3_eval/a25_sft_s0/shard2
a25_sft_s0,a25_sft,25,0,sft,8000,1940,0,0,0.0,libero_plus,4287.673539161682,c44283c652a1d43b04742220339217df59089453,outputs/cp3_eval/a25_sft_s0/shard2
a25_sft_s0,a25_sft,25,0,sft,8000,2034,0,0,0.0,libero_plus,4287.673539161682,c44283c652a1d43b04742220339217df59089453,outputs/cp3_eval/a25_sft_s0/shard2
a25_sft_s0,a25_sft,25,0,sft,8000,2056,0,0,0.0,libero_plus,4287.673539161682,c44283c652a1d43b04742220339217df59089453,outputs/cp3_eval/a25_sft_s0/shard2
a25_sft_s0,a25_sft,25,0,sft,8000,2139,0,0,0.0,libero_plus,4287.673539161682,c44283c652a1d43b04742220339217df59089453,outputs/cp3_eval/a25_sft_s0/shard2
a25_sft_s0,a25_sft,25,0,sft,8000,2203,0,0,0.0,libero_plus,4287.673539161682,c44283c652a1d43b04742220339217df59089453,outputs/cp3_eval/a25_sft_s0/shard2
a25_sft_s0,a25_sft,25,0,sft,8000,2262,0,0,0.0,libero_plus,4287.673539161682,c44283c652a1d43b04742220339217df59089453,outputs/cp3_eval/a25_sft_s0/shard2
a25_sft_s0,a25_sft,25,0,sft,8000,2350,0,0,0.0,libero_plus,4287.673539161682,c44283c652a1d43b04742220339217df59089453,outputs/cp3_eval/a25_sft_s0/shard2
a25_sft_s0,a25_sft,25,0,sft,8000,2388,0,0,0.0,libero_plus,4287.673539161682,c44283c652a1d43b04742220339217df59089453,outputs/cp3_eval/a25_sft_s0/shard2
a25_sft_s0,a25_sft,25,0,sft,8000,2446,0,0,0.0,libero_plus,4287.673539161682,c44283c652a1d43b04742220339217df59089453,outputs/cp3_eval/a25_sft_s0/shard2
a25_sft_s0,a25_sft,25,0,sft,8000,2494,0,0,0.0,libero_plus,4287.673539161682,c44283c652a1d43b04742220339217df59089453,outputs/cp3_eval/a25_sft_s0/shard2
a25_sft_s0,a25_sft,25,0,sft,8000,2528,0,0,0.0,libero_plus,4287.673539161682,c44283c652a1d43b04742220339217df59089453,outputs/cp3_eval/a25_sft_s0/shard2
a25_sft_s0,a25_sft,25,0,sft,8000,41,0,0,0.0,libero_plus,4287.673539161682,c44283c652a1d43b04742220339217df59089453,outputs/cp3_eval/a25_sft_s0/shard3
a25_sft_s0,a25_sft,25,0,sft,8000,83,0,0,0.0,libero_plus,4287.673539161682,c44283c652a1d43b04742220339217df59089453,outputs/cp3_eval/a25_sft_s0/shard3
a25_sft_s0,a25_sft,25,0,sft,8000,124,0,0,0.0,libero_plus,4287.673539161682,c44283c652a1d43b04742220339217df59089453,outputs/cp3_eval/a25_sft_s0/shard3
a25_sft_s0,a25_sft,25,0,sft,8000,214,0,0,0.0,libero_plus,4287.673539161682,c44283c652a1d43b04742220339217df59089453,outputs/cp3_eval/a25_sft_s0/shard3
a25_sft_s0,a25_sft,25,0,sft,8000,265,0,1,1.0,libero_plus,4287.673539161682,c44283c652a1d43b04742220339217df59089453,outputs/cp3_eval/a25_sft_s0/shard3
a25_sft_s0,a25_sft,25,0,sft,8000,291,0,0,0.0,libero_plus,4287.673539161682,c44283c652a1d43b04742220339217df59089453,outputs/cp3_eval/a25_sft_s0/shard3
a25_sft_s0,a25_sft,25,0,sft,8000,337,0,0,0.0,libero_plus,4287.673539161682,c44283c652a1d43b04742220339217df59089453,outputs/cp3_eval/a25_sft_s0/shard3
a25_sft_s0,a25_sft,25,0,sft,8000,355,0,0,0.0,libero_plus,4287.673539161682,c44283c652a1d43b04742220339217df59089453,outputs/cp3_eval/a25_sft_s0/shard3
a25_sft_s0,a25_sft,25,0,sft,8000,488,0,0,0.0,libero_plus,4287.673539161682,c44283c652a1d43b04742220339217df59089453,outputs/cp3_eval/a25_sft_s0/shard3
a25_sft_s0,a25_sft,25,0,sft,8000,546,0,0,0.0,libero_plus,4287.673539161682,c44283c652a1d43b04742220339217df59089453,outputs/cp3_eval/a25_sft_s0/shard3
a25_sft_s0,a25_sft,25,0,sft,8000,614,0,0,0.0,libero_plus,4287.673539161682,c44283c652a1d43b04742220339217df59089453,outputs/cp3_eval/a25_sft_s0/shard3
a25_sft_s0,a25_sft,25,0,sft,8000,737,0,0,0.0,libero_plus,4287.673539161682,c44283c652a1d43b04742220339217df59089453,outputs/cp3_eval/a25_sft_s0/shard3
a25_sft_s0,a25_sft,25,0,sft,8000,786,0,0,0.0,libero_plus,4287.673539161682,c44283c652a1d43b04742220339217df59089453,outputs/cp3_eval/a25_sft_s0/shard3
a25_sft_s0,a25_sft,25,0,sft,8000,871,0,0,0.0,libero_plus,4287.673539161682,c44283c652a1d43b04742220339217df59089453,outputs/cp3_eval/a25_sft_s0/shard3
a25_sft_s0,a25_sft,25,0,sft,8000,962,0,0,0.0,libero_plus,4287.673539161682,c44283c652a1d43b04742220339217df59089453,outputs/cp3_eval/a25_sft_s0/shard3
a25_sft_s0,a25_sft,25,0,sft,8000,974,0,0,0.0,libero_plus,4287.673539161682,c44283c652a1d43b04742220339217df59089453,outputs/cp3_eval/a25_sft_s0/shard3
a25_sft_s0,a25_sft,25,0,sft,8000,1069,0,0,0.0,libero_plus,4287.673539161682,c44283c652a1d43b04742220339217df59089453,outputs/cp3_eval/a25_sft_s0/shard3
a25_sft_s0,a25_sft,25,0,sft,8000,1194,0,0,0.0,libero_plus,4287.673539161682,c44283c652a1d43b04742220339217df59089453,outputs/cp3_eval/a25_sft_s0/shard3
a25_sft_s0,a25_sft,25,0,sft,8000,1213,0,0,0.0,libero_plus,4287.673539161682,c44283c652a1d43b04742220339217df59089453,outputs/cp3_eval/a25_sft_s0/shard3
a25_sft_s0,a25_sft,25,0,sft,8000,1279,0,0,0.0,libero_plus,4287.673539161682,c44283c652a1d43b04742220339217df59089453,outputs/cp3_eval/a25_sft_s0/shard3
a25_sft_s0,a25_sft,25,0,sft,8000,1356,0,0,0.0,libero_plus,4287.673539161682,c44283c652a1d43b04742220339217df59089453,outputs/cp3_eval/a25_sft_s0/shard3
a25_sft_s0,a25_sft,25,0,sft,8000,1449,0,0,0.0,libero_plus,4287.673539161682,c44283c652a1d43b04742220339217df59089453,outputs/cp3_eval/a25_sft_s0/shard3
a25_sft_s0,a25_sft,25,0,sft,8000,1572,0,0,0.0,libero_plus,4287.673539161682,c44283c652a1d43b04742220339217df59089453,outputs/cp3_eval/a25_sft_s0/shard3
a25_sft_s0,a25_sft,25,0,sft,8000,1608,0,0,0.0,libero_plus,4287.673539161682,c44283c652a1d43b04742220339217df59089453,outputs/cp3_eval/a25_sft_s0/shard3
a25_sft_s0,a25_sft,25,0,sft,8000,1672,0,0,0.0,libero_plus,4287.673539161682,c44283c652a1d43b04742220339217df59089453,outputs/cp3_eval/a25_sft_s0/shard3
a25_sft_s0,a25_sft,25,0,sft,8000,1727,0,0,0.0,libero_plus,4287.673539161682,c44283c652a1d43b04742220339217df59089453,outputs/cp3_eval/a25_sft_s0/shard3
a25_sft_s0,a25_sft,25,0,sft,8000,1794,0,0,0.0,libero_plus,4287.673539161682,c44283c652a1d43b04742220339217df59089453,outputs/cp3_eval/a25_sft_s0/shard3
a25_sft_s0,a25_sft,25,0,sft,8000,1864,0,0,0.0,libero_plus,4287.673539161682,c44283c652a1d43b04742220339217df59089453,outputs/cp3_eval/a25_sft_s0/shard3
a25_sft_s0,a25_sft,25,0,sft,8000,1945,0,0,0.0,libero_plus,4287.673539161682,c44283c652a1d43b04742220339217df59089453,outputs/cp3_eval/a25_sft_s0/shard3
a25_sft_s0,a25_sft,25,0,sft,8000,2035,0,0,0.0,libero_plus,4287.673539161682,c44283c652a1d43b04742220339217df59089453,outputs/cp3_eval/a25_sft_s0/shard3
a25_sft_s0,a25_sft,25,0,sft,8000,2065,0,0,0.0,libero_plus,4287.673539161682,c44283c652a1d43b04742220339217df59089453,outputs/cp3_eval/a25_sft_s0/shard3
a25_sft_s0,a25_sft,25,0,sft,8000,2153,0,0,0.0,libero_plus,4287.673539161682,c44283c652a1d43b04742220339217df59089453,outputs/cp3_eval/a25_sft_s0/shard3
a25_sft_s0,a25_sft,25,0,sft,8000,2207,0,0,0.0,libero_plus,4287.673539161682,c44283c652a1d43b04742220339217df59089453,outputs/cp3_eval/a25_sft_s0/shard3
a25_sft_s0,a25_sft,25,0,sft,8000,2321,0,0,0.0,libero_plus,4287.673539161682,c44283c652a1d43b04742220339217df59089453,outputs/cp3_eval/a25_sft_s0/shard3
a25_sft_s0,a25_sft,25,0,sft,8000,2359,0,0,0.0,libero_plus,4287.673539161682,c44283c652a1d43b04742220339217df59089453,outputs/cp3_eval/a25_sft_s0/shard3
a25_sft_s0,a25_sft,25,0,sft,8000,2405,0,0,0.0,libero_plus,4287.673539161682,c44283c652a1d43b04742220339217df59089453,outputs/cp3_eval/a25_sft_s0/shard3
a25_sft_s0,a25_sft,25,0,sft,8000,2464,0,0,0.0,libero_plus,4287.673539161682,c44283c652a1d43b04742220339217df59089453,outputs/cp3_eval/a25_sft_s0/shard3
a25_sft_s0,a25_sft,25,0,sft,8000,2497,0,1,1.0,libero_plus,4287.673539161682,c44283c652a1d43b04742220339217df59089453,outputs/cp3_eval/a25_sft_s0/shard3
a25_sft_s0,a25_sft,25,0,sft,8000,2539,0,0,0.0,libero_plus,4287.673539161682,c44283c652a1d43b04742220339217df59089453,outputs/cp3_eval/a25_sft_s0/shard3
a25_sft_s0,a25_sft,25,0,sft,8000,44,0,0,0.0,libero_plus,4287.673539161682,c44283c652a1d43b04742220339217df59089453,outputs/cp3_eval/a25_sft_s0/shard4
a25_sft_s0,a25_sft,25,0,sft,8000,94,0,0,0.0,libero_plus,4287.673539161682,c44283c652a1d43b04742220339217df59089453,outputs/cp3_eval/a25_sft_s0/shard4
a25_sft_s0,a25_sft,25,0,sft,8000,141,0,0,0.0,libero_plus,4287.673539161682,c44283c652a1d43b04742220339217df59089453,outputs/cp3_eval/a25_sft_s0/shard4
a25_sft_s0,a25_sft,25,0,sft,8000,226,0,0,0.0,libero_plus,4287.673539161682,c44283c652a1d43b04742220339217df59089453,outputs/cp3_eval/a25_sft_s0/shard4
a25_sft_s0,a25_sft,25,0,sft,8000,266,0,1,1.0,libero_plus,4287.673539161682,c44283c652a1d43b04742220339217df59089453,outputs/cp3_eval/a25_sft_s0/shard4
a25_sft_s0,a25_sft,25,0,sft,8000,304,0,0,0.0,libero_plus,4287.673539161682,c44283c652a1d43b04742220339217df59089453,outputs/cp3_eval/a25_sft_s0/shard4
a25_sft_s0,a25_sft,25,0,sft,8000,339,0,0,0.0,libero_plus,4287.673539161682,c44283c652a1d43b04742220339217df59089453,outputs/cp3_eval/a25_sft_s0/shard4
a25_sft_s0,a25_sft,25,0,sft,8000,365,0,0,0.0,libero_plus,4287.673539161682,c44283c652a1d43b04742220339217df59089453,outputs/cp3_eval/a25_sft_s0/shard4
a25_sft_s0,a25_sft,25,0,sft,8000,492,0,0,0.0,libero_plus,4287.673539161682,c44283c652a1d43b04742220339217df59089453,outputs/cp3_eval/a25_sft_s0/shard4
a25_sft_s0,a25_sft,25,0,sft,8000,556,0,0,0.0,libero_plus,4287.673539161682,c44283c652a1d43b04742220339217df59089453,outputs/cp3_eval/a25_sft_s0/shard4
a25_sft_s0,a25_sft,25,0,sft,8000,616,0,0,0.0,libero_plus,4287.673539161682,c44283c652a1d43b04742220339217df59089453,outputs/cp3_eval/a25_sft_s0/shard4
a25_sft_s0,a25_sft,25,0,sft,8000,740,0,0,0.0,libero_plus,4287.673539161682,c44283c652a1d43b04742220339217df59089453,outputs/cp3_eval/a25_sft_s0/shard4
a25_sft_s0,a25_sft,25,0,sft,8000,812,0,0,0.0,libero_plus,4287.673539161682,c44283c652a1d43b04742220339217df59089453,outputs/cp3_eval/a25_sft_s0/shard4
a25_sft_s0,a25_sft,25,0,sft,8000,882,0,0,0.0,libero_plus,4287.673539161682,c44283c652a1d43b04742220339217df59089453,outputs/cp3_eval/a25_sft_s0/shard4
a25_sft_s0,a25_sft,25,0,sft,8000,964,0,0,0.0,libero_plus,4287.673539161682,c44283c652a1d43b04742220339217df59089453,outputs/cp3_eval/a25_sft_s0/shard4
a25_sft_s0,a25_sft,25,0,sft,8000,978,0,0,0.0,libero_plus,4287.673539161682,c44283c652a1d43b04742220339217df59089453,outputs/cp3_eval/a25_sft_s0/shard4
a25_sft_s0,a25_sft,25,0,sft,8000,1117,0,0,0.0,libero_plus,4287.673539161682,c44283c652a1d43b04742220339217df59089453,outputs/cp3_eval/a25_sft_s0/shard4
a25_sft_s0,a25_sft,25,0,sft,8000,1196,0,0,0.0,libero_plus,4287.673539161682,c44283c652a1d43b04742220339217df59089453,outputs/cp3_eval/a25_sft_s0/shard4
a25_sft_s0,a25_sft,25,0,sft,8000,1239,0,0,0.0,libero_plus,4287.673539161682,c44283c652a1d43b04742220339217df59089453,outputs/cp3_eval/a25_sft_s0/shard4
a25_sft_s0,a25_sft,25,0,sft,8000,1286,0,0,0.0,libero_plus,4287.673539161682,c44283c652a1d43b04742220339217df59089453,outputs/cp3_eval/a25_sft_s0/shard4
a25_sft_s0,a25_sft,25,0,sft,8000,1378,0,0,0.0,libero_plus,4287.673539161682,c44283c652a1d43b04742220339217df59089453,outputs/cp3_eval/a25_sft_s0/shard4
a25_sft_s0,a25_sft,25,0,sft,8000,1455,0,0,0.0,libero_plus,4287.673539161682,c44283c652a1d43b04742220339217df59089453,outputs/cp3_eval/a25_sft_s0/shard4
a25_sft_s0,a25_sft,25,0,sft,8000,1577,0,0,0.0,libero_plus,4287.673539161682,c44283c652a1d43b04742220339217df59089453,outputs/cp3_eval/a25_sft_s0/shard4
a25_sft_s0,a25_sft,25,0,sft,8000,1621,0,0,0.0,libero_plus,4287.673539161682,c44283c652a1d43b04742220339217df59089453,outputs/cp3_eval/a25_sft_s0/shard4
a25_sft_s0,a25_sft,25,0,sft,8000,1681,0,0,0.0,libero_plus,4287.673539161682,c44283c652a1d43b04742220339217df59089453,outputs/cp3_eval/a25_sft_s0/shard4
a25_sft_s0,a25_sft,25,0,sft,8000,1729,0,0,0.0,libero_plus,4287.673539161682,c44283c652a1d43b04742220339217df59089453,outputs/cp3_eval/a25_sft_s0/shard4
a25_sft_s0,a25_sft,25,0,sft,8000,1803,0,0,0.0,libero_plus,4287.673539161682,c44283c652a1d43b04742220339217df59089453,outputs/cp3_eval/a25_sft_s0/shard4
a25_sft_s0,a25_sft,25,0,sft,8000,1882,0,0,0.0,libero_plus,4287.673539161682,c44283c652a1d43b04742220339217df59089453,outputs/cp3_eval/a25_sft_s0/shard4
a25_sft_s0,a25_sft,25,0,sft,8000,1959,0,0,0.0,libero_plus,4287.673539161682,c44283c652a1d43b04742220339217df59089453,outputs/cp3_eval/a25_sft_s0/shard4
a25_sft_s0,a25_sft,25,0,sft,8000,2037,0,0,0.0,libero_plus,4287.673539161682,c44283c652a1d43b04742220339217df59089453,outputs/cp3_eval/a25_sft_s0/shard4
a25_sft_s0,a25_sft,25,0,sft,8000,2081,0,0,0.0,libero_plus,4287.673539161682,c44283c652a1d43b04742220339217df59089453,outputs/cp3_eval/a25_sft_s0/shard4
a25_sft_s0,a25_sft,25,0,sft,8000,2179,0,0,0.0,libero_plus,4287.673539161682,c44283c652a1d43b04742220339217df59089453,outputs/cp3_eval/a25_sft_s0/shard4
a25_sft_s0,a25_sft,25,0,sft,8000,2222,0,1,1.0,libero_plus,4287.673539161682,c44283c652a1d43b04742220339217df59089453,outputs/cp3_eval/a25_sft_s0/shard4
a25_sft_s0,a25_sft,25,0,sft,8000,2332,0,0,0.0,libero_plus,4287.673539161682,c44283c652a1d43b04742220339217df59089453,outputs/cp3_eval/a25_sft_s0/shard4
a25_sft_s0,a25_sft,25,0,sft,8000,2363,0,0,0.0,libero_plus,4287.673539161682,c44283c652a1d43b04742220339217df59089453,outputs/cp3_eval/a25_sft_s0/shard4
a25_sft_s0,a25_sft,25,0,sft,8000,2406,0,0,0.0,libero_plus,4287.673539161682,c44283c652a1d43b04742220339217df59089453,outputs/cp3_eval/a25_sft_s0/shard4
a25_sft_s0,a25_sft,25,0,sft,8000,2465,0,0,0.0,libero_plus,4287.673539161682,c44283c652a1d43b04742220339217df59089453,outputs/cp3_eval/a25_sft_s0/shard4
a25_sft_s0,a25_sft,25,0,sft,8000,2504,0,0,0.0,libero_plus,4287.673539161682,c44283c652a1d43b04742220339217df59089453,outputs/cp3_eval/a25_sft_s0/shard4
a25_sft_s0,a25_sft,25,0,sft,8000,2569,0,1,1.0,libero_plus,4287.673539161682,c44283c652a1d43b04742220339217df59089453,outputs/cp3_eval/a25_sft_s0/shard4
a25_sft_s1,a25_sft,25,1,sft,8000,5,0,0,0.0,libero_plus,4416.782650232315,c44283c652a1d43b04742220339217df59089453,outputs/cp3_eval/a25_sft_s1/shard0
a25_sft_s1,a25_sft,25,1,sft,8000,64,0,0,0.0,libero_plus,4416.782650232315,c44283c652a1d43b04742220339217df59089453,outputs/cp3_eval/a25_sft_s1/shard0
a25_sft_s1,a25_sft,25,1,sft,8000,97,0,0,0.0,libero_plus,4416.782650232315,c44283c652a1d43b04742220339217df59089453,outputs/cp3_eval/a25_sft_s1/shard0
a25_sft_s1,a25_sft,25,1,sft,8000,152,0,1,1.0,libero_plus,4416.782650232315,c44283c652a1d43b04742220339217df59089453,outputs/cp3_eval/a25_sft_s1/shard0
a25_sft_s1,a25_sft,25,1,sft,8000,238,0,0,0.0,libero_plus,4416.782650232315,c44283c652a1d43b04742220339217df59089453,outputs/cp3_eval/a25_sft_s1/shard0
a25_sft_s1,a25_sft,25,1,sft,8000,270,0,0,0.0,libero_plus,4416.782650232315,c44283c652a1d43b04742220339217df59089453,outputs/cp3_eval/a25_sft_s1/shard0
a25_sft_s1,a25_sft,25,1,sft,8000,306,0,0,0.0,libero_plus,4416.782650232315,c44283c652a1d43b04742220339217df59089453,outputs/cp3_eval/a25_sft_s1/shard0
a25_sft_s1,a25_sft,25,1,sft,8000,340,0,0,0.0,libero_plus,4416.782650232315,c44283c652a1d43b04742220339217df59089453,outputs/cp3_eval/a25_sft_s1/shard0
a25_sft_s1,a25_sft,25,1,sft,8000,384,0,0,0.0,libero_plus,4416.782650232315,c44283c652a1d43b04742220339217df59089453,outputs/cp3_eval/a25_sft_s1/shard0
a25_sft_s1,a25_sft,25,1,sft,8000,493,0,0,0.0,libero_plus,4416.782650232315,c44283c652a1d43b04742220339217df59089453,outputs/cp3_eval/a25_sft_s1/shard0
a25_sft_s1,a25_sft,25,1,sft,8000,571,0,0,0.0,libero_plus,4416.782650232315,c44283c652a1d43b04742220339217df59089453,outputs/cp3_eval/a25_sft_s1/shard0
a25_sft_s1,a25_sft,25,1,sft,8000,664,0,0,0.0,libero_plus,4416.782650232315,c44283c652a1d43b04742220339217df59089453,outputs/cp3_eval/a25_sft_s1/shard0
a25_sft_s1,a25_sft,25,1,sft,8000,745,0,0,0.0,libero_plus,4416.782650232315,c44283c652a1d43b04742220339217df59089453,outputs/cp3_eval/a25_sft_s1/shard0
a25_sft_s1,a25_sft,25,1,sft,8000,814,0,0,0.0,libero_plus,4416.782650232315,c44283c652a1d43b04742220339217df59089453,outputs/cp3_eval/a25_sft_s1/shard0
a25_sft_s1,a25_sft,25,1,sft,8000,913,0,0,0.0,libero_plus,4416.782650232315,c44283c652a1d43b04742220339217df59089453,outputs/cp3_eval/a25_sft_s1/shard0
a25_sft_s1,a25_sft,25,1,sft,8000,968,0,0,0.0,libero_plus,4416.782650232315,c44283c652a1d43b04742220339217df59089453,outputs/cp3_eval/a25_sft_s1/shard0
a25_sft_s1,a25_sft,25,1,sft,8000,1025,0,0,0.0,libero_plus,4416.782650232315,c44283c652a1d43b04742220339217df59089453,outputs/cp3_eval/a25_sft_s1/shard0
a25_sft_s1,a25_sft,25,1,sft,8000,1126,0,0,0.0,libero_plus,4416.782650232315,c44283c652a1d43b04742220339217df59089453,outputs/cp3_eval/a25_sft_s1/shard0
a25_sft_s1,a25_sft,25,1,sft,8000,1209,0,0,0.0,libero_plus,4416.782650232315,c44283c652a1d43b04742220339217df59089453,outputs/cp3_eval/a25_sft_s1/shard0
a25_sft_s1,a25_sft,25,1,sft,8000,1243,0,0,0.0,libero_plus,4416.782650232315,c44283c652a1d43b04742220339217df59089453,outputs/cp3_eval/a25_sft_s1/shard0
a25_sft_s1,a25_sft,25,1,sft,8000,1304,0,0,0.0,libero_plus,4416.782650232315,c44283c652a1d43b04742220339217df59089453,outputs/cp3_eval/a25_sft_s1/shard0
a25_sft_s1,a25_sft,25,1,sft,8000,1394,0,0,0.0,libero_plus,4416.782650232315,c44283c652a1d43b04742220339217df59089453,outputs/cp3_eval/a25_sft_s1/shard0
a25_sft_s1,a25_sft,25,1,sft,8000,1466,0,0,0.0,libero_plus,4416.782650232315,c44283c652a1d43b04742220339217df59089453,outputs/cp3_eval/a25_sft_s1/shard0
a25_sft_s1,a25_sft,25,1,sft,8000,1591,0,0,0.0,libero_plus,4416.782650232315,c44283c652a1d43b04742220339217df59089453,outputs/cp3_eval/a25_sft_s1/shard0
a25_sft_s1,a25_sft,25,1,sft,8000,1625,0,0,0.0,libero_plus,4416.782650232315,c44283c652a1d43b04742220339217df59089453,outputs/cp3_eval/a25_sft_s1/shard0
a25_sft_s1,a25_sft,25,1,sft,8000,1695,0,0,0.0,libero_plus,4416.782650232315,c44283c652a1d43b04742220339217df59089453,outputs/cp3_eval/a25_sft_s1/shard0
a25_sft_s1,a25_sft,25,1,sft,8000,1759,0,0,0.0,libero_plus,4416.782650232315,c44283c652a1d43b04742220339217df59089453,outputs/cp3_eval/a25_sft_s1/shard0
a25_sft_s1,a25_sft,25,1,sft,8000,1811,0,0,0.0,libero_plus,4416.782650232315,c44283c652a1d43b04742220339217df59089453,outputs/cp3_eval/a25_sft_s1/shard0
a25_sft_s1,a25_sft,25,1,sft,8000,1887,0,0,0.0,libero_plus,4416.782650232315,c44283c652a1d43b04742220339217df59089453,outputs/cp3_eval/a25_sft_s1/shard0
a25_sft_s1,a25_sft,25,1,sft,8000,1995,0,0,0.0,libero_plus,4416.782650232315,c44283c652a1d43b04742220339217df59089453,outputs/cp3_eval/a25_sft_s1/shard0
a25_sft_s1,a25_sft,25,1,sft,8000,2045,0,0,0.0,libero_plus,4416.782650232315,c44283c652a1d43b04742220339217df59089453,outputs/cp3_eval/a25_sft_s1/shard0
a25_sft_s1,a25_sft,25,1,sft,8000,2093,0,0,0.0,libero_plus,4416.782650232315,c44283c652a1d43b04742220339217df59089453,outputs/cp3_eval/a25_sft_s1/shard0
a25_sft_s1,a25_sft,25,1,sft,8000,2180,0,0,0.0,libero_plus,4416.782650232315,c44283c652a1d43b04742220339217df59089453,outputs/cp3_eval/a25_sft_s1/shard0
a25_sft_s1,a25_sft,25,1,sft,8000,2235,0,0,0.0,libero_plus,4416.782650232315,c44283c652a1d43b04742220339217df59089453,outputs/cp3_eval/a25_sft_s1/shard0
a25_sft_s1,a25_sft,25,1,sft,8000,2338,0,0,0.0,libero_plus,4416.782650232315,c44283c652a1d43b04742220339217df59089453,outputs/cp3_eval/a25_sft_s1/shard0
a25_sft_s1,a25_sft,25,1,sft,8000,2377,0,0,0.0,libero_plus,4416.782650232315,c44283c652a1d43b04742220339217df59089453,outputs/cp3_eval/a25_sft_s1/shard0
a25_sft_s1,a25_sft,25,1,sft,8000,2411,0,0,0.0,libero_plus,4416.782650232315,c44283c652a1d43b04742220339217df59089453,outputs/cp3_eval/a25_sft_s1/shard0
a25_sft_s1,a25_sft,25,1,sft,8000,2488,0,0,0.0,libero_plus,4416.782650232315,c44283c652a1d43b04742220339217df59089453,outputs/cp3_eval/a25_sft_s1/shard0
a25_sft_s1,a25_sft,25,1,sft,8000,2513,0,0,0.0,libero_plus,4416.782650232315,c44283c652a1d43b04742220339217df59089453,outputs/cp3_eval/a25_sft_s1/shard0
a25_sft_s1,a25_sft,25,1,sft,8000,2578,0,0,0.0,libero_plus,4416.782650232315,c44283c652a1d43b04742220339217df59089453,outputs/cp3_eval/a25_sft_s1/shard0
a25_sft_s1,a25_sft,25,1,sft,8000,31,0,0,0.0,libero_plus,4416.782650232315,c44283c652a1d43b04742220339217df59089453,outputs/cp3_eval/a25_sft_s1/shard1
a25_sft_s1,a25_sft,25,1,sft,8000,70,0,0,0.0,libero_plus,4416.782650232315,c44283c652a1d43b04742220339217df59089453,outputs/cp3_eval/a25_sft_s1/shard1
a25_sft_s1,a25_sft,25,1,sft,8000,106,0,0,0.0,libero_plus,4416.782650232315,c44283c652a1d43b04742220339217df59089453,outputs/cp3_eval/a25_sft_s1/shard1
a25_sft_s1,a25_sft,25,1,sft,8000,164,0,0,0.0,libero_plus,4416.782650232315,c44283c652a1d43b04742220339217df59089453,outputs/cp3_eval/a25_sft_s1/shard1
a25_sft_s1,a25_sft,25,1,sft,8000,242,0,0,0.0,libero_plus,4416.782650232315,c44283c652a1d43b04742220339217df59089453,outputs/cp3_eval/a25_sft_s1/shard1
a25_sft_s1,a25_sft,25,1,sft,8000,273,0,0,0.0,libero_plus,4416.782650232315,c44283c652a1d43b04742220339217df59089453,outputs/cp3_eval/a25_sft_s1/shard1
a25_sft_s1,a25_sft,25,1,sft,8000,315,0,0,0.0,libero_plus,4416.782650232315,c44283c652a1d43b04742220339217df59089453,outputs/cp3_eval/a25_sft_s1/shard1
a25_sft_s1,a25_sft,25,1,sft,8000,346,0,0,0.0,libero_plus,4416.782650232315,c44283c652a1d43b04742220339217df59089453,outputs/cp3_eval/a25_sft_s1/shard1
a25_sft_s1,a25_sft,25,1,sft,8000,392,0,0,0.0,libero_plus,4416.782650232315,c44283c652a1d43b04742220339217df59089453,outputs/cp3_eval/a25_sft_s1/shard1
a25_sft_s1,a25_sft,25,1,sft,8000,517,0,0,0.0,libero_plus,4416.782650232315,c44283c652a1d43b04742220339217df59089453,outputs/cp3_eval/a25_sft_s1/shard1
a25_sft_s1,a25_sft,25,1,sft,8000,608,0,0,0.0,libero_plus,4416.782650232315,c44283c652a1d43b04742220339217df59089453,outputs/cp3_eval/a25_sft_s1/shard1
a25_sft_s1,a25_sft,25,1,sft,8000,706,0,0,0.0,libero_plus,4416.782650232315,c44283c652a1d43b04742220339217df59089453,outputs/cp3_eval/a25_sft_s1/shard1
a25_sft_s1,a25_sft,25,1,sft,8000,754,0,0,0.0,libero_plus,4416.782650232315,c44283c652a1d43b04742220339217df59089453,outputs/cp3_eval/a25_sft_s1/shard1
a25_sft_s1,a25_sft,25,1,sft,8000,829,0,0,0.0,libero_plus,4416.782650232315,c44283c652a1d43b04742220339217df59089453,outputs/cp3_eval/a25_sft_s1/shard1
a25_sft_s1,a25_sft,25,1,sft,8000,934,0,0,0.0,libero_plus,4416.782650232315,c44283c652a1d43b04742220339217df59089453,outputs/cp3_eval/a25_sft_s1/shard1
a25_sft_s1,a25_sft,25,1,sft,8000,969,0,0,0.0,libero_plus,4416.782650232315,c44283c652a1d43b04742220339217df59089453,outputs/cp3_eval/a25_sft_s1/shard1
a25_sft_s1,a25_sft,25,1,sft,8000,1042,0,0,0.0,libero_plus,4416.782650232315,c44283c652a1d43b04742220339217df59089453,outputs/cp3_eval/a25_sft_s1/shard1
a25_sft_s1,a25_sft,25,1,sft,8000,1139,0,0,0.0,libero_plus,4416.782650232315,c44283c652a1d43b04742220339217df59089453,outputs/cp3_eval/a25_sft_s1/shard1
a25_sft_s1,a25_sft,25,1,sft,8000,1210,0,0,0.0,libero_plus,4416.782650232315,c44283c652a1d43b04742220339217df59089453,outputs/cp3_eval/a25_sft_s1/shard1
a25_sft_s1,a25_sft,25,1,sft,8000,1246,0,0,0.0,libero_plus,4416.782650232315,c44283c652a1d43b04742220339217df59089453,outputs/cp3_eval/a25_sft_s1/shard1
a25_sft_s1,a25_sft,25,1,sft,8000,1308,0,0,0.0,libero_plus,4416.782650232315,c44283c652a1d43b04742220339217df59089453,outputs/cp3_eval/a25_sft_s1/shard1
a25_sft_s1,a25_sft,25,1,sft,8000,1399,0,0,0.0,libero_plus,4416.782650232315,c44283c652a1d43b04742220339217df59089453,outputs/cp3_eval/a25_sft_s1/shard1
a25_sft_s1,a25_sft,25,1,sft,8000,1503,0,0,0.0,libero_plus,4416.782650232315,c44283c652a1d43b04742220339217df59089453,outputs/cp3_eval/a25_sft_s1/shard1
a25_sft_s1,a25_sft,25,1,sft,8000,1592,0,0,0.0,libero_plus,4416.782650232315,c44283c652a1d43b04742220339217df59089453,outputs/cp3_eval/a25_sft_s1/shard1
a25_sft_s1,a25_sft,25,1,sft,8000,1634,0,0,0.0,libero_plus,4416.782650232315,c44283c652a1d43b04742220339217df59089453,outputs/cp3_eval/a25_sft_s1/shard1
a25_sft_s1,a25_sft,25,1,sft,8000,1714,0,0,0.0,libero_plus,4416.782650232315,c44283c652a1d43b04742220339217df59089453,outputs/cp3_eval/a25_sft_s1/shard1
a25_sft_s1,a25_sft,25,1,sft,8000,1770,0,0,0.0,libero_plus,4416.782650232315,c44283c652a1d43b04742220339217df59089453,outputs/cp3_eval/a25_sft_s1/shard1
a25_sft_s1,a25_sft,25,1,sft,8000,1852,0,0,0.0,libero_plus,4416.782650232315,c44283c652a1d43b04742220339217df59089453,outputs/cp3_eval/a25_sft_s1/shard1
a25_sft_s1,a25_sft,25,1,sft,8000,1922,0,0,0.0,libero_plus,4416.782650232315,c44283c652a1d43b04742220339217df59089453,outputs/cp3_eval/a25_sft_s1/shard1
a25_sft_s1,a25_sft,25,1,sft,8000,2016,0,0,0.0,libero_plus,4416.782650232315,c44283c652a1d43b04742220339217df59089453,outputs/cp3_eval/a25_sft_s1/shard1
a25_sft_s1,a25_sft,25,1,sft,8000,2052,0,0,0.0,libero_plus,4416.782650232315,c44283c652a1d43b04742220339217df59089453,outputs/cp3_eval/a25_sft_s1/shard1
a25_sft_s1,a25_sft,25,1,sft,8000,2128,0,0,0.0,libero_plus,4416.782650232315,c44283c652a1d43b04742220339217df59089453,outputs/cp3_eval/a25_sft_s1/shard1
a25_sft_s1,a25_sft,25,1,sft,8000,2185,0,0,0.0,libero_plus,4416.782650232315,c44283c652a1d43b04742220339217df59089453,outputs/cp3_eval/a25_sft_s1/shard1
a25_sft_s1,a25_sft,25,1,sft,8000,2255,0,0,0.0,libero_plus,4416.782650232315,c44283c652a1d43b04742220339217df59089453,outputs/cp3_eval/a25_sft_s1/shard1
a25_sft_s1,a25_sft,25,1,sft,8000,2346,0,0,0.0,libero_plus,4416.782650232315,c44283c652a1d43b04742220339217df59089453,outputs/cp3_eval/a25_sft_s1/shard1
a25_sft_s1,a25_sft,25,1,sft,8000,2382,0,0,0.0,libero_plus,4416.782650232315,c44283c652a1d43b04742220339217df59089453,outputs/cp3_eval/a25_sft_s1/shard1
a25_sft_s1,a25_sft,25,1,sft,8000,2413,0,0,0.0,libero_plus,4416.782650232315,c44283c652a1d43b04742220339217df59089453,outputs/cp3_eval/a25_sft_s1/shard1
a25_sft_s1,a25_sft,25,1,sft,8000,2491,0,0,0.0,libero_plus,4416.782650232315,c44283c652a1d43b04742220339217df59089453,outputs/cp3_eval/a25_sft_s1/shard1
a25_sft_s1,a25_sft,25,1,sft,8000,2516,0,0,0.0,libero_plus,4416.782650232315,c44283c652a1d43b04742220339217df59089453,outputs/cp3_eval/a25_sft_s1/shard1
a25_sft_s1,a25_sft,25,1,sft,8000,39,0,0,0.0,libero_plus,4416.782650232315,c44283c652a1d43b04742220339217df59089453,outputs/cp3_eval/a25_sft_s1/shard2
a25_sft_s1,a25_sft,25,1,sft,8000,74,0,0,0.0,libero_plus,4416.782650232315,c44283c652a1d43b04742220339217df59089453,outputs/cp3_eval/a25_sft_s1/shard2
a25_sft_s1,a25_sft,25,1,sft,8000,117,0,0,0.0,libero_plus,4416.782650232315,c44283c652a1d43b04742220339217df59089453,outputs/cp3_eval/a25_sft_s1/shard2
a25_sft_s1,a25_sft,25,1,sft,8000,173,0,0,0.0,libero_plus,4416.782650232315,c44283c652a1d43b04742220339217df59089453,outputs/cp3_eval/a25_sft_s1/shard2
a25_sft_s1,a25_sft,25,1,sft,8000,250,0,0,0.0,libero_plus,4416.782650232315,c44283c652a1d43b04742220339217df59089453,outputs/cp3_eval/a25_sft_s1/shard2
a25_sft_s1,a25_sft,25,1,sft,8000,277,0,0,0.0,libero_plus,4416.782650232315,c44283c652a1d43b04742220339217df59089453,outputs/cp3_eval/a25_sft_s1/shard2
a25_sft_s1,a25_sft,25,1,sft,8000,332,0,0,0.0,libero_plus,4416.782650232315,c44283c652a1d43b04742220339217df59089453,outputs/cp3_eval/a25_sft_s1/shard2
a25_sft_s1,a25_sft,25,1,sft,8000,352,0,0,0.0,libero_plus,4416.782650232315,c44283c652a1d43b04742220339217df59089453,outputs/cp3_eval/a25_sft_s1/shard2
a25_sft_s1,a25_sft,25,1,sft,8000,484,0,0,0.0,libero_plus,4416.782650232315,c44283c652a1d43b04742220339217df59089453,outputs/cp3_eval/a25_sft_s1/shard2
a25_sft_s1,a25_sft,25,1,sft,8000,523,0,0,0.0,libero_plus,4416.782650232315,c44283c652a1d43b04742220339217df59089453,outputs/cp3_eval/a25_sft_s1/shard2
a25_sft_s1,a25_sft,25,1,sft,8000,611,0,0,0.0,libero_plus,4416.782650232315,c44283c652a1d43b04742220339217df59089453,outputs/cp3_eval/a25_sft_s1/shard2
a25_sft_s1,a25_sft,25,1,sft,8000,734,0,0,0.0,libero_plus,4416.782650232315,c44283c652a1d43b04742220339217df59089453,outputs/cp3_eval/a25_sft_s1/shard2
a25_sft_s1,a25_sft,25,1,sft,8000,758,0,0,0.0,libero_plus,4416.782650232315,c44283c652a1d43b04742220339217df59089453,outputs/cp3_eval/a25_sft_s1/shard2
a25_sft_s1,a25_sft,25,1,sft,8000,836,0,0,0.0,libero_plus,4416.782650232315,c44283c652a1d43b04742220339217df59089453,outputs/cp3_eval/a25_sft_s1/shard2
a25_sft_s1,a25_sft,25,1,sft,8000,950,0,0,0.0,libero_plus,4416.782650232315,c44283c652a1d43b04742220339217df59089453,outputs/cp3_eval/a25_sft_s1/shard2
a25_sft_s1,a25_sft,25,1,sft,8000,973,0,0,0.0,libero_plus,4416.782650232315,c44283c652a1d43b04742220339217df59089453,outputs/cp3_eval/a25_sft_s1/shard2
a25_sft_s1,a25_sft,25,1,sft,8000,1058,0,0,0.0,libero_plus,4416.782650232315,c44283c652a1d43b04742220339217df59089453,outputs/cp3_eval/a25_sft_s1/shard2
a25_sft_s1,a25_sft,25,1,sft,8000,1171,0,0,0.0,libero_plus,4416.782650232315,c44283c652a1d43b04742220339217df59089453,outputs/cp3_eval/a25_sft_s1/shard2
a25_sft_s1,a25_sft,25,1,sft,8000,1211,0,0,0.0,libero_plus,4416.782650232315,c44283c652a1d43b04742220339217df59089453,outputs/cp3_eval/a25_sft_s1/shard2
a25_sft_s1,a25_sft,25,1,sft,8000,1267,0,0,0.0,libero_plus,4416.782650232315,c44283c652a1d43b04742220339217df59089453,outputs/cp3_eval/a25_sft_s1/shard2
a25_sft_s1,a25_sft,25,1,sft,8000,1355,0,0,0.0,libero_plus,4416.782650232315,c44283c652a1d43b04742220339217df59089453,outputs/cp3_eval/a25_sft_s1/shard2
a25_sft_s1,a25_sft,25,1,sft,8000,1422,0,0,0.0,libero_plus,4416.782650232315,c44283c652a1d43b04742220339217df59089453,outputs/cp3_eval/a25_sft_s1/shard2
a25_sft_s1,a25_sft,25,1,sft,8000,1567,0,0,0.0,libero_plus,4416.782650232315,c44283c652a1d43b04742220339217df59089453,outputs/cp3_eval/a25_sft_s1/shard2
a25_sft_s1,a25_sft,25,1,sft,8000,1595,0,0,0.0,libero_plus,4416.782650232315,c44283c652a1d43b04742220339217df59089453,outputs/cp3_eval/a25_sft_s1/shard2
a25_sft_s1,a25_sft,25,1,sft,8000,1642,0,0,0.0,libero_plus,4416.782650232315,c44283c652a1d43b04742220339217df59089453,outputs/cp3_eval/a25_sft_s1/shard2
a25_sft_s1,a25_sft,25,1,sft,8000,1718,0,0,0.0,libero_plus,4416.782650232315,c44283c652a1d43b04742220339217df59089453,outputs/cp3_eval/a25_sft_s1/shard2
a25_sft_s1,a25_sft,25,1,sft,8000,1791,0,0,0.0,libero_plus,4416.782650232315,c44283c652a1d43b04742220339217df59089453,outputs/cp3_eval/a25_sft_s1/shard2
a25_sft_s1,a25_sft,25,1,sft,8000,1860,0,0,0.0,libero_plus,4416.782650232315,c44283c652a1d43b04742220339217df59089453,outputs/cp3_eval/a25_sft_s1/shard2
a25_sft_s1,a25_sft,25,1,sft,8000,1940,0,0,0.0,libero_plus,4416.782650232315,c44283c652a1d43b04742220339217df59089453,outputs/cp3_eval/a25_sft_s1/shard2
a25_sft_s1,a25_sft,25,1,sft,8000,2034,0,0,0.0,libero_plus,4416.782650232315,c44283c652a1d43b04742220339217df59089453,outputs/cp3_eval/a25_sft_s1/shard2
a25_sft_s1,a25_sft,25,1,sft,8000,2056,0,0,0.0,libero_plus,4416.782650232315,c44283c652a1d43b04742220339217df59089453,outputs/cp3_eval/a25_sft_s1/shard2
a25_sft_s1,a25_sft,25,1,sft,8000,2139,0,0,0.0,libero_plus,4416.782650232315,c44283c652a1d43b04742220339217df59089453,outputs/cp3_eval/a25_sft_s1/shard2
a25_sft_s1,a25_sft,25,1,sft,8000,2203,0,0,0.0,libero_plus,4416.782650232315,c44283c652a1d43b04742220339217df59089453,outputs/cp3_eval/a25_sft_s1/shard2
a25_sft_s1,a25_sft,25,1,sft,8000,2262,0,0,0.0,libero_plus,4416.782650232315,c44283c652a1d43b04742220339217df59089453,outputs/cp3_eval/a25_sft_s1/shard2
a25_sft_s1,a25_sft,25,1,sft,8000,2350,0,0,0.0,libero_plus,4416.782650232315,c44283c652a1d43b04742220339217df59089453,outputs/cp3_eval/a25_sft_s1/shard2
a25_sft_s1,a25_sft,25,1,sft,8000,2388,0,0,0.0,libero_plus,4416.782650232315,c44283c652a1d43b04742220339217df59089453,outputs/cp3_eval/a25_sft_s1/shard2
a25_sft_s1,a25_sft,25,1,sft,8000,2446,0,0,0.0,libero_plus,4416.782650232315,c44283c652a1d43b04742220339217df59089453,outputs/cp3_eval/a25_sft_s1/shard2
a25_sft_s1,a25_sft,25,1,sft,8000,2494,0,0,0.0,libero_plus,4416.782650232315,c44283c652a1d43b04742220339217df59089453,outputs/cp3_eval/a25_sft_s1/shard2
a25_sft_s1,a25_sft,25,1,sft,8000,2528,0,0,0.0,libero_plus,4416.782650232315,c44283c652a1d43b04742220339217df59089453,outputs/cp3_eval/a25_sft_s1/shard2
a25_sft_s1,a25_sft,25,1,sft,8000,41,0,0,0.0,libero_plus,4416.782650232315,c44283c652a1d43b04742220339217df59089453,outputs/cp3_eval/a25_sft_s1/shard3
a25_sft_s1,a25_sft,25,1,sft,8000,83,0,0,0.0,libero_plus,4416.782650232315,c44283c652a1d43b04742220339217df59089453,outputs/cp3_eval/a25_sft_s1/shard3
a25_sft_s1,a25_sft,25,1,sft,8000,124,0,0,0.0,libero_plus,4416.782650232315,c44283c652a1d43b04742220339217df59089453,outputs/cp3_eval/a25_sft_s1/shard3
a25_sft_s1,a25_sft,25,1,sft,8000,214,0,0,0.0,libero_plus,4416.782650232315,c44283c652a1d43b04742220339217df59089453,outputs/cp3_eval/a25_sft_s1/shard3
a25_sft_s1,a25_sft,25,1,sft,8000,265,0,0,0.0,libero_plus,4416.782650232315,c44283c652a1d43b04742220339217df59089453,outputs/cp3_eval/a25_sft_s1/shard3
a25_sft_s1,a25_sft,25,1,sft,8000,291,0,0,0.0,libero_plus,4416.782650232315,c44283c652a1d43b04742220339217df59089453,outputs/cp3_eval/a25_sft_s1/shard3
a25_sft_s1,a25_sft,25,1,sft,8000,337,0,0,0.0,libero_plus,4416.782650232315,c44283c652a1d43b04742220339217df59089453,outputs/cp3_eval/a25_sft_s1/shard3
a25_sft_s1,a25_sft,25,1,sft,8000,355,0,0,0.0,libero_plus,4416.782650232315,c44283c652a1d43b04742220339217df59089453,outputs/cp3_eval/a25_sft_s1/shard3
a25_sft_s1,a25_sft,25,1,sft,8000,488,0,0,0.0,libero_plus,4416.782650232315,c44283c652a1d43b04742220339217df59089453,outputs/cp3_eval/a25_sft_s1/shard3
a25_sft_s1,a25_sft,25,1,sft,8000,546,0,0,0.0,libero_plus,4416.782650232315,c44283c652a1d43b04742220339217df59089453,outputs/cp3_eval/a25_sft_s1/shard3
a25_sft_s1,a25_sft,25,1,sft,8000,614,0,0,0.0,libero_plus,4416.782650232315,c44283c652a1d43b04742220339217df59089453,outputs/cp3_eval/a25_sft_s1/shard3
a25_sft_s1,a25_sft,25,1,sft,8000,737,0,0,0.0,libero_plus,4416.782650232315,c44283c652a1d43b04742220339217df59089453,outputs/cp3_eval/a25_sft_s1/shard3
a25_sft_s1,a25_sft,25,1,sft,8000,786,0,0,0.0,libero_plus,4416.782650232315,c44283c652a1d43b04742220339217df59089453,outputs/cp3_eval/a25_sft_s1/shard3
a25_sft_s1,a25_sft,25,1,sft,8000,871,0,0,0.0,libero_plus,4416.782650232315,c44283c652a1d43b04742220339217df59089453,outputs/cp3_eval/a25_sft_s1/shard3
a25_sft_s1,a25_sft,25,1,sft,8000,962,0,0,0.0,libero_plus,4416.782650232315,c44283c652a1d43b04742220339217df59089453,outputs/cp3_eval/a25_sft_s1/shard3
a25_sft_s1,a25_sft,25,1,sft,8000,974,0,0,0.0,libero_plus,4416.782650232315,c44283c652a1d43b04742220339217df59089453,outputs/cp3_eval/a25_sft_s1/shard3
a25_sft_s1,a25_sft,25,1,sft,8000,1069,0,0,0.0,libero_plus,4416.782650232315,c44283c652a1d43b04742220339217df59089453,outputs/cp3_eval/a25_sft_s1/shard3
a25_sft_s1,a25_sft,25,1,sft,8000,1194,0,0,0.0,libero_plus,4416.782650232315,c44283c652a1d43b04742220339217df59089453,outputs/cp3_eval/a25_sft_s1/shard3
a25_sft_s1,a25_sft,25,1,sft,8000,1213,0,0,0.0,libero_plus,4416.782650232315,c44283c652a1d43b04742220339217df59089453,outputs/cp3_eval/a25_sft_s1/shard3
a25_sft_s1,a25_sft,25,1,sft,8000,1279,0,0,0.0,libero_plus,4416.782650232315,c44283c652a1d43b04742220339217df59089453,outputs/cp3_eval/a25_sft_s1/shard3
a25_sft_s1,a25_sft,25,1,sft,8000,1356,0,0,0.0,libero_plus,4416.782650232315,c44283c652a1d43b04742220339217df59089453,outputs/cp3_eval/a25_sft_s1/shard3
a25_sft_s1,a25_sft,25,1,sft,8000,1449,0,0,0.0,libero_plus,4416.782650232315,c44283c652a1d43b04742220339217df59089453,outputs/cp3_eval/a25_sft_s1/shard3
a25_sft_s1,a25_sft,25,1,sft,8000,1572,0,0,0.0,libero_plus,4416.782650232315,c44283c652a1d43b04742220339217df59089453,outputs/cp3_eval/a25_sft_s1/shard3
a25_sft_s1,a25_sft,25,1,sft,8000,1608,0,0,0.0,libero_plus,4416.782650232315,c44283c652a1d43b04742220339217df59089453,outputs/cp3_eval/a25_sft_s1/shard3
a25_sft_s1,a25_sft,25,1,sft,8000,1672,0,0,0.0,libero_plus,4416.782650232315,c44283c652a1d43b04742220339217df59089453,outputs/cp3_eval/a25_sft_s1/shard3
a25_sft_s1,a25_sft,25,1,sft,8000,1727,0,0,0.0,libero_plus,4416.782650232315,c44283c652a1d43b04742220339217df59089453,outputs/cp3_eval/a25_sft_s1/shard3
a25_sft_s1,a25_sft,25,1,sft,8000,1794,0,0,0.0,libero_plus,4416.782650232315,c44283c652a1d43b04742220339217df59089453,outputs/cp3_eval/a25_sft_s1/shard3
a25_sft_s1,a25_sft,25,1,sft,8000,1864,0,0,0.0,libero_plus,4416.782650232315,c44283c652a1d43b04742220339217df59089453,outputs/cp3_eval/a25_sft_s1/shard3
a25_sft_s1,a25_sft,25,1,sft,8000,1945,0,0,0.0,libero_plus,4416.782650232315,c44283c652a1d43b04742220339217df59089453,outputs/cp3_eval/a25_sft_s1/shard3
a25_sft_s1,a25_sft,25,1,sft,8000,2035,0,0,0.0,libero_plus,4416.782650232315,c44283c652a1d43b04742220339217df59089453,outputs/cp3_eval/a25_sft_s1/shard3
a25_sft_s1,a25_sft,25,1,sft,8000,2065,0,0,0.0,libero_plus,4416.782650232315,c44283c652a1d43b04742220339217df59089453,outputs/cp3_eval/a25_sft_s1/shard3
a25_sft_s1,a25_sft,25,1,sft,8000,2153,0,0,0.0,libero_plus,4416.782650232315,c44283c652a1d43b04742220339217df59089453,outputs/cp3_eval/a25_sft_s1/shard3
a25_sft_s1,a25_sft,25,1,sft,8000,2207,0,0,0.0,libero_plus,4416.782650232315,c44283c652a1d43b04742220339217df59089453,outputs/cp3_eval/a25_sft_s1/shard3
a25_sft_s1,a25_sft,25,1,sft,8000,2321,0,0,0.0,libero_plus,4416.782650232315,c44283c652a1d43b04742220339217df59089453,outputs/cp3_eval/a25_sft_s1/shard3
a25_sft_s1,a25_sft,25,1,sft,8000,2359,0,0,0.0,libero_plus,4416.782650232315,c44283c652a1d43b04742220339217df59089453,outputs/cp3_eval/a25_sft_s1/shard3
a25_sft_s1,a25_sft,25,1,sft,8000,2405,0,0,0.0,libero_plus,4416.782650232315,c44283c652a1d43b04742220339217df59089453,outputs/cp3_eval/a25_sft_s1/shard3
a25_sft_s1,a25_sft,25,1,sft,8000,2464,0,0,0.0,libero_plus,4416.782650232315,c44283c652a1d43b04742220339217df59089453,outputs/cp3_eval/a25_sft_s1/shard3
a25_sft_s1,a25_sft,25,1,sft,8000,2497,0,0,0.0,libero_plus,4416.782650232315,c44283c652a1d43b04742220339217df59089453,outputs/cp3_eval/a25_sft_s1/shard3
a25_sft_s1,a25_sft,25,1,sft,8000,2539,0,0,0.0,libero_plus,4416.782650232315,c44283c652a1d43b04742220339217df59089453,outputs/cp3_eval/a25_sft_s1/shard3
a25_sft_s1,a25_sft,25,1,sft,8000,44,0,0,0.0,libero_plus,4416.782650232315,c44283c652a1d43b04742220339217df59089453,outputs/cp3_eval/a25_sft_s1/shard4
a25_sft_s1,a25_sft,25,1,sft,8000,94,0,0,0.0,libero_plus,4416.782650232315,c44283c652a1d43b04742220339217df59089453,outputs/cp3_eval/a25_sft_s1/shard4
a25_sft_s1,a25_sft,25,1,sft,8000,141,0,0,0.0,libero_plus,4416.782650232315,c44283c652a1d43b04742220339217df59089453,outputs/cp3_eval/a25_sft_s1/shard4
a25_sft_s1,a25_sft,25,1,sft,8000,226,0,0,0.0,libero_plus,4416.782650232315,c44283c652a1d43b04742220339217df59089453,outputs/cp3_eval/a25_sft_s1/shard4
a25_sft_s1,a25_sft,25,1,sft,8000,266,0,0,0.0,libero_plus,4416.782650232315,c44283c652a1d43b04742220339217df59089453,outputs/cp3_eval/a25_sft_s1/shard4
a25_sft_s1,a25_sft,25,1,sft,8000,304,0,0,0.0,libero_plus,4416.782650232315,c44283c652a1d43b04742220339217df59089453,outputs/cp3_eval/a25_sft_s1/shard4
a25_sft_s1,a25_sft,25,1,sft,8000,339,0,0,0.0,libero_plus,4416.782650232315,c44283c652a1d43b04742220339217df59089453,outputs/cp3_eval/a25_sft_s1/shard4
a25_sft_s1,a25_sft,25,1,sft,8000,365,0,0,0.0,libero_plus,4416.782650232315,c44283c652a1d43b04742220339217df59089453,outputs/cp3_eval/a25_sft_s1/shard4
a25_sft_s1,a25_sft,25,1,sft,8000,492,0,0,0.0,libero_plus,4416.782650232315,c44283c652a1d43b04742220339217df59089453,outputs/cp3_eval/a25_sft_s1/shard4
a25_sft_s1,a25_sft,25,1,sft,8000,556,0,0,0.0,libero_plus,4416.782650232315,c44283c652a1d43b04742220339217df59089453,outputs/cp3_eval/a25_sft_s1/shard4
a25_sft_s1,a25_sft,25,1,sft,8000,616,0,0,0.0,libero_plus,4416.782650232315,c44283c652a1d43b04742220339217df59089453,outputs/cp3_eval/a25_sft_s1/shard4
a25_sft_s1,a25_sft,25,1,sft,8000,740,0,0,0.0,libero_plus,4416.782650232315,c44283c652a1d43b04742220339217df59089453,outputs/cp3_eval/a25_sft_s1/shard4
a25_sft_s1,a25_sft,25,1,sft,8000,812,0,0,0.0,libero_plus,4416.782650232315,c44283c652a1d43b04742220339217df59089453,outputs/cp3_eval/a25_sft_s1/shard4
a25_sft_s1,a25_sft,25,1,sft,8000,882,0,0,0.0,libero_plus,4416.782650232315,c44283c652a1d43b04742220339217df59089453,outputs/cp3_eval/a25_sft_s1/shard4
a25_sft_s1,a25_sft,25,1,sft,8000,964,0,0,0.0,libero_plus,4416.782650232315,c44283c652a1d43b04742220339217df59089453,outputs/cp3_eval/a25_sft_s1/shard4
a25_sft_s1,a25_sft,25,1,sft,8000,978,0,0,0.0,libero_plus,4416.782650232315,c44283c652a1d43b04742220339217df59089453,outputs/cp3_eval/a25_sft_s1/shard4
a25_sft_s1,a25_sft,25,1,sft,8000,1117,0,0,0.0,libero_plus,4416.782650232315,c44283c652a1d43b04742220339217df59089453,outputs/cp3_eval/a25_sft_s1/shard4
a25_sft_s1,a25_sft,25,1,sft,8000,1196,0,0,0.0,libero_plus,4416.782650232315,c44283c652a1d43b04742220339217df59089453,outputs/cp3_eval/a25_sft_s1/shard4
a25_sft_s1,a25_sft,25,1,sft,8000,1239,0,0,0.0,libero_plus,4416.782650232315,c44283c652a1d43b04742220339217df59089453,outputs/cp3_eval/a25_sft_s1/shard4
a25_sft_s1,a25_sft,25,1,sft,8000,1286,0,0,0.0,libero_plus,4416.782650232315,c44283c652a1d43b04742220339217df59089453,outputs/cp3_eval/a25_sft_s1/shard4
a25_sft_s1,a25_sft,25,1,sft,8000,1378,0,0,0.0,libero_plus,4416.782650232315,c44283c652a1d43b04742220339217df59089453,outputs/cp3_eval/a25_sft_s1/shard4
a25_sft_s1,a25_sft,25,1,sft,8000,1455,0,0,0.0,libero_plus,4416.782650232315,c44283c652a1d43b04742220339217df59089453,outputs/cp3_eval/a25_sft_s1/shard4
a25_sft_s1,a25_sft,25,1,sft,8000,1577,0,0,0.0,libero_plus,4416.782650232315,c44283c652a1d43b04742220339217df59089453,outputs/cp3_eval/a25_sft_s1/shard4
a25_sft_s1,a25_sft,25,1,sft,8000,1621,0,0,0.0,libero_plus,4416.782650232315,c44283c652a1d43b04742220339217df59089453,outputs/cp3_eval/a25_sft_s1/shard4
a25_sft_s1,a25_sft,25,1,sft,8000,1681,0,0,0.0,libero_plus,4416.782650232315,c44283c652a1d43b04742220339217df59089453,outputs/cp3_eval/a25_sft_s1/shard4
a25_sft_s1,a25_sft,25,1,sft,8000,1729,0,0,0.0,libero_plus,4416.782650232315,c44283c652a1d43b04742220339217df59089453,outputs/cp3_eval/a25_sft_s1/shard4
a25_sft_s1,a25_sft,25,1,sft,8000,1803,0,0,0.0,libero_plus,4416.782650232315,c44283c652a1d43b04742220339217df59089453,outputs/cp3_eval/a25_sft_s1/shard4
a25_sft_s1,a25_sft,25,1,sft,8000,1882,0,0,0.0,libero_plus,4416.782650232315,c44283c652a1d43b04742220339217df59089453,outputs/cp3_eval/a25_sft_s1/shard4
a25_sft_s1,a25_sft,25,1,sft,8000,1959,0,0,0.0,libero_plus,4416.782650232315,c44283c652a1d43b04742220339217df59089453,outputs/cp3_eval/a25_sft_s1/shard4
a25_sft_s1,a25_sft,25,1,sft,8000,2037,0,0,0.0,libero_plus,4416.782650232315,c44283c652a1d43b04742220339217df59089453,outputs/cp3_eval/a25_sft_s1/shard4
a25_sft_s1,a25_sft,25,1,sft,8000,2081,0,0,0.0,libero_plus,4416.782650232315,c44283c652a1d43b04742220339217df59089453,outputs/cp3_eval/a25_sft_s1/shard4
a25_sft_s1,a25_sft,25,1,sft,8000,2179,0,0,0.0,libero_plus,4416.782650232315,c44283c652a1d43b04742220339217df59089453,outputs/cp3_eval/a25_sft_s1/shard4
a25_sft_s1,a25_sft,25,1,sft,8000,2222,0,1,1.0,libero_plus,4416.782650232315,c44283c652a1d43b04742220339217df59089453,outputs/cp3_eval/a25_sft_s1/shard4
a25_sft_s1,a25_sft,25,1,sft,8000,2332,0,0,0.0,libero_plus,4416.782650232315,c44283c652a1d43b04742220339217df59089453,outputs/cp3_eval/a25_sft_s1/shard4
a25_sft_s1,a25_sft,25,1,sft,8000,2363,0,0,0.0,libero_plus,4416.782650232315,c44283c652a1d43b04742220339217df59089453,outputs/cp3_eval/a25_sft_s1/shard4
a25_sft_s1,a25_sft,25,1,sft,8000,2406,0,0,0.0,libero_plus,4416.782650232315,c44283c652a1d43b04742220339217df59089453,outputs/cp3_eval/a25_sft_s1/shard4
a25_sft_s1,a25_sft,25,1,sft,8000,2465,0,0,0.0,libero_plus,4416.782650232315,c44283c652a1d43b04742220339217df59089453,outputs/cp3_eval/a25_sft_s1/shard4
a25_sft_s1,a25_sft,25,1,sft,8000,2504,0,0,0.0,libero_plus,4416.782650232315,c44283c652a1d43b04742220339217df59089453,outputs/cp3_eval/a25_sft_s1/shard4
a25_sft_s1,a25_sft,25,1,sft,8000,2569,0,0,0.0,libero_plus,4416.782650232315,c44283c652a1d43b04742220339217df59089453,outputs/cp3_eval/a25_sft_s1/shard4
