run_id,condition,demo_budget,seed,stage,step,task_id,episode_idx,success,reward_total,eval_distribution,wallclock_s,git_sha,eval_dir
sft_task4,a1_sft,1,0,sft,8000,4,0,0,0.0,libero_goal,936.2966849803925,4f4f4a2bdf539d4433365d2f7a192b12b206566d,outputs/rl/eval/sft_task4
sft_task4,a1_sft,1,0,sft,8000,4,1,1,1.0,libero_goal,936.2966849803925,4f4f4a2bdf539d4433365d2f7a192b12b206566d,outputs/rl/eval/sft_task4
sft_task4,a1_sft,1,0,sft,8000,4,2,1,1.0,libero_goal,936.2966849803925,4f4f4a2bdf539d4433365d2f7a192b12b206566d,outputs/rl/eval/sft_task4
sft_task4,a1_sft,1,0,sft,8000,4,3,0,0.0,libero_goal,936.2966849803925,4f4f4a2bdf539d4433365d2f7a192b12b206566d,outputs/rl/eval/sft_task4
sft_task4,a1_sft,1,0,sft,8000,4,4,0,0.0,libero_goal,936.2966849803925,4f4f4a2bdf539d4433365d2f7a192b12b206566d,outputs/rl/eval/sft_task4
sft_task4,a1_sft,1,0,sft,8000,4,5,1,1.0,libero_goal,936.2966849803925,4f4f4a2bdf539d4433365d2f7a192b12b206566d,outputs/rl/eval/sft_task4
sft_task4,a1_sft,1,0,sft,8000,4,6,0,0.0,libero_goal,936.2966849803925,4f4f4a2bdf539d4433365d2f7a192b12b206566d,outputs/rl/eval/sft_task4
sft_task4,a1_sft,1,0,sft,8000,4,7,0,0.0,libero_goal,936.2966849803925,4f4f4a2bdf539d4433365d2f7a192b12b206566d,outputs/rl/eval/sft_task4
sft_task4,a1_sft,1,0,sft,8000,4,8,0,0.0,libero_goal,936.2966849803925,4f4f4a2bdf539d4433365d2f7a192b12b206566d,outputs/rl/eval/sft_task4
sft_task4,a1_sft,1,0,sft,8000,4,9,1,1.0,libero_goal,936.2966849803925,4f4f4a2bdf539d4433365d2f7a192b12b206566d,outputs/rl/eval/sft_task4
sft_task4,a1_sft,1,0,sft,8000,4,10,0,0.0,libero_goal,936.2966849803925,4f4f4a2bdf539d4433365d2f7a192b12b206566d,outputs/rl/eval/sft_task4
sft_task4,a1_sft,1,0,sft,8000,4,11,0,0.0,libero_goal,936.2966849803925,4f4f4a2bdf539d4433365d2f7a192b12b206566d,outputs/rl/eval/sft_task4
sft_task4,a1_sft,1,0,sft,8000,4,12,1,1.0,libero_goal,936.2966849803925,4f4f4a2bdf539d4433365d2f7a192b12b206566d,outputs/rl/eval/sft_task4
sft_task4,a1_sft,1,0,sft,8000,4,13,1,1.0,libero_goal,936.2966849803925,4f4f4a2bdf539d4433365d2f7a192b12b206566d,outputs/rl/eval/sft_task4
sft_task4,a1_sft,1,0,sft,8000,4,14,0,0.0,libero_goal,936.2966849803925,4f4f4a2bdf539d4433365d2f7a192b12b206566d,outputs/rl/eval/sft_task4
sft_task4,a1_sft,1,0,sft,8000,4,15,1,1.0,libero_goal,936.2966849803925,4f4f4a2bdf539d4433365d2f7a192b12b206566d,outputs/rl/eval/sft_task4
sft_task4,a1_sft,1,0,sft,8000,4,16,1,1.0,libero_goal,936.2966849803925,4f4f4a2bdf539d4433365d2f7a192b12b206566d,outputs/rl/eval/sft_task4
sft_task4,a1_sft,1,0,sft,8000,4,17,1,1.0,libero_goal,936.2966849803925,4f4f4a2bdf539d4433365d2f7a192b12b206566d,outputs/rl/eval/sft_task4
sft_task4,a1_sft,1,0,sft,8000,4,18,0,0.0,libero_goal,936.2966849803925,4f4f4a2bdf539d4433365d2f7a192b12b206566d,outputs/rl/eval/sft_task4
sft_task4,a1_sft,1,0,sft,8000,4,19,0,0.0,libero_goal,936.2966849803925,4f4f4a2bdf539d4433365d2f7a192b12b206566d,outputs/rl/eval/sft_task4
sft_task4,a1_sft,1,0,sft,8000,4,20,1,1.0,libero_goal,936.2966849803925,4f4f4a2bdf539d4433365d2f7a192b12b206566d,outputs/rl/eval/sft_task4
sft_task4,a1_sft,1,0,sft,8000,4,21,1,1.0,libero_goal,936.2966849803925,4f4f4a2bdf539d4433365d2f7a192b12b206566d,outputs/rl/eval/sft_task4
sft_task4,a1_sft,1,0,sft,8000,4,22,0,0.0,libero_goal,936.2966849803925,4f4f4a2bdf539d4433365d2f7a192b12b206566d,outputs/rl/eval/sft_task4
sft_task4,a1_sft,1,0,sft,8000,4,23,0,0.0,libero_goal,936.2966849803925,4f4f4a2bdf539d4433365d2f7a192b12b206566d,outputs/rl/eval/sft_task4
sft_task4,a1_sft,1,0,sft,8000,4,24,0,0.0,libero_goal,936.2966849803925,4f4f4a2bdf539d4433365d2f7a192b12b206566d,outputs/rl/eval/sft_task4
sft_task4,a1_sft,1,0,sft,8000,4,25,1,1.0,libero_goal,936.2966849803925,4f4f4a2bdf539d4433365d2f7a192b12b206566d,outputs/rl/eval/sft_task4
sft_task4,a1_sft,1,0,sft,8000,4,26,0,0.0,libero_goal,936.2966849803925,4f4f4a2bdf539d4433365d2f7a192b12b206566d,outputs/rl/eval/sft_task4
sft_task4,a1_sft,1,0,sft,8000,4,27,1,1.0,libero_goal,936.2966849803925,4f4f4a2bdf539d4433365d2f7a192b12b206566d,outputs/rl/eval/sft_task4
sft_task4,a1_sft,1,0,sft,8000,4,28,1,1.0,libero_goal,936.2966849803925,4f4f4a2bdf539d4433365d2f7a192b12b206566d,outputs/rl/eval/sft_task4
sft_task4,a1_sft,1,0,sft,8000,4,29,0,0.0,libero_goal,936.2966849803925,4f4f4a2bdf539d4433365d2f7a192b12b206566d,outputs/rl/eval/sft_task4
sft_task4,a1_sft,1,0,sft,8000,4,30,1,1.0,libero_goal,936.2966849803925,4f4f4a2bdf539d4433365d2f7a192b12b206566d,outputs/rl/eval/sft_task4
sft_task4,a1_sft,1,0,sft,8000,4,31,1,1.0,libero_goal,936.2966849803925,4f4f4a2bdf539d4433365d2f7a192b12b206566d,outputs/rl/eval/sft_task4
sft_task4,a1_sft,1,0,sft,8000,4,32,0,0.0,libero_goal,936.2966849803925,4f4f4a2bdf539d4433365d2f7a192b12b206566d,outputs/rl/eval/sft_task4
sft_task4,a1_sft,1,0,sft,8000,4,33,1,1.0,libero_goal,936.2966849803925,4f4f4a2bdf539d4433365d2f7a192b12b206566d,outputs/rl/eval/sft_task4
sft_task4,a1_sft,1,0,sft,8000,4,34,1,1.0,libero_goal,936.2966849803925,4f4f4a2bdf539d4433365d2f7a192b12b206566d,outputs/rl/eval/sft_task4
sft_task4,a1_sft,1,0,sft,8000,4,35,1,1.0,libero_goal,936.2966849803925,4f4f4a2bdf539d4433365d2f7a192b12b206566d,outputs/rl/eval/sft_task4
sft_task4,a1_sft,1,0,sft,8000,4,36,1,1.0,libero_goal,936.2966849803925,4f4f4a2bdf539d4433365d2f7a192b12b206566d,outputs/rl/eval/sft_task4
sft_task4,a1_sft,1,0,sft,8000,4,37,1,1.0,libero_goal,936.2966849803925,4f4f4a2bdf539d4433365d2f7a192b12b206566d,outputs/rl/eval/sft_task4
sft_task4,a1_sft,1,0,sft,8000,4,38,0,0.0,libero_goal,936.2966849803925,4f4f4a2bdf539d4433365d2f7a192b12b206566d,outputs/rl/eval/sft_task4
sft_task4,a1_sft,1,0,sft,8000,4,39,0,0.0,libero_goal,936.2966849803925,4f4f4a2bdf539d4433365d2f7a192b12b206566d,outputs/rl/eval/sft_task4
sft_task4,a1_sft,1,0,sft,8000,4,40,0,0.0,libero_goal,936.2966849803925,4f4f4a2bdf539d4433365d2f7a192b12b206566d,outputs/rl/eval/sft_task4
sft_task4,a1_sft,1,0,sft,8000,4,41,1,1.0,libero_goal,936.2966849803925,4f4f4a2bdf539d4433365d2f7a192b12b206566d,outputs/rl/eval/sft_task4
sft_task4,a1_sft,1,0,sft,8000,4,42,0,0.0,libero_goal,936.2966849803925,4f4f4a2bdf539d4433365d2f7a192b12b206566d,outputs/rl/eval/sft_task4
sft_task4,a1_sft,1,0,sft,8000,4,43,1,1.0,libero_goal,936.2966849803925,4f4f4a2bdf539d4433365d2f7a192b12b206566d,outputs/rl/eval/sft_task4
sft_task4,a1_sft,1,0,sft,8000,4,44,0,0.0,libero_goal,936.2966849803925,4f4f4a2bdf539d4433365d2f7a192b12b206566d,outputs/rl/eval/sft_task4
sft_task4,a1_sft,1,0,sft,8000,4,45,1,1.0,libero_goal,936.2966849803925,4f4f4a2bdf539d4433365d2f7a192b12b206566d,outputs/rl/eval/sft_task4
sft_task4,a1_sft,1,0,sft,8000,4,46,1,1.0,libero_goal,936.2966849803925,4f4f4a2bdf539d4433365d2f7a192b12b206566d,outputs/rl/eval/sft_task4
sft_task4,a1_sft,1,0,sft,8000,4,47,0,0.0,libero_goal,936.2966849803925,4f4f4a2bdf539d4433365d2f7a192b12b206566d,outputs/rl/eval/sft_task4
sft_task4,a1_sft,1,0,sft,8000,4,48,0,0.0,libero_goal,936.2966849803925,4f4f4a2bdf539d4433365d2f7a192b12b206566d,outputs/rl/eval/sft_task4
sft_task4,a1_sft,1,0,sft,8000,4,49,1,1.0,libero_goal,936.2966849803925,4f4f4a2bdf539d4433365d2f7a192b12b206566d,outputs/rl/eval/sft_task4
sft_task4,a1_sft,1,0,sft,8000,4,50,0,0.0,libero_goal,936.2966849803925,4f4f4a2bdf539d4433365d2f7a192b12b206566d,outputs/rl/eval/sft_task4
sft_task4,a1_sft,1,0,sft,8000,4,51,1,1.0,libero_goal,936.2966849803925,4f4f4a2bdf539d4433365d2f7a192b12b206566d,outputs/rl/eval/sft_task4
sft_task4,a1_sft,1,0,sft,8000,4,52,1,1.0,libero_goal,936.2966849803925,4f4f4a2bdf539d4433365d2f7a192b12b206566d,outputs/rl/eval/sft_task4
sft_task4,a1_sft,1,0,sft,8000,4,53,0,0.0,libero_goal,936.2966849803925,4f4f4a2bdf539d4433365d2f7a192b12b206566d,outputs/rl/eval/sft_task4
sft_task4,a1_sft,1,0,sft,8000,4,54,1,1.0,libero_goal,936.2966849803925,4f4f4a2bdf539d4433365d2f7a192b12b206566d,outputs/rl/eval/sft_task4
sft_task4,a1_sft,1,0,sft,8000,4,55,1,1.0,libero_goal,936.2966849803925,4f4f4a2bdf539d4433365d2f7a192b12b206566d,outputs/rl/eval/sft_task4
sft_task4,a1_sft,1,0,sft,8000,4,56,0,0.0,libero_goal,936.2966849803925,4f4f4a2bdf539d4433365d2f7a192b12b206566d,outputs/rl/eval/sft_task4
sft_task4,a1_sft,1,0,sft,8000,4,57,1,1.0,libero_goal,936.2966849803925,4f4f4a2bdf539d4433365d2f7a192b12b206566d,outputs/rl/eval/sft_task4
sft_task4,a1_sft,1,0,sft,8000,4,58,0,0.0,libero_goal,936.2966849803925,4f4f4a2bdf539d4433365d2f7a192b12b206566d,outputs/rl/eval/sft_task4
sft_task4,a1_sft,1,0,sft,8000,4,59,0,0.0,libero_goal,936.2966849803925,4f4f4a2bdf539d4433365d2f7a192b12b206566d,outputs/rl/eval/sft_task4
sft_task4,a1_sft,1,0,sft,8000,4,60,0,0.0,libero_goal,936.2966849803925,4f4f4a2bdf539d4433365d2f7a192b12b206566d,outputs/rl/eval/sft_task4
sft_task4,a1_sft,1,0,sft,8000,4,61,0,0.0,libero_goal,936.2966849803925,4f4f4a2bdf539d4433365d2f7a192b12b206566d,outputs/rl/eval/sft_task4
sft_task4,a1_sft,1,0,sft,8000,4,62,1,1.0,libero_goal,936.2966849803925,4f4f4a2bdf539d4433365d2f7a192b12b206566d,outputs/rl/eval/sft_task4
sft_task4,a1_sft,1,0,sft,8000,4,63,1,1.0,libero_goal,936.2966849803925,4f4f4a2bdf539d4433365d2f7a192b12b206566d,outputs/rl/eval/sft_task4
sft_task4,a1_sft,1,0,sft,8000,4,64,0,0.0,libero_goal,936.2966849803925,4f4f4a2bdf539d4433365d2f7a192b12b206566d,outputs/rl/eval/sft_task4
sft_task4,a1_sft,1,0,sft,8000,4,65,1,1.0,libero_goal,936.2966849803925,4f4f4a2bdf539d4433365d2f7a192b12b206566d,outputs/rl/eval/sft_task4
sft_task4,a1_sft,1,0,sft,8000,4,66,1,1.0,libero_goal,936.2966849803925,4f4f4a2bdf539d4433365d2f7a192b12b206566d,outputs/rl/eval/sft_task4
sft_task4,a1_sft,1,0,sft,8000,4,67,1,1.0,libero_goal,936.2966849803925,4f4f4a2bdf539d4433365d2f7a192b12b206566d,outputs/rl/eval/sft_task4
sft_task4,a1_sft,1,0,sft,8000,4,68,0,0.0,libero_goal,936.2966849803925,4f4f4a2bdf539d4433365d2f7a192b12b206566d,outputs/rl/eval/sft_task4
sft_task4,a1_sft,1,0,sft,8000,4,69,0,0.0,libero_goal,936.2966849803925,4f4f4a2bdf539d4433365d2f7a192b12b206566d,outputs/rl/eval/sft_task4
sft_task4,a1_sft,1,0,sft,8000,4,70,1,1.0,libero_goal,936.2966849803925,4f4f4a2bdf539d4433365d2f7a192b12b206566d,outputs/rl/eval/sft_task4
sft_task4,a1_sft,1,0,sft,8000,4,71,1,1.0,libero_goal,936.2966849803925,4f4f4a2bdf539d4433365d2f7a192b12b206566d,outputs/rl/eval/sft_task4
sft_task4,a1_sft,1,0,sft,8000,4,72,0,0.0,libero_goal,936.2966849803925,4f4f4a2bdf539d4433365d2f7a192b12b206566d,outputs/rl/eval/sft_task4
sft_task4,a1_sft,1,0,sft,8000,4,73,0,0.0,libero_goal,936.2966849803925,4f4f4a2bdf539d4433365d2f7a192b12b206566d,outputs/rl/eval/sft_task4
sft_task4,a1_sft,1,0,sft,8000,4,74,0,0.0,libero_goal,936.2966849803925,4f4f4a2bdf539d4433365d2f7a192b12b206566d,outputs/rl/eval/sft_task4
sft_task4,a1_sft,1,0,sft,8000,4,75,1,1.0,libero_goal,936.2966849803925,4f4f4a2bdf539d4433365d2f7a192b12b206566d,outputs/rl/eval/sft_task4
sft_task4,a1_sft,1,0,sft,8000,4,76,1,1.0,libero_goal,936.2966849803925,4f4f4a2bdf539d4433365d2f7a192b12b206566d,outputs/rl/eval/sft_task4
sft_task4,a1_sft,1,0,sft,8000,4,77,1,1.0,libero_goal,936.2966849803925,4f4f4a2bdf539d4433365d2f7a192b12b206566d,outputs/rl/eval/sft_task4
sft_task4,a1_sft,1,0,sft,8000,4,78,1,1.0,libero_goal,936.2966849803925,4f4f4a2bdf539d4433365d2f7a192b12b206566d,outputs/rl/eval/sft_task4
sft_task4,a1_sft,1,0,sft,8000,4,79,0,0.0,libero_goal,936.2966849803925,4f4f4a2bdf539d4433365d2f7a192b12b206566d,outputs/rl/eval/sft_task4
sft_task4,a1_sft,1,0,sft,8000,4,80,1,1.0,libero_goal,936.2966849803925,4f4f4a2bdf539d4433365d2f7a192b12b206566d,outputs/rl/eval/sft_task4
sft_task4,a1_sft,1,0,sft,8000,4,81,1,1.0,libero_goal,936.2966849803925,4f4f4a2bdf539d4433365d2f7a192b12b206566d,outputs/rl/eval/sft_task4
sft_task4,a1_sft,1,0,sft,8000,4,82,0,0.0,libero_goal,936.2966849803925,4f4f4a2bdf539d4433365d2f7a192b12b206566d,outputs/rl/eval/sft_task4
sft_task4,a1_sft,1,0,sft,8000,4,83,0,0.0,libero_goal,936.2966849803925,4f4f4a2bdf539d4433365d2f7a192b12b206566d,outputs/rl/eval/sft_task4
sft_task4,a1_sft,1,0,sft,8000,4,84,1,1.0,libero_goal,936.2966849803925,4f4f4a2bdf539d4433365d2f7a192b12b206566d,outputs/rl/eval/sft_task4
sft_task4,a1_sft,1,0,sft,8000,4,85,1,1.0,libero_goal,936.2966849803925,4f4f4a2bdf539d4433365d2f7a192b12b206566d,outputs/rl/eval/sft_task4
sft_task4,a1_sft,1,0,sft,8000,4,86,1,1.0,libero_goal,936.2966849803925,4f4f4a2bdf539d4433365d2f7a192b12b206566d,outputs/rl/eval/sft_task4
sft_task4,a1_sft,1,0,sft,8000,4,87,1,1.0,libero_goal,936.2966849803925,4f4f4a2bdf539d4433365d2f7a192b12b206566d,outputs/rl/eval/sft_task4
sft_task4,a1_sft,1,0,sft,8000,4,88,0,0.0,libero_goal,936.2966849803925,4f4f4a2bdf539d4433365d2f7a192b12b206566d,outputs/rl/eval/sft_task4
sft_task4,a1_sft,1,0,sft,8000,4,89,0,0.0,libero_goal,936.2966849803925,4f4f4a2bdf539d4433365d2f7a192b12b206566d,outputs/rl/eval/sft_task4
sft_task4,a1_sft,1,0,sft,8000,4,90,0,0.0,libero_goal,936.2966849803925,4f4f4a2bdf539d4433365d2f7a192b12b206566d,outputs/rl/eval/sft_task4
sft_task4,a1_sft,1,0,sft,8000,4,91,1,1.0,libero_goal,936.2966849803925,4f4f4a2bdf539d4433365d2f7a192b12b206566d,outputs/rl/eval/sft_task4
sft_task4,a1_sft,1,0,sft,8000,4,92,1,1.0,libero_goal,936.2966849803925,4f4f4a2bdf539d4433365d2f7a192b12b206566d,outputs/rl/eval/sft_task4
sft_task4,a1_sft,1,0,sft,8000,4,93,1,1.0,libero_goal,936.2966849803925,4f4f4a2bdf539d4433365d2f7a192b12b206566d,outputs/rl/eval/sft_task4
sft_task4,a1_sft,1,0,sft,8000,4,94,0,0.0,libero_goal,936.2966849803925,4f4f4a2bdf539d4433365d2f7a192b12b206566d,outputs/rl/eval/sft_task4
sft_task4,a1_sft,1,0,sft,8000,4,95,1,1.0,libero_goal,936.2966849803925,4f4f4a2bdf539d4433365d2f7a192b12b206566d,outputs/rl/eval/sft_task4
sft_task4,a1_sft,1,0,sft,8000,4,96,1,1.0,libero_goal,936.2966849803925,4f4f4a2bdf539d4433365d2f7a192b12b206566d,outputs/rl/eval/sft_task4
sft_task4,a1_sft,1,0,sft,8000,4,97,0,0.0,libero_goal,936.2966849803925,4f4f4a2bdf539d4433365d2f7a192b12b206566d,outputs/rl/eval/sft_task4
sft_task4,a1_sft,1,0,sft,8000,4,98,0,0.0,libero_goal,936.2966849803925,4f4f4a2bdf539d4433365d2f7a192b12b206566d,outputs/rl/eval/sft_task4
sft_task4,a1_sft,1,0,sft,8000,4,99,1,1.0,libero_goal,936.2966849803925,4f4f4a2bdf539d4433365d2f7a192b12b206566d,outputs/rl/eval/sft_task4
s2_sft_task4,a1_sft,1,2,sft,8000,4,0,0,0.0,libero_goal,885.5027511119843,4f4f4a2bdf539d4433365d2f7a192b12b206566d,outputs/rl/eval/s2_sft_task4
s2_sft_task4,a1_sft,1,2,sft,8000,4,1,1,1.0,libero_goal,885.5027511119843,4f4f4a2bdf539d4433365d2f7a192b12b206566d,outputs/rl/eval/s2_sft_task4
s2_sft_task4,a1_sft,1,2,sft,8000,4,2,1,1.0,libero_goal,885.5027511119843,4f4f4a2bdf539d4433365d2f7a192b12b206566d,outputs/rl/eval/s2_sft_task4
s2_sft_task4,a1_sft,1,2,sft,8000,4,3,0,0.0,libero_goal,885.5027511119843,4f4f4a2bdf539d4433365d2f7a192b12b206566d,outputs/rl/eval/s2_sft_task4
s2_sft_task4,a1_sft,1,2,sft,8000,4,4,0,0.0,libero_goal,885.5027511119843,4f4f4a2bdf539d4433365d2f7a192b12b206566d,outputs/rl/eval/s2_sft_task4
s2_sft_task4,a1_sft,1,2,sft,8000,4,5,0,0.0,libero_goal,885.5027511119843,4f4f4a2bdf539d4433365d2f7a192b12b206566d,outputs/rl/eval/s2_sft_task4
s2_sft_task4,a1_sft,1,2,sft,8000,4,6,1,1.0,libero_goal,885.5027511119843,4f4f4a2bdf539d4433365d2f7a192b12b206566d,outputs/rl/eval/s2_sft_task4
s2_sft_task4,a1_sft,1,2,sft,8000,4,7,0,0.0,libero_goal,885.5027511119843,4f4f4a2bdf539d4433365d2f7a192b12b206566d,outputs/rl/eval/s2_sft_task4
s2_sft_task4,a1_sft,1,2,sft,8000,4,8,0,0.0,libero_goal,885.5027511119843,4f4f4a2bdf539d4433365d2f7a192b12b206566d,outputs/rl/eval/s2_sft_task4
s2_sft_task4,a1_sft,1,2,sft,8000,4,9,0,0.0,libero_goal,885.5027511119843,4f4f4a2bdf539d4433365d2f7a192b12b206566d,outputs/rl/eval/s2_sft_task4
s2_sft_task4,a1_sft,1,2,sft,8000,4,10,0,0.0,libero_goal,885.5027511119843,4f4f4a2bdf539d4433365d2f7a192b12b206566d,outputs/rl/eval/s2_sft_task4
s2_sft_task4,a1_sft,1,2,sft,8000,4,11,0,0.0,libero_goal,885.5027511119843,4f4f4a2bdf539d4433365d2f7a192b12b206566d,outputs/rl/eval/s2_sft_task4
s2_sft_task4,a1_sft,1,2,sft,8000,4,12,1,1.0,libero_goal,885.5027511119843,4f4f4a2bdf539d4433365d2f7a192b12b206566d,outputs/rl/eval/s2_sft_task4
s2_sft_task4,a1_sft,1,2,sft,8000,4,13,1,1.0,libero_goal,885.5027511119843,4f4f4a2bdf539d4433365d2f7a192b12b206566d,outputs/rl/eval/s2_sft_task4
s2_sft_task4,a1_sft,1,2,sft,8000,4,14,0,0.0,libero_goal,885.5027511119843,4f4f4a2bdf539d4433365d2f7a192b12b206566d,outputs/rl/eval/s2_sft_task4
s2_sft_task4,a1_sft,1,2,sft,8000,4,15,0,0.0,libero_goal,885.5027511119843,4f4f4a2bdf539d4433365d2f7a192b12b206566d,outputs/rl/eval/s2_sft_task4
s2_sft_task4,a1_sft,1,2,sft,8000,4,16,0,0.0,libero_goal,885.5027511119843,4f4f4a2bdf539d4433365d2f7a192b12b206566d,outputs/rl/eval/s2_sft_task4
s2_sft_task4,a1_sft,1,2,sft,8000,4,17,0,0.0,libero_goal,885.5027511119843,4f4f4a2bdf539d4433365d2f7a192b12b206566d,outputs/rl/eval/s2_sft_task4
s2_sft_task4,a1_sft,1,2,sft,8000,4,18,0,0.0,libero_goal,885.5027511119843,4f4f4a2bdf539d4433365d2f7a192b12b206566d,outputs/rl/eval/s2_sft_task4
s2_sft_task4,a1_sft,1,2,sft,8000,4,19,0,0.0,libero_goal,885.5027511119843,4f4f4a2bdf539d4433365d2f7a192b12b206566d,outputs/rl/eval/s2_sft_task4
s2_sft_task4,a1_sft,1,2,sft,8000,4,20,0,0.0,libero_goal,885.5027511119843,4f4f4a2bdf539d4433365d2f7a192b12b206566d,outputs/rl/eval/s2_sft_task4
s2_sft_task4,a1_sft,1,2,sft,8000,4,21,0,0.0,libero_goal,885.5027511119843,4f4f4a2bdf539d4433365d2f7a192b12b206566d,outputs/rl/eval/s2_sft_task4
s2_sft_task4,a1_sft,1,2,sft,8000,4,22,1,1.0,libero_goal,885.5027511119843,4f4f4a2bdf539d4433365d2f7a192b12b206566d,outputs/rl/eval/s2_sft_task4
s2_sft_task4,a1_sft,1,2,sft,8000,4,23,0,0.0,libero_goal,885.5027511119843,4f4f4a2bdf539d4433365d2f7a192b12b206566d,outputs/rl/eval/s2_sft_task4
s2_sft_task4,a1_sft,1,2,sft,8000,4,24,0,0.0,libero_goal,885.5027511119843,4f4f4a2bdf539d4433365d2f7a192b12b206566d,outputs/rl/eval/s2_sft_task4
s2_sft_task4,a1_sft,1,2,sft,8000,4,25,0,0.0,libero_goal,885.5027511119843,4f4f4a2bdf539d4433365d2f7a192b12b206566d,outputs/rl/eval/s2_sft_task4
s2_sft_task4,a1_sft,1,2,sft,8000,4,26,0,0.0,libero_goal,885.5027511119843,4f4f4a2bdf539d4433365d2f7a192b12b206566d,outputs/rl/eval/s2_sft_task4
s2_sft_task4,a1_sft,1,2,sft,8000,4,27,1,1.0,libero_goal,885.5027511119843,4f4f4a2bdf539d4433365d2f7a192b12b206566d,outputs/rl/eval/s2_sft_task4
s2_sft_task4,a1_sft,1,2,sft,8000,4,28,0,0.0,libero_goal,885.5027511119843,4f4f4a2bdf539d4433365d2f7a192b12b206566d,outputs/rl/eval/s2_sft_task4
s2_sft_task4,a1_sft,1,2,sft,8000,4,29,1,1.0,libero_goal,885.5027511119843,4f4f4a2bdf539d4433365d2f7a192b12b206566d,outputs/rl/eval/s2_sft_task4
s2_sft_task4,a1_sft,1,2,sft,8000,4,30,0,0.0,libero_goal,885.5027511119843,4f4f4a2bdf539d4433365d2f7a192b12b206566d,outputs/rl/eval/s2_sft_task4
s2_sft_task4,a1_sft,1,2,sft,8000,4,31,0,0.0,libero_goal,885.5027511119843,4f4f4a2bdf539d4433365d2f7a192b12b206566d,outputs/rl/eval/s2_sft_task4
s2_sft_task4,a1_sft,1,2,sft,8000,4,32,0,0.0,libero_goal,885.5027511119843,4f4f4a2bdf539d4433365d2f7a192b12b206566d,outputs/rl/eval/s2_sft_task4
s2_sft_task4,a1_sft,1,2,sft,8000,4,33,0,0.0,libero_goal,885.5027511119843,4f4f4a2bdf539d4433365d2f7a192b12b206566d,outputs/rl/eval/s2_sft_task4
s2_sft_task4,a1_sft,1,2,sft,8000,4,34,0,0.0,libero_goal,885.5027511119843,4f4f4a2bdf539d4433365d2f7a192b12b206566d,outputs/rl/eval/s2_sft_task4
s2_sft_task4,a1_sft,1,2,sft,8000,4,35,1,1.0,libero_goal,885.5027511119843,4f4f4a2bdf539d4433365d2f7a192b12b206566d,outputs/rl/eval/s2_sft_task4
s2_sft_task4,a1_sft,1,2,sft,8000,4,36,0,0.0,libero_goal,885.5027511119843,4f4f4a2bdf539d4433365d2f7a192b12b206566d,outputs/rl/eval/s2_sft_task4
s2_sft_task4,a1_sft,1,2,sft,8000,4,37,0,0.0,libero_goal,885.5027511119843,4f4f4a2bdf539d4433365d2f7a192b12b206566d,outputs/rl/eval/s2_sft_task4
s2_sft_task4,a1_sft,1,2,sft,8000,4,38,0,0.0,libero_goal,885.5027511119843,4f4f4a2bdf539d4433365d2f7a192b12b206566d,outputs/rl/eval/s2_sft_task4
s2_sft_task4,a1_sft,1,2,sft,8000,4,39,0,0.0,libero_goal,885.5027511119843,4f4f4a2bdf539d4433365d2f7a192b12b206566d,outputs/rl/eval/s2_sft_task4
s2_sft_task4,a1_sft,1,2,sft,8000,4,40,0,0.0,libero_goal,885.5027511119843,4f4f4a2bdf539d4433365d2f7a192b12b206566d,outputs/rl/eval/s2_sft_task4
s2_sft_task4,a1_sft,1,2,sft,8000,4,41,0,0.0,libero_goal,885.5027511119843,4f4f4a2bdf539d4433365d2f7a192b12b206566d,outputs/rl/eval/s2_sft_task4
s2_sft_task4,a1_sft,1,2,sft,8000,4,42,1,1.0,libero_goal,885.5027511119843,4f4f4a2bdf539d4433365d2f7a192b12b206566d,outputs/rl/eval/s2_sft_task4
s2_sft_task4,a1_sft,1,2,sft,8000,4,43,1,1.0,libero_goal,885.5027511119843,4f4f4a2bdf539d4433365d2f7a192b12b206566d,outputs/rl/eval/s2_sft_task4
s2_sft_task4,a1_sft,1,2,sft,8000,4,44,0,0.0,libero_goal,885.5027511119843,4f4f4a2bdf539d4433365d2f7a192b12b206566d,outputs/rl/eval/s2_sft_task4
s2_sft_task4,a1_sft,1,2,sft,8000,4,45,0,0.0,libero_goal,885.5027511119843,4f4f4a2bdf539d4433365d2f7a192b12b206566d,outputs/rl/eval/s2_sft_task4
s2_sft_task4,a1_sft,1,2,sft,8000,4,46,0,0.0,libero_goal,885.5027511119843,4f4f4a2bdf539d4433365d2f7a192b12b206566d,outputs/rl/eval/s2_sft_task4
s2_sft_task4,a1_sft,1,2,sft,8000,4,47,1,1.0,libero_goal,885.5027511119843,4f4f4a2bdf539d4433365d2f7a192b12b206566d,outputs/rl/eval/s2_sft_task4
s2_sft_task4,a1_sft,1,2,sft,8000,4,48,0,0.0,libero_goal,885.5027511119843,4f4f4a2bdf539d4433365d2f7a192b12b206566d,outputs/rl/eval/s2_sft_task4
s2_sft_task4,a1_sft,1,2,sft,8000,4,49,0,0.0,libero_goal,885.5027511119843,4f4f4a2bdf539d4433365d2f7a192b12b206566d,outputs/rl/eval/s2_sft_task4
s2_sft_task4,a1_sft,1,2,sft,8000,4,50,0,0.0,libero_goal,885.5027511119843,4f4f4a2bdf539d4433365d2f7a192b12b206566d,outputs/rl/eval/s2_sft_task4
s2_sft_task4,a1_sft,1,2,sft,8000,4,51,0,0.0,libero_goal,885.5027511119843,4f4f4a2bdf539d4433365d2f7a192b12b206566d,outputs/rl/eval/s2_sft_task4
s2_sft_task4,a1_sft,1,2,sft,8000,4,52,1,1.0,libero_goal,885.5027511119843,4f4f4a2bdf539d4433365d2f7a192b12b206566d,outputs/rl/eval/s2_sft_task4
s2_sft_task4,a1_sft,1,2,sft,8000,4,53,1,1.0,libero_goal,885.5027511119843,4f4f4a2bdf539d4433365d2f7a192b12b206566d,outputs/rl/eval/s2_sft_task4
s2_sft_task4,a1_sft,1,2,sft,8000,4,54,0,0.0,libero_goal,885.5027511119843,4f4f4a2bdf539d4433365d2f7a192b12b206566d,outputs/rl/eval/s2_sft_task4
s2_sft_task4,a1_sft,1,2,sft,8000,4,55,0,0.0,libero_goal,885.5027511119843,4f4f4a2bdf539d4433365d2f7a192b12b206566d,outputs/rl/eval/s2_sft_task4
s2_sft_task4,a1_sft,1,2,sft,8000,4,56,1,1.0,libero_goal,885.5027511119843,4f4f4a2bdf539d4433365d2f7a192b12b206566d,outputs/rl/eval/s2_sft_task4
s2_sft_task4,a1_sft,1,2,sft,8000,4,57,0,0.0,libero_goal,885.5027511119843,4f4f4a2bdf539d4433365d2f7a192b12b206566d,outputs/rl/eval/s2_sft_task4
s2_sft_task4,a1_sft,1,2,sft,8000,4,58,0,0.0,libero_goal,885.5027511119843,4f4f4a2bdf539d4433365d2f7a192b12b206566d,outputs/rl/eval/s2_sft_task4
s2_sft_task4,a1_sft,1,2,sft,8000,4,59,0,0.0,libero_goal,885.5027511119843,4f4f4a2bdf539d4433365d2f7a192b12b206566d,outputs/rl/eval/s2_sft_task4
s2_sft_task4,a1_sft,1,2,sft,8000,4,60,0,0.0,libero_goal,885.5027511119843,4f4f4a2bdf539d4433365d2f7a192b12b206566d,outputs/rl/eval/s2_sft_task4
s2_sft_task4,a1_sft,1,2,sft,8000,4,61,1,1.0,libero_goal,885.5027511119843,4f4f4a2bdf539d4433365d2f7a192b12b206566d,outputs/rl/eval/s2_sft_task4
s2_sft_task4,a1_sft,1,2,sft,8000,4,62,1,1.0,libero_goal,885.5027511119843,4f4f4a2bdf539d4433365d2f7a192b12b206566d,outputs/rl/eval/s2_sft_task4
s2_sft_task4,a1_sft,1,2,sft,8000,4,63,0,0.0,libero_goal,885.5027511119843,4f4f4a2bdf539d4433365d2f7a192b12b206566d,outputs/rl/eval/s2_sft_task4
s2_sft_task4,a1_sft,1,2,sft,8000,4,64,0,0.0,libero_goal,885.5027511119843,4f4f4a2bdf539d4433365d2f7a192b12b206566d,outputs/rl/eval/s2_sft_task4
s2_sft_task4,a1_sft,1,2,sft,8000,4,65,0,0.0,libero_goal,885.5027511119843,4f4f4a2bdf539d4433365d2f7a192b12b206566d,outputs/rl/eval/s2_sft_task4
s2_sft_task4,a1_sft,1,2,sft,8000,4,66,0,0.0,libero_goal,885.5027511119843,4f4f4a2bdf539d4433365d2f7a192b12b206566d,outputs/rl/eval/s2_sft_task4
s2_sft_task4,a1_sft,1,2,sft,8000,4,67,0,0.0,libero_goal,885.5027511119843,4f4f4a2bdf539d4433365d2f7a192b12b206566d,outputs/rl/eval/s2_sft_task4
s2_sft_task4,a1_sft,1,2,sft,8000,4,68,0,0.0,libero_goal,885.5027511119843,4f4f4a2bdf539d4433365d2f7a192b12b206566d,outputs/rl/eval/s2_sft_task4
s2_sft_task4,a1_sft,1,2,sft,8000,4,69,0,0.0,libero_goal,885.5027511119843,4f4f4a2bdf539d4433365d2f7a192b12b206566d,outputs/rl/eval/s2_sft_task4
s2_sft_task4,a1_sft,1,2,sft,8000,4,70,0,0.0,libero_goal,885.5027511119843,4f4f4a2bdf539d4433365d2f7a192b12b206566d,outputs/rl/eval/s2_sft_task4
s2_sft_task4,a1_sft,1,2,sft,8000,4,71,0,0.0,libero_goal,885.5027511119843,4f4f4a2bdf539d4433365d2f7a192b12b206566d,outputs/rl/eval/s2_sft_task4
s2_sft_task4,a1_sft,1,2,sft,8000,4,72,1,1.0,libero_goal,885.5027511119843,4f4f4a2bdf539d4433365d2f7a192b12b206566d,outputs/rl/eval/s2_sft_task4
s2_sft_task4,a1_sft,1,2,sft,8000,4,73,0,0.0,libero_goal,885.5027511119843,4f4f4a2bdf539d4433365d2f7a192b12b206566d,outputs/rl/eval/s2_sft_task4
s2_sft_task4,a1_sft,1,2,sft,8000,4,74,1,1.0,libero_goal,885.5027511119843,4f4f4a2bdf539d4433365d2f7a192b12b206566d,outputs/rl/eval/s2_sft_task4
s2_sft_task4,a1_sft,1,2,sft,8000,4,75,0,0.0,libero_goal,885.5027511119843,4f4f4a2bdf539d4433365d2f7a192b12b206566d,outputs/rl/eval/s2_sft_task4
s2_sft_task4,a1_sft,1,2,sft,8000,4,76,0,0.0,libero_goal,885.5027511119843,4f4f4a2bdf539d4433365d2f7a192b12b206566d,outputs/rl/eval/s2_sft_task4
s2_sft_task4,a1_sft,1,2,sft,8000,4,77,1,1.0,libero_goal,885.5027511119843,4f4f4a2bdf539d4433365d2f7a192b12b206566d,outputs/rl/eval/s2_sft_task4
s2_sft_task4,a1_sft,1,2,sft,8000,4,78,0,0.0,libero_goal,885.5027511119843,4f4f4a2bdf539d4433365d2f7a192b12b206566d,outputs/rl/eval/s2_sft_task4
s2_sft_task4,a1_sft,1,2,sft,8000,4,79,0,0.0,libero_goal,885.5027511119843,4f4f4a2bdf539d4433365d2f7a192b12b206566d,outputs/rl/eval/s2_sft_task4
s2_sft_task4,a1_sft,1,2,sft,8000,4,80,0,0.0,libero_goal,885.5027511119843,4f4f4a2bdf539d4433365d2f7a192b12b206566d,outputs/rl/eval/s2_sft_task4
s2_sft_task4,a1_sft,1,2,sft,8000,4,81,0,0.0,libero_goal,885.5027511119843,4f4f4a2bdf539d4433365d2f7a192b12b206566d,outputs/rl/eval/s2_sft_task4
s2_sft_task4,a1_sft,1,2,sft,8000,4,82,0,0.0,libero_goal,885.5027511119843,4f4f4a2bdf539d4433365d2f7a192b12b206566d,outputs/rl/eval/s2_sft_task4
s2_sft_task4,a1_sft,1,2,sft,8000,4,83,0,0.0,libero_goal,885.5027511119843,4f4f4a2bdf539d4433365d2f7a192b12b206566d,outputs/rl/eval/s2_sft_task4
s2_sft_task4,a1_sft,1,2,sft,8000,4,84,0,0.0,libero_goal,885.5027511119843,4f4f4a2bdf539d4433365d2f7a192b12b206566d,outputs/rl/eval/s2_sft_task4
s2_sft_task4,a1_sft,1,2,sft,8000,4,85,1,1.0,libero_goal,885.5027511119843,4f4f4a2bdf539d4433365d2f7a192b12b206566d,outputs/rl/eval/s2_sft_task4
s2_sft_task4,a1_sft,1,2,sft,8000,4,86,0,0.0,libero_goal,885.5027511119843,4f4f4a2bdf539d4433365d2f7a192b12b206566d,outputs/rl/eval/s2_sft_task4
s2_sft_task4,a1_sft,1,2,sft,8000,4,87,0,0.0,libero_goal,885.5027511119843,4f4f4a2bdf539d4433365d2f7a192b12b206566d,outputs/rl/eval/s2_sft_task4
s2_sft_task4,a1_sft,1,2,sft,8000,4,88,0,0.0,libero_goal,885.5027511119843,4f4f4a2bdf539d4433365d2f7a192b12b206566d,outputs/rl/eval/s2_sft_task4
s2_sft_task4,a1_sft,1,2,sft,8000,4,89,0,0.0,libero_goal,885.5027511119843,4f4f4a2bdf539d4433365d2f7a192b12b206566d,outputs/rl/eval/s2_sft_task4
s2_sft_task4,a1_sft,1,2,sft,8000,4,90,0,0.0,libero_goal,885.5027511119843,4f4f4a2bdf539d4433365d2f7a192b12b206566d,outputs/rl/eval/s2_sft_task4
s2_sft_task4,a1_sft,1,2,sft,8000,4,91,0,0.0,libero_goal,885.5027511119843,4f4f4a2bdf539d4433365d2f7a192b12b206566d,outputs/rl/eval/s2_sft_task4
s2_sft_task4,a1_sft,1,2,sft,8000,4,92,1,1.0,libero_goal,885.5027511119843,4f4f4a2bdf539d4433365d2f7a192b12b206566d,outputs/rl/eval/s2_sft_task4
s2_sft_task4,a1_sft,1,2,sft,8000,4,93,1,1.0,libero_goal,885.5027511119843,4f4f4a2bdf539d4433365d2f7a192b12b206566d,outputs/rl/eval/s2_sft_task4
s2_sft_task4,a1_sft,1,2,sft,8000,4,94,0,0.0,libero_goal,885.5027511119843,4f4f4a2bdf539d4433365d2f7a192b12b206566d,outputs/rl/eval/s2_sft_task4
s2_sft_task4,a1_sft,1,2,sft,8000,4,95,0,0.0,libero_goal,885.5027511119843,4f4f4a2bdf539d4433365d2f7a192b12b206566d,outputs/rl/eval/s2_sft_task4
s2_sft_task4,a1_sft,1,2,sft,8000,4,96,0,0.0,libero_goal,885.5027511119843,4f4f4a2bdf539d4433365d2f7a192b12b206566d,outputs/rl/eval/s2_sft_task4
s2_sft_task4,a1_sft,1,2,sft,8000,4,97,0,0.0,libero_goal,885.5027511119843,4f4f4a2bdf539d4433365d2f7a192b12b206566d,outputs/rl/eval/s2_sft_task4
s2_sft_task4,a1_sft,1,2,sft,8000,4,98,0,0.0,libero_goal,885.5027511119843,4f4f4a2bdf539d4433365d2f7a192b12b206566d,outputs/rl/eval/s2_sft_task4
s2_sft_task4,a1_sft,1,2,sft,8000,4,99,0,0.0,libero_goal,885.5027511119843,4f4f4a2bdf539d4433365d2f7a192b12b206566d,outputs/rl/eval/s2_sft_task4
check6_round030_task4,a1_rl,1,0,rl,30,4,0,0,0.0,libero_goal,902.4455139636993,4f4f4a2bdf539d4433365d2f7a192b12b206566d,outputs/rl/eval/check6_round030_task4
check6_round030_task4,a1_rl,1,0,rl,30,4,1,1,1.0,libero_goal,902.4455139636993,4f4f4a2bdf539d4433365d2f7a192b12b206566d,outputs/rl/eval/check6_round030_task4
check6_round030_task4,a1_rl,1,0,rl,30,4,2,1,1.0,libero_goal,902.4455139636993,4f4f4a2bdf539d4433365d2f7a192b12b206566d,outputs/rl/eval/check6_round030_task4
check6_round030_task4,a1_rl,1,0,rl,30,4,3,1,1.0,libero_goal,902.4455139636993,4f4f4a2bdf539d4433365d2f7a192b12b206566d,outputs/rl/eval/check6_round030_task4
check6_round030_task4,a1_rl,1,0,rl,30,4,4,1,1.0,libero_goal,902.4455139636993,4f4f4a2bdf539d4433365d2f7a192b12b206566d,outputs/rl/eval/check6_round030_task4
check6_round030_task4,a1_rl,1,0,rl,30,4,5,1,1.0,libero_goal,902.4455139636993,4f4f4a2bdf539d4433365d2f7a192b12b206566d,outputs/rl/eval/check6_round030_task4
check6_round030_task4,a1_rl,1,0,rl,30,4,6,0,0.0,libero_goal,902.4455139636993,4f4f4a2bdf539d4433365d2f7a192b12b206566d,outputs/rl/eval/check6_round030_task4
check6_round030_task4,a1_rl,1,0,rl,30,4,7,1,1.0,libero_goal,902.4455139636993,4f4f4a2bdf539d4433365d2f7a192b12b206566d,outputs/rl/eval/check6_round030_task4
check6_round030_task4,a1_rl,1,0,rl,30,4,8,0,0.0,libero_goal,902.4455139636993,4f4f4a2bdf539d4433365d2f7a192b12b206566d,outputs/rl/eval/check6_round030_task4
check6_round030_task4,a1_rl,1,0,rl,30,4,9,1,1.0,libero_goal,902.4455139636993,4f4f4a2bdf539d4433365d2f7a192b12b206566d,outputs/rl/eval/check6_round030_task4
check6_round030_task4,a1_rl,1,0,rl,30,4,10,0,0.0,libero_goal,902.4455139636993,4f4f4a2bdf539d4433365d2f7a192b12b206566d,outputs/rl/eval/check6_round030_task4
check6_round030_task4,a1_rl,1,0,rl,30,4,11,1,1.0,libero_goal,902.4455139636993,4f4f4a2bdf539d4433365d2f7a192b12b206566d,outputs/rl/eval/check6_round030_task4
check6_round030_task4,a1_rl,1,0,rl,30,4,12,1,1.0,libero_goal,902.4455139636993,4f4f4a2bdf539d4433365d2f7a192b12b206566d,outputs/rl/eval/check6_round030_task4
check6_round030_task4,a1_rl,1,0,rl,30,4,13,1,1.0,libero_goal,902.4455139636993,4f4f4a2bdf539d4433365d2f7a192b12b206566d,outputs/rl/eval/check6_round030_task4
check6_round030_task4,a1_rl,1,0,rl,30,4,14,1,1.0,libero_goal,902.4455139636993,4f4f4a2bdf539d4433365d2f7a192b12b206566d,outputs/rl/eval/check6_round030_task4
check6_round030_task4,a1_rl,1,0,rl,30,4,15,1,1.0,libero_goal,902.4455139636993,4f4f4a2bdf539d4433365d2f7a192b12b206566d,outputs/rl/eval/check6_round030_task4
check6_round030_task4,a1_rl,1,0,rl,30,4,16,1,1.0,libero_goal,902.4455139636993,4f4f4a2bdf539d4433365d2f7a192b12b206566d,outputs/rl/eval/check6_round030_task4
check6_round030_task4,a1_rl,1,0,rl,30,4,17,1,1.0,libero_goal,902.4455139636993,4f4f4a2bdf539d4433365d2f7a192b12b206566d,outputs/rl/eval/check6_round030_task4
check6_round030_task4,a1_rl,1,0,rl,30,4,18,0,0.0,libero_goal,902.4455139636993,4f4f4a2bdf539d4433365d2f7a192b12b206566d,outputs/rl/eval/check6_round030_task4
check6_round030_task4,a1_rl,1,0,rl,30,4,19,1,1.0,libero_goal,902.4455139636993,4f4f4a2bdf539d4433365d2f7a192b12b206566d,outputs/rl/eval/check6_round030_task4
check6_round030_task4,a1_rl,1,0,rl,30,4,20,1,1.0,libero_goal,902.4455139636993,4f4f4a2bdf539d4433365d2f7a192b12b206566d,outputs/rl/eval/check6_round030_task4
check6_round030_task4,a1_rl,1,0,rl,30,4,21,1,1.0,libero_goal,902.4455139636993,4f4f4a2bdf539d4433365d2f7a192b12b206566d,outputs/rl/eval/check6_round030_task4
check6_round030_task4,a1_rl,1,0,rl,30,4,22,0,0.0,libero_goal,902.4455139636993,4f4f4a2bdf539d4433365d2f7a192b12b206566d,outputs/rl/eval/check6_round030_task4
check6_round030_task4,a1_rl,1,0,rl,30,4,23,1,1.0,libero_goal,902.4455139636993,4f4f4a2bdf539d4433365d2f7a192b12b206566d,outputs/rl/eval/check6_round030_task4
check6_round030_task4,a1_rl,1,0,rl,30,4,24,0,0.0,libero_goal,902.4455139636993,4f4f4a2bdf539d4433365d2f7a192b12b206566d,outputs/rl/eval/check6_round030_task4
check6_round030_task4,a1_rl,1,0,rl,30,4,25,1,1.0,libero_goal,902.4455139636993,4f4f4a2bdf539d4433365d2f7a192b12b206566d,outputs/rl/eval/check6_round030_task4
check6_round030_task4,a1_rl,1,0,rl,30,4,26,1,1.0,libero_goal,902.4455139636993,4f4f4a2bdf539d4433365d2f7a192b12b206566d,outputs/rl/eval/check6_round030_task4
check6_round030_task4,a1_rl,1,0,rl,30,4,27,1,1.0,libero_goal,902.4455139636993,4f4f4a2bdf539d4433365d2f7a192b12b206566d,outputs/rl/eval/check6_round030_task4
check6_round030_task4,a1_rl,1,0,rl,30,4,28,1,1.0,libero_goal,902.4455139636993,4f4f4a2bdf539d4433365d2f7a192b12b206566d,outputs/rl/eval/check6_round030_task4
check6_round030_task4,a1_rl,1,0,rl,30,4,29,1,1.0,libero_goal,902.4455139636993,4f4f4a2bdf539d4433365d2f7a192b12b206566d,outputs/rl/eval/check6_round030_task4
check6_round030_task4,a1_rl,1,0,rl,30,4,30,1,1.0,libero_goal,902.4455139636993,4f4f4a2bdf539d4433365d2f7a192b12b206566d,outputs/rl/eval/check6_round030_task4
check6_round030_task4,a1_rl,1,0,rl,30,4,31,1,1.0,libero_goal,902.4455139636993,4f4f4a2bdf539d4433365d2f7a192b12b206566d,outputs/rl/eval/check6_round030_task4
check6_round030_task4,a1_rl,1,0,rl,30,4,32,1,1.0,libero_goal,902.4455139636993,4f4f4a2bdf539d4433365d2f7a192b12b206566d,outputs/rl/eval/check6_round030_task4
check6_round030_task4,a1_rl,1,0,rl,30,4,33,1,1.0,libero_goal,902.4455139636993,4f4f4a2bdf539d4433365d2f7a192b12b206566d,outputs/rl/eval/check6_round030_task4
check6_round030_task4,a1_rl,1,0,rl,30,4,34,1,1.0,libero_goal,902.4455139636993,4f4f4a2bdf539d4433365d2f7a192b12b206566d,outputs/rl/eval/check6_round030_task4
check6_round030_task4,a1_rl,1,0,rl,30,4,35,1,1.0,libero_goal,902.4455139636993,4f4f4a2bdf539d4433365d2f7a192b12b206566d,outputs/rl/eval/check6_round030_task4
check6_round030_task4,a1_rl,1,0,rl,30,4,36,1,1.0,libero_goal,902.4455139636993,4f4f4a2bdf539d4433365d2f7a192b12b206566d,outputs/rl/eval/check6_round030_task4
check6_round030_task4,a1_rl,1,0,rl,30,4,37,1,1.0,libero_goal,902.4455139636993,4f4f4a2bdf539d4433365d2f7a192b12b206566d,outputs/rl/eval/check6_round030_task4
check6_round030_task4,a1_rl,1,0,rl,30,4,38,0,0.0,libero_goal,902.4455139636993,4f4f4a2bdf539d4433365d2f7a192b12b206566d,outputs/rl/eval/check6_round030_task4
check6_round030_task4,a1_rl,1,0,rl,30,4,39,0,0.0,libero_goal,902.4455139636993,4f4f4a2bdf539d4433365d2f7a192b12b206566d,outputs/rl/eval/check6_round030_task4
check6_round030_task4,a1_rl,1,0,rl,30,4,40,0,0.0,libero_goal,902.4455139636993,4f4f4a2bdf539d4433365d2f7a192b12b206566d,outputs/rl/eval/check6_round030_task4
check6_round030_task4,a1_rl,1,0,rl,30,4,41,1,1.0,libero_goal,902.4455139636993,4f4f4a2bdf539d4433365d2f7a192b12b206566d,outputs/rl/eval/check6_round030_task4
check6_round030_task4,a1_rl,1,0,rl,30,4,42,1,1.0,libero_goal,902.4455139636993,4f4f4a2bdf539d4433365d2f7a192b12b206566d,outputs/rl/eval/check6_round030_task4
check6_round030_task4,a1_rl,1,0,rl,30,4,43,1,1.0,libero_goal,902.4455139636993,4f4f4a2bdf539d4433365d2f7a192b12b206566d,outputs/rl/eval/check6_round030_task4
check6_round030_task4,a1_rl,1,0,rl,30,4,44,1,1.0,libero_goal,902.4455139636993,4f4f4a2bdf539d4433365d2f7a192b12b206566d,outputs/rl/eval/check6_round030_task4
check6_round030_task4,a1_rl,1,0,rl,30,4,45,1,1.0,libero_goal,902.4455139636993,4f4f4a2bdf539d4433365d2f7a192b12b206566d,outputs/rl/eval/check6_round030_task4
check6_round030_task4,a1_rl,1,0,rl,30,4,46,1,1.0,libero_goal,902.4455139636993,4f4f4a2bdf539d4433365d2f7a192b12b206566d,outputs/rl/eval/check6_round030_task4
check6_round030_task4,a1_rl,1,0,rl,30,4,47,0,0.0,libero_goal,902.4455139636993,4f4f4a2bdf539d4433365d2f7a192b12b206566d,outputs/rl/eval/check6_round030_task4
check6_round030_task4,a1_rl,1,0,rl,30,4,48,0,0.0,libero_goal,902.4455139636993,4f4f4a2bdf539d4433365d2f7a192b12b206566d,outputs/rl/eval/check6_round030_task4
check6_round030_task4,a1_rl,1,0,rl,30,4,49,1,1.0,libero_goal,902.4455139636993,4f4f4a2bdf539d4433365d2f7a192b12b206566d,outputs/rl/eval/check6_round030_task4
check6_round030_task4,a1_rl,1,0,rl,30,4,50,0,0.0,libero_goal,902.4455139636993,4f4f4a2bdf539d4433365d2f7a192b12b206566d,outputs/rl/eval/check6_round030_task4
check6_round030_task4,a1_rl,1,0,rl,30,4,51,1,1.0,libero_goal,902.4455139636993,4f4f4a2bdf539d4433365d2f7a192b12b206566d,outputs/rl/eval/check6_round030_task4
check6_round030_task4,a1_rl,1,0,rl,30,4,52,1,1.0,libero_goal,902.4455139636993,4f4f4a2bdf539d4433365d2f7a192b12b206566d,outputs/rl/eval/check6_round030_task4
check6_round030_task4,a1_rl,1,0,rl,30,4,53,0,0.0,libero_goal,902.4455139636993,4f4f4a2bdf539d4433365d2f7a192b12b206566d,outputs/rl/eval/check6_round030_task4
check6_round030_task4,a1_rl,1,0,rl,30,4,54,1,1.0,libero_goal,902.4455139636993,4f4f4a2bdf539d4433365d2f7a192b12b206566d,outputs/rl/eval/check6_round030_task4
check6_round030_task4,a1_rl,1,0,rl,30,4,55,1,1.0,libero_goal,902.4455139636993,4f4f4a2bdf539d4433365d2f7a192b12b206566d,outputs/rl/eval/check6_round030_task4
check6_round030_task4,a1_rl,1,0,rl,30,4,56,0,0.0,libero_goal,902.4455139636993,4f4f4a2bdf539d4433365d2f7a192b12b206566d,outputs/rl/eval/check6_round030_task4
check6_round030_task4,a1_rl,1,0,rl,30,4,57,1,1.0,libero_goal,902.4455139636993,4f4f4a2bdf539d4433365d2f7a192b12b206566d,outputs/rl/eval/check6_round030_task4
check6_round030_task4,a1_rl,1,0,rl,30,4,58,0,0.0,libero_goal,902.4455139636993,4f4f4a2bdf539d4433365d2f7a192b12b206566d,outputs/rl/eval/check6_round030_task4
check6_round030_task4,a1_rl,1,0,rl,30,4,59,1,1.0,libero_goal,902.4455139636993,4f4f4a2bdf539d4433365d2f7a192b12b206566d,outputs/rl/eval/check6_round030_task4
check6_round030_task4,a1_rl,1,0,rl,30,4,60,0,0.0,libero_goal,902.4455139636993,4f4f4a2bdf539d4433365d2f7a192b12b206566d,outputs/rl/eval/check6_round030_task4
check6_round030_task4,a1_rl,1,0,rl,30,4,61,1,1.0,libero_goal,902.4455139636993,4f4f4a2bdf539d4433365d2f7a192b12b206566d,outputs/rl/eval/check6_round030_task4
check6_round030_task4,a1_rl,1,0,rl,30,4,62,1,1.0,libero_goal,902.4455139636993,4f4f4a2bdf539d4433365d2f7a192b12b206566d,outputs/rl/eval/check6_round030_task4
check6_round030_task4,a1_rl,1,0,rl,30,4,63,1,1.0,libero_goal,902.4455139636993,4f4f4a2bdf539d4433365d2f7a192b12b206566d,outputs/rl/eval/check6_round030_task4
check6_round030_task4,a1_rl,1,0,rl,30,4,64,1,1.0,libero_goal,902.4455139636993,4f4f4a2bdf539d4433365d2f7a192b12b206566d,outputs/rl/eval/check6_round030_task4
check6_round030_task4,a1_rl,1,0,rl,30,4,65,1,1.0,libero_goal,902.4455139636993,4f4f4a2bdf539d4433365d2f7a192b12b206566d,outputs/rl/eval/check6_round030_task4
check6_round030_task4,a1_rl,1,0,rl,30,4,66,1,1.0,libero_goal,902.4455139636993,4f4f4a2bdf539d4433365d2f7a192b12b206566d,outputs/rl/eval/check6_round030_task4
check6_round030_task4,a1_rl,1,0,rl,30,4,67,1,1.0,libero_goal,902.4455139636993,4f4f4a2bdf539d4433365d2f7a192b12b206566d,outputs/rl/eval/check6_round030_task4
check6_round030_task4,a1_rl,1,0,rl,30,4,68,0,0.0,libero_goal,902.4455139636993,4f4f4a2bdf539d4433365d2f7a192b12b206566d,outputs/rl/eval/check6_round030_task4
check6_round030_task4,a1_rl,1,0,rl,30,4,69,0,0.0,libero_goal,902.4455139636993,4f4f4a2bdf539d4433365d2f7a192b12b206566d,outputs/rl/eval/check6_round030_task4
check6_round030_task4,a1_rl,1,0,rl,30,4,70,1,1.0,libero_goal,902.4455139636993,4f4f4a2bdf539d4433365d2f7a192b12b206566d,outputs/rl/eval/check6_round030_task4
check6_round030_task4,a1_rl,1,0,rl,30,4,71,1,1.0,libero_goal,902.4455139636993,4f4f4a2bdf539d4433365d2f7a192b12b206566d,outputs/rl/eval/check6_round030_task4
check6_round030_task4,a1_rl,1,0,rl,30,4,72,0,0.0,libero_goal,902.4455139636993,4f4f4a2bdf539d4433365d2f7a192b12b206566d,outputs/rl/eval/check6_round030_task4
check6_round030_task4,a1_rl,1,0,rl,30,4,73,0,0.0,libero_goal,902.4455139636993,4f4f4a2bdf539d4433365d2f7a192b12b206566d,outputs/rl/eval/check6_round030_task4
check6_round030_task4,a1_rl,1,0,rl,30,4,74,0,0.0,libero_goal,902.4455139636993,4f4f4a2bdf539d4433365d2f7a192b12b206566d,outputs/rl/eval/check6_round030_task4
check6_round030_task4,a1_rl,1,0,rl,30,4,75,1,1.0,libero_goal,902.4455139636993,4f4f4a2bdf539d4433365d2f7a192b12b206566d,outputs/rl/eval/check6_round030_task4
check6_round030_task4,a1_rl,1,0,rl,30,4,76,1,1.0,libero_goal,902.4455139636993,4f4f4a2bdf539d4433365d2f7a192b12b206566d,outputs/rl/eval/check6_round030_task4
check6_round030_task4,a1_rl,1,0,rl,30,4,77,1,1.0,libero_goal,902.4455139636993,4f4f4a2bdf539d4433365d2f7a192b12b206566d,outputs/rl/eval/check6_round030_task4
check6_round030_task4,a1_rl,1,0,rl,30,4,78,1,1.0,libero_goal,902.4455139636993,4f4f4a2bdf539d4433365d2f7a192b12b206566d,outputs/rl/eval/check6_round030_task4
check6_round030_task4,a1_rl,1,0,rl,30,4,79,1,1.0,libero_goal,902.4455139636993,4f4f4a2bdf539d4433365d2f7a192b12b206566d,outputs/rl/eval/check6_round030_task4
check6_round030_task4,a1_rl,1,0,rl,30,4,80,1,1.0,libero_goal,902.4455139636993,4f4f4a2bdf539d4433365d2f7a192b12b206566d,outputs/rl/eval/check6_round030_task4
check6_round030_task4,a1_rl,1,0,rl,30,4,81,1,1.0,libero_goal,902.4455139636993,4f4f4a2bdf539d4433365d2f7a192b12b206566d,outputs/rl/eval/check6_round030_task4
check6_round030_task4,a1_rl,1,0,rl,30,4,82,0,0.0,libero_goal,902.4455139636993,4f4f4a2bdf539d4433365d2f7a192b12b206566d,outputs/rl/eval/check6_round030_task4
check6_round030_task4,a1_rl,1,0,rl,30,4,83,0,0.0,libero_goal,902.4455139636993,4f4f4a2bdf539d4433365d2f7a192b12b206566d,outputs/rl/eval/check6_round030_task4
check6_round030_task4,a1_rl,1,0,rl,30,4,84,1,1.0,libero_goal,902.4455139636993,4f4f4a2bdf539d4433365d2f7a192b12b206566d,outputs/rl/eval/check6_round030_task4
check6_round030_task4,a1_rl,1,0,rl,30,4,85,1,1.0,libero_goal,902.4455139636993,4f4f4a2bdf539d4433365d2f7a192b12b206566d,outputs/rl/eval/check6_round030_task4
check6_round030_task4,a1_rl,1,0,rl,30,4,86,1,1.0,libero_goal,902.4455139636993,4f4f4a2bdf539d4433365d2f7a192b12b206566d,outputs/rl/eval/check6_round030_task4
check6_round030_task4,a1_rl,1,0,rl,30,4,87,1,1.0,libero_goal,902.4455139636993,4f4f4a2bdf539d4433365d2f7a192b12b206566d,outputs/rl/eval/check6_round030_task4
check6_round030_task4,a1_rl,1,0,rl,30,4,88,0,0.0,libero_goal,902.4455139636993,4f4f4a2bdf539d4433365d2f7a192b12b206566d,outputs/rl/eval/check6_round030_task4
check6_round030_task4,a1_rl,1,0,rl,30,4,89,0,0.0,libero_goal,902.4455139636993,4f4f4a2bdf539d4433365d2f7a192b12b206566d,outputs/rl/eval/check6_round030_task4
check6_round030_task4,a1_rl,1,0,rl,30,4,90,0,0.0,libero_goal,902.4455139636993,4f4f4a2bdf539d4433365d2f7a192b12b206566d,outputs/rl/eval/check6_round030_task4
check6_round030_task4,a1_rl,1,0,rl,30,4,91,1,1.0,libero_goal,902.4455139636993,4f4f4a2bdf539d4433365d2f7a192b12b206566d,outputs/rl/eval/check6_round030_task4
check6_round030_task4,a1_rl,1,0,rl,30,4,92,1,1.0,libero_goal,902.4455139636993,4f4f4a2bdf539d4433365d2f7a192b12b206566d,outputs/rl/eval/check6_round030_task4
check6_round030_task4,a1_rl,1,0,rl,30,4,93,1,1.0,libero_goal,902.4455139636993,4f4f4a2bdf539d4433365d2f7a192b12b206566d,outputs/rl/eval/check6_round030_task4
check6_round030_task4,a1_rl,1,0,rl,30,4,94,1,1.0,libero_goal,902.4455139636993,4f4f4a2bdf539d4433365d2f7a192b12b206566d,outputs/rl/eval/check6_round030_task4
check6_round030_task4,a1_rl,1,0,rl,30,4,95,1,1.0,libero_goal,902.4455139636993,4f4f4a2bdf539d4433365d2f7a192b12b206566d,outputs/rl/eval/check6_round030_task4
check6_round030_task4,a1_rl,1,0,rl,30,4,96,1,1.0,libero_goal,902.4455139636993,4f4f4a2bdf539d4433365d2f7a192b12b206566d,outputs/rl/eval/check6_round030_task4
check6_round030_task4,a1_rl,1,0,rl,30,4,97,0,0.0,libero_goal,902.4455139636993,4f4f4a2bdf539d4433365d2f7a192b12b206566d,outputs/rl/eval/check6_round030_task4
check6_round030_task4,a1_rl,1,0,rl,30,4,98,0,0.0,libero_goal,902.4455139636993,4f4f4a2bdf539d4433365d2f7a192b12b206566d,outputs/rl/eval/check6_round030_task4
check6_round030_task4,a1_rl,1,0,rl,30,4,99,1,1.0,libero_goal,902.4455139636993,4f4f4a2bdf539d4433365d2f7a192b12b206566d,outputs/rl/eval/check6_round030_task4
a1_sft_s0_rl10_task4_check6_lr1e-6_wu5_task4,a1_rl,1,0,rl,30,4,0,0,0.0,libero_goal,947.5082960128784,4f4f4a2bdf539d4433365d2f7a192b12b206566d,outputs/rl/eval/a1_sft_s0_rl10_task4_check6_lr1e-6_wu5_task4
a1_sft_s0_rl10_task4_check6_lr1e-6_wu5_task4,a1_rl,1,0,rl,30,4,1,1,1.0,libero_goal,947.5082960128784,4f4f4a2bdf539d4433365d2f7a192b12b206566d,outputs/rl/eval/a1_sft_s0_rl10_task4_check6_lr1e-6_wu5_task4
a1_sft_s0_rl10_task4_check6_lr1e-6_wu5_task4,a1_rl,1,0,rl,30,4,2,1,1.0,libero_goal,947.5082960128784,4f4f4a2bdf539d4433365d2f7a192b12b206566d,outputs/rl/eval/a1_sft_s0_rl10_task4_check6_lr1e-6_wu5_task4
a1_sft_s0_rl10_task4_check6_lr1e-6_wu5_task4,a1_rl,1,0,rl,30,4,3,0,0.0,libero_goal,947.5082960128784,4f4f4a2bdf539d4433365d2f7a192b12b206566d,outputs/rl/eval/a1_sft_s0_rl10_task4_check6_lr1e-6_wu5_task4
a1_sft_s0_rl10_task4_check6_lr1e-6_wu5_task4,a1_rl,1,0,rl,30,4,4,0,0.0,libero_goal,947.5082960128784,4f4f4a2bdf539d4433365d2f7a192b12b206566d,outputs/rl/eval/a1_sft_s0_rl10_task4_check6_lr1e-6_wu5_task4
a1_sft_s0_rl10_task4_check6_lr1e-6_wu5_task4,a1_rl,1,0,rl,30,4,5,0,0.0,libero_goal,947.5082960128784,4f4f4a2bdf539d4433365d2f7a192b12b206566d,outputs/rl/eval/a1_sft_s0_rl10_task4_check6_lr1e-6_wu5_task4
a1_sft_s0_rl10_task4_check6_lr1e-6_wu5_task4,a1_rl,1,0,rl,30,4,6,0,0.0,libero_goal,947.5082960128784,4f4f4a2bdf539d4433365d2f7a192b12b206566d,outputs/rl/eval/a1_sft_s0_rl10_task4_check6_lr1e-6_wu5_task4
a1_sft_s0_rl10_task4_check6_lr1e-6_wu5_task4,a1_rl,1,0,rl,30,4,7,0,0.0,libero_goal,947.5082960128784,4f4f4a2bdf539d4433365d2f7a192b12b206566d,outputs/rl/eval/a1_sft_s0_rl10_task4_check6_lr1e-6_wu5_task4
a1_sft_s0_rl10_task4_check6_lr1e-6_wu5_task4,a1_rl,1,0,rl,30,4,8,0,0.0,libero_goal,947.5082960128784,4f4f4a2bdf539d4433365d2f7a192b12b206566d,outputs/rl/eval/a1_sft_s0_rl10_task4_check6_lr1e-6_wu5_task4
a1_sft_s0_rl10_task4_check6_lr1e-6_wu5_task4,a1_rl,1,0,rl,30,4,9,1,1.0,libero_goal,947.5082960128784,4f4f4a2bdf539d4433365d2f7a192b12b206566d,outputs/rl/eval/a1_sft_s0_rl10_task4_check6_lr1e-6_wu5_task4
a1_sft_s0_rl10_task4_check6_lr1e-6_wu5_task4,a1_rl,1,0,rl,30,4,10,0,0.0,libero_goal,947.5082960128784,4f4f4a2bdf539d4433365d2f7a192b12b206566d,outputs/rl/eval/a1_sft_s0_rl10_task4_check6_lr1e-6_wu5_task4
a1_sft_s0_rl10_task4_check6_lr1e-6_wu5_task4,a1_rl,1,0,rl,30,4,11,0,0.0,libero_goal,947.5082960128784,4f4f4a2bdf539d4433365d2f7a192b12b206566d,outputs/rl/eval/a1_sft_s0_rl10_task4_check6_lr1e-6_wu5_task4
a1_sft_s0_rl10_task4_check6_lr1e-6_wu5_task4,a1_rl,1,0,rl,30,4,12,1,1.0,libero_goal,947.5082960128784,4f4f4a2bdf539d4433365d2f7a192b12b206566d,outputs/rl/eval/a1_sft_s0_rl10_task4_check6_lr1e-6_wu5_task4
a1_sft_s0_rl10_task4_check6_lr1e-6_wu5_task4,a1_rl,1,0,rl,30,4,13,1,1.0,libero_goal,947.5082960128784,4f4f4a2bdf539d4433365d2f7a192b12b206566d,outputs/rl/eval/a1_sft_s0_rl10_task4_check6_lr1e-6_wu5_task4
a1_sft_s0_rl10_task4_check6_lr1e-6_wu5_task4,a1_rl,1,0,rl,30,4,14,0,0.0,libero_goal,947.5082960128784,4f4f4a2bdf539d4433365d2f7a192b12b206566d,outputs/rl/eval/a1_sft_s0_rl10_task4_check6_lr1e-6_wu5_task4
a1_sft_s0_rl10_task4_check6_lr1e-6_wu5_task4,a1_rl,1,0,rl,30,4,15,1,1.0,libero_goal,947.5082960128784,4f4f4a2bdf539d4433365d2f7a192b12b206566d,outputs/rl/eval/a1_sft_s0_rl10_task4_check6_lr1e-6_wu5_task4
a1_sft_s0_rl10_task4_check6_lr1e-6_wu5_task4,a1_rl,1,0,rl,30,4,16,1,1.0,libero_goal,947.5082960128784,4f4f4a2bdf539d4433365d2f7a192b12b206566d,outputs/rl/eval/a1_sft_s0_rl10_task4_check6_lr1e-6_wu5_task4
a1_sft_s0_rl10_task4_check6_lr1e-6_wu5_task4,a1_rl,1,0,rl,30,4,17,1,1.0,libero_goal,947.5082960128784,4f4f4a2bdf539d4433365d2f7a192b12b206566d,outputs/rl/eval/a1_sft_s0_rl10_task4_check6_lr1e-6_wu5_task4
a1_sft_s0_rl10_task4_check6_lr1e-6_wu5_task4,a1_rl,1,0,rl,30,4,18,0,0.0,libero_goal,947.5082960128784,4f4f4a2bdf539d4433365d2f7a192b12b206566d,outputs/rl/eval/a1_sft_s0_rl10_task4_check6_lr1e-6_wu5_task4
a1_sft_s0_rl10_task4_check6_lr1e-6_wu5_task4,a1_rl,1,0,rl,30,4,19,1,1.0,libero_goal,947.5082960128784,4f4f4a2bdf539d4433365d2f7a192b12b206566d,outputs/rl/eval/a1_sft_s0_rl10_task4_check6_lr1e-6_wu5_task4
a1_sft_s0_rl10_task4_check6_lr1e-6_wu5_task4,a1_rl,1,0,rl,30,4,20,0,0.0,libero_goal,947.5082960128784,4f4f4a2bdf539d4433365d2f7a192b12b206566d,outputs/rl/eval/a1_sft_s0_rl10_task4_check6_lr1e-6_wu5_task4
a1_sft_s0_rl10_task4_check6_lr1e-6_wu5_task4,a1_rl,1,0,rl,30,4,21,1,1.0,libero_goal,947.5082960128784,4f4f4a2bdf539d4433365d2f7a192b12b206566d,outputs/rl/eval/a1_sft_s0_rl10_task4_check6_lr1e-6_wu5_task4
a1_sft_s0_rl10_task4_check6_lr1e-6_wu5_task4,a1_rl,1,0,rl,30,4,22,0,0.0,libero_goal,947.5082960128784,4f4f4a2bdf539d4433365d2f7a192b12b206566d,outputs/rl/eval/a1_sft_s0_rl10_task4_check6_lr1e-6_wu5_task4
a1_sft_s0_rl10_task4_check6_lr1e-6_wu5_task4,a1_rl,1,0,rl,30,4,23,0,0.0,libero_goal,947.5082960128784,4f4f4a2bdf539d4433365d2f7a192b12b206566d,outputs/rl/eval/a1_sft_s0_rl10_task4_check6_lr1e-6_wu5_task4
a1_sft_s0_rl10_task4_check6_lr1e-6_wu5_task4,a1_rl,1,0,rl,30,4,24,0,0.0,libero_goal,947.5082960128784,4f4f4a2bdf539d4433365d2f7a192b12b206566d,outputs/rl/eval/a1_sft_s0_rl10_task4_check6_lr1e-6_wu5_task4
a1_sft_s0_rl10_task4_check6_lr1e-6_wu5_task4,a1_rl,1,0,rl,30,4,25,1,1.0,libero_goal,947.5082960128784,4f4f4a2bdf539d4433365d2f7a192b12b206566d,outputs/rl/eval/a1_sft_s0_rl10_task4_check6_lr1e-6_wu5_task4
a1_sft_s0_rl10_task4_check6_lr1e-6_wu5_task4,a1_rl,1,0,rl,30,4,26,0,0.0,libero_goal,947.5082960128784,4f4f4a2bdf539d4433365d2f7a192b12b206566d,outputs/rl/eval/a1_sft_s0_rl10_task4_check6_lr1e-6_wu5_task4
a1_sft_s0_rl10_task4_check6_lr1e-6_wu5_task4,a1_rl,1,0,rl,30,4,27,1,1.0,libero_goal,947.5082960128784,4f4f4a2bdf539d4433365d2f7a192b12b206566d,outputs/rl/eval/a1_sft_s0_rl10_task4_check6_lr1e-6_wu5_task4
a1_sft_s0_rl10_task4_check6_lr1e-6_wu5_task4,a1_rl,1,0,rl,30,4,28,1,1.0,libero_goal,947.5082960128784,4f4f4a2bdf539d4433365d2f7a192b12b206566d,outputs/rl/eval/a1_sft_s0_rl10_task4_check6_lr1e-6_wu5_task4
a1_sft_s0_rl10_task4_check6_lr1e-6_wu5_task4,a1_rl,1,0,rl,30,4,29,0,0.0,libero_goal,947.5082960128784,4f4f4a2bdf539d4433365d2f7a192b12b206566d,outputs/rl/eval/a1_sft_s0_rl10_task4_check6_lr1e-6_wu5_task4
a1_sft_s0_rl10_task4_check6_lr1e-6_wu5_task4,a1_rl,1,0,rl,30,4,30,1,1.0,libero_goal,947.5082960128784,4f4f4a2bdf539d4433365d2f7a192b12b206566d,outputs/rl/eval/a1_sft_s0_rl10_task4_check6_lr1e-6_wu5_task4
a1_sft_s0_rl10_task4_check6_lr1e-6_wu5_task4,a1_rl,1,0,rl,30,4,31,1,1.0,libero_goal,947.5082960128784,4f4f4a2bdf539d4433365d2f7a192b12b206566d,outputs/rl/eval/a1_sft_s0_rl10_task4_check6_lr1e-6_wu5_task4
a1_sft_s0_rl10_task4_check6_lr1e-6_wu5_task4,a1_rl,1,0,rl,30,4,32,0,0.0,libero_goal,947.5082960128784,4f4f4a2bdf539d4433365d2f7a192b12b206566d,outputs/rl/eval/a1_sft_s0_rl10_task4_check6_lr1e-6_wu5_task4
a1_sft_s0_rl10_task4_check6_lr1e-6_wu5_task4,a1_rl,1,0,rl,30,4,33,0,0.0,libero_goal,947.5082960128784,4f4f4a2bdf539d4433365d2f7a192b12b206566d,outputs/rl/eval/a1_sft_s0_rl10_task4_check6_lr1e-6_wu5_task4
a1_sft_s0_rl10_task4_check6_lr1e-6_wu5_task4,a1_rl,1,0,rl,30,4,34,1,1.0,libero_goal,947.5082960128784,4f4f4a2bdf539d4433365d2f7a192b12b206566d,outputs/rl/eval/a1_sft_s0_rl10_task4_check6_lr1e-6_wu5_task4
a1_sft_s0_rl10_task4_check6_lr1e-6_wu5_task4,a1_rl,1,0,rl,30,4,35,1,1.0,libero_goal,947.5082960128784,4f4f4a2bdf539d4433365d2f7a192b12b206566d,outputs/rl/eval/a1_sft_s0_rl10_task4_check6_lr1e-6_wu5_task4
a1_sft_s0_rl10_task4_check6_lr1e-6_wu5_task4,a1_rl,1,0,rl,30,4,36,1,1.0,libero_goal,947.5082960128784,4f4f4a2bdf539d4433365d2f7a192b12b206566d,outputs/rl/eval/a1_sft_s0_rl10_task4_check6_lr1e-6_wu5_task4
a1_sft_s0_rl10_task4_check6_lr1e-6_wu5_task4,a1_rl,1,0,rl,30,4,37,1,1.0,libero_goal,947.5082960128784,4f4f4a2bdf539d4433365d2f7a192b12b206566d,outputs/rl/eval/a1_sft_s0_rl10_task4_check6_lr1e-6_wu5_task4
a1_sft_s0_rl10_task4_check6_lr1e-6_wu5_task4,a1_rl,1,0,rl,30,4,38,0,0.0,libero_goal,947.5082960128784,4f4f4a2bdf539d4433365d2f7a192b12b206566d,outputs/rl/eval/a1_sft_s0_rl10_task4_check6_lr1e-6_wu5_task4
a1_sft_s0_rl10_task4_check6_lr1e-6_wu5_task4,a1_rl,1,0,rl,30,4,39,0,0.0,libero_goal,947.5082960128784,4f4f4a2bdf539d4433365d2f7a192b12b206566d,outputs/rl/eval/a1_sft_s0_rl10_task4_check6_lr1e-6_wu5_task4
a1_sft_s0_rl10_task4_check6_lr1e-6_wu5_task4,a1_rl,1,0,rl,30,4,40,0,0.0,libero_goal,947.5082960128784,4f4f4a2bdf539d4433365d2f7a192b12b206566d,outputs/rl/eval/a1_sft_s0_rl10_task4_check6_lr1e-6_wu5_task4
a1_sft_s0_rl10_task4_check6_lr1e-6_wu5_task4,a1_rl,1,0,rl,30,4,41,1,1.0,libero_goal,947.5082960128784,4f4f4a2bdf539d4433365d2f7a192b12b206566d,outputs/rl/eval/a1_sft_s0_rl10_task4_check6_lr1e-6_wu5_task4
a1_sft_s0_rl10_task4_check6_lr1e-6_wu5_task4,a1_rl,1,0,rl,30,4,42,1,1.0,libero_goal,947.5082960128784,4f4f4a2bdf539d4433365d2f7a192b12b206566d,outputs/rl/eval/a1_sft_s0_rl10_task4_check6_lr1e-6_wu5_task4
a1_sft_s0_rl10_task4_check6_lr1e-6_wu5_task4,a1_rl,1,0,rl,30,4,43,1,1.0,libero_goal,947.5082960128784,4f4f4a2bdf539d4433365d2f7a192b12b206566d,outputs/rl/eval/a1_sft_s0_rl10_task4_check6_lr1e-6_wu5_task4
a1_sft_s0_rl10_task4_check6_lr1e-6_wu5_task4,a1_rl,1,0,rl,30,4,44,0,0.0,libero_goal,947.5082960128784,4f4f4a2bdf539d4433365d2f7a192b12b206566d,outputs/rl/eval/a1_sft_s0_rl10_task4_check6_lr1e-6_wu5_task4
a1_sft_s0_rl10_task4_check6_lr1e-6_wu5_task4,a1_rl,1,0,rl,30,4,45,1,1.0,libero_goal,947.5082960128784,4f4f4a2bdf539d4433365d2f7a192b12b206566d,outputs/rl/eval/a1_sft_s0_rl10_task4_check6_lr1e-6_wu5_task4
a1_sft_s0_rl10_task4_check6_lr1e-6_wu5_task4,a1_rl,1,0,rl,30,4,46,1,1.0,libero_goal,947.5082960128784,4f4f4a2bdf539d4433365d2f7a192b12b206566d,outputs/rl/eval/a1_sft_s0_rl10_task4_check6_lr1e-6_wu5_task4
a1_sft_s0_rl10_task4_check6_lr1e-6_wu5_task4,a1_rl,1,0,rl,30,4,47,0,0.0,libero_goal,947.5082960128784,4f4f4a2bdf539d4433365d2f7a192b12b206566d,outputs/rl/eval/a1_sft_s0_rl10_task4_check6_lr1e-6_wu5_task4
a1_sft_s0_rl10_task4_check6_lr1e-6_wu5_task4,a1_rl,1,0,rl,30,4,48,0,0.0,libero_goal,947.5082960128784,4f4f4a2bdf539d4433365d2f7a192b12b206566d,outputs/rl/eval/a1_sft_s0_rl10_task4_check6_lr1e-6_wu5_task4
a1_sft_s0_rl10_task4_check6_lr1e-6_wu5_task4,a1_rl,1,0,rl,30,4,49,1,1.0,libero_goal,947.5082960128784,4f4f4a2bdf539d4433365d2f7a192b12b206566d,outputs/rl/eval/a1_sft_s0_rl10_task4_check6_lr1e-6_wu5_task4
a1_sft_s0_rl10_task4_check6_lr1e-6_wu5_task4,a1_rl,1,0,rl,30,4,50,0,0.0,libero_goal,947.5082960128784,4f4f4a2bdf539d4433365d2f7a192b12b206566d,outputs/rl/eval/a1_sft_s0_rl10_task4_check6_lr1e-6_wu5_task4
a1_sft_s0_rl10_task4_check6_lr1e-6_wu5_task4,a1_rl,1,0,rl,30,4,51,1,1.0,libero_goal,947.5082960128784,4f4f4a2bdf539d4433365d2f7a192b12b206566d,outputs/rl/eval/a1_sft_s0_rl10_task4_check6_lr1e-6_wu5_task4
a1_sft_s0_rl10_task4_check6_lr1e-6_wu5_task4,a1_rl,1,0,rl,30,4,52,1,1.0,libero_goal,947.5082960128784,4f4f4a2bdf539d4433365d2f7a192b12b206566d,outputs/rl/eval/a1_sft_s0_rl10_task4_check6_lr1e-6_wu5_task4
a1_sft_s0_rl10_task4_check6_lr1e-6_wu5_task4,a1_rl,1,0,rl,30,4,53,0,0.0,libero_goal,947.5082960128784,4f4f4a2bdf539d4433365d2f7a192b12b206566d,outputs/rl/eval/a1_sft_s0_rl10_task4_check6_lr1e-6_wu5_task4
a1_sft_s0_rl10_task4_check6_lr1e-6_wu5_task4,a1_rl,1,0,rl,30,4,54,1,1.0,libero_goal,947.5082960128784,4f4f4a2bdf539d4433365d2f7a192b12b206566d,outputs/rl/eval/a1_sft_s0_rl10_task4_check6_lr1e-6_wu5_task4
a1_sft_s0_rl10_task4_check6_lr1e-6_wu5_task4,a1_rl,1,0,rl,30,4,55,1,1.0,libero_goal,947.5082960128784,4f4f4a2bdf539d4433365d2f7a192b12b206566d,outputs/rl/eval/a1_sft_s0_rl10_task4_check6_lr1e-6_wu5_task4
a1_sft_s0_rl10_task4_check6_lr1e-6_wu5_task4,a1_rl,1,0,rl,30,4,56,0,0.0,libero_goal,947.5082960128784,4f4f4a2bdf539d4433365d2f7a192b12b206566d,outputs/rl/eval/a1_sft_s0_rl10_task4_check6_lr1e-6_wu5_task4
a1_sft_s0_rl10_task4_check6_lr1e-6_wu5_task4,a1_rl,1,0,rl,30,4,57,0,0.0,libero_goal,947.5082960128784,4f4f4a2bdf539d4433365d2f7a192b12b206566d,outputs/rl/eval/a1_sft_s0_rl10_task4_check6_lr1e-6_wu5_task4
a1_sft_s0_rl10_task4_check6_lr1e-6_wu5_task4,a1_rl,1,0,rl,30,4,58,0,0.0,libero_goal,947.5082960128784,4f4f4a2bdf539d4433365d2f7a192b12b206566d,outputs/rl/eval/a1_sft_s0_rl10_task4_check6_lr1e-6_wu5_task4
a1_sft_s0_rl10_task4_check6_lr1e-6_wu5_task4,a1_rl,1,0,rl,30,4,59,0,0.0,libero_goal,947.5082960128784,4f4f4a2bdf539d4433365d2f7a192b12b206566d,outputs/rl/eval/a1_sft_s0_rl10_task4_check6_lr1e-6_wu5_task4
a1_sft_s0_rl10_task4_check6_lr1e-6_wu5_task4,a1_rl,1,0,rl,30,4,60,0,0.0,libero_goal,947.5082960128784,4f4f4a2bdf539d4433365d2f7a192b12b206566d,outputs/rl/eval/a1_sft_s0_rl10_task4_check6_lr1e-6_wu5_task4
a1_sft_s0_rl10_task4_check6_lr1e-6_wu5_task4,a1_rl,1,0,rl,30,4,61,0,0.0,libero_goal,947.5082960128784,4f4f4a2bdf539d4433365d2f7a192b12b206566d,outputs/rl/eval/a1_sft_s0_rl10_task4_check6_lr1e-6_wu5_task4
a1_sft_s0_rl10_task4_check6_lr1e-6_wu5_task4,a1_rl,1,0,rl,30,4,62,1,1.0,libero_goal,947.5082960128784,4f4f4a2bdf539d4433365d2f7a192b12b206566d,outputs/rl/eval/a1_sft_s0_rl10_task4_check6_lr1e-6_wu5_task4
a1_sft_s0_rl10_task4_check6_lr1e-6_wu5_task4,a1_rl,1,0,rl,30,4,63,0,0.0,libero_goal,947.5082960128784,4f4f4a2bdf539d4433365d2f7a192b12b206566d,outputs/rl/eval/a1_sft_s0_rl10_task4_check6_lr1e-6_wu5_task4
a1_sft_s0_rl10_task4_check6_lr1e-6_wu5_task4,a1_rl,1,0,rl,30,4,64,0,0.0,libero_goal,947.5082960128784,4f4f4a2bdf539d4433365d2f7a192b12b206566d,outputs/rl/eval/a1_sft_s0_rl10_task4_check6_lr1e-6_wu5_task4
a1_sft_s0_rl10_task4_check6_lr1e-6_wu5_task4,a1_rl,1,0,rl,30,4,65,1,1.0,libero_goal,947.5082960128784,4f4f4a2bdf539d4433365d2f7a192b12b206566d,outputs/rl/eval/a1_sft_s0_rl10_task4_check6_lr1e-6_wu5_task4
a1_sft_s0_rl10_task4_check6_lr1e-6_wu5_task4,a1_rl,1,0,rl,30,4,66,1,1.0,libero_goal,947.5082960128784,4f4f4a2bdf539d4433365d2f7a192b12b206566d,outputs/rl/eval/a1_sft_s0_rl10_task4_check6_lr1e-6_wu5_task4
a1_sft_s0_rl10_task4_check6_lr1e-6_wu5_task4,a1_rl,1,0,rl,30,4,67,0,0.0,libero_goal,947.5082960128784,4f4f4a2bdf539d4433365d2f7a192b12b206566d,outputs/rl/eval/a1_sft_s0_rl10_task4_check6_lr1e-6_wu5_task4
a1_sft_s0_rl10_task4_check6_lr1e-6_wu5_task4,a1_rl,1,0,rl,30,4,68,0,0.0,libero_goal,947.5082960128784,4f4f4a2bdf539d4433365d2f7a192b12b206566d,outputs/rl/eval/a1_sft_s0_rl10_task4_check6_lr1e-6_wu5_task4
a1_sft_s0_rl10_task4_check6_lr1e-6_wu5_task4,a1_rl,1,0,rl,30,4,69,0,0.0,libero_goal,947.5082960128784,4f4f4a2bdf539d4433365d2f7a192b12b206566d,outputs/rl/eval/a1_sft_s0_rl10_task4_check6_lr1e-6_wu5_task4
a1_sft_s0_rl10_task4_check6_lr1e-6_wu5_task4,a1_rl,1,0,rl,30,4,70,0,0.0,libero_goal,947.5082960128784,4f4f4a2bdf539d4433365d2f7a192b12b206566d,outputs/rl/eval/a1_sft_s0_rl10_task4_check6_lr1e-6_wu5_task4
a1_sft_s0_rl10_task4_check6_lr1e-6_wu5_task4,a1_rl,1,0,rl,30,4,71,1,1.0,libero_goal,947.5082960128784,4f4f4a2bdf539d4433365d2f7a192b12b206566d,outputs/rl/eval/a1_sft_s0_rl10_task4_check6_lr1e-6_wu5_task4
a1_sft_s0_rl10_task4_check6_lr1e-6_wu5_task4,a1_rl,1,0,rl,30,4,72,0,0.0,libero_goal,947.5082960128784,4f4f4a2bdf539d4433365d2f7a192b12b206566d,outputs/rl/eval/a1_sft_s0_rl10_task4_check6_lr1e-6_wu5_task4
a1_sft_s0_rl10_task4_check6_lr1e-6_wu5_task4,a1_rl,1,0,rl,30,4,73,0,0.0,libero_goal,947.5082960128784,4f4f4a2bdf539d4433365d2f7a192b12b206566d,outputs/rl/eval/a1_sft_s0_rl10_task4_check6_lr1e-6_wu5_task4
a1_sft_s0_rl10_task4_check6_lr1e-6_wu5_task4,a1_rl,1,0,rl,30,4,74,0,0.0,libero_goal,947.5082960128784,4f4f4a2bdf539d4433365d2f7a192b12b206566d,outputs/rl/eval/a1_sft_s0_rl10_task4_check6_lr1e-6_wu5_task4
a1_sft_s0_rl10_task4_check6_lr1e-6_wu5_task4,a1_rl,1,0,rl,30,4,75,0,0.0,libero_goal,947.5082960128784,4f4f4a2bdf539d4433365d2f7a192b12b206566d,outputs/rl/eval/a1_sft_s0_rl10_task4_check6_lr1e-6_wu5_task4
a1_sft_s0_rl10_task4_check6_lr1e-6_wu5_task4,a1_rl,1,0,rl,30,4,76,0,0.0,libero_goal,947.5082960128784,4f4f4a2bdf539d4433365d2f7a192b12b206566d,outputs/rl/eval/a1_sft_s0_rl10_task4_check6_lr1e-6_wu5_task4
a1_sft_s0_rl10_task4_check6_lr1e-6_wu5_task4,a1_rl,1,0,rl,30,4,77,1,1.0,libero_goal,947.5082960128784,4f4f4a2bdf539d4433365d2f7a192b12b206566d,outputs/rl/eval/a1_sft_s0_rl10_task4_check6_lr1e-6_wu5_task4
a1_sft_s0_rl10_task4_check6_lr1e-6_wu5_task4,a1_rl,1,0,rl,30,4,78,1,1.0,libero_goal,947.5082960128784,4f4f4a2bdf539d4433365d2f7a192b12b206566d,outputs/rl/eval/a1_sft_s0_rl10_task4_check6_lr1e-6_wu5_task4
a1_sft_s0_rl10_task4_check6_lr1e-6_wu5_task4,a1_rl,1,0,rl,30,4,79,0,0.0,libero_goal,947.5082960128784,4f4f4a2bdf539d4433365d2f7a192b12b206566d,outputs/rl/eval/a1_sft_s0_rl10_task4_check6_lr1e-6_wu5_task4
a1_sft_s0_rl10_task4_check6_lr1e-6_wu5_task4,a1_rl,1,0,rl,30,4,80,1,1.0,libero_goal,947.5082960128784,4f4f4a2bdf539d4433365d2f7a192b12b206566d,outputs/rl/eval/a1_sft_s0_rl10_task4_check6_lr1e-6_wu5_task4
a1_sft_s0_rl10_task4_check6_lr1e-6_wu5_task4,a1_rl,1,0,rl,30,4,81,1,1.0,libero_goal,947.5082960128784,4f4f4a2bdf539d4433365d2f7a192b12b206566d,outputs/rl/eval/a1_sft_s0_rl10_task4_check6_lr1e-6_wu5_task4
a1_sft_s0_rl10_task4_check6_lr1e-6_wu5_task4,a1_rl,1,0,rl,30,4,82,0,0.0,libero_goal,947.5082960128784,4f4f4a2bdf539d4433365d2f7a192b12b206566d,outputs/rl/eval/a1_sft_s0_rl10_task4_check6_lr1e-6_wu5_task4
a1_sft_s0_rl10_task4_check6_lr1e-6_wu5_task4,a1_rl,1,0,rl,30,4,83,0,0.0,libero_goal,947.5082960128784,4f4f4a2bdf539d4433365d2f7a192b12b206566d,outputs/rl/eval/a1_sft_s0_rl10_task4_check6_lr1e-6_wu5_task4
a1_sft_s0_rl10_task4_check6_lr1e-6_wu5_task4,a1_rl,1,0,rl,30,4,84,1,1.0,libero_goal,947.5082960128784,4f4f4a2bdf539d4433365d2f7a192b12b206566d,outputs/rl/eval/a1_sft_s0_rl10_task4_check6_lr1e-6_wu5_task4
a1_sft_s0_rl10_task4_check6_lr1e-6_wu5_task4,a1_rl,1,0,rl,30,4,85,1,1.0,libero_goal,947.5082960128784,4f4f4a2bdf539d4433365d2f7a192b12b206566d,outputs/rl/eval/a1_sft_s0_rl10_task4_check6_lr1e-6_wu5_task4
a1_sft_s0_rl10_task4_check6_lr1e-6_wu5_task4,a1_rl,1,0,rl,30,4,86,1,1.0,libero_goal,947.5082960128784,4f4f4a2bdf539d4433365d2f7a192b12b206566d,outputs/rl/eval/a1_sft_s0_rl10_task4_check6_lr1e-6_wu5_task4
a1_sft_s0_rl10_task4_check6_lr1e-6_wu5_task4,a1_rl,1,0,rl,30,4,87,1,1.0,libero_goal,947.5082960128784,4f4f4a2bdf539d4433365d2f7a192b12b206566d,outputs/rl/eval/a1_sft_s0_rl10_task4_check6_lr1e-6_wu5_task4
a1_sft_s0_rl10_task4_check6_lr1e-6_wu5_task4,a1_rl,1,0,rl,30,4,88,0,0.0,libero_goal,947.5082960128784,4f4f4a2bdf539d4433365d2f7a192b12b206566d,outputs/rl/eval/a1_sft_s0_rl10_task4_check6_lr1e-6_wu5_task4
a1_sft_s0_rl10_task4_check6_lr1e-6_wu5_task4,a1_rl,1,0,rl,30,4,89,0,0.0,libero_goal,947.5082960128784,4f4f4a2bdf539d4433365d2f7a192b12b206566d,outputs/rl/eval/a1_sft_s0_rl10_task4_check6_lr1e-6_wu5_task4
a1_sft_s0_rl10_task4_check6_lr1e-6_wu5_task4,a1_rl,1,0,rl,30,4,90,0,0.0,libero_goal,947.5082960128784,4f4f4a2bdf539d4433365d2f7a192b12b206566d,outputs/rl/eval/a1_sft_s0_rl10_task4_check6_lr1e-6_wu5_task4
a1_sft_s0_rl10_task4_check6_lr1e-6_wu5_task4,a1_rl,1,0,rl,30,4,91,1,1.0,libero_goal,947.5082960128784,4f4f4a2bdf539d4433365d2f7a192b12b206566d,outputs/rl/eval/a1_sft_s0_rl10_task4_check6_lr1e-6_wu5_task4
a1_sft_s0_rl10_task4_check6_lr1e-6_wu5_task4,a1_rl,1,0,rl,30,4,92,1,1.0,libero_goal,947.5082960128784,4f4f4a2bdf539d4433365d2f7a192b12b206566d,outputs/rl/eval/a1_sft_s0_rl10_task4_check6_lr1e-6_wu5_task4
a1_sft_s0_rl10_task4_check6_lr1e-6_wu5_task4,a1_rl,1,0,rl,30,4,93,1,1.0,libero_goal,947.5082960128784,4f4f4a2bdf539d4433365d2f7a192b12b206566d,outputs/rl/eval/a1_sft_s0_rl10_task4_check6_lr1e-6_wu5_task4
a1_sft_s0_rl10_task4_check6_lr1e-6_wu5_task4,a1_rl,1,0,rl,30,4,94,0,0.0,libero_goal,947.5082960128784,4f4f4a2bdf539d4433365d2f7a192b12b206566d,outputs/rl/eval/a1_sft_s0_rl10_task4_check6_lr1e-6_wu5_task4
a1_sft_s0_rl10_task4_check6_lr1e-6_wu5_task4,a1_rl,1,0,rl,30,4,95,1,1.0,libero_goal,947.5082960128784,4f4f4a2bdf539d4433365d2f7a192b12b206566d,outputs/rl/eval/a1_sft_s0_rl10_task4_check6_lr1e-6_wu5_task4
a1_sft_s0_rl10_task4_check6_lr1e-6_wu5_task4,a1_rl,1,0,rl,30,4,96,1,1.0,libero_goal,947.5082960128784,4f4f4a2bdf539d4433365d2f7a192b12b206566d,outputs/rl/eval/a1_sft_s0_rl10_task4_check6_lr1e-6_wu5_task4
a1_sft_s0_rl10_task4_check6_lr1e-6_wu5_task4,a1_rl,1,0,rl,30,4,97,0,0.0,libero_goal,947.5082960128784,4f4f4a2bdf539d4433365d2f7a192b12b206566d,outputs/rl/eval/a1_sft_s0_rl10_task4_check6_lr1e-6_wu5_task4
a1_sft_s0_rl10_task4_check6_lr1e-6_wu5_task4,a1_rl,1,0,rl,30,4,98,0,0.0,libero_goal,947.5082960128784,4f4f4a2bdf539d4433365d2f7a192b12b206566d,outputs/rl/eval/a1_sft_s0_rl10_task4_check6_lr1e-6_wu5_task4
a1_sft_s0_rl10_task4_check6_lr1e-6_wu5_task4,a1_rl,1,0,rl,30,4,99,1,1.0,libero_goal,947.5082960128784,4f4f4a2bdf539d4433365d2f7a192b12b206566d,outputs/rl/eval/a1_sft_s0_rl10_task4_check6_lr1e-6_wu5_task4
s2_check6_round030_task4,a1_rl,1,2,rl,30,4,0,0,0.0,libero_goal,1168.250188112259,4f4f4a2bdf539d4433365d2f7a192b12b206566d,outputs/rl/eval/s2_check6_round030_task4
s2_check6_round030_task4,a1_rl,1,2,rl,30,4,1,1,1.0,libero_goal,1168.250188112259,4f4f4a2bdf539d4433365d2f7a192b12b206566d,outputs/rl/eval/s2_check6_round030_task4
s2_check6_round030_task4,a1_rl,1,2,rl,30,4,2,0,0.0,libero_goal,1168.250188112259,4f4f4a2bdf539d4433365d2f7a192b12b206566d,outputs/rl/eval/s2_check6_round030_task4
s2_check6_round030_task4,a1_rl,1,2,rl,30,4,3,0,0.0,libero_goal,1168.250188112259,4f4f4a2bdf539d4433365d2f7a192b12b206566d,outputs/rl/eval/s2_check6_round030_task4
s2_check6_round030_task4,a1_rl,1,2,rl,30,4,4,0,0.0,libero_goal,1168.250188112259,4f4f4a2bdf539d4433365d2f7a192b12b206566d,outputs/rl/eval/s2_check6_round030_task4
s2_check6_round030_task4,a1_rl,1,2,rl,30,4,5,0,0.0,libero_goal,1168.250188112259,4f4f4a2bdf539d4433365d2f7a192b12b206566d,outputs/rl/eval/s2_check6_round030_task4
s2_check6_round030_task4,a1_rl,1,2,rl,30,4,6,0,0.0,libero_goal,1168.250188112259,4f4f4a2bdf539d4433365d2f7a192b12b206566d,outputs/rl/eval/s2_check6_round030_task4
s2_check6_round030_task4,a1_rl,1,2,rl,30,4,7,0,0.0,libero_goal,1168.250188112259,4f4f4a2bdf539d4433365d2f7a192b12b206566d,outputs/rl/eval/s2_check6_round030_task4
s2_check6_round030_task4,a1_rl,1,2,rl,30,4,8,0,0.0,libero_goal,1168.250188112259,4f4f4a2bdf539d4433365d2f7a192b12b206566d,outputs/rl/eval/s2_check6_round030_task4
s2_check6_round030_task4,a1_rl,1,2,rl,30,4,9,0,0.0,libero_goal,1168.250188112259,4f4f4a2bdf539d4433365d2f7a192b12b206566d,outputs/rl/eval/s2_check6_round030_task4
s2_check6_round030_task4,a1_rl,1,2,rl,30,4,10,0,0.0,libero_goal,1168.250188112259,4f4f4a2bdf539d4433365d2f7a192b12b206566d,outputs/rl/eval/s2_check6_round030_task4
s2_check6_round030_task4,a1_rl,1,2,rl,30,4,11,0,0.0,libero_goal,1168.250188112259,4f4f4a2bdf539d4433365d2f7a192b12b206566d,outputs/rl/eval/s2_check6_round030_task4
s2_check6_round030_task4,a1_rl,1,2,rl,30,4,12,1,1.0,libero_goal,1168.250188112259,4f4f4a2bdf539d4433365d2f7a192b12b206566d,outputs/rl/eval/s2_check6_round030_task4
s2_check6_round030_task4,a1_rl,1,2,rl,30,4,13,0,0.0,libero_goal,1168.250188112259,4f4f4a2bdf539d4433365d2f7a192b12b206566d,outputs/rl/eval/s2_check6_round030_task4
s2_check6_round030_task4,a1_rl,1,2,rl,30,4,14,0,0.0,libero_goal,1168.250188112259,4f4f4a2bdf539d4433365d2f7a192b12b206566d,outputs/rl/eval/s2_check6_round030_task4
s2_check6_round030_task4,a1_rl,1,2,rl,30,4,15,0,0.0,libero_goal,1168.250188112259,4f4f4a2bdf539d4433365d2f7a192b12b206566d,outputs/rl/eval/s2_check6_round030_task4
s2_check6_round030_task4,a1_rl,1,2,rl,30,4,16,1,1.0,libero_goal,1168.250188112259,4f4f4a2bdf539d4433365d2f7a192b12b206566d,outputs/rl/eval/s2_check6_round030_task4
s2_check6_round030_task4,a1_rl,1,2,rl,30,4,17,0,0.0,libero_goal,1168.250188112259,4f4f4a2bdf539d4433365d2f7a192b12b206566d,outputs/rl/eval/s2_check6_round030_task4
s2_check6_round030_task4,a1_rl,1,2,rl,30,4,18,0,0.0,libero_goal,1168.250188112259,4f4f4a2bdf539d4433365d2f7a192b12b206566d,outputs/rl/eval/s2_check6_round030_task4
s2_check6_round030_task4,a1_rl,1,2,rl,30,4,19,0,0.0,libero_goal,1168.250188112259,4f4f4a2bdf539d4433365d2f7a192b12b206566d,outputs/rl/eval/s2_check6_round030_task4
s2_check6_round030_task4,a1_rl,1,2,rl,30,4,20,0,0.0,libero_goal,1168.250188112259,4f4f4a2bdf539d4433365d2f7a192b12b206566d,outputs/rl/eval/s2_check6_round030_task4
s2_check6_round030_task4,a1_rl,1,2,rl,30,4,21,0,0.0,libero_goal,1168.250188112259,4f4f4a2bdf539d4433365d2f7a192b12b206566d,outputs/rl/eval/s2_check6_round030_task4
s2_check6_round030_task4,a1_rl,1,2,rl,30,4,22,1,1.0,libero_goal,1168.250188112259,4f4f4a2bdf539d4433365d2f7a192b12b206566d,outputs/rl/eval/s2_check6_round030_task4
s2_check6_round030_task4,a1_rl,1,2,rl,30,4,23,0,0.0,libero_goal,1168.250188112259,4f4f4a2bdf539d4433365d2f7a192b12b206566d,outputs/rl/eval/s2_check6_round030_task4
s2_check6_round030_task4,a1_rl,1,2,rl,30,4,24,0,0.0,libero_goal,1168.250188112259,4f4f4a2bdf539d4433365d2f7a192b12b206566d,outputs/rl/eval/s2_check6_round030_task4
s2_check6_round030_task4,a1_rl,1,2,rl,30,4,25,0,0.0,libero_goal,1168.250188112259,4f4f4a2bdf539d4433365d2f7a192b12b206566d,outputs/rl/eval/s2_check6_round030_task4
s2_check6_round030_task4,a1_rl,1,2,rl,30,4,26,0,0.0,libero_goal,1168.250188112259,4f4f4a2bdf539d4433365d2f7a192b12b206566d,outputs/rl/eval/s2_check6_round030_task4
s2_check6_round030_task4,a1_rl,1,2,rl,30,4,27,1,1.0,libero_goal,1168.250188112259,4f4f4a2bdf539d4433365d2f7a192b12b206566d,outputs/rl/eval/s2_check6_round030_task4
s2_check6_round030_task4,a1_rl,1,2,rl,30,4,28,0,0.0,libero_goal,1168.250188112259,4f4f4a2bdf539d4433365d2f7a192b12b206566d,outputs/rl/eval/s2_check6_round030_task4
s2_check6_round030_task4,a1_rl,1,2,rl,30,4,29,0,0.0,libero_goal,1168.250188112259,4f4f4a2bdf539d4433365d2f7a192b12b206566d,outputs/rl/eval/s2_check6_round030_task4
s2_check6_round030_task4,a1_rl,1,2,rl,30,4,30,0,0.0,libero_goal,1168.250188112259,4f4f4a2bdf539d4433365d2f7a192b12b206566d,outputs/rl/eval/s2_check6_round030_task4
s2_check6_round030_task4,a1_rl,1,2,rl,30,4,31,0,0.0,libero_goal,1168.250188112259,4f4f4a2bdf539d4433365d2f7a192b12b206566d,outputs/rl/eval/s2_check6_round030_task4
s2_check6_round030_task4,a1_rl,1,2,rl,30,4,32,0,0.0,libero_goal,1168.250188112259,4f4f4a2bdf539d4433365d2f7a192b12b206566d,outputs/rl/eval/s2_check6_round030_task4
s2_check6_round030_task4,a1_rl,1,2,rl,30,4,33,0,0.0,libero_goal,1168.250188112259,4f4f4a2bdf539d4433365d2f7a192b12b206566d,outputs/rl/eval/s2_check6_round030_task4
s2_check6_round030_task4,a1_rl,1,2,rl,30,4,34,0,0.0,libero_goal,1168.250188112259,4f4f4a2bdf539d4433365d2f7a192b12b206566d,outputs/rl/eval/s2_check6_round030_task4
s2_check6_round030_task4,a1_rl,1,2,rl,30,4,35,0,0.0,libero_goal,1168.250188112259,4f4f4a2bdf539d4433365d2f7a192b12b206566d,outputs/rl/eval/s2_check6_round030_task4
s2_check6_round030_task4,a1_rl,1,2,rl,30,4,36,0,0.0,libero_goal,1168.250188112259,4f4f4a2bdf539d4433365d2f7a192b12b206566d,outputs/rl/eval/s2_check6_round030_task4
s2_check6_round030_task4,a1_rl,1,2,rl,30,4,37,0,0.0,libero_goal,1168.250188112259,4f4f4a2bdf539d4433365d2f7a192b12b206566d,outputs/rl/eval/s2_check6_round030_task4
s2_check6_round030_task4,a1_rl,1,2,rl,30,4,38,0,0.0,libero_goal,1168.250188112259,4f4f4a2bdf539d4433365d2f7a192b12b206566d,outputs/rl/eval/s2_check6_round030_task4
s2_check6_round030_task4,a1_rl,1,2,rl,30,4,39,0,0.0,libero_goal,1168.250188112259,4f4f4a2bdf539d4433365d2f7a192b12b206566d,outputs/rl/eval/s2_check6_round030_task4
s2_check6_round030_task4,a1_rl,1,2,rl,30,4,40,0,0.0,libero_goal,1168.250188112259,4f4f4a2bdf539d4433365d2f7a192b12b206566d,outputs/rl/eval/s2_check6_round030_task4
s2_check6_round030_task4,a1_rl,1,2,rl,30,4,41,0,0.0,libero_goal,1168.250188112259,4f4f4a2bdf539d4433365d2f7a192b12b206566d,outputs/rl/eval/s2_check6_round030_task4
s2_check6_round030_task4,a1_rl,1,2,rl,30,4,42,1,1.0,libero_goal,1168.250188112259,4f4f4a2bdf539d4433365d2f7a192b12b206566d,outputs/rl/eval/s2_check6_round030_task4
s2_check6_round030_task4,a1_rl,1,2,rl,30,4,43,0,0.0,libero_goal,1168.250188112259,4f4f4a2bdf539d4433365d2f7a192b12b206566d,outputs/rl/eval/s2_check6_round030_task4
s2_check6_round030_task4,a1_rl,1,2,rl,30,4,44,0,0.0,libero_goal,1168.250188112259,4f4f4a2bdf539d4433365d2f7a192b12b206566d,outputs/rl/eval/s2_check6_round030_task4
s2_check6_round030_task4,a1_rl,1,2,rl,30,4,45,0,0.0,libero_goal,1168.250188112259,4f4f4a2bdf539d4433365d2f7a192b12b206566d,outputs/rl/eval/s2_check6_round030_task4
s2_check6_round030_task4,a1_rl,1,2,rl,30,4,46,0,0.0,libero_goal,1168.250188112259,4f4f4a2bdf539d4433365d2f7a192b12b206566d,outputs/rl/eval/s2_check6_round030_task4
s2_check6_round030_task4,a1_rl,1,2,rl,30,4,47,0,0.0,libero_goal,1168.250188112259,4f4f4a2bdf539d4433365d2f7a192b12b206566d,outputs/rl/eval/s2_check6_round030_task4
s2_check6_round030_task4,a1_rl,1,2,rl,30,4,48,0,0.0,libero_goal,1168.250188112259,4f4f4a2bdf539d4433365d2f7a192b12b206566d,outputs/rl/eval/s2_check6_round030_task4
s2_check6_round030_task4,a1_rl,1,2,rl,30,4,49,0,0.0,libero_goal,1168.250188112259,4f4f4a2bdf539d4433365d2f7a192b12b206566d,outputs/rl/eval/s2_check6_round030_task4
s2_check6_round030_task4,a1_rl,1,2,rl,30,4,50,0,0.0,libero_goal,1168.250188112259,4f4f4a2bdf539d4433365d2f7a192b12b206566d,outputs/rl/eval/s2_check6_round030_task4
s2_check6_round030_task4,a1_rl,1,2,rl,30,4,51,0,0.0,libero_goal,1168.250188112259,4f4f4a2bdf539d4433365d2f7a192b12b206566d,outputs/rl/eval/s2_check6_round030_task4
s2_check6_round030_task4,a1_rl,1,2,rl,30,4,52,0,0.0,libero_goal,1168.250188112259,4f4f4a2bdf539d4433365d2f7a192b12b206566d,outputs/rl/eval/s2_check6_round030_task4
s2_check6_round030_task4,a1_rl,1,2,rl,30,4,53,0,0.0,libero_goal,1168.250188112259,4f4f4a2bdf539d4433365d2f7a192b12b206566d,outputs/rl/eval/s2_check6_round030_task4
s2_check6_round030_task4,a1_rl,1,2,rl,30,4,54,0,0.0,libero_goal,1168.250188112259,4f4f4a2bdf539d4433365d2f7a192b12b206566d,outputs/rl/eval/s2_check6_round030_task4
s2_check6_round030_task4,a1_rl,1,2,rl,30,4,55,0,0.0,libero_goal,1168.250188112259,4f4f4a2bdf539d4433365d2f7a192b12b206566d,outputs/rl/eval/s2_check6_round030_task4
s2_check6_round030_task4,a1_rl,1,2,rl,30,4,56,1,1.0,libero_goal,1168.250188112259,4f4f4a2bdf539d4433365d2f7a192b12b206566d,outputs/rl/eval/s2_check6_round030_task4
s2_check6_round030_task4,a1_rl,1,2,rl,30,4,57,0,0.0,libero_goal,1168.250188112259,4f4f4a2bdf539d4433365d2f7a192b12b206566d,outputs/rl/eval/s2_check6_round030_task4
s2_check6_round030_task4,a1_rl,1,2,rl,30,4,58,0,0.0,libero_goal,1168.250188112259,4f4f4a2bdf539d4433365d2f7a192b12b206566d,outputs/rl/eval/s2_check6_round030_task4
s2_check6_round030_task4,a1_rl,1,2,rl,30,4,59,0,0.0,libero_goal,1168.250188112259,4f4f4a2bdf539d4433365d2f7a192b12b206566d,outputs/rl/eval/s2_check6_round030_task4
s2_check6_round030_task4,a1_rl,1,2,rl,30,4,60,1,1.0,libero_goal,1168.250188112259,4f4f4a2bdf539d4433365d2f7a192b12b206566d,outputs/rl/eval/s2_check6_round030_task4
s2_check6_round030_task4,a1_rl,1,2,rl,30,4,61,1,1.0,libero_goal,1168.250188112259,4f4f4a2bdf539d4433365d2f7a192b12b206566d,outputs/rl/eval/s2_check6_round030_task4
s2_check6_round030_task4,a1_rl,1,2,rl,30,4,62,1,1.0,libero_goal,1168.250188112259,4f4f4a2bdf539d4433365d2f7a192b12b206566d,outputs/rl/eval/s2_check6_round030_task4
s2_check6_round030_task4,a1_rl,1,2,rl,30,4,63,0,0.0,libero_goal,1168.250188112259,4f4f4a2bdf539d4433365d2f7a192b12b206566d,outputs/rl/eval/s2_check6_round030_task4
s2_check6_round030_task4,a1_rl,1,2,rl,30,4,64,0,0.0,libero_goal,1168.250188112259,4f4f4a2bdf539d4433365d2f7a192b12b206566d,outputs/rl/eval/s2_check6_round030_task4
s2_check6_round030_task4,a1_rl,1,2,rl,30,4,65,0,0.0,libero_goal,1168.250188112259,4f4f4a2bdf539d4433365d2f7a192b12b206566d,outputs/rl/eval/s2_check6_round030_task4
s2_check6_round030_task4,a1_rl,1,2,rl,30,4,66,0,0.0,libero_goal,1168.250188112259,4f4f4a2bdf539d4433365d2f7a192b12b206566d,outputs/rl/eval/s2_check6_round030_task4
s2_check6_round030_task4,a1_rl,1,2,rl,30,4,67,0,0.0,libero_goal,1168.250188112259,4f4f4a2bdf539d4433365d2f7a192b12b206566d,outputs/rl/eval/s2_check6_round030_task4
s2_check6_round030_task4,a1_rl,1,2,rl,30,4,68,0,0.0,libero_goal,1168.250188112259,4f4f4a2bdf539d4433365d2f7a192b12b206566d,outputs/rl/eval/s2_check6_round030_task4
s2_check6_round030_task4,a1_rl,1,2,rl,30,4,69,0,0.0,libero_goal,1168.250188112259,4f4f4a2bdf539d4433365d2f7a192b12b206566d,outputs/rl/eval/s2_check6_round030_task4
s2_check6_round030_task4,a1_rl,1,2,rl,30,4,70,0,0.0,libero_goal,1168.250188112259,4f4f4a2bdf539d4433365d2f7a192b12b206566d,outputs/rl/eval/s2_check6_round030_task4
s2_check6_round030_task4,a1_rl,1,2,rl,30,4,71,0,0.0,libero_goal,1168.250188112259,4f4f4a2bdf539d4433365d2f7a192b12b206566d,outputs/rl/eval/s2_check6_round030_task4
s2_check6_round030_task4,a1_rl,1,2,rl,30,4,72,0,0.0,libero_goal,1168.250188112259,4f4f4a2bdf539d4433365d2f7a192b12b206566d,outputs/rl/eval/s2_check6_round030_task4
s2_check6_round030_task4,a1_rl,1,2,rl,30,4,73,0,0.0,libero_goal,1168.250188112259,4f4f4a2bdf539d4433365d2f7a192b12b206566d,outputs/rl/eval/s2_check6_round030_task4
s2_check6_round030_task4,a1_rl,1,2,rl,30,4,74,0,0.0,libero_goal,1168.250188112259,4f4f4a2bdf539d4433365d2f7a192b12b206566d,outputs/rl/eval/s2_check6_round030_task4
s2_check6_round030_task4,a1_rl,1,2,rl,30,4,75,0,0.0,libero_goal,1168.250188112259,4f4f4a2bdf539d4433365d2f7a192b12b206566d,outputs/rl/eval/s2_check6_round030_task4
s2_check6_round030_task4,a1_rl,1,2,rl,30,4,76,0,0.0,libero_goal,1168.250188112259,4f4f4a2bdf539d4433365d2f7a192b12b206566d,outputs/rl/eval/s2_check6_round030_task4
s2_check6_round030_task4,a1_rl,1,2,rl,30,4,77,0,0.0,libero_goal,1168.250188112259,4f4f4a2bdf539d4433365d2f7a192b12b206566d,outputs/rl/eval/s2_check6_round030_task4
s2_check6_round030_task4,a1_rl,1,2,rl,30,4,78,0,0.0,libero_goal,1168.250188112259,4f4f4a2bdf539d4433365d2f7a192b12b206566d,outputs/rl/eval/s2_check6_round030_task4
s2_check6_round030_task4,a1_rl,1,2,rl,30,4,79,0,0.0,libero_goal,1168.250188112259,4f4f4a2bdf539d4433365d2f7a192b12b206566d,outputs/rl/eval/s2_check6_round030_task4
s2_check6_round030_task4,a1_rl,1,2,rl,30,4,80,0,0.0,libero_goal,1168.250188112259,4f4f4a2bdf539d4433365d2f7a192b12b206566d,outputs/rl/eval/s2_check6_round030_task4
s2_check6_round030_task4,a1_rl,1,2,rl,30,4,81,0,0.0,libero_goal,1168.250188112259,4f4f4a2bdf539d4433365d2f7a192b12b206566d,outputs/rl/eval/s2_check6_round030_task4
s2_check6_round030_task4,a1_rl,1,2,rl,30,4,82,0,0.0,libero_goal,1168.250188112259,4f4f4a2bdf539d4433365d2f7a192b12b206566d,outputs/rl/eval/s2_check6_round030_task4
s2_check6_round030_task4,a1_rl,1,2,rl,30,4,83,1,1.0,libero_goal,1168.250188112259,4f4f4a2bdf539d4433365d2f7a192b12b206566d,outputs/rl/eval/s2_check6_round030_task4
s2_check6_round030_task4,a1_rl,1,2,rl,30,4,84,0,0.0,libero_goal,1168.250188112259,4f4f4a2bdf539d4433365d2f7a192b12b206566d,outputs/rl/eval/s2_check6_round030_task4
s2_check6_round030_task4,a1_rl,1,2,rl,30,4,85,1,1.0,libero_goal,1168.250188112259,4f4f4a2bdf539d4433365d2f7a192b12b206566d,outputs/rl/eval/s2_check6_round030_task4
s2_check6_round030_task4,a1_rl,1,2,rl,30,4,86,0,0.0,libero_goal,1168.250188112259,4f4f4a2bdf539d4433365d2f7a192b12b206566d,outputs/rl/eval/s2_check6_round030_task4
s2_check6_round030_task4,a1_rl,1,2,rl,30,4,87,0,0.0,libero_goal,1168.250188112259,4f4f4a2bdf539d4433365d2f7a192b12b206566d,outputs/rl/eval/s2_check6_round030_task4
s2_check6_round030_task4,a1_rl,1,2,rl,30,4,88,0,0.0,libero_goal,1168.250188112259,4f4f4a2bdf539d4433365d2f7a192b12b206566d,outputs/rl/eval/s2_check6_round030_task4
s2_check6_round030_task4,a1_rl,1,2,rl,30,4,89,0,0.0,libero_goal,1168.250188112259,4f4f4a2bdf539d4433365d2f7a192b12b206566d,outputs/rl/eval/s2_check6_round030_task4
s2_check6_round030_task4,a1_rl,1,2,rl,30,4,90,1,1.0,libero_goal,1168.250188112259,4f4f4a2bdf539d4433365d2f7a192b12b206566d,outputs/rl/eval/s2_check6_round030_task4
s2_check6_round030_task4,a1_rl,1,2,rl,30,4,91,0,0.0,libero_goal,1168.250188112259,4f4f4a2bdf539d4433365d2f7a192b12b206566d,outputs/rl/eval/s2_check6_round030_task4
s2_check6_round030_task4,a1_rl,1,2,rl,30,4,92,1,1.0,libero_goal,1168.250188112259,4f4f4a2bdf539d4433365d2f7a192b12b206566d,outputs/rl/eval/s2_check6_round030_task4
s2_check6_round030_task4,a1_rl,1,2,rl,30,4,93,0,0.0,libero_goal,1168.250188112259,4f4f4a2bdf539d4433365d2f7a192b12b206566d,outputs/rl/eval/s2_check6_round030_task4
s2_check6_round030_task4,a1_rl,1,2,rl,30,4,94,0,0.0,libero_goal,1168.250188112259,4f4f4a2bdf539d4433365d2f7a192b12b206566d,outputs/rl/eval/s2_check6_round030_task4
s2_check6_round030_task4,a1_rl,1,2,rl,30,4,95,0,0.0,libero_goal,1168.250188112259,4f4f4a2bdf539d4433365d2f7a192b12b206566d,outputs/rl/eval/s2_check6_round030_task4
s2_check6_round030_task4,a1_rl,1,2,rl,30,4,96,0,0.0,libero_goal,1168.250188112259,4f4f4a2bdf539d4433365d2f7a192b12b206566d,outputs/rl/eval/s2_check6_round030_task4
s2_check6_round030_task4,a1_rl,1,2,rl,30,4,97,0,0.0,libero_goal,1168.250188112259,4f4f4a2bdf539d4433365d2f7a192b12b206566d,outputs/rl/eval/s2_check6_round030_task4
s2_check6_round030_task4,a1_rl,1,2,rl,30,4,98,0,0.0,libero_goal,1168.250188112259,4f4f4a2bdf539d4433365d2f7a192b12b206566d,outputs/rl/eval/s2_check6_round030_task4
s2_check6_round030_task4,a1_rl,1,2,rl,30,4,99,0,0.0,libero_goal,1168.250188112259,4f4f4a2bdf539d4433365d2f7a192b12b206566d,outputs/rl/eval/s2_check6_round030_task4
a1_sft_s2_rl12_task4_check6_lr1e-6_wu5_task4,a1_rl,1,2,rl,30,4,0,1,1.0,libero_goal,911.6389214992523,4f4f4a2bdf539d4433365d2f7a192b12b206566d,outputs/rl/eval/a1_sft_s2_rl12_task4_check6_lr1e-6_wu5_task4
a1_sft_s2_rl12_task4_check6_lr1e-6_wu5_task4,a1_rl,1,2,rl,30,4,1,1,1.0,libero_goal,911.6389214992523,4f4f4a2bdf539d4433365d2f7a192b12b206566d,outputs/rl/eval/a1_sft_s2_rl12_task4_check6_lr1e-6_wu5_task4
a1_sft_s2_rl12_task4_check6_lr1e-6_wu5_task4,a1_rl,1,2,rl,30,4,2,0,0.0,libero_goal,911.6389214992523,4f4f4a2bdf539d4433365d2f7a192b12b206566d,outputs/rl/eval/a1_sft_s2_rl12_task4_check6_lr1e-6_wu5_task4
a1_sft_s2_rl12_task4_check6_lr1e-6_wu5_task4,a1_rl,1,2,rl,30,4,3,0,0.0,libero_goal,911.6389214992523,4f4f4a2bdf539d4433365d2f7a192b12b206566d,outputs/rl/eval/a1_sft_s2_rl12_task4_check6_lr1e-6_wu5_task4
a1_sft_s2_rl12_task4_check6_lr1e-6_wu5_task4,a1_rl,1,2,rl,30,4,4,0,0.0,libero_goal,911.6389214992523,4f4f4a2bdf539d4433365d2f7a192b12b206566d,outputs/rl/eval/a1_sft_s2_rl12_task4_check6_lr1e-6_wu5_task4
a1_sft_s2_rl12_task4_check6_lr1e-6_wu5_task4,a1_rl,1,2,rl,30,4,5,0,0.0,libero_goal,911.6389214992523,4f4f4a2bdf539d4433365d2f7a192b12b206566d,outputs/rl/eval/a1_sft_s2_rl12_task4_check6_lr1e-6_wu5_task4
a1_sft_s2_rl12_task4_check6_lr1e-6_wu5_task4,a1_rl,1,2,rl,30,4,6,0,0.0,libero_goal,911.6389214992523,4f4f4a2bdf539d4433365d2f7a192b12b206566d,outputs/rl/eval/a1_sft_s2_rl12_task4_check6_lr1e-6_wu5_task4
a1_sft_s2_rl12_task4_check6_lr1e-6_wu5_task4,a1_rl,1,2,rl,30,4,7,0,0.0,libero_goal,911.6389214992523,4f4f4a2bdf539d4433365d2f7a192b12b206566d,outputs/rl/eval/a1_sft_s2_rl12_task4_check6_lr1e-6_wu5_task4
a1_sft_s2_rl12_task4_check6_lr1e-6_wu5_task4,a1_rl,1,2,rl,30,4,8,0,0.0,libero_goal,911.6389214992523,4f4f4a2bdf539d4433365d2f7a192b12b206566d,outputs/rl/eval/a1_sft_s2_rl12_task4_check6_lr1e-6_wu5_task4
a1_sft_s2_rl12_task4_check6_lr1e-6_wu5_task4,a1_rl,1,2,rl,30,4,9,0,0.0,libero_goal,911.6389214992523,4f4f4a2bdf539d4433365d2f7a192b12b206566d,outputs/rl/eval/a1_sft_s2_rl12_task4_check6_lr1e-6_wu5_task4
a1_sft_s2_rl12_task4_check6_lr1e-6_wu5_task4,a1_rl,1,2,rl,30,4,10,0,0.0,libero_goal,911.6389214992523,4f4f4a2bdf539d4433365d2f7a192b12b206566d,outputs/rl/eval/a1_sft_s2_rl12_task4_check6_lr1e-6_wu5_task4
a1_sft_s2_rl12_task4_check6_lr1e-6_wu5_task4,a1_rl,1,2,rl,30,4,11,1,1.0,libero_goal,911.6389214992523,4f4f4a2bdf539d4433365d2f7a192b12b206566d,outputs/rl/eval/a1_sft_s2_rl12_task4_check6_lr1e-6_wu5_task4
a1_sft_s2_rl12_task4_check6_lr1e-6_wu5_task4,a1_rl,1,2,rl,30,4,12,1,1.0,libero_goal,911.6389214992523,4f4f4a2bdf539d4433365d2f7a192b12b206566d,outputs/rl/eval/a1_sft_s2_rl12_task4_check6_lr1e-6_wu5_task4
a1_sft_s2_rl12_task4_check6_lr1e-6_wu5_task4,a1_rl,1,2,rl,30,4,13,1,1.0,libero_goal,911.6389214992523,4f4f4a2bdf539d4433365d2f7a192b12b206566d,outputs/rl/eval/a1_sft_s2_rl12_task4_check6_lr1e-6_wu5_task4
a1_sft_s2_rl12_task4_check6_lr1e-6_wu5_task4,a1_rl,1,2,rl,30,4,14,0,0.0,libero_goal,911.6389214992523,4f4f4a2bdf539d4433365d2f7a192b12b206566d,outputs/rl/eval/a1_sft_s2_rl12_task4_check6_lr1e-6_wu5_task4
a1_sft_s2_rl12_task4_check6_lr1e-6_wu5_task4,a1_rl,1,2,rl,30,4,15,0,0.0,libero_goal,911.6389214992523,4f4f4a2bdf539d4433365d2f7a192b12b206566d,outputs/rl/eval/a1_sft_s2_rl12_task4_check6_lr1e-6_wu5_task4
a1_sft_s2_rl12_task4_check6_lr1e-6_wu5_task4,a1_rl,1,2,rl,30,4,16,0,0.0,libero_goal,911.6389214992523,4f4f4a2bdf539d4433365d2f7a192b12b206566d,outputs/rl/eval/a1_sft_s2_rl12_task4_check6_lr1e-6_wu5_task4
a1_sft_s2_rl12_task4_check6_lr1e-6_wu5_task4,a1_rl,1,2,rl,30,4,17,0,0.0,libero_goal,911.6389214992523,4f4f4a2bdf539d4433365d2f7a192b12b206566d,outputs/rl/eval/a1_sft_s2_rl12_task4_check6_lr1e-6_wu5_task4
a1_sft_s2_rl12_task4_check6_lr1e-6_wu5_task4,a1_rl,1,2,rl,30,4,18,0,0.0,libero_goal,911.6389214992523,4f4f4a2bdf539d4433365d2f7a192b12b206566d,outputs/rl/eval/a1_sft_s2_rl12_task4_check6_lr1e-6_wu5_task4
a1_sft_s2_rl12_task4_check6_lr1e-6_wu5_task4,a1_rl,1,2,rl,30,4,19,0,0.0,libero_goal,911.6389214992523,4f4f4a2bdf539d4433365d2f7a192b12b206566d,outputs/rl/eval/a1_sft_s2_rl12_task4_check6_lr1e-6_wu5_task4
a1_sft_s2_rl12_task4_check6_lr1e-6_wu5_task4,a1_rl,1,2,rl,30,4,20,0,0.0,libero_goal,911.6389214992523,4f4f4a2bdf539d4433365d2f7a192b12b206566d,outputs/rl/eval/a1_sft_s2_rl12_task4_check6_lr1e-6_wu5_task4
a1_sft_s2_rl12_task4_check6_lr1e-6_wu5_task4,a1_rl,1,2,rl,30,4,21,0,0.0,libero_goal,911.6389214992523,4f4f4a2bdf539d4433365d2f7a192b12b206566d,outputs/rl/eval/a1_sft_s2_rl12_task4_check6_lr1e-6_wu5_task4
a1_sft_s2_rl12_task4_check6_lr1e-6_wu5_task4,a1_rl,1,2,rl,30,4,22,0,0.0,libero_goal,911.6389214992523,4f4f4a2bdf539d4433365d2f7a192b12b206566d,outputs/rl/eval/a1_sft_s2_rl12_task4_check6_lr1e-6_wu5_task4
a1_sft_s2_rl12_task4_check6_lr1e-6_wu5_task4,a1_rl,1,2,rl,30,4,23,0,0.0,libero_goal,911.6389214992523,4f4f4a2bdf539d4433365d2f7a192b12b206566d,outputs/rl/eval/a1_sft_s2_rl12_task4_check6_lr1e-6_wu5_task4
a1_sft_s2_rl12_task4_check6_lr1e-6_wu5_task4,a1_rl,1,2,rl,30,4,24,1,1.0,libero_goal,911.6389214992523,4f4f4a2bdf539d4433365d2f7a192b12b206566d,outputs/rl/eval/a1_sft_s2_rl12_task4_check6_lr1e-6_wu5_task4
a1_sft_s2_rl12_task4_check6_lr1e-6_wu5_task4,a1_rl,1,2,rl,30,4,25,0,0.0,libero_goal,911.6389214992523,4f4f4a2bdf539d4433365d2f7a192b12b206566d,outputs/rl/eval/a1_sft_s2_rl12_task4_check6_lr1e-6_wu5_task4
a1_sft_s2_rl12_task4_check6_lr1e-6_wu5_task4,a1_rl,1,2,rl,30,4,26,0,0.0,libero_goal,911.6389214992523,4f4f4a2bdf539d4433365d2f7a192b12b206566d,outputs/rl/eval/a1_sft_s2_rl12_task4_check6_lr1e-6_wu5_task4
a1_sft_s2_rl12_task4_check6_lr1e-6_wu5_task4,a1_rl,1,2,rl,30,4,27,1,1.0,libero_goal,911.6389214992523,4f4f4a2bdf539d4433365d2f7a192b12b206566d,outputs/rl/eval/a1_sft_s2_rl12_task4_check6_lr1e-6_wu5_task4
a1_sft_s2_rl12_task4_check6_lr1e-6_wu5_task4,a1_rl,1,2,rl,30,4,28,0,0.0,libero_goal,911.6389214992523,4f4f4a2bdf539d4433365d2f7a192b12b206566d,outputs/rl/eval/a1_sft_s2_rl12_task4_check6_lr1e-6_wu5_task4
a1_sft_s2_rl12_task4_check6_lr1e-6_wu5_task4,a1_rl,1,2,rl,30,4,29,1,1.0,libero_goal,911.6389214992523,4f4f4a2bdf539d4433365d2f7a192b12b206566d,outputs/rl/eval/a1_sft_s2_rl12_task4_check6_lr1e-6_wu5_task4
a1_sft_s2_rl12_task4_check6_lr1e-6_wu5_task4,a1_rl,1,2,rl,30,4,30,0,0.0,libero_goal,911.6389214992523,4f4f4a2bdf539d4433365d2f7a192b12b206566d,outputs/rl/eval/a1_sft_s2_rl12_task4_check6_lr1e-6_wu5_task4
a1_sft_s2_rl12_task4_check6_lr1e-6_wu5_task4,a1_rl,1,2,rl,30,4,31,0,0.0,libero_goal,911.6389214992523,4f4f4a2bdf539d4433365d2f7a192b12b206566d,outputs/rl/eval/a1_sft_s2_rl12_task4_check6_lr1e-6_wu5_task4
a1_sft_s2_rl12_task4_check6_lr1e-6_wu5_task4,a1_rl,1,2,rl,30,4,32,0,0.0,libero_goal,911.6389214992523,4f4f4a2bdf539d4433365d2f7a192b12b206566d,outputs/rl/eval/a1_sft_s2_rl12_task4_check6_lr1e-6_wu5_task4
a1_sft_s2_rl12_task4_check6_lr1e-6_wu5_task4,a1_rl,1,2,rl,30,4,33,0,0.0,libero_goal,911.6389214992523,4f4f4a2bdf539d4433365d2f7a192b12b206566d,outputs/rl/eval/a1_sft_s2_rl12_task4_check6_lr1e-6_wu5_task4
a1_sft_s2_rl12_task4_check6_lr1e-6_wu5_task4,a1_rl,1,2,rl,30,4,34,0,0.0,libero_goal,911.6389214992523,4f4f4a2bdf539d4433365d2f7a192b12b206566d,outputs/rl/eval/a1_sft_s2_rl12_task4_check6_lr1e-6_wu5_task4
a1_sft_s2_rl12_task4_check6_lr1e-6_wu5_task4,a1_rl,1,2,rl,30,4,35,1,1.0,libero_goal,911.6389214992523,4f4f4a2bdf539d4433365d2f7a192b12b206566d,outputs/rl/eval/a1_sft_s2_rl12_task4_check6_lr1e-6_wu5_task4
a1_sft_s2_rl12_task4_check6_lr1e-6_wu5_task4,a1_rl,1,2,rl,30,4,36,0,0.0,libero_goal,911.6389214992523,4f4f4a2bdf539d4433365d2f7a192b12b206566d,outputs/rl/eval/a1_sft_s2_rl12_task4_check6_lr1e-6_wu5_task4
a1_sft_s2_rl12_task4_check6_lr1e-6_wu5_task4,a1_rl,1,2,rl,30,4,37,0,0.0,libero_goal,911.6389214992523,4f4f4a2bdf539d4433365d2f7a192b12b206566d,outputs/rl/eval/a1_sft_s2_rl12_task4_check6_lr1e-6_wu5_task4
a1_sft_s2_rl12_task4_check6_lr1e-6_wu5_task4,a1_rl,1,2,rl,30,4,38,0,0.0,libero_goal,911.6389214992523,4f4f4a2bdf539d4433365d2f7a192b12b206566d,outputs/rl/eval/a1_sft_s2_rl12_task4_check6_lr1e-6_wu5_task4
a1_sft_s2_rl12_task4_check6_lr1e-6_wu5_task4,a1_rl,1,2,rl,30,4,39,1,1.0,libero_goal,911.6389214992523,4f4f4a2bdf539d4433365d2f7a192b12b206566d,outputs/rl/eval/a1_sft_s2_rl12_task4_check6_lr1e-6_wu5_task4
a1_sft_s2_rl12_task4_check6_lr1e-6_wu5_task4,a1_rl,1,2,rl,30,4,40,0,0.0,libero_goal,911.6389214992523,4f4f4a2bdf539d4433365d2f7a192b12b206566d,outputs/rl/eval/a1_sft_s2_rl12_task4_check6_lr1e-6_wu5_task4
a1_sft_s2_rl12_task4_check6_lr1e-6_wu5_task4,a1_rl,1,2,rl,30,4,41,0,0.0,libero_goal,911.6389214992523,4f4f4a2bdf539d4433365d2f7a192b12b206566d,outputs/rl/eval/a1_sft_s2_rl12_task4_check6_lr1e-6_wu5_task4
a1_sft_s2_rl12_task4_check6_lr1e-6_wu5_task4,a1_rl,1,2,rl,30,4,42,1,1.0,libero_goal,911.6389214992523,4f4f4a2bdf539d4433365d2f7a192b12b206566d,outputs/rl/eval/a1_sft_s2_rl12_task4_check6_lr1e-6_wu5_task4
a1_sft_s2_rl12_task4_check6_lr1e-6_wu5_task4,a1_rl,1,2,rl,30,4,43,1,1.0,libero_goal,911.6389214992523,4f4f4a2bdf539d4433365d2f7a192b12b206566d,outputs/rl/eval/a1_sft_s2_rl12_task4_check6_lr1e-6_wu5_task4
a1_sft_s2_rl12_task4_check6_lr1e-6_wu5_task4,a1_rl,1,2,rl,30,4,44,0,0.0,libero_goal,911.6389214992523,4f4f4a2bdf539d4433365d2f7a192b12b206566d,outputs/rl/eval/a1_sft_s2_rl12_task4_check6_lr1e-6_wu5_task4
a1_sft_s2_rl12_task4_check6_lr1e-6_wu5_task4,a1_rl,1,2,rl,30,4,45,0,0.0,libero_goal,911.6389214992523,4f4f4a2bdf539d4433365d2f7a192b12b206566d,outputs/rl/eval/a1_sft_s2_rl12_task4_check6_lr1e-6_wu5_task4
a1_sft_s2_rl12_task4_check6_lr1e-6_wu5_task4,a1_rl,1,2,rl,30,4,46,0,0.0,libero_goal,911.6389214992523,4f4f4a2bdf539d4433365d2f7a192b12b206566d,outputs/rl/eval/a1_sft_s2_rl12_task4_check6_lr1e-6_wu5_task4
a1_sft_s2_rl12_task4_check6_lr1e-6_wu5_task4,a1_rl,1,2,rl,30,4,47,1,1.0,libero_goal,911.6389214992523,4f4f4a2bdf539d4433365d2f7a192b12b206566d,outputs/rl/eval/a1_sft_s2_rl12_task4_check6_lr1e-6_wu5_task4
a1_sft_s2_rl12_task4_check6_lr1e-6_wu5_task4,a1_rl,1,2,rl,30,4,48,1,1.0,libero_goal,911.6389214992523,4f4f4a2bdf539d4433365d2f7a192b12b206566d,outputs/rl/eval/a1_sft_s2_rl12_task4_check6_lr1e-6_wu5_task4
a1_sft_s2_rl12_task4_check6_lr1e-6_wu5_task4,a1_rl,1,2,rl,30,4,49,0,0.0,libero_goal,911.6389214992523,4f4f4a2bdf539d4433365d2f7a192b12b206566d,outputs/rl/eval/a1_sft_s2_rl12_task4_check6_lr1e-6_wu5_task4
a1_sft_s2_rl12_task4_check6_lr1e-6_wu5_task4,a1_rl,1,2,rl,30,4,50,0,0.0,libero_goal,911.6389214992523,4f4f4a2bdf539d4433365d2f7a192b12b206566d,outputs/rl/eval/a1_sft_s2_rl12_task4_check6_lr1e-6_wu5_task4
a1_sft_s2_rl12_task4_check6_lr1e-6_wu5_task4,a1_rl,1,2,rl,30,4,51,0,0.0,libero_goal,911.6389214992523,4f4f4a2bdf539d4433365d2f7a192b12b206566d,outputs/rl/eval/a1_sft_s2_rl12_task4_check6_lr1e-6_wu5_task4
a1_sft_s2_rl12_task4_check6_lr1e-6_wu5_task4,a1_rl,1,2,rl,30,4,52,1,1.0,libero_goal,911.6389214992523,4f4f4a2bdf539d4433365d2f7a192b12b206566d,outputs/rl/eval/a1_sft_s2_rl12_task4_check6_lr1e-6_wu5_task4
a1_sft_s2_rl12_task4_check6_lr1e-6_wu5_task4,a1_rl,1,2,rl,30,4,53,0,0.0,libero_goal,911.6389214992523,4f4f4a2bdf539d4433365d2f7a192b12b206566d,outputs/rl/eval/a1_sft_s2_rl12_task4_check6_lr1e-6_wu5_task4
a1_sft_s2_rl12_task4_check6_lr1e-6_wu5_task4,a1_rl,1,2,rl,30,4,54,0,0.0,libero_goal,911.6389214992523,4f4f4a2bdf539d4433365d2f7a192b12b206566d,outputs/rl/eval/a1_sft_s2_rl12_task4_check6_lr1e-6_wu5_task4
a1_sft_s2_rl12_task4_check6_lr1e-6_wu5_task4,a1_rl,1,2,rl,30,4,55,0,0.0,libero_goal,911.6389214992523,4f4f4a2bdf539d4433365d2f7a192b12b206566d,outputs/rl/eval/a1_sft_s2_rl12_task4_check6_lr1e-6_wu5_task4
a1_sft_s2_rl12_task4_check6_lr1e-6_wu5_task4,a1_rl,1,2,rl,30,4,56,0,0.0,libero_goal,911.6389214992523,4f4f4a2bdf539d4433365d2f7a192b12b206566d,outputs/rl/eval/a1_sft_s2_rl12_task4_check6_lr1e-6_wu5_task4
a1_sft_s2_rl12_task4_check6_lr1e-6_wu5_task4,a1_rl,1,2,rl,30,4,57,0,0.0,libero_goal,911.6389214992523,4f4f4a2bdf539d4433365d2f7a192b12b206566d,outputs/rl/eval/a1_sft_s2_rl12_task4_check6_lr1e-6_wu5_task4
a1_sft_s2_rl12_task4_check6_lr1e-6_wu5_task4,a1_rl,1,2,rl,30,4,58,1,1.0,libero_goal,911.6389214992523,4f4f4a2bdf539d4433365d2f7a192b12b206566d,outputs/rl/eval/a1_sft_s2_rl12_task4_check6_lr1e-6_wu5_task4
a1_sft_s2_rl12_task4_check6_lr1e-6_wu5_task4,a1_rl,1,2,rl,30,4,59,0,0.0,libero_goal,911.6389214992523,4f4f4a2bdf539d4433365d2f7a192b12b206566d,outputs/rl/eval/a1_sft_s2_rl12_task4_check6_lr1e-6_wu5_task4
a1_sft_s2_rl12_task4_check6_lr1e-6_wu5_task4,a1_rl,1,2,rl,30,4,60,0,0.0,libero_goal,911.6389214992523,4f4f4a2bdf539d4433365d2f7a192b12b206566d,outputs/rl/eval/a1_sft_s2_rl12_task4_check6_lr1e-6_wu5_task4
a1_sft_s2_rl12_task4_check6_lr1e-6_wu5_task4,a1_rl,1,2,rl,30,4,61,0,0.0,libero_goal,911.6389214992523,4f4f4a2bdf539d4433365d2f7a192b12b206566d,outputs/rl/eval/a1_sft_s2_rl12_task4_check6_lr1e-6_wu5_task4
a1_sft_s2_rl12_task4_check6_lr1e-6_wu5_task4,a1_rl,1,2,rl,30,4,62,1,1.0,libero_goal,911.6389214992523,4f4f4a2bdf539d4433365d2f7a192b12b206566d,outputs/rl/eval/a1_sft_s2_rl12_task4_check6_lr1e-6_wu5_task4
a1_sft_s2_rl12_task4_check6_lr1e-6_wu5_task4,a1_rl,1,2,rl,30,4,63,1,1.0,libero_goal,911.6389214992523,4f4f4a2bdf539d4433365d2f7a192b12b206566d,outputs/rl/eval/a1_sft_s2_rl12_task4_check6_lr1e-6_wu5_task4
a1_sft_s2_rl12_task4_check6_lr1e-6_wu5_task4,a1_rl,1,2,rl,30,4,64,1,1.0,libero_goal,911.6389214992523,4f4f4a2bdf539d4433365d2f7a192b12b206566d,outputs/rl/eval/a1_sft_s2_rl12_task4_check6_lr1e-6_wu5_task4
a1_sft_s2_rl12_task4_check6_lr1e-6_wu5_task4,a1_rl,1,2,rl,30,4,65,0,0.0,libero_goal,911.6389214992523,4f4f4a2bdf539d4433365d2f7a192b12b206566d,outputs/rl/eval/a1_sft_s2_rl12_task4_check6_lr1e-6_wu5_task4
a1_sft_s2_rl12_task4_check6_lr1e-6_wu5_task4,a1_rl,1,2,rl,30,4,66,0,0.0,libero_goal,911.6389214992523,4f4f4a2bdf539d4433365d2f7a192b12b206566d,outputs/rl/eval/a1_sft_s2_rl12_task4_check6_lr1e-6_wu5_task4
a1_sft_s2_rl12_task4_check6_lr1e-6_wu5_task4,a1_rl,1,2,rl,30,4,67,0,0.0,libero_goal,911.6389214992523,4f4f4a2bdf539d4433365d2f7a192b12b206566d,outputs/rl/eval/a1_sft_s2_rl12_task4_check6_lr1e-6_wu5_task4
a1_sft_s2_rl12_task4_check6_lr1e-6_wu5_task4,a1_rl,1,2,rl,30,4,68,0,0.0,libero_goal,911.6389214992523,4f4f4a2bdf539d4433365d2f7a192b12b206566d,outputs/rl/eval/a1_sft_s2_rl12_task4_check6_lr1e-6_wu5_task4
a1_sft_s2_rl12_task4_check6_lr1e-6_wu5_task4,a1_rl,1,2,rl,30,4,69,0,0.0,libero_goal,911.6389214992523,4f4f4a2bdf539d4433365d2f7a192b12b206566d,outputs/rl/eval/a1_sft_s2_rl12_task4_check6_lr1e-6_wu5_task4
a1_sft_s2_rl12_task4_check6_lr1e-6_wu5_task4,a1_rl,1,2,rl,30,4,70,0,0.0,libero_goal,911.6389214992523,4f4f4a2bdf539d4433365d2f7a192b12b206566d,outputs/rl/eval/a1_sft_s2_rl12_task4_check6_lr1e-6_wu5_task4
a1_sft_s2_rl12_task4_check6_lr1e-6_wu5_task4,a1_rl,1,2,rl,30,4,71,0,0.0,libero_goal,911.6389214992523,4f4f4a2bdf539d4433365d2f7a192b12b206566d,outputs/rl/eval/a1_sft_s2_rl12_task4_check6_lr1e-6_wu5_task4
a1_sft_s2_rl12_task4_check6_lr1e-6_wu5_task4,a1_rl,1,2,rl,30,4,72,1,1.0,libero_goal,911.6389214992523,4f4f4a2bdf539d4433365d2f7a192b12b206566d,outputs/rl/eval/a1_sft_s2_rl12_task4_check6_lr1e-6_wu5_task4
a1_sft_s2_rl12_task4_check6_lr1e-6_wu5_task4,a1_rl,1,2,rl,30,4,73,0,0.0,libero_goal,911.6389214992523,4f4f4a2bdf539d4433365d2f7a192b12b206566d,outputs/rl/eval/a1_sft_s2_rl12_task4_check6_lr1e-6_wu5_task4
a1_sft_s2_rl12_task4_check6_lr1e-6_wu5_task4,a1_rl,1,2,rl,30,4,74,0,0.0,libero_goal,911.6389214992523,4f4f4a2bdf539d4433365d2f7a192b12b206566d,outputs/rl/eval/a1_sft_s2_rl12_task4_check6_lr1e-6_wu5_task4
a1_sft_s2_rl12_task4_check6_lr1e-6_wu5_task4,a1_rl,1,2,rl,30,4,75,0,0.0,libero_goal,911.6389214992523,4f4f4a2bdf539d4433365d2f7a192b12b206566d,outputs/rl/eval/a1_sft_s2_rl12_task4_check6_lr1e-6_wu5_task4
a1_sft_s2_rl12_task4_check6_lr1e-6_wu5_task4,a1_rl,1,2,rl,30,4,76,0,0.0,libero_goal,911.6389214992523,4f4f4a2bdf539d4433365d2f7a192b12b206566d,outputs/rl/eval/a1_sft_s2_rl12_task4_check6_lr1e-6_wu5_task4
a1_sft_s2_rl12_task4_check6_lr1e-6_wu5_task4,a1_rl,1,2,rl,30,4,77,1,1.0,libero_goal,911.6389214992523,4f4f4a2bdf539d4433365d2f7a192b12b206566d,outputs/rl/eval/a1_sft_s2_rl12_task4_check6_lr1e-6_wu5_task4
a1_sft_s2_rl12_task4_check6_lr1e-6_wu5_task4,a1_rl,1,2,rl,30,4,78,0,0.0,libero_goal,911.6389214992523,4f4f4a2bdf539d4433365d2f7a192b12b206566d,outputs/rl/eval/a1_sft_s2_rl12_task4_check6_lr1e-6_wu5_task4
a1_sft_s2_rl12_task4_check6_lr1e-6_wu5_task4,a1_rl,1,2,rl,30,4,79,1,1.0,libero_goal,911.6389214992523,4f4f4a2bdf539d4433365d2f7a192b12b206566d,outputs/rl/eval/a1_sft_s2_rl12_task4_check6_lr1e-6_wu5_task4
a1_sft_s2_rl12_task4_check6_lr1e-6_wu5_task4,a1_rl,1,2,rl,30,4,80,0,0.0,libero_goal,911.6389214992523,4f4f4a2bdf539d4433365d2f7a192b12b206566d,outputs/rl/eval/a1_sft_s2_rl12_task4_check6_lr1e-6_wu5_task4
a1_sft_s2_rl12_task4_check6_lr1e-6_wu5_task4,a1_rl,1,2,rl,30,4,81,0,0.0,libero_goal,911.6389214992523,4f4f4a2bdf539d4433365d2f7a192b12b206566d,outputs/rl/eval/a1_sft_s2_rl12_task4_check6_lr1e-6_wu5_task4
a1_sft_s2_rl12_task4_check6_lr1e-6_wu5_task4,a1_rl,1,2,rl,30,4,82,1,1.0,libero_goal,911.6389214992523,4f4f4a2bdf539d4433365d2f7a192b12b206566d,outputs/rl/eval/a1_sft_s2_rl12_task4_check6_lr1e-6_wu5_task4
a1_sft_s2_rl12_task4_check6_lr1e-6_wu5_task4,a1_rl,1,2,rl,30,4,83,0,0.0,libero_goal,911.6389214992523,4f4f4a2bdf539d4433365d2f7a192b12b206566d,outputs/rl/eval/a1_sft_s2_rl12_task4_check6_lr1e-6_wu5_task4
a1_sft_s2_rl12_task4_check6_lr1e-6_wu5_task4,a1_rl,1,2,rl,30,4,84,0,0.0,libero_goal,911.6389214992523,4f4f4a2bdf539d4433365d2f7a192b12b206566d,outputs/rl/eval/a1_sft_s2_rl12_task4_check6_lr1e-6_wu5_task4
a1_sft_s2_rl12_task4_check6_lr1e-6_wu5_task4,a1_rl,1,2,rl,30,4,85,1,1.0,libero_goal,911.6389214992523,4f4f4a2bdf539d4433365d2f7a192b12b206566d,outputs/rl/eval/a1_sft_s2_rl12_task4_check6_lr1e-6_wu5_task4
a1_sft_s2_rl12_task4_check6_lr1e-6_wu5_task4,a1_rl,1,2,rl,30,4,86,0,0.0,libero_goal,911.6389214992523,4f4f4a2bdf539d4433365d2f7a192b12b206566d,outputs/rl/eval/a1_sft_s2_rl12_task4_check6_lr1e-6_wu5_task4
a1_sft_s2_rl12_task4_check6_lr1e-6_wu5_task4,a1_rl,1,2,rl,30,4,87,0,0.0,libero_goal,911.6389214992523,4f4f4a2bdf539d4433365d2f7a192b12b206566d,outputs/rl/eval/a1_sft_s2_rl12_task4_check6_lr1e-6_wu5_task4
a1_sft_s2_rl12_task4_check6_lr1e-6_wu5_task4,a1_rl,1,2,rl,30,4,88,0,0.0,libero_goal,911.6389214992523,4f4f4a2bdf539d4433365d2f7a192b12b206566d,outputs/rl/eval/a1_sft_s2_rl12_task4_check6_lr1e-6_wu5_task4
a1_sft_s2_rl12_task4_check6_lr1e-6_wu5_task4,a1_rl,1,2,rl,30,4,89,0,0.0,libero_goal,911.6389214992523,4f4f4a2bdf539d4433365d2f7a192b12b206566d,outputs/rl/eval/a1_sft_s2_rl12_task4_check6_lr1e-6_wu5_task4
a1_sft_s2_rl12_task4_check6_lr1e-6_wu5_task4,a1_rl,1,2,rl,30,4,90,0,0.0,libero_goal,911.6389214992523,4f4f4a2bdf539d4433365d2f7a192b12b206566d,outputs/rl/eval/a1_sft_s2_rl12_task4_check6_lr1e-6_wu5_task4
a1_sft_s2_rl12_task4_check6_lr1e-6_wu5_task4,a1_rl,1,2,rl,30,4,91,0,0.0,libero_goal,911.6389214992523,4f4f4a2bdf539d4433365d2f7a192b12b206566d,outputs/rl/eval/a1_sft_s2_rl12_task4_check6_lr1e-6_wu5_task4
a1_sft_s2_rl12_task4_check6_lr1e-6_wu5_task4,a1_rl,1,2,rl,30,4,92,1,1.0,libero_goal,911.6389214992523,4f4f4a2bdf539d4433365d2f7a192b12b206566d,outputs/rl/eval/a1_sft_s2_rl12_task4_check6_lr1e-6_wu5_task4
a1_sft_s2_rl12_task4_check6_lr1e-6_wu5_task4,a1_rl,1,2,rl,30,4,93,1,1.0,libero_goal,911.6389214992523,4f4f4a2bdf539d4433365d2f7a192b12b206566d,outputs/rl/eval/a1_sft_s2_rl12_task4_check6_lr1e-6_wu5_task4
a1_sft_s2_rl12_task4_check6_lr1e-6_wu5_task4,a1_rl,1,2,rl,30,4,94,0,0.0,libero_goal,911.6389214992523,4f4f4a2bdf539d4433365d2f7a192b12b206566d,outputs/rl/eval/a1_sft_s2_rl12_task4_check6_lr1e-6_wu5_task4
a1_sft_s2_rl12_task4_check6_lr1e-6_wu5_task4,a1_rl,1,2,rl,30,4,95,0,0.0,libero_goal,911.6389214992523,4f4f4a2bdf539d4433365d2f7a192b12b206566d,outputs/rl/eval/a1_sft_s2_rl12_task4_check6_lr1e-6_wu5_task4
a1_sft_s2_rl12_task4_check6_lr1e-6_wu5_task4,a1_rl,1,2,rl,30,4,96,0,0.0,libero_goal,911.6389214992523,4f4f4a2bdf539d4433365d2f7a192b12b206566d,outputs/rl/eval/a1_sft_s2_rl12_task4_check6_lr1e-6_wu5_task4
a1_sft_s2_rl12_task4_check6_lr1e-6_wu5_task4,a1_rl,1,2,rl,30,4,97,0,0.0,libero_goal,911.6389214992523,4f4f4a2bdf539d4433365d2f7a192b12b206566d,outputs/rl/eval/a1_sft_s2_rl12_task4_check6_lr1e-6_wu5_task4
a1_sft_s2_rl12_task4_check6_lr1e-6_wu5_task4,a1_rl,1,2,rl,30,4,98,1,1.0,libero_goal,911.6389214992523,4f4f4a2bdf539d4433365d2f7a192b12b206566d,outputs/rl/eval/a1_sft_s2_rl12_task4_check6_lr1e-6_wu5_task4
a1_sft_s2_rl12_task4_check6_lr1e-6_wu5_task4,a1_rl,1,2,rl,30,4,99,0,0.0,libero_goal,911.6389214992523,4f4f4a2bdf539d4433365d2f7a192b12b206566d,outputs/rl/eval/a1_sft_s2_rl12_task4_check6_lr1e-6_wu5_task4
a1_sft_s0_rl0_task4_state_baseline_task4,a1_rl,1,0,rl,30,4,0,0,0.0,libero_goal,842.5844662189484,4f4f4a2bdf539d4433365d2f7a192b12b206566d,outputs/rl/eval/a1_sft_s0_rl0_task4_state_baseline_task4
a1_sft_s0_rl0_task4_state_baseline_task4,a1_rl,1,0,rl,30,4,1,1,1.0,libero_goal,842.5844662189484,4f4f4a2bdf539d4433365d2f7a192b12b206566d,outputs/rl/eval/a1_sft_s0_rl0_task4_state_baseline_task4
a1_sft_s0_rl0_task4_state_baseline_task4,a1_rl,1,0,rl,30,4,2,1,1.0,libero_goal,842.5844662189484,4f4f4a2bdf539d4433365d2f7a192b12b206566d,outputs/rl/eval/a1_sft_s0_rl0_task4_state_baseline_task4
a1_sft_s0_rl0_task4_state_baseline_task4,a1_rl,1,0,rl,30,4,3,1,1.0,libero_goal,842.5844662189484,4f4f4a2bdf539d4433365d2f7a192b12b206566d,outputs/rl/eval/a1_sft_s0_rl0_task4_state_baseline_task4
a1_sft_s0_rl0_task4_state_baseline_task4,a1_rl,1,0,rl,30,4,4,0,0.0,libero_goal,842.5844662189484,4f4f4a2bdf539d4433365d2f7a192b12b206566d,outputs/rl/eval/a1_sft_s0_rl0_task4_state_baseline_task4
a1_sft_s0_rl0_task4_state_baseline_task4,a1_rl,1,0,rl,30,4,5,1,1.0,libero_goal,842.5844662189484,4f4f4a2bdf539d4433365d2f7a192b12b206566d,outputs/rl/eval/a1_sft_s0_rl0_task4_state_baseline_task4
a1_sft_s0_rl0_task4_state_baseline_task4,a1_rl,1,0,rl,30,4,6,0,0.0,libero_goal,842.5844662189484,4f4f4a2bdf539d4433365d2f7a192b12b206566d,outputs/rl/eval/a1_sft_s0_rl0_task4_state_baseline_task4
a1_sft_s0_rl0_task4_state_baseline_task4,a1_rl,1,0,rl,30,4,7,1,1.0,libero_goal,842.5844662189484,4f4f4a2bdf539d4433365d2f7a192b12b206566d,outputs/rl/eval/a1_sft_s0_rl0_task4_state_baseline_task4
a1_sft_s0_rl0_task4_state_baseline_task4,a1_rl,1,0,rl,30,4,8,0,0.0,libero_goal,842.5844662189484,4f4f4a2bdf539d4433365d2f7a192b12b206566d,outputs/rl/eval/a1_sft_s0_rl0_task4_state_baseline_task4
a1_sft_s0_rl0_task4_state_baseline_task4,a1_rl,1,0,rl,30,4,9,1,1.0,libero_goal,842.5844662189484,4f4f4a2bdf539d4433365d2f7a192b12b206566d,outputs/rl/eval/a1_sft_s0_rl0_task4_state_baseline_task4
a1_sft_s0_rl0_task4_state_baseline_task4,a1_rl,1,0,rl,30,4,10,0,0.0,libero_goal,842.5844662189484,4f4f4a2bdf539d4433365d2f7a192b12b206566d,outputs/rl/eval/a1_sft_s0_rl0_task4_state_baseline_task4
a1_sft_s0_rl0_task4_state_baseline_task4,a1_rl,1,0,rl,30,4,11,1,1.0,libero_goal,842.5844662189484,4f4f4a2bdf539d4433365d2f7a192b12b206566d,outputs/rl/eval/a1_sft_s0_rl0_task4_state_baseline_task4
a1_sft_s0_rl0_task4_state_baseline_task4,a1_rl,1,0,rl,30,4,12,1,1.0,libero_goal,842.5844662189484,4f4f4a2bdf539d4433365d2f7a192b12b206566d,outputs/rl/eval/a1_sft_s0_rl0_task4_state_baseline_task4
a1_sft_s0_rl0_task4_state_baseline_task4,a1_rl,1,0,rl,30,4,13,1,1.0,libero_goal,842.5844662189484,4f4f4a2bdf539d4433365d2f7a192b12b206566d,outputs/rl/eval/a1_sft_s0_rl0_task4_state_baseline_task4
a1_sft_s0_rl0_task4_state_baseline_task4,a1_rl,1,0,rl,30,4,14,0,0.0,libero_goal,842.5844662189484,4f4f4a2bdf539d4433365d2f7a192b12b206566d,outputs/rl/eval/a1_sft_s0_rl0_task4_state_baseline_task4
a1_sft_s0_rl0_task4_state_baseline_task4,a1_rl,1,0,rl,30,4,15,1,1.0,libero_goal,842.5844662189484,4f4f4a2bdf539d4433365d2f7a192b12b206566d,outputs/rl/eval/a1_sft_s0_rl0_task4_state_baseline_task4
a1_sft_s0_rl0_task4_state_baseline_task4,a1_rl,1,0,rl,30,4,16,1,1.0,libero_goal,842.5844662189484,4f4f4a2bdf539d4433365d2f7a192b12b206566d,outputs/rl/eval/a1_sft_s0_rl0_task4_state_baseline_task4
a1_sft_s0_rl0_task4_state_baseline_task4,a1_rl,1,0,rl,30,4,17,1,1.0,libero_goal,842.5844662189484,4f4f4a2bdf539d4433365d2f7a192b12b206566d,outputs/rl/eval/a1_sft_s0_rl0_task4_state_baseline_task4
a1_sft_s0_rl0_task4_state_baseline_task4,a1_rl,1,0,rl,30,4,18,0,0.0,libero_goal,842.5844662189484,4f4f4a2bdf539d4433365d2f7a192b12b206566d,outputs/rl/eval/a1_sft_s0_rl0_task4_state_baseline_task4
a1_sft_s0_rl0_task4_state_baseline_task4,a1_rl,1,0,rl,30,4,19,1,1.0,libero_goal,842.5844662189484,4f4f4a2bdf539d4433365d2f7a192b12b206566d,outputs/rl/eval/a1_sft_s0_rl0_task4_state_baseline_task4
a1_sft_s0_rl0_task4_state_baseline_task4,a1_rl,1,0,rl,30,4,20,1,1.0,libero_goal,842.5844662189484,4f4f4a2bdf539d4433365d2f7a192b12b206566d,outputs/rl/eval/a1_sft_s0_rl0_task4_state_baseline_task4
a1_sft_s0_rl0_task4_state_baseline_task4,a1_rl,1,0,rl,30,4,21,1,1.0,libero_goal,842.5844662189484,4f4f4a2bdf539d4433365d2f7a192b12b206566d,outputs/rl/eval/a1_sft_s0_rl0_task4_state_baseline_task4
a1_sft_s0_rl0_task4_state_baseline_task4,a1_rl,1,0,rl,30,4,22,0,0.0,libero_goal,842.5844662189484,4f4f4a2bdf539d4433365d2f7a192b12b206566d,outputs/rl/eval/a1_sft_s0_rl0_task4_state_baseline_task4
a1_sft_s0_rl0_task4_state_baseline_task4,a1_rl,1,0,rl,30,4,23,1,1.0,libero_goal,842.5844662189484,4f4f4a2bdf539d4433365d2f7a192b12b206566d,outputs/rl/eval/a1_sft_s0_rl0_task4_state_baseline_task4
a1_sft_s0_rl0_task4_state_baseline_task4,a1_rl,1,0,rl,30,4,24,0,0.0,libero_goal,842.5844662189484,4f4f4a2bdf539d4433365d2f7a192b12b206566d,outputs/rl/eval/a1_sft_s0_rl0_task4_state_baseline_task4
a1_sft_s0_rl0_task4_state_baseline_task4,a1_rl,1,0,rl,30,4,25,1,1.0,libero_goal,842.5844662189484,4f4f4a2bdf539d4433365d2f7a192b12b206566d,outputs/rl/eval/a1_sft_s0_rl0_task4_state_baseline_task4
a1_sft_s0_rl0_task4_state_baseline_task4,a1_rl,1,0,rl,30,4,26,1,1.0,libero_goal,842.5844662189484,4f4f4a2bdf539d4433365d2f7a192b12b206566d,outputs/rl/eval/a1_sft_s0_rl0_task4_state_baseline_task4
a1_sft_s0_rl0_task4_state_baseline_task4,a1_rl,1,0,rl,30,4,27,1,1.0,libero_goal,842.5844662189484,4f4f4a2bdf539d4433365d2f7a192b12b206566d,outputs/rl/eval/a1_sft_s0_rl0_task4_state_baseline_task4
a1_sft_s0_rl0_task4_state_baseline_task4,a1_rl,1,0,rl,30,4,28,1,1.0,libero_goal,842.5844662189484,4f4f4a2bdf539d4433365d2f7a192b12b206566d,outputs/rl/eval/a1_sft_s0_rl0_task4_state_baseline_task4
a1_sft_s0_rl0_task4_state_baseline_task4,a1_rl,1,0,rl,30,4,29,1,1.0,libero_goal,842.5844662189484,4f4f4a2bdf539d4433365d2f7a192b12b206566d,outputs/rl/eval/a1_sft_s0_rl0_task4_state_baseline_task4
a1_sft_s0_rl0_task4_state_baseline_task4,a1_rl,1,0,rl,30,4,30,1,1.0,libero_goal,842.5844662189484,4f4f4a2bdf539d4433365d2f7a192b12b206566d,outputs/rl/eval/a1_sft_s0_rl0_task4_state_baseline_task4
a1_sft_s0_rl0_task4_state_baseline_task4,a1_rl,1,0,rl,30,4,31,1,1.0,libero_goal,842.5844662189484,4f4f4a2bdf539d4433365d2f7a192b12b206566d,outputs/rl/eval/a1_sft_s0_rl0_task4_state_baseline_task4
a1_sft_s0_rl0_task4_state_baseline_task4,a1_rl,1,0,rl,30,4,32,1,1.0,libero_goal,842.5844662189484,4f4f4a2bdf539d4433365d2f7a192b12b206566d,outputs/rl/eval/a1_sft_s0_rl0_task4_state_baseline_task4
a1_sft_s0_rl0_task4_state_baseline_task4,a1_rl,1,0,rl,30,4,33,1,1.0,libero_goal,842.5844662189484,4f4f4a2bdf539d4433365d2f7a192b12b206566d,outputs/rl/eval/a1_sft_s0_rl0_task4_state_baseline_task4
a1_sft_s0_rl0_task4_state_baseline_task4,a1_rl,1,0,rl,30,4,34,1,1.0,libero_goal,842.5844662189484,4f4f4a2bdf539d4433365d2f7a192b12b206566d,outputs/rl/eval/a1_sft_s0_rl0_task4_state_baseline_task4
a1_sft_s0_rl0_task4_state_baseline_task4,a1_rl,1,0,rl,30,4,35,1,1.0,libero_goal,842.5844662189484,4f4f4a2bdf539d4433365d2f7a192b12b206566d,outputs/rl/eval/a1_sft_s0_rl0_task4_state_baseline_task4
a1_sft_s0_rl0_task4_state_baseline_task4,a1_rl,1,0,rl,30,4,36,1,1.0,libero_goal,842.5844662189484,4f4f4a2bdf539d4433365d2f7a192b12b206566d,outputs/rl/eval/a1_sft_s0_rl0_task4_state_baseline_task4
a1_sft_s0_rl0_task4_state_baseline_task4,a1_rl,1,0,rl,30,4,37,1,1.0,libero_goal,842.5844662189484,4f4f4a2bdf539d4433365d2f7a192b12b206566d,outputs/rl/eval/a1_sft_s0_rl0_task4_state_baseline_task4
a1_sft_s0_rl0_task4_state_baseline_task4,a1_rl,1,0,rl,30,4,38,0,0.0,libero_goal,842.5844662189484,4f4f4a2bdf539d4433365d2f7a192b12b206566d,outputs/rl/eval/a1_sft_s0_rl0_task4_state_baseline_task4
a1_sft_s0_rl0_task4_state_baseline_task4,a1_rl,1,0,rl,30,4,39,0,0.0,libero_goal,842.5844662189484,4f4f4a2bdf539d4433365d2f7a192b12b206566d,outputs/rl/eval/a1_sft_s0_rl0_task4_state_baseline_task4
a1_sft_s0_rl0_task4_state_baseline_task4,a1_rl,1,0,rl,30,4,40,0,0.0,libero_goal,842.5844662189484,4f4f4a2bdf539d4433365d2f7a192b12b206566d,outputs/rl/eval/a1_sft_s0_rl0_task4_state_baseline_task4
a1_sft_s0_rl0_task4_state_baseline_task4,a1_rl,1,0,rl,30,4,41,1,1.0,libero_goal,842.5844662189484,4f4f4a2bdf539d4433365d2f7a192b12b206566d,outputs/rl/eval/a1_sft_s0_rl0_task4_state_baseline_task4
a1_sft_s0_rl0_task4_state_baseline_task4,a1_rl,1,0,rl,30,4,42,1,1.0,libero_goal,842.5844662189484,4f4f4a2bdf539d4433365d2f7a192b12b206566d,outputs/rl/eval/a1_sft_s0_rl0_task4_state_baseline_task4
a1_sft_s0_rl0_task4_state_baseline_task4,a1_rl,1,0,rl,30,4,43,1,1.0,libero_goal,842.5844662189484,4f4f4a2bdf539d4433365d2f7a192b12b206566d,outputs/rl/eval/a1_sft_s0_rl0_task4_state_baseline_task4
a1_sft_s0_rl0_task4_state_baseline_task4,a1_rl,1,0,rl,30,4,44,1,1.0,libero_goal,842.5844662189484,4f4f4a2bdf539d4433365d2f7a192b12b206566d,outputs/rl/eval/a1_sft_s0_rl0_task4_state_baseline_task4
a1_sft_s0_rl0_task4_state_baseline_task4,a1_rl,1,0,rl,30,4,45,1,1.0,libero_goal,842.5844662189484,4f4f4a2bdf539d4433365d2f7a192b12b206566d,outputs/rl/eval/a1_sft_s0_rl0_task4_state_baseline_task4
a1_sft_s0_rl0_task4_state_baseline_task4,a1_rl,1,0,rl,30,4,46,1,1.0,libero_goal,842.5844662189484,4f4f4a2bdf539d4433365d2f7a192b12b206566d,outputs/rl/eval/a1_sft_s0_rl0_task4_state_baseline_task4
a1_sft_s0_rl0_task4_state_baseline_task4,a1_rl,1,0,rl,30,4,47,0,0.0,libero_goal,842.5844662189484,4f4f4a2bdf539d4433365d2f7a192b12b206566d,outputs/rl/eval/a1_sft_s0_rl0_task4_state_baseline_task4
a1_sft_s0_rl0_task4_state_baseline_task4,a1_rl,1,0,rl,30,4,48,0,0.0,libero_goal,842.5844662189484,4f4f4a2bdf539d4433365d2f7a192b12b206566d,outputs/rl/eval/a1_sft_s0_rl0_task4_state_baseline_task4
a1_sft_s0_rl0_task4_state_baseline_task4,a1_rl,1,0,rl,30,4,49,1,1.0,libero_goal,842.5844662189484,4f4f4a2bdf539d4433365d2f7a192b12b206566d,outputs/rl/eval/a1_sft_s0_rl0_task4_state_baseline_task4
a1_sft_s0_rl0_task4_state_baseline_task4,a1_rl,1,0,rl,30,4,50,0,0.0,libero_goal,842.5844662189484,4f4f4a2bdf539d4433365d2f7a192b12b206566d,outputs/rl/eval/a1_sft_s0_rl0_task4_state_baseline_task4
a1_sft_s0_rl0_task4_state_baseline_task4,a1_rl,1,0,rl,30,4,51,1,1.0,libero_goal,842.5844662189484,4f4f4a2bdf539d4433365d2f7a192b12b206566d,outputs/rl/eval/a1_sft_s0_rl0_task4_state_baseline_task4
a1_sft_s0_rl0_task4_state_baseline_task4,a1_rl,1,0,rl,30,4,52,1,1.0,libero_goal,842.5844662189484,4f4f4a2bdf539d4433365d2f7a192b12b206566d,outputs/rl/eval/a1_sft_s0_rl0_task4_state_baseline_task4
a1_sft_s0_rl0_task4_state_baseline_task4,a1_rl,1,0,rl,30,4,53,1,1.0,libero_goal,842.5844662189484,4f4f4a2bdf539d4433365d2f7a192b12b206566d,outputs/rl/eval/a1_sft_s0_rl0_task4_state_baseline_task4
a1_sft_s0_rl0_task4_state_baseline_task4,a1_rl,1,0,rl,30,4,54,1,1.0,libero_goal,842.5844662189484,4f4f4a2bdf539d4433365d2f7a192b12b206566d,outputs/rl/eval/a1_sft_s0_rl0_task4_state_baseline_task4
a1_sft_s0_rl0_task4_state_baseline_task4,a1_rl,1,0,rl,30,4,55,1,1.0,libero_goal,842.5844662189484,4f4f4a2bdf539d4433365d2f7a192b12b206566d,outputs/rl/eval/a1_sft_s0_rl0_task4_state_baseline_task4
a1_sft_s0_rl0_task4_state_baseline_task4,a1_rl,1,0,rl,30,4,56,0,0.0,libero_goal,842.5844662189484,4f4f4a2bdf539d4433365d2f7a192b12b206566d,outputs/rl/eval/a1_sft_s0_rl0_task4_state_baseline_task4
a1_sft_s0_rl0_task4_state_baseline_task4,a1_rl,1,0,rl,30,4,57,1,1.0,libero_goal,842.5844662189484,4f4f4a2bdf539d4433365d2f7a192b12b206566d,outputs/rl/eval/a1_sft_s0_rl0_task4_state_baseline_task4
a1_sft_s0_rl0_task4_state_baseline_task4,a1_rl,1,0,rl,30,4,58,0,0.0,libero_goal,842.5844662189484,4f4f4a2bdf539d4433365d2f7a192b12b206566d,outputs/rl/eval/a1_sft_s0_rl0_task4_state_baseline_task4
a1_sft_s0_rl0_task4_state_baseline_task4,a1_rl,1,0,rl,30,4,59,1,1.0,libero_goal,842.5844662189484,4f4f4a2bdf539d4433365d2f7a192b12b206566d,outputs/rl/eval/a1_sft_s0_rl0_task4_state_baseline_task4
a1_sft_s0_rl0_task4_state_baseline_task4,a1_rl,1,0,rl,30,4,60,0,0.0,libero_goal,842.5844662189484,4f4f4a2bdf539d4433365d2f7a192b12b206566d,outputs/rl/eval/a1_sft_s0_rl0_task4_state_baseline_task4
a1_sft_s0_rl0_task4_state_baseline_task4,a1_rl,1,0,rl,30,4,61,0,0.0,libero_goal,842.5844662189484,4f4f4a2bdf539d4433365d2f7a192b12b206566d,outputs/rl/eval/a1_sft_s0_rl0_task4_state_baseline_task4
a1_sft_s0_rl0_task4_state_baseline_task4,a1_rl,1,0,rl,30,4,62,1,1.0,libero_goal,842.5844662189484,4f4f4a2bdf539d4433365d2f7a192b12b206566d,outputs/rl/eval/a1_sft_s0_rl0_task4_state_baseline_task4
a1_sft_s0_rl0_task4_state_baseline_task4,a1_rl,1,0,rl,30,4,63,1,1.0,libero_goal,842.5844662189484,4f4f4a2bdf539d4433365d2f7a192b12b206566d,outputs/rl/eval/a1_sft_s0_rl0_task4_state_baseline_task4
a1_sft_s0_rl0_task4_state_baseline_task4,a1_rl,1,0,rl,30,4,64,1,1.0,libero_goal,842.5844662189484,4f4f4a2bdf539d4433365d2f7a192b12b206566d,outputs/rl/eval/a1_sft_s0_rl0_task4_state_baseline_task4
a1_sft_s0_rl0_task4_state_baseline_task4,a1_rl,1,0,rl,30,4,65,1,1.0,libero_goal,842.5844662189484,4f4f4a2bdf539d4433365d2f7a192b12b206566d,outputs/rl/eval/a1_sft_s0_rl0_task4_state_baseline_task4
a1_sft_s0_rl0_task4_state_baseline_task4,a1_rl,1,0,rl,30,4,66,1,1.0,libero_goal,842.5844662189484,4f4f4a2bdf539d4433365d2f7a192b12b206566d,outputs/rl/eval/a1_sft_s0_rl0_task4_state_baseline_task4
a1_sft_s0_rl0_task4_state_baseline_task4,a1_rl,1,0,rl,30,4,67,1,1.0,libero_goal,842.5844662189484,4f4f4a2bdf539d4433365d2f7a192b12b206566d,outputs/rl/eval/a1_sft_s0_rl0_task4_state_baseline_task4
a1_sft_s0_rl0_task4_state_baseline_task4,a1_rl,1,0,rl,30,4,68,0,0.0,libero_goal,842.5844662189484,4f4f4a2bdf539d4433365d2f7a192b12b206566d,outputs/rl/eval/a1_sft_s0_rl0_task4_state_baseline_task4
a1_sft_s0_rl0_task4_state_baseline_task4,a1_rl,1,0,rl,30,4,69,0,0.0,libero_goal,842.5844662189484,4f4f4a2bdf539d4433365d2f7a192b12b206566d,outputs/rl/eval/a1_sft_s0_rl0_task4_state_baseline_task4
a1_sft_s0_rl0_task4_state_baseline_task4,a1_rl,1,0,rl,30,4,70,1,1.0,libero_goal,842.5844662189484,4f4f4a2bdf539d4433365d2f7a192b12b206566d,outputs/rl/eval/a1_sft_s0_rl0_task4_state_baseline_task4
a1_sft_s0_rl0_task4_state_baseline_task4,a1_rl,1,0,rl,30,4,71,1,1.0,libero_goal,842.5844662189484,4f4f4a2bdf539d4433365d2f7a192b12b206566d,outputs/rl/eval/a1_sft_s0_rl0_task4_state_baseline_task4
a1_sft_s0_rl0_task4_state_baseline_task4,a1_rl,1,0,rl,30,4,72,0,0.0,libero_goal,842.5844662189484,4f4f4a2bdf539d4433365d2f7a192b12b206566d,outputs/rl/eval/a1_sft_s0_rl0_task4_state_baseline_task4
a1_sft_s0_rl0_task4_state_baseline_task4,a1_rl,1,0,rl,30,4,73,0,0.0,libero_goal,842.5844662189484,4f4f4a2bdf539d4433365d2f7a192b12b206566d,outputs/rl/eval/a1_sft_s0_rl0_task4_state_baseline_task4
a1_sft_s0_rl0_task4_state_baseline_task4,a1_rl,1,0,rl,30,4,74,0,0.0,libero_goal,842.5844662189484,4f4f4a2bdf539d4433365d2f7a192b12b206566d,outputs/rl/eval/a1_sft_s0_rl0_task4_state_baseline_task4
a1_sft_s0_rl0_task4_state_baseline_task4,a1_rl,1,0,rl,30,4,75,1,1.0,libero_goal,842.5844662189484,4f4f4a2bdf539d4433365d2f7a192b12b206566d,outputs/rl/eval/a1_sft_s0_rl0_task4_state_baseline_task4
a1_sft_s0_rl0_task4_state_baseline_task4,a1_rl,1,0,rl,30,4,76,1,1.0,libero_goal,842.5844662189484,4f4f4a2bdf539d4433365d2f7a192b12b206566d,outputs/rl/eval/a1_sft_s0_rl0_task4_state_baseline_task4
a1_sft_s0_rl0_task4_state_baseline_task4,a1_rl,1,0,rl,30,4,77,1,1.0,libero_goal,842.5844662189484,4f4f4a2bdf539d4433365d2f7a192b12b206566d,outputs/rl/eval/a1_sft_s0_rl0_task4_state_baseline_task4
a1_sft_s0_rl0_task4_state_baseline_task4,a1_rl,1,0,rl,30,4,78,1,1.0,libero_goal,842.5844662189484,4f4f4a2bdf539d4433365d2f7a192b12b206566d,outputs/rl/eval/a1_sft_s0_rl0_task4_state_baseline_task4
a1_sft_s0_rl0_task4_state_baseline_task4,a1_rl,1,0,rl,30,4,79,0,0.0,libero_goal,842.5844662189484,4f4f4a2bdf539d4433365d2f7a192b12b206566d,outputs/rl/eval/a1_sft_s0_rl0_task4_state_baseline_task4
a1_sft_s0_rl0_task4_state_baseline_task4,a1_rl,1,0,rl,30,4,80,1,1.0,libero_goal,842.5844662189484,4f4f4a2bdf539d4433365d2f7a192b12b206566d,outputs/rl/eval/a1_sft_s0_rl0_task4_state_baseline_task4
a1_sft_s0_rl0_task4_state_baseline_task4,a1_rl,1,0,rl,30,4,81,1,1.0,libero_goal,842.5844662189484,4f4f4a2bdf539d4433365d2f7a192b12b206566d,outputs/rl/eval/a1_sft_s0_rl0_task4_state_baseline_task4
a1_sft_s0_rl0_task4_state_baseline_task4,a1_rl,1,0,rl,30,4,82,0,0.0,libero_goal,842.5844662189484,4f4f4a2bdf539d4433365d2f7a192b12b206566d,outputs/rl/eval/a1_sft_s0_rl0_task4_state_baseline_task4
a1_sft_s0_rl0_task4_state_baseline_task4,a1_rl,1,0,rl,30,4,83,0,0.0,libero_goal,842.5844662189484,4f4f4a2bdf539d4433365d2f7a192b12b206566d,outputs/rl/eval/a1_sft_s0_rl0_task4_state_baseline_task4
a1_sft_s0_rl0_task4_state_baseline_task4,a1_rl,1,0,rl,30,4,84,1,1.0,libero_goal,842.5844662189484,4f4f4a2bdf539d4433365d2f7a192b12b206566d,outputs/rl/eval/a1_sft_s0_rl0_task4_state_baseline_task4
a1_sft_s0_rl0_task4_state_baseline_task4,a1_rl,1,0,rl,30,4,85,1,1.0,libero_goal,842.5844662189484,4f4f4a2bdf539d4433365d2f7a192b12b206566d,outputs/rl/eval/a1_sft_s0_rl0_task4_state_baseline_task4
a1_sft_s0_rl0_task4_state_baseline_task4,a1_rl,1,0,rl,30,4,86,1,1.0,libero_goal,842.5844662189484,4f4f4a2bdf539d4433365d2f7a192b12b206566d,outputs/rl/eval/a1_sft_s0_rl0_task4_state_baseline_task4
a1_sft_s0_rl0_task4_state_baseline_task4,a1_rl,1,0,rl,30,4,87,1,1.0,libero_goal,842.5844662189484,4f4f4a2bdf539d4433365d2f7a192b12b206566d,outputs/rl/eval/a1_sft_s0_rl0_task4_state_baseline_task4
a1_sft_s0_rl0_task4_state_baseline_task4,a1_rl,1,0,rl,30,4,88,0,0.0,libero_goal,842.5844662189484,4f4f4a2bdf539d4433365d2f7a192b12b206566d,outputs/rl/eval/a1_sft_s0_rl0_task4_state_baseline_task4
a1_sft_s0_rl0_task4_state_baseline_task4,a1_rl,1,0,rl,30,4,89,0,0.0,libero_goal,842.5844662189484,4f4f4a2bdf539d4433365d2f7a192b12b206566d,outputs/rl/eval/a1_sft_s0_rl0_task4_state_baseline_task4
a1_sft_s0_rl0_task4_state_baseline_task4,a1_rl,1,0,rl,30,4,90,0,0.0,libero_goal,842.5844662189484,4f4f4a2bdf539d4433365d2f7a192b12b206566d,outputs/rl/eval/a1_sft_s0_rl0_task4_state_baseline_task4
a1_sft_s0_rl0_task4_state_baseline_task4,a1_rl,1,0,rl,30,4,91,1,1.0,libero_goal,842.5844662189484,4f4f4a2bdf539d4433365d2f7a192b12b206566d,outputs/rl/eval/a1_sft_s0_rl0_task4_state_baseline_task4
a1_sft_s0_rl0_task4_state_baseline_task4,a1_rl,1,0,rl,30,4,92,1,1.0,libero_goal,842.5844662189484,4f4f4a2bdf539d4433365d2f7a192b12b206566d,outputs/rl/eval/a1_sft_s0_rl0_task4_state_baseline_task4
a1_sft_s0_rl0_task4_state_baseline_task4,a1_rl,1,0,rl,30,4,93,1,1.0,libero_goal,842.5844662189484,4f4f4a2bdf539d4433365d2f7a192b12b206566d,outputs/rl/eval/a1_sft_s0_rl0_task4_state_baseline_task4
a1_sft_s0_rl0_task4_state_baseline_task4,a1_rl,1,0,rl,30,4,94,1,1.0,libero_goal,842.5844662189484,4f4f4a2bdf539d4433365d2f7a192b12b206566d,outputs/rl/eval/a1_sft_s0_rl0_task4_state_baseline_task4
a1_sft_s0_rl0_task4_state_baseline_task4,a1_rl,1,0,rl,30,4,95,1,1.0,libero_goal,842.5844662189484,4f4f4a2bdf539d4433365d2f7a192b12b206566d,outputs/rl/eval/a1_sft_s0_rl0_task4_state_baseline_task4
a1_sft_s0_rl0_task4_state_baseline_task4,a1_rl,1,0,rl,30,4,96,1,1.0,libero_goal,842.5844662189484,4f4f4a2bdf539d4433365d2f7a192b12b206566d,outputs/rl/eval/a1_sft_s0_rl0_task4_state_baseline_task4
a1_sft_s0_rl0_task4_state_baseline_task4,a1_rl,1,0,rl,30,4,97,0,0.0,libero_goal,842.5844662189484,4f4f4a2bdf539d4433365d2f7a192b12b206566d,outputs/rl/eval/a1_sft_s0_rl0_task4_state_baseline_task4
a1_sft_s0_rl0_task4_state_baseline_task4,a1_rl,1,0,rl,30,4,98,0,0.0,libero_goal,842.5844662189484,4f4f4a2bdf539d4433365d2f7a192b12b206566d,outputs/rl/eval/a1_sft_s0_rl0_task4_state_baseline_task4
a1_sft_s0_rl0_task4_state_baseline_task4,a1_rl,1,0,rl,30,4,99,1,1.0,libero_goal,842.5844662189484,4f4f4a2bdf539d4433365d2f7a192b12b206566d,outputs/rl/eval/a1_sft_s0_rl0_task4_state_baseline_task4
a1_sft_s0_rl10_task4_state_baseline_task4,a1_rl,1,0,rl,30,4,0,0,0.0,libero_goal,998.2135944366455,4f4f4a2bdf539d4433365d2f7a192b12b206566d,outputs/rl/eval/a1_sft_s0_rl10_task4_state_baseline_task4
a1_sft_s0_rl10_task4_state_baseline_task4,a1_rl,1,0,rl,30,4,1,1,1.0,libero_goal,998.2135944366455,4f4f4a2bdf539d4433365d2f7a192b12b206566d,outputs/rl/eval/a1_sft_s0_rl10_task4_state_baseline_task4
a1_sft_s0_rl10_task4_state_baseline_task4,a1_rl,1,0,rl,30,4,2,1,1.0,libero_goal,998.2135944366455,4f4f4a2bdf539d4433365d2f7a192b12b206566d,outputs/rl/eval/a1_sft_s0_rl10_task4_state_baseline_task4
a1_sft_s0_rl10_task4_state_baseline_task4,a1_rl,1,0,rl,30,4,3,0,0.0,libero_goal,998.2135944366455,4f4f4a2bdf539d4433365d2f7a192b12b206566d,outputs/rl/eval/a1_sft_s0_rl10_task4_state_baseline_task4
a1_sft_s0_rl10_task4_state_baseline_task4,a1_rl,1,0,rl,30,4,4,0,0.0,libero_goal,998.2135944366455,4f4f4a2bdf539d4433365d2f7a192b12b206566d,outputs/rl/eval/a1_sft_s0_rl10_task4_state_baseline_task4
a1_sft_s0_rl10_task4_state_baseline_task4,a1_rl,1,0,rl,30,4,5,0,0.0,libero_goal,998.2135944366455,4f4f4a2bdf539d4433365d2f7a192b12b206566d,outputs/rl/eval/a1_sft_s0_rl10_task4_state_baseline_task4
a1_sft_s0_rl10_task4_state_baseline_task4,a1_rl,1,0,rl,30,4,6,0,0.0,libero_goal,998.2135944366455,4f4f4a2bdf539d4433365d2f7a192b12b206566d,outputs/rl/eval/a1_sft_s0_rl10_task4_state_baseline_task4
a1_sft_s0_rl10_task4_state_baseline_task4,a1_rl,1,0,rl,30,4,7,0,0.0,libero_goal,998.2135944366455,4f4f4a2bdf539d4433365d2f7a192b12b206566d,outputs/rl/eval/a1_sft_s0_rl10_task4_state_baseline_task4
a1_sft_s0_rl10_task4_state_baseline_task4,a1_rl,1,0,rl,30,4,8,0,0.0,libero_goal,998.2135944366455,4f4f4a2bdf539d4433365d2f7a192b12b206566d,outputs/rl/eval/a1_sft_s0_rl10_task4_state_baseline_task4
a1_sft_s0_rl10_task4_state_baseline_task4,a1_rl,1,0,rl,30,4,9,0,0.0,libero_goal,998.2135944366455,4f4f4a2bdf539d4433365d2f7a192b12b206566d,outputs/rl/eval/a1_sft_s0_rl10_task4_state_baseline_task4
a1_sft_s0_rl10_task4_state_baseline_task4,a1_rl,1,0,rl,30,4,10,0,0.0,libero_goal,998.2135944366455,4f4f4a2bdf539d4433365d2f7a192b12b206566d,outputs/rl/eval/a1_sft_s0_rl10_task4_state_baseline_task4
a1_sft_s0_rl10_task4_state_baseline_task4,a1_rl,1,0,rl,30,4,11,0,0.0,libero_goal,998.2135944366455,4f4f4a2bdf539d4433365d2f7a192b12b206566d,outputs/rl/eval/a1_sft_s0_rl10_task4_state_baseline_task4
a1_sft_s0_rl10_task4_state_baseline_task4,a1_rl,1,0,rl,30,4,12,1,1.0,libero_goal,998.2135944366455,4f4f4a2bdf539d4433365d2f7a192b12b206566d,outputs/rl/eval/a1_sft_s0_rl10_task4_state_baseline_task4
a1_sft_s0_rl10_task4_state_baseline_task4,a1_rl,1,0,rl,30,4,13,1,1.0,libero_goal,998.2135944366455,4f4f4a2bdf539d4433365d2f7a192b12b206566d,outputs/rl/eval/a1_sft_s0_rl10_task4_state_baseline_task4
a1_sft_s0_rl10_task4_state_baseline_task4,a1_rl,1,0,rl,30,4,14,0,0.0,libero_goal,998.2135944366455,4f4f4a2bdf539d4433365d2f7a192b12b206566d,outputs/rl/eval/a1_sft_s0_rl10_task4_state_baseline_task4
a1_sft_s0_rl10_task4_state_baseline_task4,a1_rl,1,0,rl,30,4,15,1,1.0,libero_goal,998.2135944366455,4f4f4a2bdf539d4433365d2f7a192b12b206566d,outputs/rl/eval/a1_sft_s0_rl10_task4_state_baseline_task4
a1_sft_s0_rl10_task4_state_baseline_task4,a1_rl,1,0,rl,30,4,16,1,1.0,libero_goal,998.2135944366455,4f4f4a2bdf539d4433365d2f7a192b12b206566d,outputs/rl/eval/a1_sft_s0_rl10_task4_state_baseline_task4
a1_sft_s0_rl10_task4_state_baseline_task4,a1_rl,1,0,rl,30,4,17,1,1.0,libero_goal,998.2135944366455,4f4f4a2bdf539d4433365d2f7a192b12b206566d,outputs/rl/eval/a1_sft_s0_rl10_task4_state_baseline_task4
a1_sft_s0_rl10_task4_state_baseline_task4,a1_rl,1,0,rl,30,4,18,0,0.0,libero_goal,998.2135944366455,4f4f4a2bdf539d4433365d2f7a192b12b206566d,outputs/rl/eval/a1_sft_s0_rl10_task4_state_baseline_task4
a1_sft_s0_rl10_task4_state_baseline_task4,a1_rl,1,0,rl,30,4,19,0,0.0,libero_goal,998.2135944366455,4f4f4a2bdf539d4433365d2f7a192b12b206566d,outputs/rl/eval/a1_sft_s0_rl10_task4_state_baseline_task4
a1_sft_s0_rl10_task4_state_baseline_task4,a1_rl,1,0,rl,30,4,20,1,1.0,libero_goal,998.2135944366455,4f4f4a2bdf539d4433365d2f7a192b12b206566d,outputs/rl/eval/a1_sft_s0_rl10_task4_state_baseline_task4
a1_sft_s0_rl10_task4_state_baseline_task4,a1_rl,1,0,rl,30,4,21,1,1.0,libero_goal,998.2135944366455,4f4f4a2bdf539d4433365d2f7a192b12b206566d,outputs/rl/eval/a1_sft_s0_rl10_task4_state_baseline_task4
a1_sft_s0_rl10_task4_state_baseline_task4,a1_rl,1,0,rl,30,4,22,0,0.0,libero_goal,998.2135944366455,4f4f4a2bdf539d4433365d2f7a192b12b206566d,outputs/rl/eval/a1_sft_s0_rl10_task4_state_baseline_task4
a1_sft_s0_rl10_task4_state_baseline_task4,a1_rl,1,0,rl,30,4,23,0,0.0,libero_goal,998.2135944366455,4f4f4a2bdf539d4433365d2f7a192b12b206566d,outputs/rl/eval/a1_sft_s0_rl10_task4_state_baseline_task4
a1_sft_s0_rl10_task4_state_baseline_task4,a1_rl,1,0,rl,30,4,24,0,0.0,libero_goal,998.2135944366455,4f4f4a2bdf539d4433365d2f7a192b12b206566d,outputs/rl/eval/a1_sft_s0_rl10_task4_state_baseline_task4
a1_sft_s0_rl10_task4_state_baseline_task4,a1_rl,1,0,rl,30,4,25,1,1.0,libero_goal,998.2135944366455,4f4f4a2bdf539d4433365d2f7a192b12b206566d,outputs/rl/eval/a1_sft_s0_rl10_task4_state_baseline_task4
a1_sft_s0_rl10_task4_state_baseline_task4,a1_rl,1,0,rl,30,4,26,1,1.0,libero_goal,998.2135944366455,4f4f4a2bdf539d4433365d2f7a192b12b206566d,outputs/rl/eval/a1_sft_s0_rl10_task4_state_baseline_task4
a1_sft_s0_rl10_task4_state_baseline_task4,a1_rl,1,0,rl,30,4,27,1,1.0,libero_goal,998.2135944366455,4f4f4a2bdf539d4433365d2f7a192b12b206566d,outputs/rl/eval/a1_sft_s0_rl10_task4_state_baseline_task4
a1_sft_s0_rl10_task4_state_baseline_task4,a1_rl,1,0,rl,30,4,28,1,1.0,libero_goal,998.2135944366455,4f4f4a2bdf539d4433365d2f7a192b12b206566d,outputs/rl/eval/a1_sft_s0_rl10_task4_state_baseline_task4
a1_sft_s0_rl10_task4_state_baseline_task4,a1_rl,1,0,rl,30,4,29,0,0.0,libero_goal,998.2135944366455,4f4f4a2bdf539d4433365d2f7a192b12b206566d,outputs/rl/eval/a1_sft_s0_rl10_task4_state_baseline_task4
a1_sft_s0_rl10_task4_state_baseline_task4,a1_rl,1,0,rl,30,4,30,1,1.0,libero_goal,998.2135944366455,4f4f4a2bdf539d4433365d2f7a192b12b206566d,outputs/rl/eval/a1_sft_s0_rl10_task4_state_baseline_task4
a1_sft_s0_rl10_task4_state_baseline_task4,a1_rl,1,0,rl,30,4,31,1,1.0,libero_goal,998.2135944366455,4f4f4a2bdf539d4433365d2f7a192b12b206566d,outputs/rl/eval/a1_sft_s0_rl10_task4_state_baseline_task4
a1_sft_s0_rl10_task4_state_baseline_task4,a1_rl,1,0,rl,30,4,32,0,0.0,libero_goal,998.2135944366455,4f4f4a2bdf539d4433365d2f7a192b12b206566d,outputs/rl/eval/a1_sft_s0_rl10_task4_state_baseline_task4
a1_sft_s0_rl10_task4_state_baseline_task4,a1_rl,1,0,rl,30,4,33,1,1.0,libero_goal,998.2135944366455,4f4f4a2bdf539d4433365d2f7a192b12b206566d,outputs/rl/eval/a1_sft_s0_rl10_task4_state_baseline_task4
a1_sft_s0_rl10_task4_state_baseline_task4,a1_rl,1,0,rl,30,4,34,1,1.0,libero_goal,998.2135944366455,4f4f4a2bdf539d4433365d2f7a192b12b206566d,outputs/rl/eval/a1_sft_s0_rl10_task4_state_baseline_task4
a1_sft_s0_rl10_task4_state_baseline_task4,a1_rl,1,0,rl,30,4,35,1,1.0,libero_goal,998.2135944366455,4f4f4a2bdf539d4433365d2f7a192b12b206566d,outputs/rl/eval/a1_sft_s0_rl10_task4_state_baseline_task4
a1_sft_s0_rl10_task4_state_baseline_task4,a1_rl,1,0,rl,30,4,36,1,1.0,libero_goal,998.2135944366455,4f4f4a2bdf539d4433365d2f7a192b12b206566d,outputs/rl/eval/a1_sft_s0_rl10_task4_state_baseline_task4
a1_sft_s0_rl10_task4_state_baseline_task4,a1_rl,1,0,rl,30,4,37,1,1.0,libero_goal,998.2135944366455,4f4f4a2bdf539d4433365d2f7a192b12b206566d,outputs/rl/eval/a1_sft_s0_rl10_task4_state_baseline_task4
a1_sft_s0_rl10_task4_state_baseline_task4,a1_rl,1,0,rl,30,4,38,0,0.0,libero_goal,998.2135944366455,4f4f4a2bdf539d4433365d2f7a192b12b206566d,outputs/rl/eval/a1_sft_s0_rl10_task4_state_baseline_task4
a1_sft_s0_rl10_task4_state_baseline_task4,a1_rl,1,0,rl,30,4,39,0,0.0,libero_goal,998.2135944366455,4f4f4a2bdf539d4433365d2f7a192b12b206566d,outputs/rl/eval/a1_sft_s0_rl10_task4_state_baseline_task4
a1_sft_s0_rl10_task4_state_baseline_task4,a1_rl,1,0,rl,30,4,40,0,0.0,libero_goal,998.2135944366455,4f4f4a2bdf539d4433365d2f7a192b12b206566d,outputs/rl/eval/a1_sft_s0_rl10_task4_state_baseline_task4
a1_sft_s0_rl10_task4_state_baseline_task4,a1_rl,1,0,rl,30,4,41,1,1.0,libero_goal,998.2135944366455,4f4f4a2bdf539d4433365d2f7a192b12b206566d,outputs/rl/eval/a1_sft_s0_rl10_task4_state_baseline_task4
a1_sft_s0_rl10_task4_state_baseline_task4,a1_rl,1,0,rl,30,4,42,1,1.0,libero_goal,998.2135944366455,4f4f4a2bdf539d4433365d2f7a192b12b206566d,outputs/rl/eval/a1_sft_s0_rl10_task4_state_baseline_task4
a1_sft_s0_rl10_task4_state_baseline_task4,a1_rl,1,0,rl,30,4,43,1,1.0,libero_goal,998.2135944366455,4f4f4a2bdf539d4433365d2f7a192b12b206566d,outputs/rl/eval/a1_sft_s0_rl10_task4_state_baseline_task4
a1_sft_s0_rl10_task4_state_baseline_task4,a1_rl,1,0,rl,30,4,44,0,0.0,libero_goal,998.2135944366455,4f4f4a2bdf539d4433365d2f7a192b12b206566d,outputs/rl/eval/a1_sft_s0_rl10_task4_state_baseline_task4
a1_sft_s0_rl10_task4_state_baseline_task4,a1_rl,1,0,rl,30,4,45,1,1.0,libero_goal,998.2135944366455,4f4f4a2bdf539d4433365d2f7a192b12b206566d,outputs/rl/eval/a1_sft_s0_rl10_task4_state_baseline_task4
a1_sft_s0_rl10_task4_state_baseline_task4,a1_rl,1,0,rl,30,4,46,1,1.0,libero_goal,998.2135944366455,4f4f4a2bdf539d4433365d2f7a192b12b206566d,outputs/rl/eval/a1_sft_s0_rl10_task4_state_baseline_task4
a1_sft_s0_rl10_task4_state_baseline_task4,a1_rl,1,0,rl,30,4,47,0,0.0,libero_goal,998.2135944366455,4f4f4a2bdf539d4433365d2f7a192b12b206566d,outputs/rl/eval/a1_sft_s0_rl10_task4_state_baseline_task4
a1_sft_s0_rl10_task4_state_baseline_task4,a1_rl,1,0,rl,30,4,48,0,0.0,libero_goal,998.2135944366455,4f4f4a2bdf539d4433365d2f7a192b12b206566d,outputs/rl/eval/a1_sft_s0_rl10_task4_state_baseline_task4
a1_sft_s0_rl10_task4_state_baseline_task4,a1_rl,1,0,rl,30,4,49,1,1.0,libero_goal,998.2135944366455,4f4f4a2bdf539d4433365d2f7a192b12b206566d,outputs/rl/eval/a1_sft_s0_rl10_task4_state_baseline_task4
a1_sft_s0_rl10_task4_state_baseline_task4,a1_rl,1,0,rl,30,4,50,0,0.0,libero_goal,998.2135944366455,4f4f4a2bdf539d4433365d2f7a192b12b206566d,outputs/rl/eval/a1_sft_s0_rl10_task4_state_baseline_task4
a1_sft_s0_rl10_task4_state_baseline_task4,a1_rl,1,0,rl,30,4,51,1,1.0,libero_goal,998.2135944366455,4f4f4a2bdf539d4433365d2f7a192b12b206566d,outputs/rl/eval/a1_sft_s0_rl10_task4_state_baseline_task4
a1_sft_s0_rl10_task4_state_baseline_task4,a1_rl,1,0,rl,30,4,52,1,1.0,libero_goal,998.2135944366455,4f4f4a2bdf539d4433365d2f7a192b12b206566d,outputs/rl/eval/a1_sft_s0_rl10_task4_state_baseline_task4
a1_sft_s0_rl10_task4_state_baseline_task4,a1_rl,1,0,rl,30,4,53,0,0.0,libero_goal,998.2135944366455,4f4f4a2bdf539d4433365d2f7a192b12b206566d,outputs/rl/eval/a1_sft_s0_rl10_task4_state_baseline_task4
a1_sft_s0_rl10_task4_state_baseline_task4,a1_rl,1,0,rl,30,4,54,1,1.0,libero_goal,998.2135944366455,4f4f4a2bdf539d4433365d2f7a192b12b206566d,outputs/rl/eval/a1_sft_s0_rl10_task4_state_baseline_task4
a1_sft_s0_rl10_task4_state_baseline_task4,a1_rl,1,0,rl,30,4,55,1,1.0,libero_goal,998.2135944366455,4f4f4a2bdf539d4433365d2f7a192b12b206566d,outputs/rl/eval/a1_sft_s0_rl10_task4_state_baseline_task4
a1_sft_s0_rl10_task4_state_baseline_task4,a1_rl,1,0,rl,30,4,56,0,0.0,libero_goal,998.2135944366455,4f4f4a2bdf539d4433365d2f7a192b12b206566d,outputs/rl/eval/a1_sft_s0_rl10_task4_state_baseline_task4
a1_sft_s0_rl10_task4_state_baseline_task4,a1_rl,1,0,rl,30,4,57,1,1.0,libero_goal,998.2135944366455,4f4f4a2bdf539d4433365d2f7a192b12b206566d,outputs/rl/eval/a1_sft_s0_rl10_task4_state_baseline_task4
a1_sft_s0_rl10_task4_state_baseline_task4,a1_rl,1,0,rl,30,4,58,0,0.0,libero_goal,998.2135944366455,4f4f4a2bdf539d4433365d2f7a192b12b206566d,outputs/rl/eval/a1_sft_s0_rl10_task4_state_baseline_task4
a1_sft_s0_rl10_task4_state_baseline_task4,a1_rl,1,0,rl,30,4,59,0,0.0,libero_goal,998.2135944366455,4f4f4a2bdf539d4433365d2f7a192b12b206566d,outputs/rl/eval/a1_sft_s0_rl10_task4_state_baseline_task4
a1_sft_s0_rl10_task4_state_baseline_task4,a1_rl,1,0,rl,30,4,60,0,0.0,libero_goal,998.2135944366455,4f4f4a2bdf539d4433365d2f7a192b12b206566d,outputs/rl/eval/a1_sft_s0_rl10_task4_state_baseline_task4
a1_sft_s0_rl10_task4_state_baseline_task4,a1_rl,1,0,rl,30,4,61,0,0.0,libero_goal,998.2135944366455,4f4f4a2bdf539d4433365d2f7a192b12b206566d,outputs/rl/eval/a1_sft_s0_rl10_task4_state_baseline_task4
a1_sft_s0_rl10_task4_state_baseline_task4,a1_rl,1,0,rl,30,4,62,1,1.0,libero_goal,998.2135944366455,4f4f4a2bdf539d4433365d2f7a192b12b206566d,outputs/rl/eval/a1_sft_s0_rl10_task4_state_baseline_task4
a1_sft_s0_rl10_task4_state_baseline_task4,a1_rl,1,0,rl,30,4,63,1,1.0,libero_goal,998.2135944366455,4f4f4a2bdf539d4433365d2f7a192b12b206566d,outputs/rl/eval/a1_sft_s0_rl10_task4_state_baseline_task4
a1_sft_s0_rl10_task4_state_baseline_task4,a1_rl,1,0,rl,30,4,64,0,0.0,libero_goal,998.2135944366455,4f4f4a2bdf539d4433365d2f7a192b12b206566d,outputs/rl/eval/a1_sft_s0_rl10_task4_state_baseline_task4
a1_sft_s0_rl10_task4_state_baseline_task4,a1_rl,1,0,rl,30,4,65,1,1.0,libero_goal,998.2135944366455,4f4f4a2bdf539d4433365d2f7a192b12b206566d,outputs/rl/eval/a1_sft_s0_rl10_task4_state_baseline_task4
a1_sft_s0_rl10_task4_state_baseline_task4,a1_rl,1,0,rl,30,4,66,1,1.0,libero_goal,998.2135944366455,4f4f4a2bdf539d4433365d2f7a192b12b206566d,outputs/rl/eval/a1_sft_s0_rl10_task4_state_baseline_task4
a1_sft_s0_rl10_task4_state_baseline_task4,a1_rl,1,0,rl,30,4,67,1,1.0,libero_goal,998.2135944366455,4f4f4a2bdf539d4433365d2f7a192b12b206566d,outputs/rl/eval/a1_sft_s0_rl10_task4_state_baseline_task4
a1_sft_s0_rl10_task4_state_baseline_task4,a1_rl,1,0,rl,30,4,68,0,0.0,libero_goal,998.2135944366455,4f4f4a2bdf539d4433365d2f7a192b12b206566d,outputs/rl/eval/a1_sft_s0_rl10_task4_state_baseline_task4
a1_sft_s0_rl10_task4_state_baseline_task4,a1_rl,1,0,rl,30,4,69,0,0.0,libero_goal,998.2135944366455,4f4f4a2bdf539d4433365d2f7a192b12b206566d,outputs/rl/eval/a1_sft_s0_rl10_task4_state_baseline_task4
a1_sft_s0_rl10_task4_state_baseline_task4,a1_rl,1,0,rl,30,4,70,1,1.0,libero_goal,998.2135944366455,4f4f4a2bdf539d4433365d2f7a192b12b206566d,outputs/rl/eval/a1_sft_s0_rl10_task4_state_baseline_task4
a1_sft_s0_rl10_task4_state_baseline_task4,a1_rl,1,0,rl,30,4,71,1,1.0,libero_goal,998.2135944366455,4f4f4a2bdf539d4433365d2f7a192b12b206566d,outputs/rl/eval/a1_sft_s0_rl10_task4_state_baseline_task4
a1_sft_s0_rl10_task4_state_baseline_task4,a1_rl,1,0,rl,30,4,72,0,0.0,libero_goal,998.2135944366455,4f4f4a2bdf539d4433365d2f7a192b12b206566d,outputs/rl/eval/a1_sft_s0_rl10_task4_state_baseline_task4
a1_sft_s0_rl10_task4_state_baseline_task4,a1_rl,1,0,rl,30,4,73,0,0.0,libero_goal,998.2135944366455,4f4f4a2bdf539d4433365d2f7a192b12b206566d,outputs/rl/eval/a1_sft_s0_rl10_task4_state_baseline_task4
a1_sft_s0_rl10_task4_state_baseline_task4,a1_rl,1,0,rl,30,4,74,0,0.0,libero_goal,998.2135944366455,4f4f4a2bdf539d4433365d2f7a192b12b206566d,outputs/rl/eval/a1_sft_s0_rl10_task4_state_baseline_task4
a1_sft_s0_rl10_task4_state_baseline_task4,a1_rl,1,0,rl,30,4,75,1,1.0,libero_goal,998.2135944366455,4f4f4a2bdf539d4433365d2f7a192b12b206566d,outputs/rl/eval/a1_sft_s0_rl10_task4_state_baseline_task4
a1_sft_s0_rl10_task4_state_baseline_task4,a1_rl,1,0,rl,30,4,76,0,0.0,libero_goal,998.2135944366455,4f4f4a2bdf539d4433365d2f7a192b12b206566d,outputs/rl/eval/a1_sft_s0_rl10_task4_state_baseline_task4
a1_sft_s0_rl10_task4_state_baseline_task4,a1_rl,1,0,rl,30,4,77,1,1.0,libero_goal,998.2135944366455,4f4f4a2bdf539d4433365d2f7a192b12b206566d,outputs/rl/eval/a1_sft_s0_rl10_task4_state_baseline_task4
a1_sft_s0_rl10_task4_state_baseline_task4,a1_rl,1,0,rl,30,4,78,1,1.0,libero_goal,998.2135944366455,4f4f4a2bdf539d4433365d2f7a192b12b206566d,outputs/rl/eval/a1_sft_s0_rl10_task4_state_baseline_task4
a1_sft_s0_rl10_task4_state_baseline_task4,a1_rl,1,0,rl,30,4,79,0,0.0,libero_goal,998.2135944366455,4f4f4a2bdf539d4433365d2f7a192b12b206566d,outputs/rl/eval/a1_sft_s0_rl10_task4_state_baseline_task4
a1_sft_s0_rl10_task4_state_baseline_task4,a1_rl,1,0,rl,30,4,80,0,0.0,libero_goal,998.2135944366455,4f4f4a2bdf539d4433365d2f7a192b12b206566d,outputs/rl/eval/a1_sft_s0_rl10_task4_state_baseline_task4
a1_sft_s0_rl10_task4_state_baseline_task4,a1_rl,1,0,rl,30,4,81,1,1.0,libero_goal,998.2135944366455,4f4f4a2bdf539d4433365d2f7a192b12b206566d,outputs/rl/eval/a1_sft_s0_rl10_task4_state_baseline_task4
a1_sft_s0_rl10_task4_state_baseline_task4,a1_rl,1,0,rl,30,4,82,0,0.0,libero_goal,998.2135944366455,4f4f4a2bdf539d4433365d2f7a192b12b206566d,outputs/rl/eval/a1_sft_s0_rl10_task4_state_baseline_task4
a1_sft_s0_rl10_task4_state_baseline_task4,a1_rl,1,0,rl,30,4,83,0,0.0,libero_goal,998.2135944366455,4f4f4a2bdf539d4433365d2f7a192b12b206566d,outputs/rl/eval/a1_sft_s0_rl10_task4_state_baseline_task4
a1_sft_s0_rl10_task4_state_baseline_task4,a1_rl,1,0,rl,30,4,84,1,1.0,libero_goal,998.2135944366455,4f4f4a2bdf539d4433365d2f7a192b12b206566d,outputs/rl/eval/a1_sft_s0_rl10_task4_state_baseline_task4
a1_sft_s0_rl10_task4_state_baseline_task4,a1_rl,1,0,rl,30,4,85,1,1.0,libero_goal,998.2135944366455,4f4f4a2bdf539d4433365d2f7a192b12b206566d,outputs/rl/eval/a1_sft_s0_rl10_task4_state_baseline_task4
a1_sft_s0_rl10_task4_state_baseline_task4,a1_rl,1,0,rl,30,4,86,1,1.0,libero_goal,998.2135944366455,4f4f4a2bdf539d4433365d2f7a192b12b206566d,outputs/rl/eval/a1_sft_s0_rl10_task4_state_baseline_task4
a1_sft_s0_rl10_task4_state_baseline_task4,a1_rl,1,0,rl,30,4,87,1,1.0,libero_goal,998.2135944366455,4f4f4a2bdf539d4433365d2f7a192b12b206566d,outputs/rl/eval/a1_sft_s0_rl10_task4_state_baseline_task4
a1_sft_s0_rl10_task4_state_baseline_task4,a1_rl,1,0,rl,30,4,88,0,0.0,libero_goal,998.2135944366455,4f4f4a2bdf539d4433365d2f7a192b12b206566d,outputs/rl/eval/a1_sft_s0_rl10_task4_state_baseline_task4
a1_sft_s0_rl10_task4_state_baseline_task4,a1_rl,1,0,rl,30,4,89,0,0.0,libero_goal,998.2135944366455,4f4f4a2bdf539d4433365d2f7a192b12b206566d,outputs/rl/eval/a1_sft_s0_rl10_task4_state_baseline_task4
a1_sft_s0_rl10_task4_state_baseline_task4,a1_rl,1,0,rl,30,4,90,0,0.0,libero_goal,998.2135944366455,4f4f4a2bdf539d4433365d2f7a192b12b206566d,outputs/rl/eval/a1_sft_s0_rl10_task4_state_baseline_task4
a1_sft_s0_rl10_task4_state_baseline_task4,a1_rl,1,0,rl,30,4,91,1,1.0,libero_goal,998.2135944366455,4f4f4a2bdf539d4433365d2f7a192b12b206566d,outputs/rl/eval/a1_sft_s0_rl10_task4_state_baseline_task4
a1_sft_s0_rl10_task4_state_baseline_task4,a1_rl,1,0,rl,30,4,92,0,0.0,libero_goal,998.2135944366455,4f4f4a2bdf539d4433365d2f7a192b12b206566d,outputs/rl/eval/a1_sft_s0_rl10_task4_state_baseline_task4
a1_sft_s0_rl10_task4_state_baseline_task4,a1_rl,1,0,rl,30,4,93,1,1.0,libero_goal,998.2135944366455,4f4f4a2bdf539d4433365d2f7a192b12b206566d,outputs/rl/eval/a1_sft_s0_rl10_task4_state_baseline_task4
a1_sft_s0_rl10_task4_state_baseline_task4,a1_rl,1,0,rl,30,4,94,0,0.0,libero_goal,998.2135944366455,4f4f4a2bdf539d4433365d2f7a192b12b206566d,outputs/rl/eval/a1_sft_s0_rl10_task4_state_baseline_task4
a1_sft_s0_rl10_task4_state_baseline_task4,a1_rl,1,0,rl,30,4,95,1,1.0,libero_goal,998.2135944366455,4f4f4a2bdf539d4433365d2f7a192b12b206566d,outputs/rl/eval/a1_sft_s0_rl10_task4_state_baseline_task4
a1_sft_s0_rl10_task4_state_baseline_task4,a1_rl,1,0,rl,30,4,96,1,1.0,libero_goal,998.2135944366455,4f4f4a2bdf539d4433365d2f7a192b12b206566d,outputs/rl/eval/a1_sft_s0_rl10_task4_state_baseline_task4
a1_sft_s0_rl10_task4_state_baseline_task4,a1_rl,1,0,rl,30,4,97,0,0.0,libero_goal,998.2135944366455,4f4f4a2bdf539d4433365d2f7a192b12b206566d,outputs/rl/eval/a1_sft_s0_rl10_task4_state_baseline_task4
a1_sft_s0_rl10_task4_state_baseline_task4,a1_rl,1,0,rl,30,4,98,0,0.0,libero_goal,998.2135944366455,4f4f4a2bdf539d4433365d2f7a192b12b206566d,outputs/rl/eval/a1_sft_s0_rl10_task4_state_baseline_task4
a1_sft_s0_rl10_task4_state_baseline_task4,a1_rl,1,0,rl,30,4,99,1,1.0,libero_goal,998.2135944366455,4f4f4a2bdf539d4433365d2f7a192b12b206566d,outputs/rl/eval/a1_sft_s0_rl10_task4_state_baseline_task4
a1_sft_s0_task4_accum20_joint15_lr2.5e-7_task4,a1_rl,1,0,rl,160,4,0,0,0.0,libero_goal,831.741402387619,4f4f4a2bdf539d4433365d2f7a192b12b206566d,outputs/rl/eval/a1_sft_s0_task4_accum20_joint15_lr2.5e-7_task4
a1_sft_s0_task4_accum20_joint15_lr2.5e-7_task4,a1_rl,1,0,rl,160,4,1,1,1.0,libero_goal,831.741402387619,4f4f4a2bdf539d4433365d2f7a192b12b206566d,outputs/rl/eval/a1_sft_s0_task4_accum20_joint15_lr2.5e-7_task4
a1_sft_s0_task4_accum20_joint15_lr2.5e-7_task4,a1_rl,1,0,rl,160,4,2,1,1.0,libero_goal,831.741402387619,4f4f4a2bdf539d4433365d2f7a192b12b206566d,outputs/rl/eval/a1_sft_s0_task4_accum20_joint15_lr2.5e-7_task4
a1_sft_s0_task4_accum20_joint15_lr2.5e-7_task4,a1_rl,1,0,rl,160,4,3,0,0.0,libero_goal,831.741402387619,4f4f4a2bdf539d4433365d2f7a192b12b206566d,outputs/rl/eval/a1_sft_s0_task4_accum20_joint15_lr2.5e-7_task4
a1_sft_s0_task4_accum20_joint15_lr2.5e-7_task4,a1_rl,1,0,rl,160,4,4,0,0.0,libero_goal,831.741402387619,4f4f4a2bdf539d4433365d2f7a192b12b206566d,outputs/rl/eval/a1_sft_s0_task4_accum20_joint15_lr2.5e-7_task4
a1_sft_s0_task4_accum20_joint15_lr2.5e-7_task4,a1_rl,1,0,rl,160,4,5,1,1.0,libero_goal,831.741402387619,4f4f4a2bdf539d4433365d2f7a192b12b206566d,outputs/rl/eval/a1_sft_s0_task4_accum20_joint15_lr2.5e-7_task4
a1_sft_s0_task4_accum20_joint15_lr2.5e-7_task4,a1_rl,1,0,rl,160,4,6,0,0.0,libero_goal,831.741402387619,4f4f4a2bdf539d4433365d2f7a192b12b206566d,outputs/rl/eval/a1_sft_s0_task4_accum20_joint15_lr2.5e-7_task4
a1_sft_s0_task4_accum20_joint15_lr2.5e-7_task4,a1_rl,1,0,rl,160,4,7,0,0.0,libero_goal,831.741402387619,4f4f4a2bdf539d4433365d2f7a192b12b206566d,outputs/rl/eval/a1_sft_s0_task4_accum20_joint15_lr2.5e-7_task4
a1_sft_s0_task4_accum20_joint15_lr2.5e-7_task4,a1_rl,1,0,rl,160,4,8,0,0.0,libero_goal,831.741402387619,4f4f4a2bdf539d4433365d2f7a192b12b206566d,outputs/rl/eval/a1_sft_s0_task4_accum20_joint15_lr2.5e-7_task4
a1_sft_s0_task4_accum20_joint15_lr2.5e-7_task4,a1_rl,1,0,rl,160,4,9,1,1.0,libero_goal,831.741402387619,4f4f4a2bdf539d4433365d2f7a192b12b206566d,outputs/rl/eval/a1_sft_s0_task4_accum20_joint15_lr2.5e-7_task4
a1_sft_s0_task4_accum20_joint15_lr2.5e-7_task4,a1_rl,1,0,rl,160,4,10,0,0.0,libero_goal,831.741402387619,4f4f4a2bdf539d4433365d2f7a192b12b206566d,outputs/rl/eval/a1_sft_s0_task4_accum20_joint15_lr2.5e-7_task4
a1_sft_s0_task4_accum20_joint15_lr2.5e-7_task4,a1_rl,1,0,rl,160,4,11,0,0.0,libero_goal,831.741402387619,4f4f4a2bdf539d4433365d2f7a192b12b206566d,outputs/rl/eval/a1_sft_s0_task4_accum20_joint15_lr2.5e-7_task4
a1_sft_s0_task4_accum20_joint15_lr2.5e-7_task4,a1_rl,1,0,rl,160,4,12,1,1.0,libero_goal,831.741402387619,4f4f4a2bdf539d4433365d2f7a192b12b206566d,outputs/rl/eval/a1_sft_s0_task4_accum20_joint15_lr2.5e-7_task4
a1_sft_s0_task4_accum20_joint15_lr2.5e-7_task4,a1_rl,1,0,rl,160,4,13,1,1.0,libero_goal,831.741402387619,4f4f4a2bdf539d4433365d2f7a192b12b206566d,outputs/rl/eval/a1_sft_s0_task4_accum20_joint15_lr2.5e-7_task4
a1_sft_s0_task4_accum20_joint15_lr2.5e-7_task4,a1_rl,1,0,rl,160,4,14,0,0.0,libero_goal,831.741402387619,4f4f4a2bdf539d4433365d2f7a192b12b206566d,outputs/rl/eval/a1_sft_s0_task4_accum20_joint15_lr2.5e-7_task4
a1_sft_s0_task4_accum20_joint15_lr2.5e-7_task4,a1_rl,1,0,rl,160,4,15,1,1.0,libero_goal,831.741402387619,4f4f4a2bdf539d4433365d2f7a192b12b206566d,outputs/rl/eval/a1_sft_s0_task4_accum20_joint15_lr2.5e-7_task4
a1_sft_s0_task4_accum20_joint15_lr2.5e-7_task4,a1_rl,1,0,rl,160,4,16,1,1.0,libero_goal,831.741402387619,4f4f4a2bdf539d4433365d2f7a192b12b206566d,outputs/rl/eval/a1_sft_s0_task4_accum20_joint15_lr2.5e-7_task4
a1_sft_s0_task4_accum20_joint15_lr2.5e-7_task4,a1_rl,1,0,rl,160,4,17,1,1.0,libero_goal,831.741402387619,4f4f4a2bdf539d4433365d2f7a192b12b206566d,outputs/rl/eval/a1_sft_s0_task4_accum20_joint15_lr2.5e-7_task4
a1_sft_s0_task4_accum20_joint15_lr2.5e-7_task4,a1_rl,1,0,rl,160,4,18,0,0.0,libero_goal,831.741402387619,4f4f4a2bdf539d4433365d2f7a192b12b206566d,outputs/rl/eval/a1_sft_s0_task4_accum20_joint15_lr2.5e-7_task4
a1_sft_s0_task4_accum20_joint15_lr2.5e-7_task4,a1_rl,1,0,rl,160,4,19,0,0.0,libero_goal,831.741402387619,4f4f4a2bdf539d4433365d2f7a192b12b206566d,outputs/rl/eval/a1_sft_s0_task4_accum20_joint15_lr2.5e-7_task4
a1_sft_s0_task4_accum20_joint15_lr2.5e-7_task4,a1_rl,1,0,rl,160,4,20,1,1.0,libero_goal,831.741402387619,4f4f4a2bdf539d4433365d2f7a192b12b206566d,outputs/rl/eval/a1_sft_s0_task4_accum20_joint15_lr2.5e-7_task4
a1_sft_s0_task4_accum20_joint15_lr2.5e-7_task4,a1_rl,1,0,rl,160,4,21,1,1.0,libero_goal,831.741402387619,4f4f4a2bdf539d4433365d2f7a192b12b206566d,outputs/rl/eval/a1_sft_s0_task4_accum20_joint15_lr2.5e-7_task4
a1_sft_s0_task4_accum20_joint15_lr2.5e-7_task4,a1_rl,1,0,rl,160,4,22,0,0.0,libero_goal,831.741402387619,4f4f4a2bdf539d4433365d2f7a192b12b206566d,outputs/rl/eval/a1_sft_s0_task4_accum20_joint15_lr2.5e-7_task4
a1_sft_s0_task4_accum20_joint15_lr2.5e-7_task4,a1_rl,1,0,rl,160,4,23,0,0.0,libero_goal,831.741402387619,4f4f4a2bdf539d4433365d2f7a192b12b206566d,outputs/rl/eval/a1_sft_s0_task4_accum20_joint15_lr2.5e-7_task4
a1_sft_s0_task4_accum20_joint15_lr2.5e-7_task4,a1_rl,1,0,rl,160,4,24,0,0.0,libero_goal,831.741402387619,4f4f4a2bdf539d4433365d2f7a192b12b206566d,outputs/rl/eval/a1_sft_s0_task4_accum20_joint15_lr2.5e-7_task4
a1_sft_s0_task4_accum20_joint15_lr2.5e-7_task4,a1_rl,1,0,rl,160,4,25,1,1.0,libero_goal,831.741402387619,4f4f4a2bdf539d4433365d2f7a192b12b206566d,outputs/rl/eval/a1_sft_s0_task4_accum20_joint15_lr2.5e-7_task4
a1_sft_s0_task4_accum20_joint15_lr2.5e-7_task4,a1_rl,1,0,rl,160,4,26,1,1.0,libero_goal,831.741402387619,4f4f4a2bdf539d4433365d2f7a192b12b206566d,outputs/rl/eval/a1_sft_s0_task4_accum20_joint15_lr2.5e-7_task4
a1_sft_s0_task4_accum20_joint15_lr2.5e-7_task4,a1_rl,1,0,rl,160,4,27,1,1.0,libero_goal,831.741402387619,4f4f4a2bdf539d4433365d2f7a192b12b206566d,outputs/rl/eval/a1_sft_s0_task4_accum20_joint15_lr2.5e-7_task4
a1_sft_s0_task4_accum20_joint15_lr2.5e-7_task4,a1_rl,1,0,rl,160,4,28,1,1.0,libero_goal,831.741402387619,4f4f4a2bdf539d4433365d2f7a192b12b206566d,outputs/rl/eval/a1_sft_s0_task4_accum20_joint15_lr2.5e-7_task4
a1_sft_s0_task4_accum20_joint15_lr2.5e-7_task4,a1_rl,1,0,rl,160,4,29,0,0.0,libero_goal,831.741402387619,4f4f4a2bdf539d4433365d2f7a192b12b206566d,outputs/rl/eval/a1_sft_s0_task4_accum20_joint15_lr2.5e-7_task4
a1_sft_s0_task4_accum20_joint15_lr2.5e-7_task4,a1_rl,1,0,rl,160,4,30,1,1.0,libero_goal,831.741402387619,4f4f4a2bdf539d4433365d2f7a192b12b206566d,outputs/rl/eval/a1_sft_s0_task4_accum20_joint15_lr2.5e-7_task4
a1_sft_s0_task4_accum20_joint15_lr2.5e-7_task4,a1_rl,1,0,rl,160,4,31,1,1.0,libero_goal,831.741402387619,4f4f4a2bdf539d4433365d2f7a192b12b206566d,outputs/rl/eval/a1_sft_s0_task4_accum20_joint15_lr2.5e-7_task4
a1_sft_s0_task4_accum20_joint15_lr2.5e-7_task4,a1_rl,1,0,rl,160,4,32,0,0.0,libero_goal,831.741402387619,4f4f4a2bdf539d4433365d2f7a192b12b206566d,outputs/rl/eval/a1_sft_s0_task4_accum20_joint15_lr2.5e-7_task4
a1_sft_s0_task4_accum20_joint15_lr2.5e-7_task4,a1_rl,1,0,rl,160,4,33,1,1.0,libero_goal,831.741402387619,4f4f4a2bdf539d4433365d2f7a192b12b206566d,outputs/rl/eval/a1_sft_s0_task4_accum20_joint15_lr2.5e-7_task4
a1_sft_s0_task4_accum20_joint15_lr2.5e-7_task4,a1_rl,1,0,rl,160,4,34,1,1.0,libero_goal,831.741402387619,4f4f4a2bdf539d4433365d2f7a192b12b206566d,outputs/rl/eval/a1_sft_s0_task4_accum20_joint15_lr2.5e-7_task4
a1_sft_s0_task4_accum20_joint15_lr2.5e-7_task4,a1_rl,1,0,rl,160,4,35,1,1.0,libero_goal,831.741402387619,4f4f4a2bdf539d4433365d2f7a192b12b206566d,outputs/rl/eval/a1_sft_s0_task4_accum20_joint15_lr2.5e-7_task4
a1_sft_s0_task4_accum20_joint15_lr2.5e-7_task4,a1_rl,1,0,rl,160,4,36,1,1.0,libero_goal,831.741402387619,4f4f4a2bdf539d4433365d2f7a192b12b206566d,outputs/rl/eval/a1_sft_s0_task4_accum20_joint15_lr2.5e-7_task4
a1_sft_s0_task4_accum20_joint15_lr2.5e-7_task4,a1_rl,1,0,rl,160,4,37,1,1.0,libero_goal,831.741402387619,4f4f4a2bdf539d4433365d2f7a192b12b206566d,outputs/rl/eval/a1_sft_s0_task4_accum20_joint15_lr2.5e-7_task4
a1_sft_s0_task4_accum20_joint15_lr2.5e-7_task4,a1_rl,1,0,rl,160,4,38,0,0.0,libero_goal,831.741402387619,4f4f4a2bdf539d4433365d2f7a192b12b206566d,outputs/rl/eval/a1_sft_s0_task4_accum20_joint15_lr2.5e-7_task4
a1_sft_s0_task4_accum20_joint15_lr2.5e-7_task4,a1_rl,1,0,rl,160,4,39,0,0.0,libero_goal,831.741402387619,4f4f4a2bdf539d4433365d2f7a192b12b206566d,outputs/rl/eval/a1_sft_s0_task4_accum20_joint15_lr2.5e-7_task4
a1_sft_s0_task4_accum20_joint15_lr2.5e-7_task4,a1_rl,1,0,rl,160,4,40,0,0.0,libero_goal,831.741402387619,4f4f4a2bdf539d4433365d2f7a192b12b206566d,outputs/rl/eval/a1_sft_s0_task4_accum20_joint15_lr2.5e-7_task4
a1_sft_s0_task4_accum20_joint15_lr2.5e-7_task4,a1_rl,1,0,rl,160,4,41,1,1.0,libero_goal,831.741402387619,4f4f4a2bdf539d4433365d2f7a192b12b206566d,outputs/rl/eval/a1_sft_s0_task4_accum20_joint15_lr2.5e-7_task4
a1_sft_s0_task4_accum20_joint15_lr2.5e-7_task4,a1_rl,1,0,rl,160,4,42,1,1.0,libero_goal,831.741402387619,4f4f4a2bdf539d4433365d2f7a192b12b206566d,outputs/rl/eval/a1_sft_s0_task4_accum20_joint15_lr2.5e-7_task4
a1_sft_s0_task4_accum20_joint15_lr2.5e-7_task4,a1_rl,1,0,rl,160,4,43,1,1.0,libero_goal,831.741402387619,4f4f4a2bdf539d4433365d2f7a192b12b206566d,outputs/rl/eval/a1_sft_s0_task4_accum20_joint15_lr2.5e-7_task4
a1_sft_s0_task4_accum20_joint15_lr2.5e-7_task4,a1_rl,1,0,rl,160,4,44,1,1.0,libero_goal,831.741402387619,4f4f4a2bdf539d4433365d2f7a192b12b206566d,outputs/rl/eval/a1_sft_s0_task4_accum20_joint15_lr2.5e-7_task4
a1_sft_s0_task4_accum20_joint15_lr2.5e-7_task4,a1_rl,1,0,rl,160,4,45,1,1.0,libero_goal,831.741402387619,4f4f4a2bdf539d4433365d2f7a192b12b206566d,outputs/rl/eval/a1_sft_s0_task4_accum20_joint15_lr2.5e-7_task4
a1_sft_s0_task4_accum20_joint15_lr2.5e-7_task4,a1_rl,1,0,rl,160,4,46,1,1.0,libero_goal,831.741402387619,4f4f4a2bdf539d4433365d2f7a192b12b206566d,outputs/rl/eval/a1_sft_s0_task4_accum20_joint15_lr2.5e-7_task4
a1_sft_s0_task4_accum20_joint15_lr2.5e-7_task4,a1_rl,1,0,rl,160,4,47,0,0.0,libero_goal,831.741402387619,4f4f4a2bdf539d4433365d2f7a192b12b206566d,outputs/rl/eval/a1_sft_s0_task4_accum20_joint15_lr2.5e-7_task4
a1_sft_s0_task4_accum20_joint15_lr2.5e-7_task4,a1_rl,1,0,rl,160,4,48,0,0.0,libero_goal,831.741402387619,4f4f4a2bdf539d4433365d2f7a192b12b206566d,outputs/rl/eval/a1_sft_s0_task4_accum20_joint15_lr2.5e-7_task4
a1_sft_s0_task4_accum20_joint15_lr2.5e-7_task4,a1_rl,1,0,rl,160,4,49,1,1.0,libero_goal,831.741402387619,4f4f4a2bdf539d4433365d2f7a192b12b206566d,outputs/rl/eval/a1_sft_s0_task4_accum20_joint15_lr2.5e-7_task4
a1_sft_s0_task4_accum20_joint15_lr2.5e-7_task4,a1_rl,1,0,rl,160,4,50,0,0.0,libero_goal,831.741402387619,4f4f4a2bdf539d4433365d2f7a192b12b206566d,outputs/rl/eval/a1_sft_s0_task4_accum20_joint15_lr2.5e-7_task4
a1_sft_s0_task4_accum20_joint15_lr2.5e-7_task4,a1_rl,1,0,rl,160,4,51,1,1.0,libero_goal,831.741402387619,4f4f4a2bdf539d4433365d2f7a192b12b206566d,outputs/rl/eval/a1_sft_s0_task4_accum20_joint15_lr2.5e-7_task4
a1_sft_s0_task4_accum20_joint15_lr2.5e-7_task4,a1_rl,1,0,rl,160,4,52,1,1.0,libero_goal,831.741402387619,4f4f4a2bdf539d4433365d2f7a192b12b206566d,outputs/rl/eval/a1_sft_s0_task4_accum20_joint15_lr2.5e-7_task4
a1_sft_s0_task4_accum20_joint15_lr2.5e-7_task4,a1_rl,1,0,rl,160,4,53,0,0.0,libero_goal,831.741402387619,4f4f4a2bdf539d4433365d2f7a192b12b206566d,outputs/rl/eval/a1_sft_s0_task4_accum20_joint15_lr2.5e-7_task4
a1_sft_s0_task4_accum20_joint15_lr2.5e-7_task4,a1_rl,1,0,rl,160,4,54,1,1.0,libero_goal,831.741402387619,4f4f4a2bdf539d4433365d2f7a192b12b206566d,outputs/rl/eval/a1_sft_s0_task4_accum20_joint15_lr2.5e-7_task4
a1_sft_s0_task4_accum20_joint15_lr2.5e-7_task4,a1_rl,1,0,rl,160,4,55,1,1.0,libero_goal,831.741402387619,4f4f4a2bdf539d4433365d2f7a192b12b206566d,outputs/rl/eval/a1_sft_s0_task4_accum20_joint15_lr2.5e-7_task4
a1_sft_s0_task4_accum20_joint15_lr2.5e-7_task4,a1_rl,1,0,rl,160,4,56,0,0.0,libero_goal,831.741402387619,4f4f4a2bdf539d4433365d2f7a192b12b206566d,outputs/rl/eval/a1_sft_s0_task4_accum20_joint15_lr2.5e-7_task4
a1_sft_s0_task4_accum20_joint15_lr2.5e-7_task4,a1_rl,1,0,rl,160,4,57,1,1.0,libero_goal,831.741402387619,4f4f4a2bdf539d4433365d2f7a192b12b206566d,outputs/rl/eval/a1_sft_s0_task4_accum20_joint15_lr2.5e-7_task4
a1_sft_s0_task4_accum20_joint15_lr2.5e-7_task4,a1_rl,1,0,rl,160,4,58,0,0.0,libero_goal,831.741402387619,4f4f4a2bdf539d4433365d2f7a192b12b206566d,outputs/rl/eval/a1_sft_s0_task4_accum20_joint15_lr2.5e-7_task4
a1_sft_s0_task4_accum20_joint15_lr2.5e-7_task4,a1_rl,1,0,rl,160,4,59,1,1.0,libero_goal,831.741402387619,4f4f4a2bdf539d4433365d2f7a192b12b206566d,outputs/rl/eval/a1_sft_s0_task4_accum20_joint15_lr2.5e-7_task4
a1_sft_s0_task4_accum20_joint15_lr2.5e-7_task4,a1_rl,1,0,rl,160,4,60,0,0.0,libero_goal,831.741402387619,4f4f4a2bdf539d4433365d2f7a192b12b206566d,outputs/rl/eval/a1_sft_s0_task4_accum20_joint15_lr2.5e-7_task4
a1_sft_s0_task4_accum20_joint15_lr2.5e-7_task4,a1_rl,1,0,rl,160,4,61,0,0.0,libero_goal,831.741402387619,4f4f4a2bdf539d4433365d2f7a192b12b206566d,outputs/rl/eval/a1_sft_s0_task4_accum20_joint15_lr2.5e-7_task4
a1_sft_s0_task4_accum20_joint15_lr2.5e-7_task4,a1_rl,1,0,rl,160,4,62,1,1.0,libero_goal,831.741402387619,4f4f4a2bdf539d4433365d2f7a192b12b206566d,outputs/rl/eval/a1_sft_s0_task4_accum20_joint15_lr2.5e-7_task4
a1_sft_s0_task4_accum20_joint15_lr2.5e-7_task4,a1_rl,1,0,rl,160,4,63,1,1.0,libero_goal,831.741402387619,4f4f4a2bdf539d4433365d2f7a192b12b206566d,outputs/rl/eval/a1_sft_s0_task4_accum20_joint15_lr2.5e-7_task4
a1_sft_s0_task4_accum20_joint15_lr2.5e-7_task4,a1_rl,1,0,rl,160,4,64,0,0.0,libero_goal,831.741402387619,4f4f4a2bdf539d4433365d2f7a192b12b206566d,outputs/rl/eval/a1_sft_s0_task4_accum20_joint15_lr2.5e-7_task4
a1_sft_s0_task4_accum20_joint15_lr2.5e-7_task4,a1_rl,1,0,rl,160,4,65,1,1.0,libero_goal,831.741402387619,4f4f4a2bdf539d4433365d2f7a192b12b206566d,outputs/rl/eval/a1_sft_s0_task4_accum20_joint15_lr2.5e-7_task4
a1_sft_s0_task4_accum20_joint15_lr2.5e-7_task4,a1_rl,1,0,rl,160,4,66,1,1.0,libero_goal,831.741402387619,4f4f4a2bdf539d4433365d2f7a192b12b206566d,outputs/rl/eval/a1_sft_s0_task4_accum20_joint15_lr2.5e-7_task4
a1_sft_s0_task4_accum20_joint15_lr2.5e-7_task4,a1_rl,1,0,rl,160,4,67,1,1.0,libero_goal,831.741402387619,4f4f4a2bdf539d4433365d2f7a192b12b206566d,outputs/rl/eval/a1_sft_s0_task4_accum20_joint15_lr2.5e-7_task4
a1_sft_s0_task4_accum20_joint15_lr2.5e-7_task4,a1_rl,1,0,rl,160,4,68,0,0.0,libero_goal,831.741402387619,4f4f4a2bdf539d4433365d2f7a192b12b206566d,outputs/rl/eval/a1_sft_s0_task4_accum20_joint15_lr2.5e-7_task4
a1_sft_s0_task4_accum20_joint15_lr2.5e-7_task4,a1_rl,1,0,rl,160,4,69,0,0.0,libero_goal,831.741402387619,4f4f4a2bdf539d4433365d2f7a192b12b206566d,outputs/rl/eval/a1_sft_s0_task4_accum20_joint15_lr2.5e-7_task4
a1_sft_s0_task4_accum20_joint15_lr2.5e-7_task4,a1_rl,1,0,rl,160,4,70,1,1.0,libero_goal,831.741402387619,4f4f4a2bdf539d4433365d2f7a192b12b206566d,outputs/rl/eval/a1_sft_s0_task4_accum20_joint15_lr2.5e-7_task4
a1_sft_s0_task4_accum20_joint15_lr2.5e-7_task4,a1_rl,1,0,rl,160,4,71,1,1.0,libero_goal,831.741402387619,4f4f4a2bdf539d4433365d2f7a192b12b206566d,outputs/rl/eval/a1_sft_s0_task4_accum20_joint15_lr2.5e-7_task4
a1_sft_s0_task4_accum20_joint15_lr2.5e-7_task4,a1_rl,1,0,rl,160,4,72,0,0.0,libero_goal,831.741402387619,4f4f4a2bdf539d4433365d2f7a192b12b206566d,outputs/rl/eval/a1_sft_s0_task4_accum20_joint15_lr2.5e-7_task4
a1_sft_s0_task4_accum20_joint15_lr2.5e-7_task4,a1_rl,1,0,rl,160,4,73,0,0.0,libero_goal,831.741402387619,4f4f4a2bdf539d4433365d2f7a192b12b206566d,outputs/rl/eval/a1_sft_s0_task4_accum20_joint15_lr2.5e-7_task4
a1_sft_s0_task4_accum20_joint15_lr2.5e-7_task4,a1_rl,1,0,rl,160,4,74,0,0.0,libero_goal,831.741402387619,4f4f4a2bdf539d4433365d2f7a192b12b206566d,outputs/rl/eval/a1_sft_s0_task4_accum20_joint15_lr2.5e-7_task4
a1_sft_s0_task4_accum20_joint15_lr2.5e-7_task4,a1_rl,1,0,rl,160,4,75,1,1.0,libero_goal,831.741402387619,4f4f4a2bdf539d4433365d2f7a192b12b206566d,outputs/rl/eval/a1_sft_s0_task4_accum20_joint15_lr2.5e-7_task4
a1_sft_s0_task4_accum20_joint15_lr2.5e-7_task4,a1_rl,1,0,rl,160,4,76,1,1.0,libero_goal,831.741402387619,4f4f4a2bdf539d4433365d2f7a192b12b206566d,outputs/rl/eval/a1_sft_s0_task4_accum20_joint15_lr2.5e-7_task4
a1_sft_s0_task4_accum20_joint15_lr2.5e-7_task4,a1_rl,1,0,rl,160,4,77,1,1.0,libero_goal,831.741402387619,4f4f4a2bdf539d4433365d2f7a192b12b206566d,outputs/rl/eval/a1_sft_s0_task4_accum20_joint15_lr2.5e-7_task4
a1_sft_s0_task4_accum20_joint15_lr2.5e-7_task4,a1_rl,1,0,rl,160,4,78,1,1.0,libero_goal,831.741402387619,4f4f4a2bdf539d4433365d2f7a192b12b206566d,outputs/rl/eval/a1_sft_s0_task4_accum20_joint15_lr2.5e-7_task4
a1_sft_s0_task4_accum20_joint15_lr2.5e-7_task4,a1_rl,1,0,rl,160,4,79,0,0.0,libero_goal,831.741402387619,4f4f4a2bdf539d4433365d2f7a192b12b206566d,outputs/rl/eval/a1_sft_s0_task4_accum20_joint15_lr2.5e-7_task4
a1_sft_s0_task4_accum20_joint15_lr2.5e-7_task4,a1_rl,1,0,rl,160,4,80,1,1.0,libero_goal,831.741402387619,4f4f4a2bdf539d4433365d2f7a192b12b206566d,outputs/rl/eval/a1_sft_s0_task4_accum20_joint15_lr2.5e-7_task4
a1_sft_s0_task4_accum20_joint15_lr2.5e-7_task4,a1_rl,1,0,rl,160,4,81,1,1.0,libero_goal,831.741402387619,4f4f4a2bdf539d4433365d2f7a192b12b206566d,outputs/rl/eval/a1_sft_s0_task4_accum20_joint15_lr2.5e-7_task4
a1_sft_s0_task4_accum20_joint15_lr2.5e-7_task4,a1_rl,1,0,rl,160,4,82,0,0.0,libero_goal,831.741402387619,4f4f4a2bdf539d4433365d2f7a192b12b206566d,outputs/rl/eval/a1_sft_s0_task4_accum20_joint15_lr2.5e-7_task4
a1_sft_s0_task4_accum20_joint15_lr2.5e-7_task4,a1_rl,1,0,rl,160,4,83,0,0.0,libero_goal,831.741402387619,4f4f4a2bdf539d4433365d2f7a192b12b206566d,outputs/rl/eval/a1_sft_s0_task4_accum20_joint15_lr2.5e-7_task4
a1_sft_s0_task4_accum20_joint15_lr2.5e-7_task4,a1_rl,1,0,rl,160,4,84,1,1.0,libero_goal,831.741402387619,4f4f4a2bdf539d4433365d2f7a192b12b206566d,outputs/rl/eval/a1_sft_s0_task4_accum20_joint15_lr2.5e-7_task4
a1_sft_s0_task4_accum20_joint15_lr2.5e-7_task4,a1_rl,1,0,rl,160,4,85,1,1.0,libero_goal,831.741402387619,4f4f4a2bdf539d4433365d2f7a192b12b206566d,outputs/rl/eval/a1_sft_s0_task4_accum20_joint15_lr2.5e-7_task4
a1_sft_s0_task4_accum20_joint15_lr2.5e-7_task4,a1_rl,1,0,rl,160,4,86,1,1.0,libero_goal,831.741402387619,4f4f4a2bdf539d4433365d2f7a192b12b206566d,outputs/rl/eval/a1_sft_s0_task4_accum20_joint15_lr2.5e-7_task4
a1_sft_s0_task4_accum20_joint15_lr2.5e-7_task4,a1_rl,1,0,rl,160,4,87,1,1.0,libero_goal,831.741402387619,4f4f4a2bdf539d4433365d2f7a192b12b206566d,outputs/rl/eval/a1_sft_s0_task4_accum20_joint15_lr2.5e-7_task4
a1_sft_s0_task4_accum20_joint15_lr2.5e-7_task4,a1_rl,1,0,rl,160,4,88,0,0.0,libero_goal,831.741402387619,4f4f4a2bdf539d4433365d2f7a192b12b206566d,outputs/rl/eval/a1_sft_s0_task4_accum20_joint15_lr2.5e-7_task4
a1_sft_s0_task4_accum20_joint15_lr2.5e-7_task4,a1_rl,1,0,rl,160,4,89,0,0.0,libero_goal,831.741402387619,4f4f4a2bdf539d4433365d2f7a192b12b206566d,outputs/rl/eval/a1_sft_s0_task4_accum20_joint15_lr2.5e-7_task4
a1_sft_s0_task4_accum20_joint15_lr2.5e-7_task4,a1_rl,1,0,rl,160,4,90,0,0.0,libero_goal,831.741402387619,4f4f4a2bdf539d4433365d2f7a192b12b206566d,outputs/rl/eval/a1_sft_s0_task4_accum20_joint15_lr2.5e-7_task4
a1_sft_s0_task4_accum20_joint15_lr2.5e-7_task4,a1_rl,1,0,rl,160,4,91,1,1.0,libero_goal,831.741402387619,4f4f4a2bdf539d4433365d2f7a192b12b206566d,outputs/rl/eval/a1_sft_s0_task4_accum20_joint15_lr2.5e-7_task4
a1_sft_s0_task4_accum20_joint15_lr2.5e-7_task4,a1_rl,1,0,rl,160,4,92,1,1.0,libero_goal,831.741402387619,4f4f4a2bdf539d4433365d2f7a192b12b206566d,outputs/rl/eval/a1_sft_s0_task4_accum20_joint15_lr2.5e-7_task4
a1_sft_s0_task4_accum20_joint15_lr2.5e-7_task4,a1_rl,1,0,rl,160,4,93,1,1.0,libero_goal,831.741402387619,4f4f4a2bdf539d4433365d2f7a192b12b206566d,outputs/rl/eval/a1_sft_s0_task4_accum20_joint15_lr2.5e-7_task4
a1_sft_s0_task4_accum20_joint15_lr2.5e-7_task4,a1_rl,1,0,rl,160,4,94,1,1.0,libero_goal,831.741402387619,4f4f4a2bdf539d4433365d2f7a192b12b206566d,outputs/rl/eval/a1_sft_s0_task4_accum20_joint15_lr2.5e-7_task4
a1_sft_s0_task4_accum20_joint15_lr2.5e-7_task4,a1_rl,1,0,rl,160,4,95,1,1.0,libero_goal,831.741402387619,4f4f4a2bdf539d4433365d2f7a192b12b206566d,outputs/rl/eval/a1_sft_s0_task4_accum20_joint15_lr2.5e-7_task4
a1_sft_s0_task4_accum20_joint15_lr2.5e-7_task4,a1_rl,1,0,rl,160,4,96,1,1.0,libero_goal,831.741402387619,4f4f4a2bdf539d4433365d2f7a192b12b206566d,outputs/rl/eval/a1_sft_s0_task4_accum20_joint15_lr2.5e-7_task4
a1_sft_s0_task4_accum20_joint15_lr2.5e-7_task4,a1_rl,1,0,rl,160,4,97,0,0.0,libero_goal,831.741402387619,4f4f4a2bdf539d4433365d2f7a192b12b206566d,outputs/rl/eval/a1_sft_s0_task4_accum20_joint15_lr2.5e-7_task4
a1_sft_s0_task4_accum20_joint15_lr2.5e-7_task4,a1_rl,1,0,rl,160,4,98,0,0.0,libero_goal,831.741402387619,4f4f4a2bdf539d4433365d2f7a192b12b206566d,outputs/rl/eval/a1_sft_s0_task4_accum20_joint15_lr2.5e-7_task4
a1_sft_s0_task4_accum20_joint15_lr2.5e-7_task4,a1_rl,1,0,rl,160,4,99,1,1.0,libero_goal,831.741402387619,4f4f4a2bdf539d4433365d2f7a192b12b206566d,outputs/rl/eval/a1_sft_s0_task4_accum20_joint15_lr2.5e-7_task4
a1_sft_s0_task4_accum20_joint15_lr2.5e-7_seed10_task4,a1_rl,1,0,rl,160,4,0,0,0.0,libero_goal,820.6775517463684,4f4f4a2bdf539d4433365d2f7a192b12b206566d,outputs/rl/eval/a1_sft_s0_task4_accum20_joint15_lr2.5e-7_seed10_task4
a1_sft_s0_task4_accum20_joint15_lr2.5e-7_seed10_task4,a1_rl,1,0,rl,160,4,1,1,1.0,libero_goal,820.6775517463684,4f4f4a2bdf539d4433365d2f7a192b12b206566d,outputs/rl/eval/a1_sft_s0_task4_accum20_joint15_lr2.5e-7_seed10_task4
a1_sft_s0_task4_accum20_joint15_lr2.5e-7_seed10_task4,a1_rl,1,0,rl,160,4,2,1,1.0,libero_goal,820.6775517463684,4f4f4a2bdf539d4433365d2f7a192b12b206566d,outputs/rl/eval/a1_sft_s0_task4_accum20_joint15_lr2.5e-7_seed10_task4
a1_sft_s0_task4_accum20_joint15_lr2.5e-7_seed10_task4,a1_rl,1,0,rl,160,4,3,0,0.0,libero_goal,820.6775517463684,4f4f4a2bdf539d4433365d2f7a192b12b206566d,outputs/rl/eval/a1_sft_s0_task4_accum20_joint15_lr2.5e-7_seed10_task4
a1_sft_s0_task4_accum20_joint15_lr2.5e-7_seed10_task4,a1_rl,1,0,rl,160,4,4,0,0.0,libero_goal,820.6775517463684,4f4f4a2bdf539d4433365d2f7a192b12b206566d,outputs/rl/eval/a1_sft_s0_task4_accum20_joint15_lr2.5e-7_seed10_task4
a1_sft_s0_task4_accum20_joint15_lr2.5e-7_seed10_task4,a1_rl,1,0,rl,160,4,5,1,1.0,libero_goal,820.6775517463684,4f4f4a2bdf539d4433365d2f7a192b12b206566d,outputs/rl/eval/a1_sft_s0_task4_accum20_joint15_lr2.5e-7_seed10_task4
a1_sft_s0_task4_accum20_joint15_lr2.5e-7_seed10_task4,a1_rl,1,0,rl,160,4,6,0,0.0,libero_goal,820.6775517463684,4f4f4a2bdf539d4433365d2f7a192b12b206566d,outputs/rl/eval/a1_sft_s0_task4_accum20_joint15_lr2.5e-7_seed10_task4
a1_sft_s0_task4_accum20_joint15_lr2.5e-7_seed10_task4,a1_rl,1,0,rl,160,4,7,0,0.0,libero_goal,820.6775517463684,4f4f4a2bdf539d4433365d2f7a192b12b206566d,outputs/rl/eval/a1_sft_s0_task4_accum20_joint15_lr2.5e-7_seed10_task4
a1_sft_s0_task4_accum20_joint15_lr2.5e-7_seed10_task4,a1_rl,1,0,rl,160,4,8,0,0.0,libero_goal,820.6775517463684,4f4f4a2bdf539d4433365d2f7a192b12b206566d,outputs/rl/eval/a1_sft_s0_task4_accum20_joint15_lr2.5e-7_seed10_task4
a1_sft_s0_task4_accum20_joint15_lr2.5e-7_seed10_task4,a1_rl,1,0,rl,160,4,9,1,1.0,libero_goal,820.6775517463684,4f4f4a2bdf539d4433365d2f7a192b12b206566d,outputs/rl/eval/a1_sft_s0_task4_accum20_joint15_lr2.5e-7_seed10_task4
a1_sft_s0_task4_accum20_joint15_lr2.5e-7_seed10_task4,a1_rl,1,0,rl,160,4,10,0,0.0,libero_goal,820.6775517463684,4f4f4a2bdf539d4433365d2f7a192b12b206566d,outputs/rl/eval/a1_sft_s0_task4_accum20_joint15_lr2.5e-7_seed10_task4
a1_sft_s0_task4_accum20_joint15_lr2.5e-7_seed10_task4,a1_rl,1,0,rl,160,4,11,0,0.0,libero_goal,820.6775517463684,4f4f4a2bdf539d4433365d2f7a192b12b206566d,outputs/rl/eval/a1_sft_s0_task4_accum20_joint15_lr2.5e-7_seed10_task4
a1_sft_s0_task4_accum20_joint15_lr2.5e-7_seed10_task4,a1_rl,1,0,rl,160,4,12,1,1.0,libero_goal,820.6775517463684,4f4f4a2bdf539d4433365d2f7a192b12b206566d,outputs/rl/eval/a1_sft_s0_task4_accum20_joint15_lr2.5e-7_seed10_task4
a1_sft_s0_task4_accum20_joint15_lr2.5e-7_seed10_task4,a1_rl,1,0,rl,160,4,13,1,1.0,libero_goal,820.6775517463684,4f4f4a2bdf539d4433365d2f7a192b12b206566d,outputs/rl/eval/a1_sft_s0_task4_accum20_joint15_lr2.5e-7_seed10_task4
a1_sft_s0_task4_accum20_joint15_lr2.5e-7_seed10_task4,a1_rl,1,0,rl,160,4,14,0,0.0,libero_goal,820.6775517463684,4f4f4a2bdf539d4433365d2f7a192b12b206566d,outputs/rl/eval/a1_sft_s0_task4_accum20_joint15_lr2.5e-7_seed10_task4
a1_sft_s0_task4_accum20_joint15_lr2.5e-7_seed10_task4,a1_rl,1,0,rl,160,4,15,1,1.0,libero_goal,820.6775517463684,4f4f4a2bdf539d4433365d2f7a192b12b206566d,outputs/rl/eval/a1_sft_s0_task4_accum20_joint15_lr2.5e-7_seed10_task4
a1_sft_s0_task4_accum20_joint15_lr2.5e-7_seed10_task4,a1_rl,1,0,rl,160,4,16,1,1.0,libero_goal,820.6775517463684,4f4f4a2bdf539d4433365d2f7a192b12b206566d,outputs/rl/eval/a1_sft_s0_task4_accum20_joint15_lr2.5e-7_seed10_task4
a1_sft_s0_task4_accum20_joint15_lr2.5e-7_seed10_task4,a1_rl,1,0,rl,160,4,17,1,1.0,libero_goal,820.6775517463684,4f4f4a2bdf539d4433365d2f7a192b12b206566d,outputs/rl/eval/a1_sft_s0_task4_accum20_joint15_lr2.5e-7_seed10_task4
a1_sft_s0_task4_accum20_joint15_lr2.5e-7_seed10_task4,a1_rl,1,0,rl,160,4,18,0,0.0,libero_goal,820.6775517463684,4f4f4a2bdf539d4433365d2f7a192b12b206566d,outputs/rl/eval/a1_sft_s0_task4_accum20_joint15_lr2.5e-7_seed10_task4
a1_sft_s0_task4_accum20_joint15_lr2.5e-7_seed10_task4,a1_rl,1,0,rl,160,4,19,0,0.0,libero_goal,820.6775517463684,4f4f4a2bdf539d4433365d2f7a192b12b206566d,outputs/rl/eval/a1_sft_s0_task4_accum20_joint15_lr2.5e-7_seed10_task4
a1_sft_s0_task4_accum20_joint15_lr2.5e-7_seed10_task4,a1_rl,1,0,rl,160,4,20,1,1.0,libero_goal,820.6775517463684,4f4f4a2bdf539d4433365d2f7a192b12b206566d,outputs/rl/eval/a1_sft_s0_task4_accum20_joint15_lr2.5e-7_seed10_task4
a1_sft_s0_task4_accum20_joint15_lr2.5e-7_seed10_task4,a1_rl,1,0,rl,160,4,21,1,1.0,libero_goal,820.6775517463684,4f4f4a2bdf539d4433365d2f7a192b12b206566d,outputs/rl/eval/a1_sft_s0_task4_accum20_joint15_lr2.5e-7_seed10_task4
a1_sft_s0_task4_accum20_joint15_lr2.5e-7_seed10_task4,a1_rl,1,0,rl,160,4,22,0,0.0,libero_goal,820.6775517463684,4f4f4a2bdf539d4433365d2f7a192b12b206566d,outputs/rl/eval/a1_sft_s0_task4_accum20_joint15_lr2.5e-7_seed10_task4
a1_sft_s0_task4_accum20_joint15_lr2.5e-7_seed10_task4,a1_rl,1,0,rl,160,4,23,0,0.0,libero_goal,820.6775517463684,4f4f4a2bdf539d4433365d2f7a192b12b206566d,outputs/rl/eval/a1_sft_s0_task4_accum20_joint15_lr2.5e-7_seed10_task4
a1_sft_s0_task4_accum20_joint15_lr2.5e-7_seed10_task4,a1_rl,1,0,rl,160,4,24,0,0.0,libero_goal,820.6775517463684,4f4f4a2bdf539d4433365d2f7a192b12b206566d,outputs/rl/eval/a1_sft_s0_task4_accum20_joint15_lr2.5e-7_seed10_task4
a1_sft_s0_task4_accum20_joint15_lr2.5e-7_seed10_task4,a1_rl,1,0,rl,160,4,25,1,1.0,libero_goal,820.6775517463684,4f4f4a2bdf539d4433365d2f7a192b12b206566d,outputs/rl/eval/a1_sft_s0_task4_accum20_joint15_lr2.5e-7_seed10_task4
a1_sft_s0_task4_accum20_joint15_lr2.5e-7_seed10_task4,a1_rl,1,0,rl,160,4,26,1,1.0,libero_goal,820.6775517463684,4f4f4a2bdf539d4433365d2f7a192b12b206566d,outputs/rl/eval/a1_sft_s0_task4_accum20_joint15_lr2.5e-7_seed10_task4
a1_sft_s0_task4_accum20_joint15_lr2.5e-7_seed10_task4,a1_rl,1,0,rl,160,4,27,1,1.0,libero_goal,820.6775517463684,4f4f4a2bdf539d4433365d2f7a192b12b206566d,outputs/rl/eval/a1_sft_s0_task4_accum20_joint15_lr2.5e-7_seed10_task4
a1_sft_s0_task4_accum20_joint15_lr2.5e-7_seed10_task4,a1_rl,1,0,rl,160,4,28,1,1.0,libero_goal,820.6775517463684,4f4f4a2bdf539d4433365d2f7a192b12b206566d,outputs/rl/eval/a1_sft_s0_task4_accum20_joint15_lr2.5e-7_seed10_task4
a1_sft_s0_task4_accum20_joint15_lr2.5e-7_seed10_task4,a1_rl,1,0,rl,160,4,29,0,0.0,libero_goal,820.6775517463684,4f4f4a2bdf539d4433365d2f7a192b12b206566d,outputs/rl/eval/a1_sft_s0_task4_accum20_joint15_lr2.5e-7_seed10_task4
a1_sft_s0_task4_accum20_joint15_lr2.5e-7_seed10_task4,a1_rl,1,0,rl,160,4,30,1,1.0,libero_goal,820.6775517463684,4f4f4a2bdf539d4433365d2f7a192b12b206566d,outputs/rl/eval/a1_sft_s0_task4_accum20_joint15_lr2.5e-7_seed10_task4
a1_sft_s0_task4_accum20_joint15_lr2.5e-7_seed10_task4,a1_rl,1,0,rl,160,4,31,1,1.0,libero_goal,820.6775517463684,4f4f4a2bdf539d4433365d2f7a192b12b206566d,outputs/rl/eval/a1_sft_s0_task4_accum20_joint15_lr2.5e-7_seed10_task4
a1_sft_s0_task4_accum20_joint15_lr2.5e-7_seed10_task4,a1_rl,1,0,rl,160,4,32,0,0.0,libero_goal,820.6775517463684,4f4f4a2bdf539d4433365d2f7a192b12b206566d,outputs/rl/eval/a1_sft_s0_task4_accum20_joint15_lr2.5e-7_seed10_task4
a1_sft_s0_task4_accum20_joint15_lr2.5e-7_seed10_task4,a1_rl,1,0,rl,160,4,33,1,1.0,libero_goal,820.6775517463684,4f4f4a2bdf539d4433365d2f7a192b12b206566d,outputs/rl/eval/a1_sft_s0_task4_accum20_joint15_lr2.5e-7_seed10_task4
a1_sft_s0_task4_accum20_joint15_lr2.5e-7_seed10_task4,a1_rl,1,0,rl,160,4,34,1,1.0,libero_goal,820.6775517463684,4f4f4a2bdf539d4433365d2f7a192b12b206566d,outputs/rl/eval/a1_sft_s0_task4_accum20_joint15_lr2.5e-7_seed10_task4
a1_sft_s0_task4_accum20_joint15_lr2.5e-7_seed10_task4,a1_rl,1,0,rl,160,4,35,1,1.0,libero_goal,820.6775517463684,4f4f4a2bdf539d4433365d2f7a192b12b206566d,outputs/rl/eval/a1_sft_s0_task4_accum20_joint15_lr2.5e-7_seed10_task4
a1_sft_s0_task4_accum20_joint15_lr2.5e-7_seed10_task4,a1_rl,1,0,rl,160,4,36,1,1.0,libero_goal,820.6775517463684,4f4f4a2bdf539d4433365d2f7a192b12b206566d,outputs/rl/eval/a1_sft_s0_task4_accum20_joint15_lr2.5e-7_seed10_task4
a1_sft_s0_task4_accum20_joint15_lr2.5e-7_seed10_task4,a1_rl,1,0,rl,160,4,37,1,1.0,libero_goal,820.6775517463684,4f4f4a2bdf539d4433365d2f7a192b12b206566d,outputs/rl/eval/a1_sft_s0_task4_accum20_joint15_lr2.5e-7_seed10_task4
a1_sft_s0_task4_accum20_joint15_lr2.5e-7_seed10_task4,a1_rl,1,0,rl,160,4,38,0,0.0,libero_goal,820.6775517463684,4f4f4a2bdf539d4433365d2f7a192b12b206566d,outputs/rl/eval/a1_sft_s0_task4_accum20_joint15_lr2.5e-7_seed10_task4
a1_sft_s0_task4_accum20_joint15_lr2.5e-7_seed10_task4,a1_rl,1,0,rl,160,4,39,0,0.0,libero_goal,820.6775517463684,4f4f4a2bdf539d4433365d2f7a192b12b206566d,outputs/rl/eval/a1_sft_s0_task4_accum20_joint15_lr2.5e-7_seed10_task4
a1_sft_s0_task4_accum20_joint15_lr2.5e-7_seed10_task4,a1_rl,1,0,rl,160,4,40,0,0.0,libero_goal,820.6775517463684,4f4f4a2bdf539d4433365d2f7a192b12b206566d,outputs/rl/eval/a1_sft_s0_task4_accum20_joint15_lr2.5e-7_seed10_task4
a1_sft_s0_task4_accum20_joint15_lr2.5e-7_seed10_task4,a1_rl,1,0,rl,160,4,41,1,1.0,libero_goal,820.6775517463684,4f4f4a2bdf539d4433365d2f7a192b12b206566d,outputs/rl/eval/a1_sft_s0_task4_accum20_joint15_lr2.5e-7_seed10_task4
a1_sft_s0_task4_accum20_joint15_lr2.5e-7_seed10_task4,a1_rl,1,0,rl,160,4,42,1,1.0,libero_goal,820.6775517463684,4f4f4a2bdf539d4433365d2f7a192b12b206566d,outputs/rl/eval/a1_sft_s0_task4_accum20_joint15_lr2.5e-7_seed10_task4
a1_sft_s0_task4_accum20_joint15_lr2.5e-7_seed10_task4,a1_rl,1,0,rl,160,4,43,1,1.0,libero_goal,820.6775517463684,4f4f4a2bdf539d4433365d2f7a192b12b206566d,outputs/rl/eval/a1_sft_s0_task4_accum20_joint15_lr2.5e-7_seed10_task4
a1_sft_s0_task4_accum20_joint15_lr2.5e-7_seed10_task4,a1_rl,1,0,rl,160,4,44,1,1.0,libero_goal,820.6775517463684,4f4f4a2bdf539d4433365d2f7a192b12b206566d,outputs/rl/eval/a1_sft_s0_task4_accum20_joint15_lr2.5e-7_seed10_task4
a1_sft_s0_task4_accum20_joint15_lr2.5e-7_seed10_task4,a1_rl,1,0,rl,160,4,45,1,1.0,libero_goal,820.6775517463684,4f4f4a2bdf539d4433365d2f7a192b12b206566d,outputs/rl/eval/a1_sft_s0_task4_accum20_joint15_lr2.5e-7_seed10_task4
a1_sft_s0_task4_accum20_joint15_lr2.5e-7_seed10_task4,a1_rl,1,0,rl,160,4,46,1,1.0,libero_goal,820.6775517463684,4f4f4a2bdf539d4433365d2f7a192b12b206566d,outputs/rl/eval/a1_sft_s0_task4_accum20_joint15_lr2.5e-7_seed10_task4
a1_sft_s0_task4_accum20_joint15_lr2.5e-7_seed10_task4,a1_rl,1,0,rl,160,4,47,0,0.0,libero_goal,820.6775517463684,4f4f4a2bdf539d4433365d2f7a192b12b206566d,outputs/rl/eval/a1_sft_s0_task4_accum20_joint15_lr2.5e-7_seed10_task4
a1_sft_s0_task4_accum20_joint15_lr2.5e-7_seed10_task4,a1_rl,1,0,rl,160,4,48,0,0.0,libero_goal,820.6775517463684,4f4f4a2bdf539d4433365d2f7a192b12b206566d,outputs/rl/eval/a1_sft_s0_task4_accum20_joint15_lr2.5e-7_seed10_task4
a1_sft_s0_task4_accum20_joint15_lr2.5e-7_seed10_task4,a1_rl,1,0,rl,160,4,49,1,1.0,libero_goal,820.6775517463684,4f4f4a2bdf539d4433365d2f7a192b12b206566d,outputs/rl/eval/a1_sft_s0_task4_accum20_joint15_lr2.5e-7_seed10_task4
a1_sft_s0_task4_accum20_joint15_lr2.5e-7_seed10_task4,a1_rl,1,0,rl,160,4,50,0,0.0,libero_goal,820.6775517463684,4f4f4a2bdf539d4433365d2f7a192b12b206566d,outputs/rl/eval/a1_sft_s0_task4_accum20_joint15_lr2.5e-7_seed10_task4
a1_sft_s0_task4_accum20_joint15_lr2.5e-7_seed10_task4,a1_rl,1,0,rl,160,4,51,1,1.0,libero_goal,820.6775517463684,4f4f4a2bdf539d4433365d2f7a192b12b206566d,outputs/rl/eval/a1_sft_s0_task4_accum20_joint15_lr2.5e-7_seed10_task4
a1_sft_s0_task4_accum20_joint15_lr2.5e-7_seed10_task4,a1_rl,1,0,rl,160,4,52,1,1.0,libero_goal,820.6775517463684,4f4f4a2bdf539d4433365d2f7a192b12b206566d,outputs/rl/eval/a1_sft_s0_task4_accum20_joint15_lr2.5e-7_seed10_task4
a1_sft_s0_task4_accum20_joint15_lr2.5e-7_seed10_task4,a1_rl,1,0,rl,160,4,53,0,0.0,libero_goal,820.6775517463684,4f4f4a2bdf539d4433365d2f7a192b12b206566d,outputs/rl/eval/a1_sft_s0_task4_accum20_joint15_lr2.5e-7_seed10_task4
a1_sft_s0_task4_accum20_joint15_lr2.5e-7_seed10_task4,a1_rl,1,0,rl,160,4,54,1,1.0,libero_goal,820.6775517463684,4f4f4a2bdf539d4433365d2f7a192b12b206566d,outputs/rl/eval/a1_sft_s0_task4_accum20_joint15_lr2.5e-7_seed10_task4
a1_sft_s0_task4_accum20_joint15_lr2.5e-7_seed10_task4,a1_rl,1,0,rl,160,4,55,1,1.0,libero_goal,820.6775517463684,4f4f4a2bdf539d4433365d2f7a192b12b206566d,outputs/rl/eval/a1_sft_s0_task4_accum20_joint15_lr2.5e-7_seed10_task4
a1_sft_s0_task4_accum20_joint15_lr2.5e-7_seed10_task4,a1_rl,1,0,rl,160,4,56,0,0.0,libero_goal,820.6775517463684,4f4f4a2bdf539d4433365d2f7a192b12b206566d,outputs/rl/eval/a1_sft_s0_task4_accum20_joint15_lr2.5e-7_seed10_task4
a1_sft_s0_task4_accum20_joint15_lr2.5e-7_seed10_task4,a1_rl,1,0,rl,160,4,57,0,0.0,libero_goal,820.6775517463684,4f4f4a2bdf539d4433365d2f7a192b12b206566d,outputs/rl/eval/a1_sft_s0_task4_accum20_joint15_lr2.5e-7_seed10_task4
a1_sft_s0_task4_accum20_joint15_lr2.5e-7_seed10_task4,a1_rl,1,0,rl,160,4,58,0,0.0,libero_goal,820.6775517463684,4f4f4a2bdf539d4433365d2f7a192b12b206566d,outputs/rl/eval/a1_sft_s0_task4_accum20_joint15_lr2.5e-7_seed10_task4
a1_sft_s0_task4_accum20_joint15_lr2.5e-7_seed10_task4,a1_rl,1,0,rl,160,4,59,1,1.0,libero_goal,820.6775517463684,4f4f4a2bdf539d4433365d2f7a192b12b206566d,outputs/rl/eval/a1_sft_s0_task4_accum20_joint15_lr2.5e-7_seed10_task4
a1_sft_s0_task4_accum20_joint15_lr2.5e-7_seed10_task4,a1_rl,1,0,rl,160,4,60,0,0.0,libero_goal,820.6775517463684,4f4f4a2bdf539d4433365d2f7a192b12b206566d,outputs/rl/eval/a1_sft_s0_task4_accum20_joint15_lr2.5e-7_seed10_task4
a1_sft_s0_task4_accum20_joint15_lr2.5e-7_seed10_task4,a1_rl,1,0,rl,160,4,61,0,0.0,libero_goal,820.6775517463684,4f4f4a2bdf539d4433365d2f7a192b12b206566d,outputs/rl/eval/a1_sft_s0_task4_accum20_joint15_lr2.5e-7_seed10_task4
a1_sft_s0_task4_accum20_joint15_lr2.5e-7_seed10_task4,a1_rl,1,0,rl,160,4,62,1,1.0,libero_goal,820.6775517463684,4f4f4a2bdf539d4433365d2f7a192b12b206566d,outputs/rl/eval/a1_sft_s0_task4_accum20_joint15_lr2.5e-7_seed10_task4
a1_sft_s0_task4_accum20_joint15_lr2.5e-7_seed10_task4,a1_rl,1,0,rl,160,4,63,1,1.0,libero_goal,820.6775517463684,4f4f4a2bdf539d4433365d2f7a192b12b206566d,outputs/rl/eval/a1_sft_s0_task4_accum20_joint15_lr2.5e-7_seed10_task4
a1_sft_s0_task4_accum20_joint15_lr2.5e-7_seed10_task4,a1_rl,1,0,rl,160,4,64,0,0.0,libero_goal,820.6775517463684,4f4f4a2bdf539d4433365d2f7a192b12b206566d,outputs/rl/eval/a1_sft_s0_task4_accum20_joint15_lr2.5e-7_seed10_task4
a1_sft_s0_task4_accum20_joint15_lr2.5e-7_seed10_task4,a1_rl,1,0,rl,160,4,65,1,1.0,libero_goal,820.6775517463684,4f4f4a2bdf539d4433365d2f7a192b12b206566d,outputs/rl/eval/a1_sft_s0_task4_accum20_joint15_lr2.5e-7_seed10_task4
a1_sft_s0_task4_accum20_joint15_lr2.5e-7_seed10_task4,a1_rl,1,0,rl,160,4,66,1,1.0,libero_goal,820.6775517463684,4f4f4a2bdf539d4433365d2f7a192b12b206566d,outputs/rl/eval/a1_sft_s0_task4_accum20_joint15_lr2.5e-7_seed10_task4
a1_sft_s0_task4_accum20_joint15_lr2.5e-7_seed10_task4,a1_rl,1,0,rl,160,4,67,1,1.0,libero_goal,820.6775517463684,4f4f4a2bdf539d4433365d2f7a192b12b206566d,outputs/rl/eval/a1_sft_s0_task4_accum20_joint15_lr2.5e-7_seed10_task4
a1_sft_s0_task4_accum20_joint15_lr2.5e-7_seed10_task4,a1_rl,1,0,rl,160,4,68,0,0.0,libero_goal,820.6775517463684,4f4f4a2bdf539d4433365d2f7a192b12b206566d,outputs/rl/eval/a1_sft_s0_task4_accum20_joint15_lr2.5e-7_seed10_task4
a1_sft_s0_task4_accum20_joint15_lr2.5e-7_seed10_task4,a1_rl,1,0,rl,160,4,69,0,0.0,libero_goal,820.6775517463684,4f4f4a2bdf539d4433365d2f7a192b12b206566d,outputs/rl/eval/a1_sft_s0_task4_accum20_joint15_lr2.5e-7_seed10_task4
a1_sft_s0_task4_accum20_joint15_lr2.5e-7_seed10_task4,a1_rl,1,0,rl,160,4,70,1,1.0,libero_goal,820.6775517463684,4f4f4a2bdf539d4433365d2f7a192b12b206566d,outputs/rl/eval/a1_sft_s0_task4_accum20_joint15_lr2.5e-7_seed10_task4
a1_sft_s0_task4_accum20_joint15_lr2.5e-7_seed10_task4,a1_rl,1,0,rl,160,4,71,1,1.0,libero_goal,820.6775517463684,4f4f4a2bdf539d4433365d2f7a192b12b206566d,outputs/rl/eval/a1_sft_s0_task4_accum20_joint15_lr2.5e-7_seed10_task4
a1_sft_s0_task4_accum20_joint15_lr2.5e-7_seed10_task4,a1_rl,1,0,rl,160,4,72,0,0.0,libero_goal,820.6775517463684,4f4f4a2bdf539d4433365d2f7a192b12b206566d,outputs/rl/eval/a1_sft_s0_task4_accum20_joint15_lr2.5e-7_seed10_task4
a1_sft_s0_task4_accum20_joint15_lr2.5e-7_seed10_task4,a1_rl,1,0,rl,160,4,73,0,0.0,libero_goal,820.6775517463684,4f4f4a2bdf539d4433365d2f7a192b12b206566d,outputs/rl/eval/a1_sft_s0_task4_accum20_joint15_lr2.5e-7_seed10_task4
a1_sft_s0_task4_accum20_joint15_lr2.5e-7_seed10_task4,a1_rl,1,0,rl,160,4,74,0,0.0,libero_goal,820.6775517463684,4f4f4a2bdf539d4433365d2f7a192b12b206566d,outputs/rl/eval/a1_sft_s0_task4_accum20_joint15_lr2.5e-7_seed10_task4
a1_sft_s0_task4_accum20_joint15_lr2.5e-7_seed10_task4,a1_rl,1,0,rl,160,4,75,1,1.0,libero_goal,820.6775517463684,4f4f4a2bdf539d4433365d2f7a192b12b206566d,outputs/rl/eval/a1_sft_s0_task4_accum20_joint15_lr2.5e-7_seed10_task4
a1_sft_s0_task4_accum20_joint15_lr2.5e-7_seed10_task4,a1_rl,1,0,rl,160,4,76,1,1.0,libero_goal,820.6775517463684,4f4f4a2bdf539d4433365d2f7a192b12b206566d,outputs/rl/eval/a1_sft_s0_task4_accum20_joint15_lr2.5e-7_seed10_task4
a1_sft_s0_task4_accum20_joint15_lr2.5e-7_seed10_task4,a1_rl,1,0,rl,160,4,77,1,1.0,libero_goal,820.6775517463684,4f4f4a2bdf539d4433365d2f7a192b12b206566d,outputs/rl/eval/a1_sft_s0_task4_accum20_joint15_lr2.5e-7_seed10_task4
a1_sft_s0_task4_accum20_joint15_lr2.5e-7_seed10_task4,a1_rl,1,0,rl,160,4,78,1,1.0,libero_goal,820.6775517463684,4f4f4a2bdf539d4433365d2f7a192b12b206566d,outputs/rl/eval/a1_sft_s0_task4_accum20_joint15_lr2.5e-7_seed10_task4
a1_sft_s0_task4_accum20_joint15_lr2.5e-7_seed10_task4,a1_rl,1,0,rl,160,4,79,0,0.0,libero_goal,820.6775517463684,4f4f4a2bdf539d4433365d2f7a192b12b206566d,outputs/rl/eval/a1_sft_s0_task4_accum20_joint15_lr2.5e-7_seed10_task4
a1_sft_s0_task4_accum20_joint15_lr2.5e-7_seed10_task4,a1_rl,1,0,rl,160,4,80,1,1.0,libero_goal,820.6775517463684,4f4f4a2bdf539d4433365d2f7a192b12b206566d,outputs/rl/eval/a1_sft_s0_task4_accum20_joint15_lr2.5e-7_seed10_task4
a1_sft_s0_task4_accum20_joint15_lr2.5e-7_seed10_task4,a1_rl,1,0,rl,160,4,81,1,1.0,libero_goal,820.6775517463684,4f4f4a2bdf539d4433365d2f7a192b12b206566d,outputs/rl/eval/a1_sft_s0_task4_accum20_joint15_lr2.5e-7_seed10_task4
a1_sft_s0_task4_accum20_joint15_lr2.5e-7_seed10_task4,a1_rl,1,0,rl,160,4,82,0,0.0,libero_goal,820.6775517463684,4f4f4a2bdf539d4433365d2f7a192b12b206566d,outputs/rl/eval/a1_sft_s0_task4_accum20_joint15_lr2.5e-7_seed10_task4
a1_sft_s0_task4_accum20_joint15_lr2.5e-7_seed10_task4,a1_rl,1,0,rl,160,4,83,0,0.0,libero_goal,820.6775517463684,4f4f4a2bdf539d4433365d2f7a192b12b206566d,outputs/rl/eval/a1_sft_s0_task4_accum20_joint15_lr2.5e-7_seed10_task4
a1_sft_s0_task4_accum20_joint15_lr2.5e-7_seed10_task4,a1_rl,1,0,rl,160,4,84,1,1.0,libero_goal,820.6775517463684,4f4f4a2bdf539d4433365d2f7a192b12b206566d,outputs/rl/eval/a1_sft_s0_task4_accum20_joint15_lr2.5e-7_seed10_task4
a1_sft_s0_task4_accum20_joint15_lr2.5e-7_seed10_task4,a1_rl,1,0,rl,160,4,85,1,1.0,libero_goal,820.6775517463684,4f4f4a2bdf539d4433365d2f7a192b12b206566d,outputs/rl/eval/a1_sft_s0_task4_accum20_joint15_lr2.5e-7_seed10_task4
a1_sft_s0_task4_accum20_joint15_lr2.5e-7_seed10_task4,a1_rl,1,0,rl,160,4,86,1,1.0,libero_goal,820.6775517463684,4f4f4a2bdf539d4433365d2f7a192b12b206566d,outputs/rl/eval/a1_sft_s0_task4_accum20_joint15_lr2.5e-7_seed10_task4
a1_sft_s0_task4_accum20_joint15_lr2.5e-7_seed10_task4,a1_rl,1,0,rl,160,4,87,1,1.0,libero_goal,820.6775517463684,4f4f4a2bdf539d4433365d2f7a192b12b206566d,outputs/rl/eval/a1_sft_s0_task4_accum20_joint15_lr2.5e-7_seed10_task4
a1_sft_s0_task4_accum20_joint15_lr2.5e-7_seed10_task4,a1_rl,1,0,rl,160,4,88,0,0.0,libero_goal,820.6775517463684,4f4f4a2bdf539d4433365d2f7a192b12b206566d,outputs/rl/eval/a1_sft_s0_task4_accum20_joint15_lr2.5e-7_seed10_task4
a1_sft_s0_task4_accum20_joint15_lr2.5e-7_seed10_task4,a1_rl,1,0,rl,160,4,89,0,0.0,libero_goal,820.6775517463684,4f4f4a2bdf539d4433365d2f7a192b12b206566d,outputs/rl/eval/a1_sft_s0_task4_accum20_joint15_lr2.5e-7_seed10_task4
a1_sft_s0_task4_accum20_joint15_lr2.5e-7_seed10_task4,a1_rl,1,0,rl,160,4,90,0,0.0,libero_goal,820.6775517463684,4f4f4a2bdf539d4433365d2f7a192b12b206566d,outputs/rl/eval/a1_sft_s0_task4_accum20_joint15_lr2.5e-7_seed10_task4
a1_sft_s0_task4_accum20_joint15_lr2.5e-7_seed10_task4,a1_rl,1,0,rl,160,4,91,1,1.0,libero_goal,820.6775517463684,4f4f4a2bdf539d4433365d2f7a192b12b206566d,outputs/rl/eval/a1_sft_s0_task4_accum20_joint15_lr2.5e-7_seed10_task4
a1_sft_s0_task4_accum20_joint15_lr2.5e-7_seed10_task4,a1_rl,1,0,rl,160,4,92,1,1.0,libero_goal,820.6775517463684,4f4f4a2bdf539d4433365d2f7a192b12b206566d,outputs/rl/eval/a1_sft_s0_task4_accum20_joint15_lr2.5e-7_seed10_task4
a1_sft_s0_task4_accum20_joint15_lr2.5e-7_seed10_task4,a1_rl,1,0,rl,160,4,93,1,1.0,libero_goal,820.6775517463684,4f4f4a2bdf539d4433365d2f7a192b12b206566d,outputs/rl/eval/a1_sft_s0_task4_accum20_joint15_lr2.5e-7_seed10_task4
a1_sft_s0_task4_accum20_joint15_lr2.5e-7_seed10_task4,a1_rl,1,0,rl,160,4,94,1,1.0,libero_goal,820.6775517463684,4f4f4a2bdf539d4433365d2f7a192b12b206566d,outputs/rl/eval/a1_sft_s0_task4_accum20_joint15_lr2.5e-7_seed10_task4
a1_sft_s0_task4_accum20_joint15_lr2.5e-7_seed10_task4,a1_rl,1,0,rl,160,4,95,1,1.0,libero_goal,820.6775517463684,4f4f4a2bdf539d4433365d2f7a192b12b206566d,outputs/rl/eval/a1_sft_s0_task4_accum20_joint15_lr2.5e-7_seed10_task4
a1_sft_s0_task4_accum20_joint15_lr2.5e-7_seed10_task4,a1_rl,1,0,rl,160,4,96,1,1.0,libero_goal,820.6775517463684,4f4f4a2bdf539d4433365d2f7a192b12b206566d,outputs/rl/eval/a1_sft_s0_task4_accum20_joint15_lr2.5e-7_seed10_task4
a1_sft_s0_task4_accum20_joint15_lr2.5e-7_seed10_task4,a1_rl,1,0,rl,160,4,97,0,0.0,libero_goal,820.6775517463684,4f4f4a2bdf539d4433365d2f7a192b12b206566d,outputs/rl/eval/a1_sft_s0_task4_accum20_joint15_lr2.5e-7_seed10_task4
a1_sft_s0_task4_accum20_joint15_lr2.5e-7_seed10_task4,a1_rl,1,0,rl,160,4,98,0,0.0,libero_goal,820.6775517463684,4f4f4a2bdf539d4433365d2f7a192b12b206566d,outputs/rl/eval/a1_sft_s0_task4_accum20_joint15_lr2.5e-7_seed10_task4
a1_sft_s0_task4_accum20_joint15_lr2.5e-7_seed10_task4,a1_rl,1,0,rl,160,4,99,1,1.0,libero_goal,820.6775517463684,4f4f4a2bdf539d4433365d2f7a192b12b206566d,outputs/rl/eval/a1_sft_s0_task4_accum20_joint15_lr2.5e-7_seed10_task4
