run_id,condition,demo_budget,seed,stage,step,task_id,episode_idx,success,reward_total,eval_distribution,wallclock_s,git_sha,eval_dir
a1_sft_s0,a1_sft,1,0,sft,8000,5,0,1,1.0,libero_plus,3687.4836320877075,3da3ac7e4432a1d62624245435f34cd7112cf796,outputs/cp3_eval/a1_sft_s0/shard0
a1_sft_s0,a1_sft,1,0,sft,8000,64,0,0,0.0,libero_plus,3687.4836320877075,3da3ac7e4432a1d62624245435f34cd7112cf796,outputs/cp3_eval/a1_sft_s0/shard0
a1_sft_s0,a1_sft,1,0,sft,8000,97,0,1,1.0,libero_plus,3687.4836320877075,3da3ac7e4432a1d62624245435f34cd7112cf796,outputs/cp3_eval/a1_sft_s0/shard0
a1_sft_s0,a1_sft,1,0,sft,8000,152,0,0,0.0,libero_plus,3687.4836320877075,3da3ac7e4432a1d62624245435f34cd7112cf796,outputs/cp3_eval/a1_sft_s0/shard0
a1_sft_s0,a1_sft,1,0,sft,8000,238,0,1,1.0,libero_plus,3687.4836320877075,3da3ac7e4432a1d62624245435f34cd7112cf796,outputs/cp3_eval/a1_sft_s0/shard0
a1_sft_s0,a1_sft,1,0,sft,8000,270,0,1,1.0,libero_plus,3687.4836320877075,3da3ac7e4432a1d62624245435f34cd7112cf796,outputs/cp3_eval/a1_sft_s0/shard0
a1_sft_s0,a1_sft,1,0,sft,8000,306,0,0,0.0,libero_plus,3687.4836320877075,3da3ac7e4432a1d62624245435f34cd7112cf796,outputs/cp3_eval/a1_sft_s0/shard0
a1_sft_s0,a1_sft,1,0,sft,8000,340,0,0,0.0,libero_plus,3687.4836320877075,3da3ac7e4432a1d62624245435f34cd7112cf796,outputs/cp3_eval/a1_sft_s0/shard0
a1_sft_s0,a1_sft,1,0,sft,8000,384,0,0,0.0,libero_plus,3687.4836320877075,3da3ac7e4432a1d62624245435f34cd7112cf796,outputs/cp3_eval/a1_sft_s0/shard0
a1_sft_s0,a1_sft,1,0,sft,8000,493,0,0,0.0,libero_plus,3687.4836320877075,3da3ac7e4432a1d62624245435f34cd7112cf796,outputs/cp3_eval/a1_sft_s0/shard0
a1_sft_s0,a1_sft,1,0,sft,8000,571,0,0,0.0,libero_plus,3687.4836320877075,3da3ac7e4432a1d62624245435f34cd7112cf796,outputs/cp3_eval/a1_sft_s0/shard0
a1_sft_s0,a1_sft,1,0,sft,8000,664,0,1,1.0,libero_plus,3687.4836320877075,3da3ac7e4432a1d62624245435f34cd7112cf796,outputs/cp3_eval/a1_sft_s0/shard0
a1_sft_s0,a1_sft,1,0,sft,8000,745,0,0,0.0,libero_plus,3687.4836320877075,3da3ac7e4432a1d62624245435f34cd7112cf796,outputs/cp3_eval/a1_sft_s0/shard0
a1_sft_s0,a1_sft,1,0,sft,8000,814,0,0,0.0,libero_plus,3687.4836320877075,3da3ac7e4432a1d62624245435f34cd7112cf796,outputs/cp3_eval/a1_sft_s0/shard0
a1_sft_s0,a1_sft,1,0,sft,8000,913,0,1,1.0,libero_plus,3687.4836320877075,3da3ac7e4432a1d62624245435f34cd7112cf796,outputs/cp3_eval/a1_sft_s0/shard0
a1_sft_s0,a1_sft,1,0,sft,8000,968,0,0,0.0,libero_plus,3687.4836320877075,3da3ac7e4432a1d62624245435f34cd7112cf796,outputs/cp3_eval/a1_sft_s0/shard0
a1_sft_s0,a1_sft,1,0,sft,8000,1025,0,0,0.0,libero_plus,3687.4836320877075,3da3ac7e4432a1d62624245435f34cd7112cf796,outputs/cp3_eval/a1_sft_s0/shard0
a1_sft_s0,a1_sft,1,0,sft,8000,1126,0,0,0.0,libero_plus,3687.4836320877075,3da3ac7e4432a1d62624245435f34cd7112cf796,outputs/cp3_eval/a1_sft_s0/shard0
a1_sft_s0,a1_sft,1,0,sft,8000,1209,0,0,0.0,libero_plus,3687.4836320877075,3da3ac7e4432a1d62624245435f34cd7112cf796,outputs/cp3_eval/a1_sft_s0/shard0
a1_sft_s0,a1_sft,1,0,sft,8000,1243,0,0,0.0,libero_plus,3687.4836320877075,3da3ac7e4432a1d62624245435f34cd7112cf796,outputs/cp3_eval/a1_sft_s0/shard0
a1_sft_s0,a1_sft,1,0,sft,8000,1304,0,0,0.0,libero_plus,3687.4836320877075,3da3ac7e4432a1d62624245435f34cd7112cf796,outputs/cp3_eval/a1_sft_s0/shard0
a1_sft_s0,a1_sft,1,0,sft,8000,1394,0,0,0.0,libero_plus,3687.4836320877075,3da3ac7e4432a1d62624245435f34cd7112cf796,outputs/cp3_eval/a1_sft_s0/shard0
a1_sft_s0,a1_sft,1,0,sft,8000,1466,0,0,0.0,libero_plus,3687.4836320877075,3da3ac7e4432a1d62624245435f34cd7112cf796,outputs/cp3_eval/a1_sft_s0/shard0
a1_sft_s0,a1_sft,1,0,sft,8000,1591,0,0,0.0,libero_plus,3687.4836320877075,3da3ac7e4432a1d62624245435f34cd7112cf796,outputs/cp3_eval/a1_sft_s0/shard0
a1_sft_s0,a1_sft,1,0,sft,8000,1625,0,1,1.0,libero_plus,3687.4836320877075,3da3ac7e4432a1d62624245435f34cd7112cf796,outputs/cp3_eval/a1_sft_s0/shard0
a1_sft_s0,a1_sft,1,0,sft,8000,1695,0,0,0.0,libero_plus,3687.4836320877075,3da3ac7e4432a1d62624245435f34cd7112cf796,outputs/cp3_eval/a1_sft_s0/shard0
a1_sft_s0,a1_sft,1,0,sft,8000,1759,0,0,0.0,libero_plus,3687.4836320877075,3da3ac7e4432a1d62624245435f34cd7112cf796,outputs/cp3_eval/a1_sft_s0/shard0
a1_sft_s0,a1_sft,1,0,sft,8000,1811,0,1,1.0,libero_plus,3687.4836320877075,3da3ac7e4432a1d62624245435f34cd7112cf796,outputs/cp3_eval/a1_sft_s0/shard0
a1_sft_s0,a1_sft,1,0,sft,8000,1887,0,1,1.0,libero_plus,3687.4836320877075,3da3ac7e4432a1d62624245435f34cd7112cf796,outputs/cp3_eval/a1_sft_s0/shard0
a1_sft_s0,a1_sft,1,0,sft,8000,1995,0,0,0.0,libero_plus,3687.4836320877075,3da3ac7e4432a1d62624245435f34cd7112cf796,outputs/cp3_eval/a1_sft_s0/shard0
a1_sft_s0,a1_sft,1,0,sft,8000,2045,0,0,0.0,libero_plus,3687.4836320877075,3da3ac7e4432a1d62624245435f34cd7112cf796,outputs/cp3_eval/a1_sft_s0/shard0
a1_sft_s0,a1_sft,1,0,sft,8000,2093,0,0,0.0,libero_plus,3687.4836320877075,3da3ac7e4432a1d62624245435f34cd7112cf796,outputs/cp3_eval/a1_sft_s0/shard0
a1_sft_s0,a1_sft,1,0,sft,8000,2180,0,0,0.0,libero_plus,3687.4836320877075,3da3ac7e4432a1d62624245435f34cd7112cf796,outputs/cp3_eval/a1_sft_s0/shard0
a1_sft_s0,a1_sft,1,0,sft,8000,2235,0,1,1.0,libero_plus,3687.4836320877075,3da3ac7e4432a1d62624245435f34cd7112cf796,outputs/cp3_eval/a1_sft_s0/shard0
a1_sft_s0,a1_sft,1,0,sft,8000,2338,0,0,0.0,libero_plus,3687.4836320877075,3da3ac7e4432a1d62624245435f34cd7112cf796,outputs/cp3_eval/a1_sft_s0/shard0
a1_sft_s0,a1_sft,1,0,sft,8000,2377,0,0,0.0,libero_plus,3687.4836320877075,3da3ac7e4432a1d62624245435f34cd7112cf796,outputs/cp3_eval/a1_sft_s0/shard0
a1_sft_s0,a1_sft,1,0,sft,8000,2411,0,1,1.0,libero_plus,3687.4836320877075,3da3ac7e4432a1d62624245435f34cd7112cf796,outputs/cp3_eval/a1_sft_s0/shard0
a1_sft_s0,a1_sft,1,0,sft,8000,2488,0,0,0.0,libero_plus,3687.4836320877075,3da3ac7e4432a1d62624245435f34cd7112cf796,outputs/cp3_eval/a1_sft_s0/shard0
a1_sft_s0,a1_sft,1,0,sft,8000,2513,0,0,0.0,libero_plus,3687.4836320877075,3da3ac7e4432a1d62624245435f34cd7112cf796,outputs/cp3_eval/a1_sft_s0/shard0
a1_sft_s0,a1_sft,1,0,sft,8000,2578,0,0,0.0,libero_plus,3687.4836320877075,3da3ac7e4432a1d62624245435f34cd7112cf796,outputs/cp3_eval/a1_sft_s0/shard0
a1_sft_s0,a1_sft,1,0,sft,8000,31,0,0,0.0,libero_plus,3687.4836320877075,3da3ac7e4432a1d62624245435f34cd7112cf796,outputs/cp3_eval/a1_sft_s0/shard1
a1_sft_s0,a1_sft,1,0,sft,8000,70,0,0,0.0,libero_plus,3687.4836320877075,3da3ac7e4432a1d62624245435f34cd7112cf796,outputs/cp3_eval/a1_sft_s0/shard1
a1_sft_s0,a1_sft,1,0,sft,8000,106,0,0,0.0,libero_plus,3687.4836320877075,3da3ac7e4432a1d62624245435f34cd7112cf796,outputs/cp3_eval/a1_sft_s0/shard1
a1_sft_s0,a1_sft,1,0,sft,8000,164,0,0,0.0,libero_plus,3687.4836320877075,3da3ac7e4432a1d62624245435f34cd7112cf796,outputs/cp3_eval/a1_sft_s0/shard1
a1_sft_s0,a1_sft,1,0,sft,8000,242,0,0,0.0,libero_plus,3687.4836320877075,3da3ac7e4432a1d62624245435f34cd7112cf796,outputs/cp3_eval/a1_sft_s0/shard1
a1_sft_s0,a1_sft,1,0,sft,8000,273,0,0,0.0,libero_plus,3687.4836320877075,3da3ac7e4432a1d62624245435f34cd7112cf796,outputs/cp3_eval/a1_sft_s0/shard1
a1_sft_s0,a1_sft,1,0,sft,8000,315,0,0,0.0,libero_plus,3687.4836320877075,3da3ac7e4432a1d62624245435f34cd7112cf796,outputs/cp3_eval/a1_sft_s0/shard1
a1_sft_s0,a1_sft,1,0,sft,8000,346,0,0,0.0,libero_plus,3687.4836320877075,3da3ac7e4432a1d62624245435f34cd7112cf796,outputs/cp3_eval/a1_sft_s0/shard1
a1_sft_s0,a1_sft,1,0,sft,8000,392,0,0,0.0,libero_plus,3687.4836320877075,3da3ac7e4432a1d62624245435f34cd7112cf796,outputs/cp3_eval/a1_sft_s0/shard1
a1_sft_s0,a1_sft,1,0,sft,8000,517,0,0,0.0,libero_plus,3687.4836320877075,3da3ac7e4432a1d62624245435f34cd7112cf796,outputs/cp3_eval/a1_sft_s0/shard1
a1_sft_s0,a1_sft,1,0,sft,8000,608,0,0,0.0,libero_plus,3687.4836320877075,3da3ac7e4432a1d62624245435f34cd7112cf796,outputs/cp3_eval/a1_sft_s0/shard1
a1_sft_s0,a1_sft,1,0,sft,8000,706,0,1,1.0,libero_plus,3687.4836320877075,3da3ac7e4432a1d62624245435f34cd7112cf796,outputs/cp3_eval/a1_sft_s0/shard1
a1_sft_s0,a1_sft,1,0,sft,8000,754,0,1,1.0,libero_plus,3687.4836320877075,3da3ac7e4432a1d62624245435f34cd7112cf796,outputs/cp3_eval/a1_sft_s0/shard1
a1_sft_s0,a1_sft,1,0,sft,8000,829,0,0,0.0,libero_plus,3687.4836320877075,3da3ac7e4432a1d62624245435f34cd7112cf796,outputs/cp3_eval/a1_sft_s0/shard1
a1_sft_s0,a1_sft,1,0,sft,8000,934,0,0,0.0,libero_plus,3687.4836320877075,3da3ac7e4432a1d62624245435f34cd7112cf796,outputs/cp3_eval/a1_sft_s0/shard1
a1_sft_s0,a1_sft,1,0,sft,8000,969,0,0,0.0,libero_plus,3687.4836320877075,3da3ac7e4432a1d62624245435f34cd7112cf796,outputs/cp3_eval/a1_sft_s0/shard1
a1_sft_s0,a1_sft,1,0,sft,8000,1042,0,0,0.0,libero_plus,3687.4836320877075,3da3ac7e4432a1d62624245435f34cd7112cf796,outputs/cp3_eval/a1_sft_s0/shard1
a1_sft_s0,a1_sft,1,0,sft,8000,1139,0,0,0.0,libero_plus,3687.4836320877075,3da3ac7e4432a1d62624245435f34cd7112cf796,outputs/cp3_eval/a1_sft_s0/shard1
a1_sft_s0,a1_sft,1,0,sft,8000,1210,0,0,0.0,libero_plus,3687.4836320877075,3da3ac7e4432a1d62624245435f34cd7112cf796,outputs/cp3_eval/a1_sft_s0/shard1
a1_sft_s0,a1_sft,1,0,sft,8000,1246,0,0,0.0,libero_plus,3687.4836320877075,3da3ac7e4432a1d62624245435f34cd7112cf796,outputs/cp3_eval/a1_sft_s0/shard1
a1_sft_s0,a1_sft,1,0,sft,8000,1308,0,0,0.0,libero_plus,3687.4836320877075,3da3ac7e4432a1d62624245435f34cd7112cf796,outputs/cp3_eval/a1_sft_s0/shard1
a1_sft_s0,a1_sft,1,0,sft,8000,1399,0,0,0.0,libero_plus,3687.4836320877075,3da3ac7e4432a1d62624245435f34cd7112cf796,outputs/cp3_eval/a1_sft_s0/shard1
a1_sft_s0,a1_sft,1,0,sft,8000,1503,0,0,0.0,libero_plus,3687.4836320877075,3da3ac7e4432a1d62624245435f34cd7112cf796,outputs/cp3_eval/a1_sft_s0/shard1
a1_sft_s0,a1_sft,1,0,sft,8000,1592,0,0,0.0,libero_plus,3687.4836320877075,3da3ac7e4432a1d62624245435f34cd7112cf796,outputs/cp3_eval/a1_sft_s0/shard1
a1_sft_s0,a1_sft,1,0,sft,8000,1634,0,0,0.0,libero_plus,3687.4836320877075,3da3ac7e4432a1d62624245435f34cd7112cf796,outputs/cp3_eval/a1_sft_s0/shard1
a1_sft_s0,a1_sft,1,0,sft,8000,1714,0,1,1.0,libero_plus,3687.4836320877075,3da3ac7e4432a1d62624245435f34cd7112cf796,outputs/cp3_eval/a1_sft_s0/shard1
a1_sft_s0,a1_sft,1,0,sft,8000,1770,0,0,0.0,libero_plus,3687.4836320877075,3da3ac7e4432a1d62624245435f34cd7112cf796,outputs/cp3_eval/a1_sft_s0/shard1
a1_sft_s0,a1_sft,1,0,sft,8000,1852,0,0,0.0,libero_plus,3687.4836320877075,3da3ac7e4432a1d62624245435f34cd7112cf796,outputs/cp3_eval/a1_sft_s0/shard1
a1_sft_s0,a1_sft,1,0,sft,8000,1922,0,0,0.0,libero_plus,3687.4836320877075,3da3ac7e4432a1d62624245435f34cd7112cf796,outputs/cp3_eval/a1_sft_s0/shard1
a1_sft_s0,a1_sft,1,0,sft,8000,2016,0,0,0.0,libero_plus,3687.4836320877075,3da3ac7e4432a1d62624245435f34cd7112cf796,outputs/cp3_eval/a1_sft_s0/shard1
a1_sft_s0,a1_sft,1,0,sft,8000,2052,0,0,0.0,libero_plus,3687.4836320877075,3da3ac7e4432a1d62624245435f34cd7112cf796,outputs/cp3_eval/a1_sft_s0/shard1
a1_sft_s0,a1_sft,1,0,sft,8000,2128,0,1,1.0,libero_plus,3687.4836320877075,3da3ac7e4432a1d62624245435f34cd7112cf796,outputs/cp3_eval/a1_sft_s0/shard1
a1_sft_s0,a1_sft,1,0,sft,8000,2185,0,0,0.0,libero_plus,3687.4836320877075,3da3ac7e4432a1d62624245435f34cd7112cf796,outputs/cp3_eval/a1_sft_s0/shard1
a1_sft_s0,a1_sft,1,0,sft,8000,2255,0,0,0.0,libero_plus,3687.4836320877075,3da3ac7e4432a1d62624245435f34cd7112cf796,outputs/cp3_eval/a1_sft_s0/shard1
a1_sft_s0,a1_sft,1,0,sft,8000,2346,0,1,1.0,libero_plus,3687.4836320877075,3da3ac7e4432a1d62624245435f34cd7112cf796,outputs/cp3_eval/a1_sft_s0/shard1
a1_sft_s0,a1_sft,1,0,sft,8000,2382,0,0,0.0,libero_plus,3687.4836320877075,3da3ac7e4432a1d62624245435f34cd7112cf796,outputs/cp3_eval/a1_sft_s0/shard1
a1_sft_s0,a1_sft,1,0,sft,8000,2413,0,1,1.0,libero_plus,3687.4836320877075,3da3ac7e4432a1d62624245435f34cd7112cf796,outputs/cp3_eval/a1_sft_s0/shard1
a1_sft_s0,a1_sft,1,0,sft,8000,2491,0,0,0.0,libero_plus,3687.4836320877075,3da3ac7e4432a1d62624245435f34cd7112cf796,outputs/cp3_eval/a1_sft_s0/shard1
a1_sft_s0,a1_sft,1,0,sft,8000,2516,0,0,0.0,libero_plus,3687.4836320877075,3da3ac7e4432a1d62624245435f34cd7112cf796,outputs/cp3_eval/a1_sft_s0/shard1
a1_sft_s0,a1_sft,1,0,sft,8000,39,0,0,0.0,libero_plus,3687.4836320877075,3da3ac7e4432a1d62624245435f34cd7112cf796,outputs/cp3_eval/a1_sft_s0/shard2
a1_sft_s0,a1_sft,1,0,sft,8000,74,0,0,0.0,libero_plus,3687.4836320877075,3da3ac7e4432a1d62624245435f34cd7112cf796,outputs/cp3_eval/a1_sft_s0/shard2
a1_sft_s0,a1_sft,1,0,sft,8000,117,0,1,1.0,libero_plus,3687.4836320877075,3da3ac7e4432a1d62624245435f34cd7112cf796,outputs/cp3_eval/a1_sft_s0/shard2
a1_sft_s0,a1_sft,1,0,sft,8000,173,0,0,0.0,libero_plus,3687.4836320877075,3da3ac7e4432a1d62624245435f34cd7112cf796,outputs/cp3_eval/a1_sft_s0/shard2
a1_sft_s0,a1_sft,1,0,sft,8000,250,0,1,1.0,libero_plus,3687.4836320877075,3da3ac7e4432a1d62624245435f34cd7112cf796,outputs/cp3_eval/a1_sft_s0/shard2
a1_sft_s0,a1_sft,1,0,sft,8000,277,0,0,0.0,libero_plus,3687.4836320877075,3da3ac7e4432a1d62624245435f34cd7112cf796,outputs/cp3_eval/a1_sft_s0/shard2
a1_sft_s0,a1_sft,1,0,sft,8000,332,0,1,1.0,libero_plus,3687.4836320877075,3da3ac7e4432a1d62624245435f34cd7112cf796,outputs/cp3_eval/a1_sft_s0/shard2
a1_sft_s0,a1_sft,1,0,sft,8000,352,0,1,1.0,libero_plus,3687.4836320877075,3da3ac7e4432a1d62624245435f34cd7112cf796,outputs/cp3_eval/a1_sft_s0/shard2
a1_sft_s0,a1_sft,1,0,sft,8000,484,0,0,0.0,libero_plus,3687.4836320877075,3da3ac7e4432a1d62624245435f34cd7112cf796,outputs/cp3_eval/a1_sft_s0/shard2
a1_sft_s0,a1_sft,1,0,sft,8000,523,0,0,0.0,libero_plus,3687.4836320877075,3da3ac7e4432a1d62624245435f34cd7112cf796,outputs/cp3_eval/a1_sft_s0/shard2
a1_sft_s0,a1_sft,1,0,sft,8000,611,0,0,0.0,libero_plus,3687.4836320877075,3da3ac7e4432a1d62624245435f34cd7112cf796,outputs/cp3_eval/a1_sft_s0/shard2
a1_sft_s0,a1_sft,1,0,sft,8000,734,0,1,1.0,libero_plus,3687.4836320877075,3da3ac7e4432a1d62624245435f34cd7112cf796,outputs/cp3_eval/a1_sft_s0/shard2
a1_sft_s0,a1_sft,1,0,sft,8000,758,0,1,1.0,libero_plus,3687.4836320877075,3da3ac7e4432a1d62624245435f34cd7112cf796,outputs/cp3_eval/a1_sft_s0/shard2
a1_sft_s0,a1_sft,1,0,sft,8000,836,0,0,0.0,libero_plus,3687.4836320877075,3da3ac7e4432a1d62624245435f34cd7112cf796,outputs/cp3_eval/a1_sft_s0/shard2
a1_sft_s0,a1_sft,1,0,sft,8000,950,0,0,0.0,libero_plus,3687.4836320877075,3da3ac7e4432a1d62624245435f34cd7112cf796,outputs/cp3_eval/a1_sft_s0/shard2
a1_sft_s0,a1_sft,1,0,sft,8000,973,0,0,0.0,libero_plus,3687.4836320877075,3da3ac7e4432a1d62624245435f34cd7112cf796,outputs/cp3_eval/a1_sft_s0/shard2
a1_sft_s0,a1_sft,1,0,sft,8000,1058,0,0,0.0,libero_plus,3687.4836320877075,3da3ac7e4432a1d62624245435f34cd7112cf796,outputs/cp3_eval/a1_sft_s0/shard2
a1_sft_s0,a1_sft,1,0,sft,8000,1171,0,1,1.0,libero_plus,3687.4836320877075,3da3ac7e4432a1d62624245435f34cd7112cf796,outputs/cp3_eval/a1_sft_s0/shard2
a1_sft_s0,a1_sft,1,0,sft,8000,1211,0,0,0.0,libero_plus,3687.4836320877075,3da3ac7e4432a1d62624245435f34cd7112cf796,outputs/cp3_eval/a1_sft_s0/shard2
a1_sft_s0,a1_sft,1,0,sft,8000,1267,0,0,0.0,libero_plus,3687.4836320877075,3da3ac7e4432a1d62624245435f34cd7112cf796,outputs/cp3_eval/a1_sft_s0/shard2
a1_sft_s0,a1_sft,1,0,sft,8000,1355,0,0,0.0,libero_plus,3687.4836320877075,3da3ac7e4432a1d62624245435f34cd7112cf796,outputs/cp3_eval/a1_sft_s0/shard2
a1_sft_s0,a1_sft,1,0,sft,8000,1422,0,0,0.0,libero_plus,3687.4836320877075,3da3ac7e4432a1d62624245435f34cd7112cf796,outputs/cp3_eval/a1_sft_s0/shard2
a1_sft_s0,a1_sft,1,0,sft,8000,1567,0,1,1.0,libero_plus,3687.4836320877075,3da3ac7e4432a1d62624245435f34cd7112cf796,outputs/cp3_eval/a1_sft_s0/shard2
a1_sft_s0,a1_sft,1,0,sft,8000,1595,0,0,0.0,libero_plus,3687.4836320877075,3da3ac7e4432a1d62624245435f34cd7112cf796,outputs/cp3_eval/a1_sft_s0/shard2
a1_sft_s0,a1_sft,1,0,sft,8000,1642,0,0,0.0,libero_plus,3687.4836320877075,3da3ac7e4432a1d62624245435f34cd7112cf796,outputs/cp3_eval/a1_sft_s0/shard2
a1_sft_s0,a1_sft,1,0,sft,8000,1718,0,1,1.0,libero_plus,3687.4836320877075,3da3ac7e4432a1d62624245435f34cd7112cf796,outputs/cp3_eval/a1_sft_s0/shard2
a1_sft_s0,a1_sft,1,0,sft,8000,1791,0,0,0.0,libero_plus,3687.4836320877075,3da3ac7e4432a1d62624245435f34cd7112cf796,outputs/cp3_eval/a1_sft_s0/shard2
a1_sft_s0,a1_sft,1,0,sft,8000,1860,0,0,0.0,libero_plus,3687.4836320877075,3da3ac7e4432a1d62624245435f34cd7112cf796,outputs/cp3_eval/a1_sft_s0/shard2
a1_sft_s0,a1_sft,1,0,sft,8000,1940,0,0,0.0,libero_plus,3687.4836320877075,3da3ac7e4432a1d62624245435f34cd7112cf796,outputs/cp3_eval/a1_sft_s0/shard2
a1_sft_s0,a1_sft,1,0,sft,8000,2034,0,0,0.0,libero_plus,3687.4836320877075,3da3ac7e4432a1d62624245435f34cd7112cf796,outputs/cp3_eval/a1_sft_s0/shard2
a1_sft_s0,a1_sft,1,0,sft,8000,2056,0,0,0.0,libero_plus,3687.4836320877075,3da3ac7e4432a1d62624245435f34cd7112cf796,outputs/cp3_eval/a1_sft_s0/shard2
a1_sft_s0,a1_sft,1,0,sft,8000,2139,0,1,1.0,libero_plus,3687.4836320877075,3da3ac7e4432a1d62624245435f34cd7112cf796,outputs/cp3_eval/a1_sft_s0/shard2
a1_sft_s0,a1_sft,1,0,sft,8000,2203,0,0,0.0,libero_plus,3687.4836320877075,3da3ac7e4432a1d62624245435f34cd7112cf796,outputs/cp3_eval/a1_sft_s0/shard2
a1_sft_s0,a1_sft,1,0,sft,8000,2262,0,0,0.0,libero_plus,3687.4836320877075,3da3ac7e4432a1d62624245435f34cd7112cf796,outputs/cp3_eval/a1_sft_s0/shard2
a1_sft_s0,a1_sft,1,0,sft,8000,2350,0,1,1.0,libero_plus,3687.4836320877075,3da3ac7e4432a1d62624245435f34cd7112cf796,outputs/cp3_eval/a1_sft_s0/shard2
a1_sft_s0,a1_sft,1,0,sft,8000,2388,0,0,0.0,libero_plus,3687.4836320877075,3da3ac7e4432a1d62624245435f34cd7112cf796,outputs/cp3_eval/a1_sft_s0/shard2
a1_sft_s0,a1_sft,1,0,sft,8000,2446,0,1,1.0,libero_plus,3687.4836320877075,3da3ac7e4432a1d62624245435f34cd7112cf796,outputs/cp3_eval/a1_sft_s0/shard2
a1_sft_s0,a1_sft,1,0,sft,8000,2494,0,0,0.0,libero_plus,3687.4836320877075,3da3ac7e4432a1d62624245435f34cd7112cf796,outputs/cp3_eval/a1_sft_s0/shard2
a1_sft_s0,a1_sft,1,0,sft,8000,2528,0,0,0.0,libero_plus,3687.4836320877075,3da3ac7e4432a1d62624245435f34cd7112cf796,outputs/cp3_eval/a1_sft_s0/shard2
a1_sft_s0,a1_sft,1,0,sft,8000,41,0,0,0.0,libero_plus,3687.4836320877075,3da3ac7e4432a1d62624245435f34cd7112cf796,outputs/cp3_eval/a1_sft_s0/shard3
a1_sft_s0,a1_sft,1,0,sft,8000,83,0,1,1.0,libero_plus,3687.4836320877075,3da3ac7e4432a1d62624245435f34cd7112cf796,outputs/cp3_eval/a1_sft_s0/shard3
a1_sft_s0,a1_sft,1,0,sft,8000,124,0,0,0.0,libero_plus,3687.4836320877075,3da3ac7e4432a1d62624245435f34cd7112cf796,outputs/cp3_eval/a1_sft_s0/shard3
a1_sft_s0,a1_sft,1,0,sft,8000,214,0,0,0.0,libero_plus,3687.4836320877075,3da3ac7e4432a1d62624245435f34cd7112cf796,outputs/cp3_eval/a1_sft_s0/shard3
a1_sft_s0,a1_sft,1,0,sft,8000,265,0,1,1.0,libero_plus,3687.4836320877075,3da3ac7e4432a1d62624245435f34cd7112cf796,outputs/cp3_eval/a1_sft_s0/shard3
a1_sft_s0,a1_sft,1,0,sft,8000,291,0,0,0.0,libero_plus,3687.4836320877075,3da3ac7e4432a1d62624245435f34cd7112cf796,outputs/cp3_eval/a1_sft_s0/shard3
a1_sft_s0,a1_sft,1,0,sft,8000,337,0,1,1.0,libero_plus,3687.4836320877075,3da3ac7e4432a1d62624245435f34cd7112cf796,outputs/cp3_eval/a1_sft_s0/shard3
a1_sft_s0,a1_sft,1,0,sft,8000,355,0,0,0.0,libero_plus,3687.4836320877075,3da3ac7e4432a1d62624245435f34cd7112cf796,outputs/cp3_eval/a1_sft_s0/shard3
a1_sft_s0,a1_sft,1,0,sft,8000,488,0,0,0.0,libero_plus,3687.4836320877075,3da3ac7e4432a1d62624245435f34cd7112cf796,outputs/cp3_eval/a1_sft_s0/shard3
a1_sft_s0,a1_sft,1,0,sft,8000,546,0,0,0.0,libero_plus,3687.4836320877075,3da3ac7e4432a1d62624245435f34cd7112cf796,outputs/cp3_eval/a1_sft_s0/shard3
a1_sft_s0,a1_sft,1,0,sft,8000,614,0,0,0.0,libero_plus,3687.4836320877075,3da3ac7e4432a1d62624245435f34cd7112cf796,outputs/cp3_eval/a1_sft_s0/shard3
a1_sft_s0,a1_sft,1,0,sft,8000,737,0,1,1.0,libero_plus,3687.4836320877075,3da3ac7e4432a1d62624245435f34cd7112cf796,outputs/cp3_eval/a1_sft_s0/shard3
a1_sft_s0,a1_sft,1,0,sft,8000,786,0,1,1.0,libero_plus,3687.4836320877075,3da3ac7e4432a1d62624245435f34cd7112cf796,outputs/cp3_eval/a1_sft_s0/shard3
a1_sft_s0,a1_sft,1,0,sft,8000,871,0,0,0.0,libero_plus,3687.4836320877075,3da3ac7e4432a1d62624245435f34cd7112cf796,outputs/cp3_eval/a1_sft_s0/shard3
a1_sft_s0,a1_sft,1,0,sft,8000,962,0,0,0.0,libero_plus,3687.4836320877075,3da3ac7e4432a1d62624245435f34cd7112cf796,outputs/cp3_eval/a1_sft_s0/shard3
a1_sft_s0,a1_sft,1,0,sft,8000,974,0,0,0.0,libero_plus,3687.4836320877075,3da3ac7e4432a1d62624245435f34cd7112cf796,outputs/cp3_eval/a1_sft_s0/shard3
a1_sft_s0,a1_sft,1,0,sft,8000,1069,0,0,0.0,libero_plus,3687.4836320877075,3da3ac7e4432a1d62624245435f34cd7112cf796,outputs/cp3_eval/a1_sft_s0/shard3
a1_sft_s0,a1_sft,1,0,sft,8000,1194,0,0,0.0,libero_plus,3687.4836320877075,3da3ac7e4432a1d62624245435f34cd7112cf796,outputs/cp3_eval/a1_sft_s0/shard3
a1_sft_s0,a1_sft,1,0,sft,8000,1213,0,0,0.0,libero_plus,3687.4836320877075,3da3ac7e4432a1d62624245435f34cd7112cf796,outputs/cp3_eval/a1_sft_s0/shard3
a1_sft_s0,a1_sft,1,0,sft,8000,1279,0,0,0.0,libero_plus,3687.4836320877075,3da3ac7e4432a1d62624245435f34cd7112cf796,outputs/cp3_eval/a1_sft_s0/shard3
a1_sft_s0,a1_sft,1,0,sft,8000,1356,0,0,0.0,libero_plus,3687.4836320877075,3da3ac7e4432a1d62624245435f34cd7112cf796,outputs/cp3_eval/a1_sft_s0/shard3
a1_sft_s0,a1_sft,1,0,sft,8000,1449,0,0,0.0,libero_plus,3687.4836320877075,3da3ac7e4432a1d62624245435f34cd7112cf796,outputs/cp3_eval/a1_sft_s0/shard3
a1_sft_s0,a1_sft,1,0,sft,8000,1572,0,1,1.0,libero_plus,3687.4836320877075,3da3ac7e4432a1d62624245435f34cd7112cf796,outputs/cp3_eval/a1_sft_s0/shard3
a1_sft_s0,a1_sft,1,0,sft,8000,1608,0,1,1.0,libero_plus,3687.4836320877075,3da3ac7e4432a1d62624245435f34cd7112cf796,outputs/cp3_eval/a1_sft_s0/shard3
a1_sft_s0,a1_sft,1,0,sft,8000,1672,0,0,0.0,libero_plus,3687.4836320877075,3da3ac7e4432a1d62624245435f34cd7112cf796,outputs/cp3_eval/a1_sft_s0/shard3
a1_sft_s0,a1_sft,1,0,sft,8000,1727,0,1,1.0,libero_plus,3687.4836320877075,3da3ac7e4432a1d62624245435f34cd7112cf796,outputs/cp3_eval/a1_sft_s0/shard3
a1_sft_s0,a1_sft,1,0,sft,8000,1794,0,0,0.0,libero_plus,3687.4836320877075,3da3ac7e4432a1d62624245435f34cd7112cf796,outputs/cp3_eval/a1_sft_s0/shard3
a1_sft_s0,a1_sft,1,0,sft,8000,1864,0,0,0.0,libero_plus,3687.4836320877075,3da3ac7e4432a1d62624245435f34cd7112cf796,outputs/cp3_eval/a1_sft_s0/shard3
a1_sft_s0,a1_sft,1,0,sft,8000,1945,0,0,0.0,libero_plus,3687.4836320877075,3da3ac7e4432a1d62624245435f34cd7112cf796,outputs/cp3_eval/a1_sft_s0/shard3
a1_sft_s0,a1_sft,1,0,sft,8000,2035,0,0,0.0,libero_plus,3687.4836320877075,3da3ac7e4432a1d62624245435f34cd7112cf796,outputs/cp3_eval/a1_sft_s0/shard3
a1_sft_s0,a1_sft,1,0,sft,8000,2065,0,0,0.0,libero_plus,3687.4836320877075,3da3ac7e4432a1d62624245435f34cd7112cf796,outputs/cp3_eval/a1_sft_s0/shard3
a1_sft_s0,a1_sft,1,0,sft,8000,2153,0,0,0.0,libero_plus,3687.4836320877075,3da3ac7e4432a1d62624245435f34cd7112cf796,outputs/cp3_eval/a1_sft_s0/shard3
a1_sft_s0,a1_sft,1,0,sft,8000,2207,0,0,0.0,libero_plus,3687.4836320877075,3da3ac7e4432a1d62624245435f34cd7112cf796,outputs/cp3_eval/a1_sft_s0/shard3
a1_sft_s0,a1_sft,1,0,sft,8000,2321,0,1,1.0,libero_plus,3687.4836320877075,3da3ac7e4432a1d62624245435f34cd7112cf796,outputs/cp3_eval/a1_sft_s0/shard3
a1_sft_s0,a1_sft,1,0,sft,8000,2359,0,0,0.0,libero_plus,3687.4836320877075,3da3ac7e4432a1d62624245435f34cd7112cf796,outputs/cp3_eval/a1_sft_s0/shard3
a1_sft_s0,a1_sft,1,0,sft,8000,2405,0,1,1.0,libero_plus,3687.4836320877075,3da3ac7e4432a1d62624245435f34cd7112cf796,outputs/cp3_eval/a1_sft_s0/shard3
a1_sft_s0,a1_sft,1,0,sft,8000,2464,0,1,1.0,libero_plus,3687.4836320877075,3da3ac7e4432a1d62624245435f34cd7112cf796,outputs/cp3_eval/a1_sft_s0/shard3
a1_sft_s0,a1_sft,1,0,sft,8000,2497,0,0,0.0,libero_plus,3687.4836320877075,3da3ac7e4432a1d62624245435f34cd7112cf796,outputs/cp3_eval/a1_sft_s0/shard3
a1_sft_s0,a1_sft,1,0,sft,8000,2539,0,0,0.0,libero_plus,3687.4836320877075,3da3ac7e4432a1d62624245435f34cd7112cf796,outputs/cp3_eval/a1_sft_s0/shard3
a1_sft_s0,a1_sft,1,0,sft,8000,44,0,0,0.0,libero_plus,3687.4836320877075,3da3ac7e4432a1d62624245435f34cd7112cf796,outputs/cp3_eval/a1_sft_s0/shard4
a1_sft_s0,a1_sft,1,0,sft,8000,94,0,1,1.0,libero_plus,3687.4836320877075,3da3ac7e4432a1d62624245435f34cd7112cf796,outputs/cp3_eval/a1_sft_s0/shard4
a1_sft_s0,a1_sft,1,0,sft,8000,141,0,0,0.0,libero_plus,3687.4836320877075,3da3ac7e4432a1d62624245435f34cd7112cf796,outputs/cp3_eval/a1_sft_s0/shard4
a1_sft_s0,a1_sft,1,0,sft,8000,226,0,0,0.0,libero_plus,3687.4836320877075,3da3ac7e4432a1d62624245435f34cd7112cf796,outputs/cp3_eval/a1_sft_s0/shard4
a1_sft_s0,a1_sft,1,0,sft,8000,266,0,1,1.0,libero_plus,3687.4836320877075,3da3ac7e4432a1d62624245435f34cd7112cf796,outputs/cp3_eval/a1_sft_s0/shard4
a1_sft_s0,a1_sft,1,0,sft,8000,304,0,0,0.0,libero_plus,3687.4836320877075,3da3ac7e4432a1d62624245435f34cd7112cf796,outputs/cp3_eval/a1_sft_s0/shard4
a1_sft_s0,a1_sft,1,0,sft,8000,339,0,1,1.0,libero_plus,3687.4836320877075,3da3ac7e4432a1d62624245435f34cd7112cf796,outputs/cp3_eval/a1_sft_s0/shard4
a1_sft_s0,a1_sft,1,0,sft,8000,365,0,1,1.0,libero_plus,3687.4836320877075,3da3ac7e4432a1d62624245435f34cd7112cf796,outputs/cp3_eval/a1_sft_s0/shard4
a1_sft_s0,a1_sft,1,0,sft,8000,492,0,1,1.0,libero_plus,3687.4836320877075,3da3ac7e4432a1d62624245435f34cd7112cf796,outputs/cp3_eval/a1_sft_s0/shard4
a1_sft_s0,a1_sft,1,0,sft,8000,556,0,0,0.0,libero_plus,3687.4836320877075,3da3ac7e4432a1d62624245435f34cd7112cf796,outputs/cp3_eval/a1_sft_s0/shard4
a1_sft_s0,a1_sft,1,0,sft,8000,616,0,0,0.0,libero_plus,3687.4836320877075,3da3ac7e4432a1d62624245435f34cd7112cf796,outputs/cp3_eval/a1_sft_s0/shard4
a1_sft_s0,a1_sft,1,0,sft,8000,740,0,1,1.0,libero_plus,3687.4836320877075,3da3ac7e4432a1d62624245435f34cd7112cf796,outputs/cp3_eval/a1_sft_s0/shard4
a1_sft_s0,a1_sft,1,0,sft,8000,812,0,0,0.0,libero_plus,3687.4836320877075,3da3ac7e4432a1d62624245435f34cd7112cf796,outputs/cp3_eval/a1_sft_s0/shard4
a1_sft_s0,a1_sft,1,0,sft,8000,882,0,1,1.0,libero_plus,3687.4836320877075,3da3ac7e4432a1d62624245435f34cd7112cf796,outputs/cp3_eval/a1_sft_s0/shard4
a1_sft_s0,a1_sft,1,0,sft,8000,964,0,0,0.0,libero_plus,3687.4836320877075,3da3ac7e4432a1d62624245435f34cd7112cf796,outputs/cp3_eval/a1_sft_s0/shard4
a1_sft_s0,a1_sft,1,0,sft,8000,978,0,0,0.0,libero_plus,3687.4836320877075,3da3ac7e4432a1d62624245435f34cd7112cf796,outputs/cp3_eval/a1_sft_s0/shard4
a1_sft_s0,a1_sft,1,0,sft,8000,1117,0,0,0.0,libero_plus,3687.4836320877075,3da3ac7e4432a1d62624245435f34cd7112cf796,outputs/cp3_eval/a1_sft_s0/shard4
a1_sft_s0,a1_sft,1,0,sft,8000,1196,0,0,0.0,libero_plus,3687.4836320877075,3da3ac7e4432a1d62624245435f34cd7112cf796,outputs/cp3_eval/a1_sft_s0/shard4
a1_sft_s0,a1_sft,1,0,sft,8000,1239,0,0,0.0,libero_plus,3687.4836320877075,3da3ac7e4432a1d62624245435f34cd7112cf796,outputs/cp3_eval/a1_sft_s0/shard4
a1_sft_s0,a1_sft,1,0,sft,8000,1286,0,0,0.0,libero_plus,3687.4836320877075,3da3ac7e4432a1d62624245435f34cd7112cf796,outputs/cp3_eval/a1_sft_s0/shard4
a1_sft_s0,a1_sft,1,0,sft,8000,1378,0,0,0.0,libero_plus,3687.4836320877075,3da3ac7e4432a1d62624245435f34cd7112cf796,outputs/cp3_eval/a1_sft_s0/shard4
a1_sft_s0,a1_sft,1,0,sft,8000,1455,0,0,0.0,libero_plus,3687.4836320877075,3da3ac7e4432a1d62624245435f34cd7112cf796,outputs/cp3_eval/a1_sft_s0/shard4
a1_sft_s0,a1_sft,1,0,sft,8000,1577,0,1,1.0,libero_plus,3687.4836320877075,3da3ac7e4432a1d62624245435f34cd7112cf796,outputs/cp3_eval/a1_sft_s0/shard4
a1_sft_s0,a1_sft,1,0,sft,8000,1621,0,1,1.0,libero_plus,3687.4836320877075,3da3ac7e4432a1d62624245435f34cd7112cf796,outputs/cp3_eval/a1_sft_s0/shard4
a1_sft_s0,a1_sft,1,0,sft,8000,1681,0,0,0.0,libero_plus,3687.4836320877075,3da3ac7e4432a1d62624245435f34cd7112cf796,outputs/cp3_eval/a1_sft_s0/shard4
a1_sft_s0,a1_sft,1,0,sft,8000,1729,0,1,1.0,libero_plus,3687.4836320877075,3da3ac7e4432a1d62624245435f34cd7112cf796,outputs/cp3_eval/a1_sft_s0/shard4
a1_sft_s0,a1_sft,1,0,sft,8000,1803,0,0,0.0,libero_plus,3687.4836320877075,3da3ac7e4432a1d62624245435f34cd7112cf796,outputs/cp3_eval/a1_sft_s0/shard4
a1_sft_s0,a1_sft,1,0,sft,8000,1882,0,0,0.0,libero_plus,3687.4836320877075,3da3ac7e4432a1d62624245435f34cd7112cf796,outputs/cp3_eval/a1_sft_s0/shard4
a1_sft_s0,a1_sft,1,0,sft,8000,1959,0,0,0.0,libero_plus,3687.4836320877075,3da3ac7e4432a1d62624245435f34cd7112cf796,outputs/cp3_eval/a1_sft_s0/shard4
a1_sft_s0,a1_sft,1,0,sft,8000,2037,0,0,0.0,libero_plus,3687.4836320877075,3da3ac7e4432a1d62624245435f34cd7112cf796,outputs/cp3_eval/a1_sft_s0/shard4
a1_sft_s0,a1_sft,1,0,sft,8000,2081,0,0,0.0,libero_plus,3687.4836320877075,3da3ac7e4432a1d62624245435f34cd7112cf796,outputs/cp3_eval/a1_sft_s0/shard4
a1_sft_s0,a1_sft,1,0,sft,8000,2179,0,0,0.0,libero_plus,3687.4836320877075,3da3ac7e4432a1d62624245435f34cd7112cf796,outputs/cp3_eval/a1_sft_s0/shard4
a1_sft_s0,a1_sft,1,0,sft,8000,2222,0,1,1.0,libero_plus,3687.4836320877075,3da3ac7e4432a1d62624245435f34cd7112cf796,outputs/cp3_eval/a1_sft_s0/shard4
a1_sft_s0,a1_sft,1,0,sft,8000,2332,0,1,1.0,libero_plus,3687.4836320877075,3da3ac7e4432a1d62624245435f34cd7112cf796,outputs/cp3_eval/a1_sft_s0/shard4
a1_sft_s0,a1_sft,1,0,sft,8000,2363,0,0,0.0,libero_plus,3687.4836320877075,3da3ac7e4432a1d62624245435f34cd7112cf796,outputs/cp3_eval/a1_sft_s0/shard4
a1_sft_s0,a1_sft,1,0,sft,8000,2406,0,1,1.0,libero_plus,3687.4836320877075,3da3ac7e4432a1d62624245435f34cd7112cf796,outputs/cp3_eval/a1_sft_s0/shard4
a1_sft_s0,a1_sft,1,0,sft,8000,2465,0,1,1.0,libero_plus,3687.4836320877075,3da3ac7e4432a1d62624245435f34cd7112cf796,outputs/cp3_eval/a1_sft_s0/shard4
a1_sft_s0,a1_sft,1,0,sft,8000,2504,0,0,0.0,libero_plus,3687.4836320877075,3da3ac7e4432a1d62624245435f34cd7112cf796,outputs/cp3_eval/a1_sft_s0/shard4
a1_sft_s0,a1_sft,1,0,sft,8000,2569,0,0,0.0,libero_plus,3687.4836320877075,3da3ac7e4432a1d62624245435f34cd7112cf796,outputs/cp3_eval/a1_sft_s0/shard4
a1_sft_s1,a1_sft,1,1,sft,8000,5,0,0,0.0,libero_plus,3657.9522433280945,3da3ac7e4432a1d62624245435f34cd7112cf796,outputs/cp3_eval/a1_sft_s1/shard0
a1_sft_s1,a1_sft,1,1,sft,8000,64,0,0,0.0,libero_plus,3657.9522433280945,3da3ac7e4432a1d62624245435f34cd7112cf796,outputs/cp3_eval/a1_sft_s1/shard0
a1_sft_s1,a1_sft,1,1,sft,8000,97,0,1,1.0,libero_plus,3657.9522433280945,3da3ac7e4432a1d62624245435f34cd7112cf796,outputs/cp3_eval/a1_sft_s1/shard0
a1_sft_s1,a1_sft,1,1,sft,8000,152,0,0,0.0,libero_plus,3657.9522433280945,3da3ac7e4432a1d62624245435f34cd7112cf796,outputs/cp3_eval/a1_sft_s1/shard0
a1_sft_s1,a1_sft,1,1,sft,8000,238,0,1,1.0,libero_plus,3657.9522433280945,3da3ac7e4432a1d62624245435f34cd7112cf796,outputs/cp3_eval/a1_sft_s1/shard0
a1_sft_s1,a1_sft,1,1,sft,8000,270,0,0,0.0,libero_plus,3657.9522433280945,3da3ac7e4432a1d62624245435f34cd7112cf796,outputs/cp3_eval/a1_sft_s1/shard0
a1_sft_s1,a1_sft,1,1,sft,8000,306,0,0,0.0,libero_plus,3657.9522433280945,3da3ac7e4432a1d62624245435f34cd7112cf796,outputs/cp3_eval/a1_sft_s1/shard0
a1_sft_s1,a1_sft,1,1,sft,8000,340,0,0,0.0,libero_plus,3657.9522433280945,3da3ac7e4432a1d62624245435f34cd7112cf796,outputs/cp3_eval/a1_sft_s1/shard0
a1_sft_s1,a1_sft,1,1,sft,8000,384,0,1,1.0,libero_plus,3657.9522433280945,3da3ac7e4432a1d62624245435f34cd7112cf796,outputs/cp3_eval/a1_sft_s1/shard0
a1_sft_s1,a1_sft,1,1,sft,8000,493,0,0,0.0,libero_plus,3657.9522433280945,3da3ac7e4432a1d62624245435f34cd7112cf796,outputs/cp3_eval/a1_sft_s1/shard0
a1_sft_s1,a1_sft,1,1,sft,8000,571,0,0,0.0,libero_plus,3657.9522433280945,3da3ac7e4432a1d62624245435f34cd7112cf796,outputs/cp3_eval/a1_sft_s1/shard0
a1_sft_s1,a1_sft,1,1,sft,8000,664,0,0,0.0,libero_plus,3657.9522433280945,3da3ac7e4432a1d62624245435f34cd7112cf796,outputs/cp3_eval/a1_sft_s1/shard0
a1_sft_s1,a1_sft,1,1,sft,8000,745,0,1,1.0,libero_plus,3657.9522433280945,3da3ac7e4432a1d62624245435f34cd7112cf796,outputs/cp3_eval/a1_sft_s1/shard0
a1_sft_s1,a1_sft,1,1,sft,8000,814,0,0,0.0,libero_plus,3657.9522433280945,3da3ac7e4432a1d62624245435f34cd7112cf796,outputs/cp3_eval/a1_sft_s1/shard0
a1_sft_s1,a1_sft,1,1,sft,8000,913,0,1,1.0,libero_plus,3657.9522433280945,3da3ac7e4432a1d62624245435f34cd7112cf796,outputs/cp3_eval/a1_sft_s1/shard0
a1_sft_s1,a1_sft,1,1,sft,8000,968,0,0,0.0,libero_plus,3657.9522433280945,3da3ac7e4432a1d62624245435f34cd7112cf796,outputs/cp3_eval/a1_sft_s1/shard0
a1_sft_s1,a1_sft,1,1,sft,8000,1025,0,1,1.0,libero_plus,3657.9522433280945,3da3ac7e4432a1d62624245435f34cd7112cf796,outputs/cp3_eval/a1_sft_s1/shard0
a1_sft_s1,a1_sft,1,1,sft,8000,1126,0,0,0.0,libero_plus,3657.9522433280945,3da3ac7e4432a1d62624245435f34cd7112cf796,outputs/cp3_eval/a1_sft_s1/shard0
a1_sft_s1,a1_sft,1,1,sft,8000,1209,0,0,0.0,libero_plus,3657.9522433280945,3da3ac7e4432a1d62624245435f34cd7112cf796,outputs/cp3_eval/a1_sft_s1/shard0
a1_sft_s1,a1_sft,1,1,sft,8000,1243,0,0,0.0,libero_plus,3657.9522433280945,3da3ac7e4432a1d62624245435f34cd7112cf796,outputs/cp3_eval/a1_sft_s1/shard0
a1_sft_s1,a1_sft,1,1,sft,8000,1304,0,0,0.0,libero_plus,3657.9522433280945,3da3ac7e4432a1d62624245435f34cd7112cf796,outputs/cp3_eval/a1_sft_s1/shard0
a1_sft_s1,a1_sft,1,1,sft,8000,1394,0,0,0.0,libero_plus,3657.9522433280945,3da3ac7e4432a1d62624245435f34cd7112cf796,outputs/cp3_eval/a1_sft_s1/shard0
a1_sft_s1,a1_sft,1,1,sft,8000,1466,0,0,0.0,libero_plus,3657.9522433280945,3da3ac7e4432a1d62624245435f34cd7112cf796,outputs/cp3_eval/a1_sft_s1/shard0
a1_sft_s1,a1_sft,1,1,sft,8000,1591,0,1,1.0,libero_plus,3657.9522433280945,3da3ac7e4432a1d62624245435f34cd7112cf796,outputs/cp3_eval/a1_sft_s1/shard0
a1_sft_s1,a1_sft,1,1,sft,8000,1625,0,0,0.0,libero_plus,3657.9522433280945,3da3ac7e4432a1d62624245435f34cd7112cf796,outputs/cp3_eval/a1_sft_s1/shard0
a1_sft_s1,a1_sft,1,1,sft,8000,1695,0,0,0.0,libero_plus,3657.9522433280945,3da3ac7e4432a1d62624245435f34cd7112cf796,outputs/cp3_eval/a1_sft_s1/shard0
a1_sft_s1,a1_sft,1,1,sft,8000,1759,0,0,0.0,libero_plus,3657.9522433280945,3da3ac7e4432a1d62624245435f34cd7112cf796,outputs/cp3_eval/a1_sft_s1/shard0
a1_sft_s1,a1_sft,1,1,sft,8000,1811,0,0,0.0,libero_plus,3657.9522433280945,3da3ac7e4432a1d62624245435f34cd7112cf796,outputs/cp3_eval/a1_sft_s1/shard0
a1_sft_s1,a1_sft,1,1,sft,8000,1887,0,1,1.0,libero_plus,3657.9522433280945,3da3ac7e4432a1d62624245435f34cd7112cf796,outputs/cp3_eval/a1_sft_s1/shard0
a1_sft_s1,a1_sft,1,1,sft,8000,1995,0,0,0.0,libero_plus,3657.9522433280945,3da3ac7e4432a1d62624245435f34cd7112cf796,outputs/cp3_eval/a1_sft_s1/shard0
a1_sft_s1,a1_sft,1,1,sft,8000,2045,0,1,1.0,libero_plus,3657.9522433280945,3da3ac7e4432a1d62624245435f34cd7112cf796,outputs/cp3_eval/a1_sft_s1/shard0
a1_sft_s1,a1_sft,1,1,sft,8000,2093,0,0,0.0,libero_plus,3657.9522433280945,3da3ac7e4432a1d62624245435f34cd7112cf796,outputs/cp3_eval/a1_sft_s1/shard0
a1_sft_s1,a1_sft,1,1,sft,8000,2180,0,1,1.0,libero_plus,3657.9522433280945,3da3ac7e4432a1d62624245435f34cd7112cf796,outputs/cp3_eval/a1_sft_s1/shard0
a1_sft_s1,a1_sft,1,1,sft,8000,2235,0,1,1.0,libero_plus,3657.9522433280945,3da3ac7e4432a1d62624245435f34cd7112cf796,outputs/cp3_eval/a1_sft_s1/shard0
a1_sft_s1,a1_sft,1,1,sft,8000,2338,0,1,1.0,libero_plus,3657.9522433280945,3da3ac7e4432a1d62624245435f34cd7112cf796,outputs/cp3_eval/a1_sft_s1/shard0
a1_sft_s1,a1_sft,1,1,sft,8000,2377,0,0,0.0,libero_plus,3657.9522433280945,3da3ac7e4432a1d62624245435f34cd7112cf796,outputs/cp3_eval/a1_sft_s1/shard0
a1_sft_s1,a1_sft,1,1,sft,8000,2411,0,1,1.0,libero_plus,3657.9522433280945,3da3ac7e4432a1d62624245435f34cd7112cf796,outputs/cp3_eval/a1_sft_s1/shard0
a1_sft_s1,a1_sft,1,1,sft,8000,2488,0,0,0.0,libero_plus,3657.9522433280945,3da3ac7e4432a1d62624245435f34cd7112cf796,outputs/cp3_eval/a1_sft_s1/shard0
a1_sft_s1,a1_sft,1,1,sft,8000,2513,0,0,0.0,libero_plus,3657.9522433280945,3da3ac7e4432a1d62624245435f34cd7112cf796,outputs/cp3_eval/a1_sft_s1/shard0
a1_sft_s1,a1_sft,1,1,sft,8000,2578,0,1,1.0,libero_plus,3657.9522433280945,3da3ac7e4432a1d62624245435f34cd7112cf796,outputs/cp3_eval/a1_sft_s1/shard0
a1_sft_s1,a1_sft,1,1,sft,8000,31,0,0,0.0,libero_plus,3657.9522433280945,3da3ac7e4432a1d62624245435f34cd7112cf796,outputs/cp3_eval/a1_sft_s1/shard1
a1_sft_s1,a1_sft,1,1,sft,8000,70,0,0,0.0,libero_plus,3657.9522433280945,3da3ac7e4432a1d62624245435f34cd7112cf796,outputs/cp3_eval/a1_sft_s1/shard1
a1_sft_s1,a1_sft,1,1,sft,8000,106,0,1,1.0,libero_plus,3657.9522433280945,3da3ac7e4432a1d62624245435f34cd7112cf796,outputs/cp3_eval/a1_sft_s1/shard1
a1_sft_s1,a1_sft,1,1,sft,8000,164,0,0,0.0,libero_plus,3657.9522433280945,3da3ac7e4432a1d62624245435f34cd7112cf796,outputs/cp3_eval/a1_sft_s1/shard1
a1_sft_s1,a1_sft,1,1,sft,8000,242,0,1,1.0,libero_plus,3657.9522433280945,3da3ac7e4432a1d62624245435f34cd7112cf796,outputs/cp3_eval/a1_sft_s1/shard1
a1_sft_s1,a1_sft,1,1,sft,8000,273,0,1,1.0,libero_plus,3657.9522433280945,3da3ac7e4432a1d62624245435f34cd7112cf796,outputs/cp3_eval/a1_sft_s1/shard1
a1_sft_s1,a1_sft,1,1,sft,8000,315,0,0,0.0,libero_plus,3657.9522433280945,3da3ac7e4432a1d62624245435f34cd7112cf796,outputs/cp3_eval/a1_sft_s1/shard1
a1_sft_s1,a1_sft,1,1,sft,8000,346,0,0,0.0,libero_plus,3657.9522433280945,3da3ac7e4432a1d62624245435f34cd7112cf796,outputs/cp3_eval/a1_sft_s1/shard1
a1_sft_s1,a1_sft,1,1,sft,8000,392,0,0,0.0,libero_plus,3657.9522433280945,3da3ac7e4432a1d62624245435f34cd7112cf796,outputs/cp3_eval/a1_sft_s1/shard1
a1_sft_s1,a1_sft,1,1,sft,8000,517,0,0,0.0,libero_plus,3657.9522433280945,3da3ac7e4432a1d62624245435f34cd7112cf796,outputs/cp3_eval/a1_sft_s1/shard1
a1_sft_s1,a1_sft,1,1,sft,8000,608,0,0,0.0,libero_plus,3657.9522433280945,3da3ac7e4432a1d62624245435f34cd7112cf796,outputs/cp3_eval/a1_sft_s1/shard1
a1_sft_s1,a1_sft,1,1,sft,8000,706,0,1,1.0,libero_plus,3657.9522433280945,3da3ac7e4432a1d62624245435f34cd7112cf796,outputs/cp3_eval/a1_sft_s1/shard1
a1_sft_s1,a1_sft,1,1,sft,8000,754,0,1,1.0,libero_plus,3657.9522433280945,3da3ac7e4432a1d62624245435f34cd7112cf796,outputs/cp3_eval/a1_sft_s1/shard1
a1_sft_s1,a1_sft,1,1,sft,8000,829,0,1,1.0,libero_plus,3657.9522433280945,3da3ac7e4432a1d62624245435f34cd7112cf796,outputs/cp3_eval/a1_sft_s1/shard1
a1_sft_s1,a1_sft,1,1,sft,8000,934,0,0,0.0,libero_plus,3657.9522433280945,3da3ac7e4432a1d62624245435f34cd7112cf796,outputs/cp3_eval/a1_sft_s1/shard1
a1_sft_s1,a1_sft,1,1,sft,8000,969,0,0,0.0,libero_plus,3657.9522433280945,3da3ac7e4432a1d62624245435f34cd7112cf796,outputs/cp3_eval/a1_sft_s1/shard1
a1_sft_s1,a1_sft,1,1,sft,8000,1042,0,1,1.0,libero_plus,3657.9522433280945,3da3ac7e4432a1d62624245435f34cd7112cf796,outputs/cp3_eval/a1_sft_s1/shard1
a1_sft_s1,a1_sft,1,1,sft,8000,1139,0,0,0.0,libero_plus,3657.9522433280945,3da3ac7e4432a1d62624245435f34cd7112cf796,outputs/cp3_eval/a1_sft_s1/shard1
a1_sft_s1,a1_sft,1,1,sft,8000,1210,0,0,0.0,libero_plus,3657.9522433280945,3da3ac7e4432a1d62624245435f34cd7112cf796,outputs/cp3_eval/a1_sft_s1/shard1
a1_sft_s1,a1_sft,1,1,sft,8000,1246,0,0,0.0,libero_plus,3657.9522433280945,3da3ac7e4432a1d62624245435f34cd7112cf796,outputs/cp3_eval/a1_sft_s1/shard1
a1_sft_s1,a1_sft,1,1,sft,8000,1308,0,0,0.0,libero_plus,3657.9522433280945,3da3ac7e4432a1d62624245435f34cd7112cf796,outputs/cp3_eval/a1_sft_s1/shard1
a1_sft_s1,a1_sft,1,1,sft,8000,1399,0,0,0.0,libero_plus,3657.9522433280945,3da3ac7e4432a1d62624245435f34cd7112cf796,outputs/cp3_eval/a1_sft_s1/shard1
a1_sft_s1,a1_sft,1,1,sft,8000,1503,0,0,0.0,libero_plus,3657.9522433280945,3da3ac7e4432a1d62624245435f34cd7112cf796,outputs/cp3_eval/a1_sft_s1/shard1
a1_sft_s1,a1_sft,1,1,sft,8000,1592,0,0,0.0,libero_plus,3657.9522433280945,3da3ac7e4432a1d62624245435f34cd7112cf796,outputs/cp3_eval/a1_sft_s1/shard1
a1_sft_s1,a1_sft,1,1,sft,8000,1634,0,1,1.0,libero_plus,3657.9522433280945,3da3ac7e4432a1d62624245435f34cd7112cf796,outputs/cp3_eval/a1_sft_s1/shard1
a1_sft_s1,a1_sft,1,1,sft,8000,1714,0,1,1.0,libero_plus,3657.9522433280945,3da3ac7e4432a1d62624245435f34cd7112cf796,outputs/cp3_eval/a1_sft_s1/shard1
a1_sft_s1,a1_sft,1,1,sft,8000,1770,0,0,0.0,libero_plus,3657.9522433280945,3da3ac7e4432a1d62624245435f34cd7112cf796,outputs/cp3_eval/a1_sft_s1/shard1
a1_sft_s1,a1_sft,1,1,sft,8000,1852,0,0,0.0,libero_plus,3657.9522433280945,3da3ac7e4432a1d62624245435f34cd7112cf796,outputs/cp3_eval/a1_sft_s1/shard1
a1_sft_s1,a1_sft,1,1,sft,8000,1922,0,0,0.0,libero_plus,3657.9522433280945,3da3ac7e4432a1d62624245435f34cd7112cf796,outputs/cp3_eval/a1_sft_s1/shard1
a1_sft_s1,a1_sft,1,1,sft,8000,2016,0,0,0.0,libero_plus,3657.9522433280945,3da3ac7e4432a1d62624245435f34cd7112cf796,outputs/cp3_eval/a1_sft_s1/shard1
a1_sft_s1,a1_sft,1,1,sft,8000,2052,0,0,0.0,libero_plus,3657.9522433280945,3da3ac7e4432a1d62624245435f34cd7112cf796,outputs/cp3_eval/a1_sft_s1/shard1
a1_sft_s1,a1_sft,1,1,sft,8000,2128,0,0,0.0,libero_plus,3657.9522433280945,3da3ac7e4432a1d62624245435f34cd7112cf796,outputs/cp3_eval/a1_sft_s1/shard1
a1_sft_s1,a1_sft,1,1,sft,8000,2185,0,0,0.0,libero_plus,3657.9522433280945,3da3ac7e4432a1d62624245435f34cd7112cf796,outputs/cp3_eval/a1_sft_s1/shard1
a1_sft_s1,a1_sft,1,1,sft,8000,2255,0,0,0.0,libero_plus,3657.9522433280945,3da3ac7e4432a1d62624245435f34cd7112cf796,outputs/cp3_eval/a1_sft_s1/shard1
a1_sft_s1,a1_sft,1,1,sft,8000,2346,0,1,1.0,libero_plus,3657.9522433280945,3da3ac7e4432a1d62624245435f34cd7112cf796,outputs/cp3_eval/a1_sft_s1/shard1
a1_sft_s1,a1_sft,1,1,sft,8000,2382,0,0,0.0,libero_plus,3657.9522433280945,3da3ac7e4432a1d62624245435f34cd7112cf796,outputs/cp3_eval/a1_sft_s1/shard1
a1_sft_s1,a1_sft,1,1,sft,8000,2413,0,1,1.0,libero_plus,3657.9522433280945,3da3ac7e4432a1d62624245435f34cd7112cf796,outputs/cp3_eval/a1_sft_s1/shard1
a1_sft_s1,a1_sft,1,1,sft,8000,2491,0,0,0.0,libero_plus,3657.9522433280945,3da3ac7e4432a1d62624245435f34cd7112cf796,outputs/cp3_eval/a1_sft_s1/shard1
a1_sft_s1,a1_sft,1,1,sft,8000,2516,0,0,0.0,libero_plus,3657.9522433280945,3da3ac7e4432a1d62624245435f34cd7112cf796,outputs/cp3_eval/a1_sft_s1/shard1
a1_sft_s1,a1_sft,1,1,sft,8000,39,0,0,0.0,libero_plus,3657.9522433280945,3da3ac7e4432a1d62624245435f34cd7112cf796,outputs/cp3_eval/a1_sft_s1/shard2
a1_sft_s1,a1_sft,1,1,sft,8000,74,0,0,0.0,libero_plus,3657.9522433280945,3da3ac7e4432a1d62624245435f34cd7112cf796,outputs/cp3_eval/a1_sft_s1/shard2
a1_sft_s1,a1_sft,1,1,sft,8000,117,0,1,1.0,libero_plus,3657.9522433280945,3da3ac7e4432a1d62624245435f34cd7112cf796,outputs/cp3_eval/a1_sft_s1/shard2
a1_sft_s1,a1_sft,1,1,sft,8000,173,0,0,0.0,libero_plus,3657.9522433280945,3da3ac7e4432a1d62624245435f34cd7112cf796,outputs/cp3_eval/a1_sft_s1/shard2
a1_sft_s1,a1_sft,1,1,sft,8000,250,0,1,1.0,libero_plus,3657.9522433280945,3da3ac7e4432a1d62624245435f34cd7112cf796,outputs/cp3_eval/a1_sft_s1/shard2
a1_sft_s1,a1_sft,1,1,sft,8000,277,0,1,1.0,libero_plus,3657.9522433280945,3da3ac7e4432a1d62624245435f34cd7112cf796,outputs/cp3_eval/a1_sft_s1/shard2
a1_sft_s1,a1_sft,1,1,sft,8000,332,0,1,1.0,libero_plus,3657.9522433280945,3da3ac7e4432a1d62624245435f34cd7112cf796,outputs/cp3_eval/a1_sft_s1/shard2
a1_sft_s1,a1_sft,1,1,sft,8000,352,0,0,0.0,libero_plus,3657.9522433280945,3da3ac7e4432a1d62624245435f34cd7112cf796,outputs/cp3_eval/a1_sft_s1/shard2
a1_sft_s1,a1_sft,1,1,sft,8000,484,0,0,0.0,libero_plus,3657.9522433280945,3da3ac7e4432a1d62624245435f34cd7112cf796,outputs/cp3_eval/a1_sft_s1/shard2
a1_sft_s1,a1_sft,1,1,sft,8000,523,0,0,0.0,libero_plus,3657.9522433280945,3da3ac7e4432a1d62624245435f34cd7112cf796,outputs/cp3_eval/a1_sft_s1/shard2
a1_sft_s1,a1_sft,1,1,sft,8000,611,0,0,0.0,libero_plus,3657.9522433280945,3da3ac7e4432a1d62624245435f34cd7112cf796,outputs/cp3_eval/a1_sft_s1/shard2
a1_sft_s1,a1_sft,1,1,sft,8000,734,0,1,1.0,libero_plus,3657.9522433280945,3da3ac7e4432a1d62624245435f34cd7112cf796,outputs/cp3_eval/a1_sft_s1/shard2
a1_sft_s1,a1_sft,1,1,sft,8000,758,0,1,1.0,libero_plus,3657.9522433280945,3da3ac7e4432a1d62624245435f34cd7112cf796,outputs/cp3_eval/a1_sft_s1/shard2
a1_sft_s1,a1_sft,1,1,sft,8000,836,0,0,0.0,libero_plus,3657.9522433280945,3da3ac7e4432a1d62624245435f34cd7112cf796,outputs/cp3_eval/a1_sft_s1/shard2
a1_sft_s1,a1_sft,1,1,sft,8000,950,0,0,0.0,libero_plus,3657.9522433280945,3da3ac7e4432a1d62624245435f34cd7112cf796,outputs/cp3_eval/a1_sft_s1/shard2
a1_sft_s1,a1_sft,1,1,sft,8000,973,0,0,0.0,libero_plus,3657.9522433280945,3da3ac7e4432a1d62624245435f34cd7112cf796,outputs/cp3_eval/a1_sft_s1/shard2
a1_sft_s1,a1_sft,1,1,sft,8000,1058,0,0,0.0,libero_plus,3657.9522433280945,3da3ac7e4432a1d62624245435f34cd7112cf796,outputs/cp3_eval/a1_sft_s1/shard2
a1_sft_s1,a1_sft,1,1,sft,8000,1171,0,0,0.0,libero_plus,3657.9522433280945,3da3ac7e4432a1d62624245435f34cd7112cf796,outputs/cp3_eval/a1_sft_s1/shard2
a1_sft_s1,a1_sft,1,1,sft,8000,1211,0,0,0.0,libero_plus,3657.9522433280945,3da3ac7e4432a1d62624245435f34cd7112cf796,outputs/cp3_eval/a1_sft_s1/shard2
a1_sft_s1,a1_sft,1,1,sft,8000,1267,0,1,1.0,libero_plus,3657.9522433280945,3da3ac7e4432a1d62624245435f34cd7112cf796,outputs/cp3_eval/a1_sft_s1/shard2
a1_sft_s1,a1_sft,1,1,sft,8000,1355,0,0,0.0,libero_plus,3657.9522433280945,3da3ac7e4432a1d62624245435f34cd7112cf796,outputs/cp3_eval/a1_sft_s1/shard2
a1_sft_s1,a1_sft,1,1,sft,8000,1422,0,0,0.0,libero_plus,3657.9522433280945,3da3ac7e4432a1d62624245435f34cd7112cf796,outputs/cp3_eval/a1_sft_s1/shard2
a1_sft_s1,a1_sft,1,1,sft,8000,1567,0,1,1.0,libero_plus,3657.9522433280945,3da3ac7e4432a1d62624245435f34cd7112cf796,outputs/cp3_eval/a1_sft_s1/shard2
a1_sft_s1,a1_sft,1,1,sft,8000,1595,0,0,0.0,libero_plus,3657.9522433280945,3da3ac7e4432a1d62624245435f34cd7112cf796,outputs/cp3_eval/a1_sft_s1/shard2
a1_sft_s1,a1_sft,1,1,sft,8000,1642,0,1,1.0,libero_plus,3657.9522433280945,3da3ac7e4432a1d62624245435f34cd7112cf796,outputs/cp3_eval/a1_sft_s1/shard2
a1_sft_s1,a1_sft,1,1,sft,8000,1718,0,0,0.0,libero_plus,3657.9522433280945,3da3ac7e4432a1d62624245435f34cd7112cf796,outputs/cp3_eval/a1_sft_s1/shard2
a1_sft_s1,a1_sft,1,1,sft,8000,1791,0,0,0.0,libero_plus,3657.9522433280945,3da3ac7e4432a1d62624245435f34cd7112cf796,outputs/cp3_eval/a1_sft_s1/shard2
a1_sft_s1,a1_sft,1,1,sft,8000,1860,0,0,0.0,libero_plus,3657.9522433280945,3da3ac7e4432a1d62624245435f34cd7112cf796,outputs/cp3_eval/a1_sft_s1/shard2
a1_sft_s1,a1_sft,1,1,sft,8000,1940,0,1,1.0,libero_plus,3657.9522433280945,3da3ac7e4432a1d62624245435f34cd7112cf796,outputs/cp3_eval/a1_sft_s1/shard2
a1_sft_s1,a1_sft,1,1,sft,8000,2034,0,1,1.0,libero_plus,3657.9522433280945,3da3ac7e4432a1d62624245435f34cd7112cf796,outputs/cp3_eval/a1_sft_s1/shard2
a1_sft_s1,a1_sft,1,1,sft,8000,2056,0,0,0.0,libero_plus,3657.9522433280945,3da3ac7e4432a1d62624245435f34cd7112cf796,outputs/cp3_eval/a1_sft_s1/shard2
a1_sft_s1,a1_sft,1,1,sft,8000,2139,0,0,0.0,libero_plus,3657.9522433280945,3da3ac7e4432a1d62624245435f34cd7112cf796,outputs/cp3_eval/a1_sft_s1/shard2
a1_sft_s1,a1_sft,1,1,sft,8000,2203,0,0,0.0,libero_plus,3657.9522433280945,3da3ac7e4432a1d62624245435f34cd7112cf796,outputs/cp3_eval/a1_sft_s1/shard2
a1_sft_s1,a1_sft,1,1,sft,8000,2262,0,0,0.0,libero_plus,3657.9522433280945,3da3ac7e4432a1d62624245435f34cd7112cf796,outputs/cp3_eval/a1_sft_s1/shard2
a1_sft_s1,a1_sft,1,1,sft,8000,2350,0,1,1.0,libero_plus,3657.9522433280945,3da3ac7e4432a1d62624245435f34cd7112cf796,outputs/cp3_eval/a1_sft_s1/shard2
a1_sft_s1,a1_sft,1,1,sft,8000,2388,0,0,0.0,libero_plus,3657.9522433280945,3da3ac7e4432a1d62624245435f34cd7112cf796,outputs/cp3_eval/a1_sft_s1/shard2
a1_sft_s1,a1_sft,1,1,sft,8000,2446,0,1,1.0,libero_plus,3657.9522433280945,3da3ac7e4432a1d62624245435f34cd7112cf796,outputs/cp3_eval/a1_sft_s1/shard2
a1_sft_s1,a1_sft,1,1,sft,8000,2494,0,0,0.0,libero_plus,3657.9522433280945,3da3ac7e4432a1d62624245435f34cd7112cf796,outputs/cp3_eval/a1_sft_s1/shard2
a1_sft_s1,a1_sft,1,1,sft,8000,2528,0,0,0.0,libero_plus,3657.9522433280945,3da3ac7e4432a1d62624245435f34cd7112cf796,outputs/cp3_eval/a1_sft_s1/shard2
a1_sft_s1,a1_sft,1,1,sft,8000,41,0,0,0.0,libero_plus,3657.9522433280945,3da3ac7e4432a1d62624245435f34cd7112cf796,outputs/cp3_eval/a1_sft_s1/shard3
a1_sft_s1,a1_sft,1,1,sft,8000,83,0,1,1.0,libero_plus,3657.9522433280945,3da3ac7e4432a1d62624245435f34cd7112cf796,outputs/cp3_eval/a1_sft_s1/shard3
a1_sft_s1,a1_sft,1,1,sft,8000,124,0,1,1.0,libero_plus,3657.9522433280945,3da3ac7e4432a1d62624245435f34cd7112cf796,outputs/cp3_eval/a1_sft_s1/shard3
a1_sft_s1,a1_sft,1,1,sft,8000,214,0,0,0.0,libero_plus,3657.9522433280945,3da3ac7e4432a1d62624245435f34cd7112cf796,outputs/cp3_eval/a1_sft_s1/shard3
a1_sft_s1,a1_sft,1,1,sft,8000,265,0,1,1.0,libero_plus,3657.9522433280945,3da3ac7e4432a1d62624245435f34cd7112cf796,outputs/cp3_eval/a1_sft_s1/shard3
a1_sft_s1,a1_sft,1,1,sft,8000,291,0,0,0.0,libero_plus,3657.9522433280945,3da3ac7e4432a1d62624245435f34cd7112cf796,outputs/cp3_eval/a1_sft_s1/shard3
a1_sft_s1,a1_sft,1,1,sft,8000,337,0,1,1.0,libero_plus,3657.9522433280945,3da3ac7e4432a1d62624245435f34cd7112cf796,outputs/cp3_eval/a1_sft_s1/shard3
a1_sft_s1,a1_sft,1,1,sft,8000,355,0,0,0.0,libero_plus,3657.9522433280945,3da3ac7e4432a1d62624245435f34cd7112cf796,outputs/cp3_eval/a1_sft_s1/shard3
a1_sft_s1,a1_sft,1,1,sft,8000,488,0,0,0.0,libero_plus,3657.9522433280945,3da3ac7e4432a1d62624245435f34cd7112cf796,outputs/cp3_eval/a1_sft_s1/shard3
a1_sft_s1,a1_sft,1,1,sft,8000,546,0,0,0.0,libero_plus,3657.9522433280945,3da3ac7e4432a1d62624245435f34cd7112cf796,outputs/cp3_eval/a1_sft_s1/shard3
a1_sft_s1,a1_sft,1,1,sft,8000,614,0,1,1.0,libero_plus,3657.9522433280945,3da3ac7e4432a1d62624245435f34cd7112cf796,outputs/cp3_eval/a1_sft_s1/shard3
a1_sft_s1,a1_sft,1,1,sft,8000,737,0,1,1.0,libero_plus,3657.9522433280945,3da3ac7e4432a1d62624245435f34cd7112cf796,outputs/cp3_eval/a1_sft_s1/shard3
a1_sft_s1,a1_sft,1,1,sft,8000,786,0,0,0.0,libero_plus,3657.9522433280945,3da3ac7e4432a1d62624245435f34cd7112cf796,outputs/cp3_eval/a1_sft_s1/shard3
a1_sft_s1,a1_sft,1,1,sft,8000,871,0,0,0.0,libero_plus,3657.9522433280945,3da3ac7e4432a1d62624245435f34cd7112cf796,outputs/cp3_eval/a1_sft_s1/shard3
a1_sft_s1,a1_sft,1,1,sft,8000,962,0,0,0.0,libero_plus,3657.9522433280945,3da3ac7e4432a1d62624245435f34cd7112cf796,outputs/cp3_eval/a1_sft_s1/shard3
a1_sft_s1,a1_sft,1,1,sft,8000,974,0,0,0.0,libero_plus,3657.9522433280945,3da3ac7e4432a1d62624245435f34cd7112cf796,outputs/cp3_eval/a1_sft_s1/shard3
a1_sft_s1,a1_sft,1,1,sft,8000,1069,0,0,0.0,libero_plus,3657.9522433280945,3da3ac7e4432a1d62624245435f34cd7112cf796,outputs/cp3_eval/a1_sft_s1/shard3
a1_sft_s1,a1_sft,1,1,sft,8000,1194,0,0,0.0,libero_plus,3657.9522433280945,3da3ac7e4432a1d62624245435f34cd7112cf796,outputs/cp3_eval/a1_sft_s1/shard3
a1_sft_s1,a1_sft,1,1,sft,8000,1213,0,0,0.0,libero_plus,3657.9522433280945,3da3ac7e4432a1d62624245435f34cd7112cf796,outputs/cp3_eval/a1_sft_s1/shard3
a1_sft_s1,a1_sft,1,1,sft,8000,1279,0,0,0.0,libero_plus,3657.9522433280945,3da3ac7e4432a1d62624245435f34cd7112cf796,outputs/cp3_eval/a1_sft_s1/shard3
a1_sft_s1,a1_sft,1,1,sft,8000,1356,0,0,0.0,libero_plus,3657.9522433280945,3da3ac7e4432a1d62624245435f34cd7112cf796,outputs/cp3_eval/a1_sft_s1/shard3
a1_sft_s1,a1_sft,1,1,sft,8000,1449,0,0,0.0,libero_plus,3657.9522433280945,3da3ac7e4432a1d62624245435f34cd7112cf796,outputs/cp3_eval/a1_sft_s1/shard3
a1_sft_s1,a1_sft,1,1,sft,8000,1572,0,1,1.0,libero_plus,3657.9522433280945,3da3ac7e4432a1d62624245435f34cd7112cf796,outputs/cp3_eval/a1_sft_s1/shard3
a1_sft_s1,a1_sft,1,1,sft,8000,1608,0,1,1.0,libero_plus,3657.9522433280945,3da3ac7e4432a1d62624245435f34cd7112cf796,outputs/cp3_eval/a1_sft_s1/shard3
a1_sft_s1,a1_sft,1,1,sft,8000,1672,0,0,0.0,libero_plus,3657.9522433280945,3da3ac7e4432a1d62624245435f34cd7112cf796,outputs/cp3_eval/a1_sft_s1/shard3
a1_sft_s1,a1_sft,1,1,sft,8000,1727,0,1,1.0,libero_plus,3657.9522433280945,3da3ac7e4432a1d62624245435f34cd7112cf796,outputs/cp3_eval/a1_sft_s1/shard3
a1_sft_s1,a1_sft,1,1,sft,8000,1794,0,0,0.0,libero_plus,3657.9522433280945,3da3ac7e4432a1d62624245435f34cd7112cf796,outputs/cp3_eval/a1_sft_s1/shard3
a1_sft_s1,a1_sft,1,1,sft,8000,1864,0,1,1.0,libero_plus,3657.9522433280945,3da3ac7e4432a1d62624245435f34cd7112cf796,outputs/cp3_eval/a1_sft_s1/shard3
a1_sft_s1,a1_sft,1,1,sft,8000,1945,0,0,0.0,libero_plus,3657.9522433280945,3da3ac7e4432a1d62624245435f34cd7112cf796,outputs/cp3_eval/a1_sft_s1/shard3
a1_sft_s1,a1_sft,1,1,sft,8000,2035,0,1,1.0,libero_plus,3657.9522433280945,3da3ac7e4432a1d62624245435f34cd7112cf796,outputs/cp3_eval/a1_sft_s1/shard3
a1_sft_s1,a1_sft,1,1,sft,8000,2065,0,0,0.0,libero_plus,3657.9522433280945,3da3ac7e4432a1d62624245435f34cd7112cf796,outputs/cp3_eval/a1_sft_s1/shard3
a1_sft_s1,a1_sft,1,1,sft,8000,2153,0,0,0.0,libero_plus,3657.9522433280945,3da3ac7e4432a1d62624245435f34cd7112cf796,outputs/cp3_eval/a1_sft_s1/shard3
a1_sft_s1,a1_sft,1,1,sft,8000,2207,0,0,0.0,libero_plus,3657.9522433280945,3da3ac7e4432a1d62624245435f34cd7112cf796,outputs/cp3_eval/a1_sft_s1/shard3
a1_sft_s1,a1_sft,1,1,sft,8000,2321,0,1,1.0,libero_plus,3657.9522433280945,3da3ac7e4432a1d62624245435f34cd7112cf796,outputs/cp3_eval/a1_sft_s1/shard3
a1_sft_s1,a1_sft,1,1,sft,8000,2359,0,0,0.0,libero_plus,3657.9522433280945,3da3ac7e4432a1d62624245435f34cd7112cf796,outputs/cp3_eval/a1_sft_s1/shard3
a1_sft_s1,a1_sft,1,1,sft,8000,2405,0,1,1.0,libero_plus,3657.9522433280945,3da3ac7e4432a1d62624245435f34cd7112cf796,outputs/cp3_eval/a1_sft_s1/shard3
a1_sft_s1,a1_sft,1,1,sft,8000,2464,0,1,1.0,libero_plus,3657.9522433280945,3da3ac7e4432a1d62624245435f34cd7112cf796,outputs/cp3_eval/a1_sft_s1/shard3
a1_sft_s1,a1_sft,1,1,sft,8000,2497,0,0,0.0,libero_plus,3657.9522433280945,3da3ac7e4432a1d62624245435f34cd7112cf796,outputs/cp3_eval/a1_sft_s1/shard3
a1_sft_s1,a1_sft,1,1,sft,8000,2539,0,0,0.0,libero_plus,3657.9522433280945,3da3ac7e4432a1d62624245435f34cd7112cf796,outputs/cp3_eval/a1_sft_s1/shard3
a1_sft_s1,a1_sft,1,1,sft,8000,44,0,0,0.0,libero_plus,3657.9522433280945,3da3ac7e4432a1d62624245435f34cd7112cf796,outputs/cp3_eval/a1_sft_s1/shard4
a1_sft_s1,a1_sft,1,1,sft,8000,94,0,1,1.0,libero_plus,3657.9522433280945,3da3ac7e4432a1d62624245435f34cd7112cf796,outputs/cp3_eval/a1_sft_s1/shard4
a1_sft_s1,a1_sft,1,1,sft,8000,141,0,0,0.0,libero_plus,3657.9522433280945,3da3ac7e4432a1d62624245435f34cd7112cf796,outputs/cp3_eval/a1_sft_s1/shard4
a1_sft_s1,a1_sft,1,1,sft,8000,226,0,0,0.0,libero_plus,3657.9522433280945,3da3ac7e4432a1d62624245435f34cd7112cf796,outputs/cp3_eval/a1_sft_s1/shard4
a1_sft_s1,a1_sft,1,1,sft,8000,266,0,1,1.0,libero_plus,3657.9522433280945,3da3ac7e4432a1d62624245435f34cd7112cf796,outputs/cp3_eval/a1_sft_s1/shard4
a1_sft_s1,a1_sft,1,1,sft,8000,304,0,0,0.0,libero_plus,3657.9522433280945,3da3ac7e4432a1d62624245435f34cd7112cf796,outputs/cp3_eval/a1_sft_s1/shard4
a1_sft_s1,a1_sft,1,1,sft,8000,339,0,1,1.0,libero_plus,3657.9522433280945,3da3ac7e4432a1d62624245435f34cd7112cf796,outputs/cp3_eval/a1_sft_s1/shard4
a1_sft_s1,a1_sft,1,1,sft,8000,365,0,0,0.0,libero_plus,3657.9522433280945,3da3ac7e4432a1d62624245435f34cd7112cf796,outputs/cp3_eval/a1_sft_s1/shard4
a1_sft_s1,a1_sft,1,1,sft,8000,492,0,1,1.0,libero_plus,3657.9522433280945,3da3ac7e4432a1d62624245435f34cd7112cf796,outputs/cp3_eval/a1_sft_s1/shard4
a1_sft_s1,a1_sft,1,1,sft,8000,556,0,0,0.0,libero_plus,3657.9522433280945,3da3ac7e4432a1d62624245435f34cd7112cf796,outputs/cp3_eval/a1_sft_s1/shard4
a1_sft_s1,a1_sft,1,1,sft,8000,616,0,1,1.0,libero_plus,3657.9522433280945,3da3ac7e4432a1d62624245435f34cd7112cf796,outputs/cp3_eval/a1_sft_s1/shard4
a1_sft_s1,a1_sft,1,1,sft,8000,740,0,1,1.0,libero_plus,3657.9522433280945,3da3ac7e4432a1d62624245435f34cd7112cf796,outputs/cp3_eval/a1_sft_s1/shard4
a1_sft_s1,a1_sft,1,1,sft,8000,812,0,1,1.0,libero_plus,3657.9522433280945,3da3ac7e4432a1d62624245435f34cd7112cf796,outputs/cp3_eval/a1_sft_s1/shard4
a1_sft_s1,a1_sft,1,1,sft,8000,882,0,1,1.0,libero_plus,3657.9522433280945,3da3ac7e4432a1d62624245435f34cd7112cf796,outputs/cp3_eval/a1_sft_s1/shard4
a1_sft_s1,a1_sft,1,1,sft,8000,964,0,0,0.0,libero_plus,3657.9522433280945,3da3ac7e4432a1d62624245435f34cd7112cf796,outputs/cp3_eval/a1_sft_s1/shard4
a1_sft_s1,a1_sft,1,1,sft,8000,978,0,0,0.0,libero_plus,3657.9522433280945,3da3ac7e4432a1d62624245435f34cd7112cf796,outputs/cp3_eval/a1_sft_s1/shard4
a1_sft_s1,a1_sft,1,1,sft,8000,1117,0,0,0.0,libero_plus,3657.9522433280945,3da3ac7e4432a1d62624245435f34cd7112cf796,outputs/cp3_eval/a1_sft_s1/shard4
a1_sft_s1,a1_sft,1,1,sft,8000,1196,0,0,0.0,libero_plus,3657.9522433280945,3da3ac7e4432a1d62624245435f34cd7112cf796,outputs/cp3_eval/a1_sft_s1/shard4
a1_sft_s1,a1_sft,1,1,sft,8000,1239,0,0,0.0,libero_plus,3657.9522433280945,3da3ac7e4432a1d62624245435f34cd7112cf796,outputs/cp3_eval/a1_sft_s1/shard4
a1_sft_s1,a1_sft,1,1,sft,8000,1286,0,0,0.0,libero_plus,3657.9522433280945,3da3ac7e4432a1d62624245435f34cd7112cf796,outputs/cp3_eval/a1_sft_s1/shard4
a1_sft_s1,a1_sft,1,1,sft,8000,1378,0,0,0.0,libero_plus,3657.9522433280945,3da3ac7e4432a1d62624245435f34cd7112cf796,outputs/cp3_eval/a1_sft_s1/shard4
a1_sft_s1,a1_sft,1,1,sft,8000,1455,0,0,0.0,libero_plus,3657.9522433280945,3da3ac7e4432a1d62624245435f34cd7112cf796,outputs/cp3_eval/a1_sft_s1/shard4
a1_sft_s1,a1_sft,1,1,sft,8000,1577,0,1,1.0,libero_plus,3657.9522433280945,3da3ac7e4432a1d62624245435f34cd7112cf796,outputs/cp3_eval/a1_sft_s1/shard4
a1_sft_s1,a1_sft,1,1,sft,8000,1621,0,0,0.0,libero_plus,3657.9522433280945,3da3ac7e4432a1d62624245435f34cd7112cf796,outputs/cp3_eval/a1_sft_s1/shard4
a1_sft_s1,a1_sft,1,1,sft,8000,1681,0,1,1.0,libero_plus,3657.9522433280945,3da3ac7e4432a1d62624245435f34cd7112cf796,outputs/cp3_eval/a1_sft_s1/shard4
a1_sft_s1,a1_sft,1,1,sft,8000,1729,0,1,1.0,libero_plus,3657.9522433280945,3da3ac7e4432a1d62624245435f34cd7112cf796,outputs/cp3_eval/a1_sft_s1/shard4
a1_sft_s1,a1_sft,1,1,sft,8000,1803,0,0,0.0,libero_plus,3657.9522433280945,3da3ac7e4432a1d62624245435f34cd7112cf796,outputs/cp3_eval/a1_sft_s1/shard4
a1_sft_s1,a1_sft,1,1,sft,8000,1882,0,0,0.0,libero_plus,3657.9522433280945,3da3ac7e4432a1d62624245435f34cd7112cf796,outputs/cp3_eval/a1_sft_s1/shard4
a1_sft_s1,a1_sft,1,1,sft,8000,1959,0,0,0.0,libero_plus,3657.9522433280945,3da3ac7e4432a1d62624245435f34cd7112cf796,outputs/cp3_eval/a1_sft_s1/shard4
a1_sft_s1,a1_sft,1,1,sft,8000,2037,0,1,1.0,libero_plus,3657.9522433280945,3da3ac7e4432a1d62624245435f34cd7112cf796,outputs/cp3_eval/a1_sft_s1/shard4
a1_sft_s1,a1_sft,1,1,sft,8000,2081,0,0,0.0,libero_plus,3657.9522433280945,3da3ac7e4432a1d62624245435f34cd7112cf796,outputs/cp3_eval/a1_sft_s1/shard4
a1_sft_s1,a1_sft,1,1,sft,8000,2179,0,0,0.0,libero_plus,3657.9522433280945,3da3ac7e4432a1d62624245435f34cd7112cf796,outputs/cp3_eval/a1_sft_s1/shard4
a1_sft_s1,a1_sft,1,1,sft,8000,2222,0,0,0.0,libero_plus,3657.9522433280945,3da3ac7e4432a1d62624245435f34cd7112cf796,outputs/cp3_eval/a1_sft_s1/shard4
a1_sft_s1,a1_sft,1,1,sft,8000,2332,0,1,1.0,libero_plus,3657.9522433280945,3da3ac7e4432a1d62624245435f34cd7112cf796,outputs/cp3_eval/a1_sft_s1/shard4
a1_sft_s1,a1_sft,1,1,sft,8000,2363,0,0,0.0,libero_plus,3657.9522433280945,3da3ac7e4432a1d62624245435f34cd7112cf796,outputs/cp3_eval/a1_sft_s1/shard4
a1_sft_s1,a1_sft,1,1,sft,8000,2406,0,1,1.0,libero_plus,3657.9522433280945,3da3ac7e4432a1d62624245435f34cd7112cf796,outputs/cp3_eval/a1_sft_s1/shard4
a1_sft_s1,a1_sft,1,1,sft,8000,2465,0,1,1.0,libero_plus,3657.9522433280945,3da3ac7e4432a1d62624245435f34cd7112cf796,outputs/cp3_eval/a1_sft_s1/shard4
a1_sft_s1,a1_sft,1,1,sft,8000,2504,0,0,0.0,libero_plus,3657.9522433280945,3da3ac7e4432a1d62624245435f34cd7112cf796,outputs/cp3_eval/a1_sft_s1/shard4
a1_sft_s1,a1_sft,1,1,sft,8000,2569,0,1,1.0,libero_plus,3657.9522433280945,3da3ac7e4432a1d62624245435f34cd7112cf796,outputs/cp3_eval/a1_sft_s1/shard4
a1_sft_s2,a1_sft,1,2,sft,8000,5,0,1,1.0,libero_plus,3860.3212049007416,3da3ac7e4432a1d62624245435f34cd7112cf796,outputs/cp3_eval/a1_sft_s2/shard0
a1_sft_s2,a1_sft,1,2,sft,8000,64,0,0,0.0,libero_plus,3860.3212049007416,3da3ac7e4432a1d62624245435f34cd7112cf796,outputs/cp3_eval/a1_sft_s2/shard0
a1_sft_s2,a1_sft,1,2,sft,8000,97,0,1,1.0,libero_plus,3860.3212049007416,3da3ac7e4432a1d62624245435f34cd7112cf796,outputs/cp3_eval/a1_sft_s2/shard0
a1_sft_s2,a1_sft,1,2,sft,8000,152,0,0,0.0,libero_plus,3860.3212049007416,3da3ac7e4432a1d62624245435f34cd7112cf796,outputs/cp3_eval/a1_sft_s2/shard0
a1_sft_s2,a1_sft,1,2,sft,8000,238,0,1,1.0,libero_plus,3860.3212049007416,3da3ac7e4432a1d62624245435f34cd7112cf796,outputs/cp3_eval/a1_sft_s2/shard0
a1_sft_s2,a1_sft,1,2,sft,8000,270,0,1,1.0,libero_plus,3860.3212049007416,3da3ac7e4432a1d62624245435f34cd7112cf796,outputs/cp3_eval/a1_sft_s2/shard0
a1_sft_s2,a1_sft,1,2,sft,8000,306,0,0,0.0,libero_plus,3860.3212049007416,3da3ac7e4432a1d62624245435f34cd7112cf796,outputs/cp3_eval/a1_sft_s2/shard0
a1_sft_s2,a1_sft,1,2,sft,8000,340,0,1,1.0,libero_plus,3860.3212049007416,3da3ac7e4432a1d62624245435f34cd7112cf796,outputs/cp3_eval/a1_sft_s2/shard0
a1_sft_s2,a1_sft,1,2,sft,8000,384,0,1,1.0,libero_plus,3860.3212049007416,3da3ac7e4432a1d62624245435f34cd7112cf796,outputs/cp3_eval/a1_sft_s2/shard0
a1_sft_s2,a1_sft,1,2,sft,8000,493,0,0,0.0,libero_plus,3860.3212049007416,3da3ac7e4432a1d62624245435f34cd7112cf796,outputs/cp3_eval/a1_sft_s2/shard0
a1_sft_s2,a1_sft,1,2,sft,8000,571,0,0,0.0,libero_plus,3860.3212049007416,3da3ac7e4432a1d62624245435f34cd7112cf796,outputs/cp3_eval/a1_sft_s2/shard0
a1_sft_s2,a1_sft,1,2,sft,8000,664,0,1,1.0,libero_plus,3860.3212049007416,3da3ac7e4432a1d62624245435f34cd7112cf796,outputs/cp3_eval/a1_sft_s2/shard0
a1_sft_s2,a1_sft,1,2,sft,8000,745,0,1,1.0,libero_plus,3860.3212049007416,3da3ac7e4432a1d62624245435f34cd7112cf796,outputs/cp3_eval/a1_sft_s2/shard0
a1_sft_s2,a1_sft,1,2,sft,8000,814,0,0,0.0,libero_plus,3860.3212049007416,3da3ac7e4432a1d62624245435f34cd7112cf796,outputs/cp3_eval/a1_sft_s2/shard0
a1_sft_s2,a1_sft,1,2,sft,8000,913,0,0,0.0,libero_plus,3860.3212049007416,3da3ac7e4432a1d62624245435f34cd7112cf796,outputs/cp3_eval/a1_sft_s2/shard0
a1_sft_s2,a1_sft,1,2,sft,8000,968,0,0,0.0,libero_plus,3860.3212049007416,3da3ac7e4432a1d62624245435f34cd7112cf796,outputs/cp3_eval/a1_sft_s2/shard0
a1_sft_s2,a1_sft,1,2,sft,8000,1025,0,1,1.0,libero_plus,3860.3212049007416,3da3ac7e4432a1d62624245435f34cd7112cf796,outputs/cp3_eval/a1_sft_s2/shard0
a1_sft_s2,a1_sft,1,2,sft,8000,1126,0,0,0.0,libero_plus,3860.3212049007416,3da3ac7e4432a1d62624245435f34cd7112cf796,outputs/cp3_eval/a1_sft_s2/shard0
a1_sft_s2,a1_sft,1,2,sft,8000,1209,0,0,0.0,libero_plus,3860.3212049007416,3da3ac7e4432a1d62624245435f34cd7112cf796,outputs/cp3_eval/a1_sft_s2/shard0
a1_sft_s2,a1_sft,1,2,sft,8000,1243,0,0,0.0,libero_plus,3860.3212049007416,3da3ac7e4432a1d62624245435f34cd7112cf796,outputs/cp3_eval/a1_sft_s2/shard0
a1_sft_s2,a1_sft,1,2,sft,8000,1304,0,0,0.0,libero_plus,3860.3212049007416,3da3ac7e4432a1d62624245435f34cd7112cf796,outputs/cp3_eval/a1_sft_s2/shard0
a1_sft_s2,a1_sft,1,2,sft,8000,1394,0,0,0.0,libero_plus,3860.3212049007416,3da3ac7e4432a1d62624245435f34cd7112cf796,outputs/cp3_eval/a1_sft_s2/shard0
a1_sft_s2,a1_sft,1,2,sft,8000,1466,0,0,0.0,libero_plus,3860.3212049007416,3da3ac7e4432a1d62624245435f34cd7112cf796,outputs/cp3_eval/a1_sft_s2/shard0
a1_sft_s2,a1_sft,1,2,sft,8000,1591,0,0,0.0,libero_plus,3860.3212049007416,3da3ac7e4432a1d62624245435f34cd7112cf796,outputs/cp3_eval/a1_sft_s2/shard0
a1_sft_s2,a1_sft,1,2,sft,8000,1625,0,0,0.0,libero_plus,3860.3212049007416,3da3ac7e4432a1d62624245435f34cd7112cf796,outputs/cp3_eval/a1_sft_s2/shard0
a1_sft_s2,a1_sft,1,2,sft,8000,1695,0,0,0.0,libero_plus,3860.3212049007416,3da3ac7e4432a1d62624245435f34cd7112cf796,outputs/cp3_eval/a1_sft_s2/shard0
a1_sft_s2,a1_sft,1,2,sft,8000,1759,0,0,0.0,libero_plus,3860.3212049007416,3da3ac7e4432a1d62624245435f34cd7112cf796,outputs/cp3_eval/a1_sft_s2/shard0
a1_sft_s2,a1_sft,1,2,sft,8000,1811,0,1,1.0,libero_plus,3860.3212049007416,3da3ac7e4432a1d62624245435f34cd7112cf796,outputs/cp3_eval/a1_sft_s2/shard0
a1_sft_s2,a1_sft,1,2,sft,8000,1887,0,0,0.0,libero_plus,3860.3212049007416,3da3ac7e4432a1d62624245435f34cd7112cf796,outputs/cp3_eval/a1_sft_s2/shard0
a1_sft_s2,a1_sft,1,2,sft,8000,1995,0,0,0.0,libero_plus,3860.3212049007416,3da3ac7e4432a1d62624245435f34cd7112cf796,outputs/cp3_eval/a1_sft_s2/shard0
a1_sft_s2,a1_sft,1,2,sft,8000,2045,0,1,1.0,libero_plus,3860.3212049007416,3da3ac7e4432a1d62624245435f34cd7112cf796,outputs/cp3_eval/a1_sft_s2/shard0
a1_sft_s2,a1_sft,1,2,sft,8000,2093,0,0,0.0,libero_plus,3860.3212049007416,3da3ac7e4432a1d62624245435f34cd7112cf796,outputs/cp3_eval/a1_sft_s2/shard0
a1_sft_s2,a1_sft,1,2,sft,8000,2180,0,1,1.0,libero_plus,3860.3212049007416,3da3ac7e4432a1d62624245435f34cd7112cf796,outputs/cp3_eval/a1_sft_s2/shard0
a1_sft_s2,a1_sft,1,2,sft,8000,2235,0,0,0.0,libero_plus,3860.3212049007416,3da3ac7e4432a1d62624245435f34cd7112cf796,outputs/cp3_eval/a1_sft_s2/shard0
a1_sft_s2,a1_sft,1,2,sft,8000,2338,0,0,0.0,libero_plus,3860.3212049007416,3da3ac7e4432a1d62624245435f34cd7112cf796,outputs/cp3_eval/a1_sft_s2/shard0
a1_sft_s2,a1_sft,1,2,sft,8000,2377,0,0,0.0,libero_plus,3860.3212049007416,3da3ac7e4432a1d62624245435f34cd7112cf796,outputs/cp3_eval/a1_sft_s2/shard0
a1_sft_s2,a1_sft,1,2,sft,8000,2411,0,0,0.0,libero_plus,3860.3212049007416,3da3ac7e4432a1d62624245435f34cd7112cf796,outputs/cp3_eval/a1_sft_s2/shard0
a1_sft_s2,a1_sft,1,2,sft,8000,2488,0,0,0.0,libero_plus,3860.3212049007416,3da3ac7e4432a1d62624245435f34cd7112cf796,outputs/cp3_eval/a1_sft_s2/shard0
a1_sft_s2,a1_sft,1,2,sft,8000,2513,0,0,0.0,libero_plus,3860.3212049007416,3da3ac7e4432a1d62624245435f34cd7112cf796,outputs/cp3_eval/a1_sft_s2/shard0
a1_sft_s2,a1_sft,1,2,sft,8000,2578,0,1,1.0,libero_plus,3860.3212049007416,3da3ac7e4432a1d62624245435f34cd7112cf796,outputs/cp3_eval/a1_sft_s2/shard0
a1_sft_s2,a1_sft,1,2,sft,8000,31,0,0,0.0,libero_plus,3860.3212049007416,3da3ac7e4432a1d62624245435f34cd7112cf796,outputs/cp3_eval/a1_sft_s2/shard1
a1_sft_s2,a1_sft,1,2,sft,8000,70,0,0,0.0,libero_plus,3860.3212049007416,3da3ac7e4432a1d62624245435f34cd7112cf796,outputs/cp3_eval/a1_sft_s2/shard1
a1_sft_s2,a1_sft,1,2,sft,8000,106,0,1,1.0,libero_plus,3860.3212049007416,3da3ac7e4432a1d62624245435f34cd7112cf796,outputs/cp3_eval/a1_sft_s2/shard1
a1_sft_s2,a1_sft,1,2,sft,8000,164,0,0,0.0,libero_plus,3860.3212049007416,3da3ac7e4432a1d62624245435f34cd7112cf796,outputs/cp3_eval/a1_sft_s2/shard1
a1_sft_s2,a1_sft,1,2,sft,8000,242,0,0,0.0,libero_plus,3860.3212049007416,3da3ac7e4432a1d62624245435f34cd7112cf796,outputs/cp3_eval/a1_sft_s2/shard1
a1_sft_s2,a1_sft,1,2,sft,8000,273,0,1,1.0,libero_plus,3860.3212049007416,3da3ac7e4432a1d62624245435f34cd7112cf796,outputs/cp3_eval/a1_sft_s2/shard1
a1_sft_s2,a1_sft,1,2,sft,8000,315,0,0,0.0,libero_plus,3860.3212049007416,3da3ac7e4432a1d62624245435f34cd7112cf796,outputs/cp3_eval/a1_sft_s2/shard1
a1_sft_s2,a1_sft,1,2,sft,8000,346,0,0,0.0,libero_plus,3860.3212049007416,3da3ac7e4432a1d62624245435f34cd7112cf796,outputs/cp3_eval/a1_sft_s2/shard1
a1_sft_s2,a1_sft,1,2,sft,8000,392,0,0,0.0,libero_plus,3860.3212049007416,3da3ac7e4432a1d62624245435f34cd7112cf796,outputs/cp3_eval/a1_sft_s2/shard1
a1_sft_s2,a1_sft,1,2,sft,8000,517,0,1,1.0,libero_plus,3860.3212049007416,3da3ac7e4432a1d62624245435f34cd7112cf796,outputs/cp3_eval/a1_sft_s2/shard1
a1_sft_s2,a1_sft,1,2,sft,8000,608,0,0,0.0,libero_plus,3860.3212049007416,3da3ac7e4432a1d62624245435f34cd7112cf796,outputs/cp3_eval/a1_sft_s2/shard1
a1_sft_s2,a1_sft,1,2,sft,8000,706,0,1,1.0,libero_plus,3860.3212049007416,3da3ac7e4432a1d62624245435f34cd7112cf796,outputs/cp3_eval/a1_sft_s2/shard1
a1_sft_s2,a1_sft,1,2,sft,8000,754,0,1,1.0,libero_plus,3860.3212049007416,3da3ac7e4432a1d62624245435f34cd7112cf796,outputs/cp3_eval/a1_sft_s2/shard1
a1_sft_s2,a1_sft,1,2,sft,8000,829,0,0,0.0,libero_plus,3860.3212049007416,3da3ac7e4432a1d62624245435f34cd7112cf796,outputs/cp3_eval/a1_sft_s2/shard1
a1_sft_s2,a1_sft,1,2,sft,8000,934,0,0,0.0,libero_plus,3860.3212049007416,3da3ac7e4432a1d62624245435f34cd7112cf796,outputs/cp3_eval/a1_sft_s2/shard1
a1_sft_s2,a1_sft,1,2,sft,8000,969,0,0,0.0,libero_plus,3860.3212049007416,3da3ac7e4432a1d62624245435f34cd7112cf796,outputs/cp3_eval/a1_sft_s2/shard1
a1_sft_s2,a1_sft,1,2,sft,8000,1042,0,1,1.0,libero_plus,3860.3212049007416,3da3ac7e4432a1d62624245435f34cd7112cf796,outputs/cp3_eval/a1_sft_s2/shard1
a1_sft_s2,a1_sft,1,2,sft,8000,1139,0,0,0.0,libero_plus,3860.3212049007416,3da3ac7e4432a1d62624245435f34cd7112cf796,outputs/cp3_eval/a1_sft_s2/shard1
a1_sft_s2,a1_sft,1,2,sft,8000,1210,0,0,0.0,libero_plus,3860.3212049007416,3da3ac7e4432a1d62624245435f34cd7112cf796,outputs/cp3_eval/a1_sft_s2/shard1
a1_sft_s2,a1_sft,1,2,sft,8000,1246,0,0,0.0,libero_plus,3860.3212049007416,3da3ac7e4432a1d62624245435f34cd7112cf796,outputs/cp3_eval/a1_sft_s2/shard1
a1_sft_s2,a1_sft,1,2,sft,8000,1308,0,0,0.0,libero_plus,3860.3212049007416,3da3ac7e4432a1d62624245435f34cd7112cf796,outputs/cp3_eval/a1_sft_s2/shard1
a1_sft_s2,a1_sft,1,2,sft,8000,1399,0,0,0.0,libero_plus,3860.3212049007416,3da3ac7e4432a1d62624245435f34cd7112cf796,outputs/cp3_eval/a1_sft_s2/shard1
a1_sft_s2,a1_sft,1,2,sft,8000,1503,0,0,0.0,libero_plus,3860.3212049007416,3da3ac7e4432a1d62624245435f34cd7112cf796,outputs/cp3_eval/a1_sft_s2/shard1
a1_sft_s2,a1_sft,1,2,sft,8000,1592,0,0,0.0,libero_plus,3860.3212049007416,3da3ac7e4432a1d62624245435f34cd7112cf796,outputs/cp3_eval/a1_sft_s2/shard1
a1_sft_s2,a1_sft,1,2,sft,8000,1634,0,0,0.0,libero_plus,3860.3212049007416,3da3ac7e4432a1d62624245435f34cd7112cf796,outputs/cp3_eval/a1_sft_s2/shard1
a1_sft_s2,a1_sft,1,2,sft,8000,1714,0,1,1.0,libero_plus,3860.3212049007416,3da3ac7e4432a1d62624245435f34cd7112cf796,outputs/cp3_eval/a1_sft_s2/shard1
a1_sft_s2,a1_sft,1,2,sft,8000,1770,0,0,0.0,libero_plus,3860.3212049007416,3da3ac7e4432a1d62624245435f34cd7112cf796,outputs/cp3_eval/a1_sft_s2/shard1
a1_sft_s2,a1_sft,1,2,sft,8000,1852,0,0,0.0,libero_plus,3860.3212049007416,3da3ac7e4432a1d62624245435f34cd7112cf796,outputs/cp3_eval/a1_sft_s2/shard1
a1_sft_s2,a1_sft,1,2,sft,8000,1922,0,0,0.0,libero_plus,3860.3212049007416,3da3ac7e4432a1d62624245435f34cd7112cf796,outputs/cp3_eval/a1_sft_s2/shard1
a1_sft_s2,a1_sft,1,2,sft,8000,2016,0,0,0.0,libero_plus,3860.3212049007416,3da3ac7e4432a1d62624245435f34cd7112cf796,outputs/cp3_eval/a1_sft_s2/shard1
a1_sft_s2,a1_sft,1,2,sft,8000,2052,0,0,0.0,libero_plus,3860.3212049007416,3da3ac7e4432a1d62624245435f34cd7112cf796,outputs/cp3_eval/a1_sft_s2/shard1
a1_sft_s2,a1_sft,1,2,sft,8000,2128,0,1,1.0,libero_plus,3860.3212049007416,3da3ac7e4432a1d62624245435f34cd7112cf796,outputs/cp3_eval/a1_sft_s2/shard1
a1_sft_s2,a1_sft,1,2,sft,8000,2185,0,0,0.0,libero_plus,3860.3212049007416,3da3ac7e4432a1d62624245435f34cd7112cf796,outputs/cp3_eval/a1_sft_s2/shard1
a1_sft_s2,a1_sft,1,2,sft,8000,2255,0,0,0.0,libero_plus,3860.3212049007416,3da3ac7e4432a1d62624245435f34cd7112cf796,outputs/cp3_eval/a1_sft_s2/shard1
a1_sft_s2,a1_sft,1,2,sft,8000,2346,0,1,1.0,libero_plus,3860.3212049007416,3da3ac7e4432a1d62624245435f34cd7112cf796,outputs/cp3_eval/a1_sft_s2/shard1
a1_sft_s2,a1_sft,1,2,sft,8000,2382,0,0,0.0,libero_plus,3860.3212049007416,3da3ac7e4432a1d62624245435f34cd7112cf796,outputs/cp3_eval/a1_sft_s2/shard1
a1_sft_s2,a1_sft,1,2,sft,8000,2413,0,0,0.0,libero_plus,3860.3212049007416,3da3ac7e4432a1d62624245435f34cd7112cf796,outputs/cp3_eval/a1_sft_s2/shard1
a1_sft_s2,a1_sft,1,2,sft,8000,2491,0,0,0.0,libero_plus,3860.3212049007416,3da3ac7e4432a1d62624245435f34cd7112cf796,outputs/cp3_eval/a1_sft_s2/shard1
a1_sft_s2,a1_sft,1,2,sft,8000,2516,0,1,1.0,libero_plus,3860.3212049007416,3da3ac7e4432a1d62624245435f34cd7112cf796,outputs/cp3_eval/a1_sft_s2/shard1
a1_sft_s2,a1_sft,1,2,sft,8000,39,0,0,0.0,libero_plus,3860.3212049007416,3da3ac7e4432a1d62624245435f34cd7112cf796,outputs/cp3_eval/a1_sft_s2/shard2
a1_sft_s2,a1_sft,1,2,sft,8000,74,0,0,0.0,libero_plus,3860.3212049007416,3da3ac7e4432a1d62624245435f34cd7112cf796,outputs/cp3_eval/a1_sft_s2/shard2
a1_sft_s2,a1_sft,1,2,sft,8000,117,0,1,1.0,libero_plus,3860.3212049007416,3da3ac7e4432a1d62624245435f34cd7112cf796,outputs/cp3_eval/a1_sft_s2/shard2
a1_sft_s2,a1_sft,1,2,sft,8000,173,0,0,0.0,libero_plus,3860.3212049007416,3da3ac7e4432a1d62624245435f34cd7112cf796,outputs/cp3_eval/a1_sft_s2/shard2
a1_sft_s2,a1_sft,1,2,sft,8000,250,0,0,0.0,libero_plus,3860.3212049007416,3da3ac7e4432a1d62624245435f34cd7112cf796,outputs/cp3_eval/a1_sft_s2/shard2
a1_sft_s2,a1_sft,1,2,sft,8000,277,0,1,1.0,libero_plus,3860.3212049007416,3da3ac7e4432a1d62624245435f34cd7112cf796,outputs/cp3_eval/a1_sft_s2/shard2
a1_sft_s2,a1_sft,1,2,sft,8000,332,0,1,1.0,libero_plus,3860.3212049007416,3da3ac7e4432a1d62624245435f34cd7112cf796,outputs/cp3_eval/a1_sft_s2/shard2
a1_sft_s2,a1_sft,1,2,sft,8000,352,0,1,1.0,libero_plus,3860.3212049007416,3da3ac7e4432a1d62624245435f34cd7112cf796,outputs/cp3_eval/a1_sft_s2/shard2
a1_sft_s2,a1_sft,1,2,sft,8000,484,0,0,0.0,libero_plus,3860.3212049007416,3da3ac7e4432a1d62624245435f34cd7112cf796,outputs/cp3_eval/a1_sft_s2/shard2
a1_sft_s2,a1_sft,1,2,sft,8000,523,0,0,0.0,libero_plus,3860.3212049007416,3da3ac7e4432a1d62624245435f34cd7112cf796,outputs/cp3_eval/a1_sft_s2/shard2
a1_sft_s2,a1_sft,1,2,sft,8000,611,0,1,1.0,libero_plus,3860.3212049007416,3da3ac7e4432a1d62624245435f34cd7112cf796,outputs/cp3_eval/a1_sft_s2/shard2
a1_sft_s2,a1_sft,1,2,sft,8000,734,0,1,1.0,libero_plus,3860.3212049007416,3da3ac7e4432a1d62624245435f34cd7112cf796,outputs/cp3_eval/a1_sft_s2/shard2
a1_sft_s2,a1_sft,1,2,sft,8000,758,0,1,1.0,libero_plus,3860.3212049007416,3da3ac7e4432a1d62624245435f34cd7112cf796,outputs/cp3_eval/a1_sft_s2/shard2
a1_sft_s2,a1_sft,1,2,sft,8000,836,0,1,1.0,libero_plus,3860.3212049007416,3da3ac7e4432a1d62624245435f34cd7112cf796,outputs/cp3_eval/a1_sft_s2/shard2
a1_sft_s2,a1_sft,1,2,sft,8000,950,0,0,0.0,libero_plus,3860.3212049007416,3da3ac7e4432a1d62624245435f34cd7112cf796,outputs/cp3_eval/a1_sft_s2/shard2
a1_sft_s2,a1_sft,1,2,sft,8000,973,0,0,0.0,libero_plus,3860.3212049007416,3da3ac7e4432a1d62624245435f34cd7112cf796,outputs/cp3_eval/a1_sft_s2/shard2
a1_sft_s2,a1_sft,1,2,sft,8000,1058,0,0,0.0,libero_plus,3860.3212049007416,3da3ac7e4432a1d62624245435f34cd7112cf796,outputs/cp3_eval/a1_sft_s2/shard2
a1_sft_s2,a1_sft,1,2,sft,8000,1171,0,0,0.0,libero_plus,3860.3212049007416,3da3ac7e4432a1d62624245435f34cd7112cf796,outputs/cp3_eval/a1_sft_s2/shard2
a1_sft_s2,a1_sft,1,2,sft,8000,1211,0,0,0.0,libero_plus,3860.3212049007416,3da3ac7e4432a1d62624245435f34cd7112cf796,outputs/cp3_eval/a1_sft_s2/shard2
a1_sft_s2,a1_sft,1,2,sft,8000,1267,0,0,0.0,libero_plus,3860.3212049007416,3da3ac7e4432a1d62624245435f34cd7112cf796,outputs/cp3_eval/a1_sft_s2/shard2
a1_sft_s2,a1_sft,1,2,sft,8000,1355,0,0,0.0,libero_plus,3860.3212049007416,3da3ac7e4432a1d62624245435f34cd7112cf796,outputs/cp3_eval/a1_sft_s2/shard2
a1_sft_s2,a1_sft,1,2,sft,8000,1422,0,0,0.0,libero_plus,3860.3212049007416,3da3ac7e4432a1d62624245435f34cd7112cf796,outputs/cp3_eval/a1_sft_s2/shard2
a1_sft_s2,a1_sft,1,2,sft,8000,1567,0,0,0.0,libero_plus,3860.3212049007416,3da3ac7e4432a1d62624245435f34cd7112cf796,outputs/cp3_eval/a1_sft_s2/shard2
a1_sft_s2,a1_sft,1,2,sft,8000,1595,0,0,0.0,libero_plus,3860.3212049007416,3da3ac7e4432a1d62624245435f34cd7112cf796,outputs/cp3_eval/a1_sft_s2/shard2
a1_sft_s2,a1_sft,1,2,sft,8000,1642,0,0,0.0,libero_plus,3860.3212049007416,3da3ac7e4432a1d62624245435f34cd7112cf796,outputs/cp3_eval/a1_sft_s2/shard2
a1_sft_s2,a1_sft,1,2,sft,8000,1718,0,0,0.0,libero_plus,3860.3212049007416,3da3ac7e4432a1d62624245435f34cd7112cf796,outputs/cp3_eval/a1_sft_s2/shard2
a1_sft_s2,a1_sft,1,2,sft,8000,1791,0,1,1.0,libero_plus,3860.3212049007416,3da3ac7e4432a1d62624245435f34cd7112cf796,outputs/cp3_eval/a1_sft_s2/shard2
a1_sft_s2,a1_sft,1,2,sft,8000,1860,0,0,0.0,libero_plus,3860.3212049007416,3da3ac7e4432a1d62624245435f34cd7112cf796,outputs/cp3_eval/a1_sft_s2/shard2
a1_sft_s2,a1_sft,1,2,sft,8000,1940,0,0,0.0,libero_plus,3860.3212049007416,3da3ac7e4432a1d62624245435f34cd7112cf796,outputs/cp3_eval/a1_sft_s2/shard2
a1_sft_s2,a1_sft,1,2,sft,8000,2034,0,1,1.0,libero_plus,3860.3212049007416,3da3ac7e4432a1d62624245435f34cd7112cf796,outputs/cp3_eval/a1_sft_s2/shard2
a1_sft_s2,a1_sft,1,2,sft,8000,2056,0,0,0.0,libero_plus,3860.3212049007416,3da3ac7e4432a1d62624245435f34cd7112cf796,outputs/cp3_eval/a1_sft_s2/shard2
a1_sft_s2,a1_sft,1,2,sft,8000,2139,0,0,0.0,libero_plus,3860.3212049007416,3da3ac7e4432a1d62624245435f34cd7112cf796,outputs/cp3_eval/a1_sft_s2/shard2
a1_sft_s2,a1_sft,1,2,sft,8000,2203,0,0,0.0,libero_plus,3860.3212049007416,3da3ac7e4432a1d62624245435f34cd7112cf796,outputs/cp3_eval/a1_sft_s2/shard2
a1_sft_s2,a1_sft,1,2,sft,8000,2262,0,0,0.0,libero_plus,3860.3212049007416,3da3ac7e4432a1d62624245435f34cd7112cf796,outputs/cp3_eval/a1_sft_s2/shard2
a1_sft_s2,a1_sft,1,2,sft,8000,2350,0,0,0.0,libero_plus,3860.3212049007416,3da3ac7e4432a1d62624245435f34cd7112cf796,outputs/cp3_eval/a1_sft_s2/shard2
a1_sft_s2,a1_sft,1,2,sft,8000,2388,0,0,0.0,libero_plus,3860.3212049007416,3da3ac7e4432a1d62624245435f34cd7112cf796,outputs/cp3_eval/a1_sft_s2/shard2
a1_sft_s2,a1_sft,1,2,sft,8000,2446,0,1,1.0,libero_plus,3860.3212049007416,3da3ac7e4432a1d62624245435f34cd7112cf796,outputs/cp3_eval/a1_sft_s2/shard2
a1_sft_s2,a1_sft,1,2,sft,8000,2494,0,0,0.0,libero_plus,3860.3212049007416,3da3ac7e4432a1d62624245435f34cd7112cf796,outputs/cp3_eval/a1_sft_s2/shard2
a1_sft_s2,a1_sft,1,2,sft,8000,2528,0,1,1.0,libero_plus,3860.3212049007416,3da3ac7e4432a1d62624245435f34cd7112cf796,outputs/cp3_eval/a1_sft_s2/shard2
a1_sft_s2,a1_sft,1,2,sft,8000,41,0,0,0.0,libero_plus,3860.3212049007416,3da3ac7e4432a1d62624245435f34cd7112cf796,outputs/cp3_eval/a1_sft_s2/shard3
a1_sft_s2,a1_sft,1,2,sft,8000,83,0,1,1.0,libero_plus,3860.3212049007416,3da3ac7e4432a1d62624245435f34cd7112cf796,outputs/cp3_eval/a1_sft_s2/shard3
a1_sft_s2,a1_sft,1,2,sft,8000,124,0,1,1.0,libero_plus,3860.3212049007416,3da3ac7e4432a1d62624245435f34cd7112cf796,outputs/cp3_eval/a1_sft_s2/shard3
a1_sft_s2,a1_sft,1,2,sft,8000,214,0,0,0.0,libero_plus,3860.3212049007416,3da3ac7e4432a1d62624245435f34cd7112cf796,outputs/cp3_eval/a1_sft_s2/shard3
a1_sft_s2,a1_sft,1,2,sft,8000,265,0,0,0.0,libero_plus,3860.3212049007416,3da3ac7e4432a1d62624245435f34cd7112cf796,outputs/cp3_eval/a1_sft_s2/shard3
a1_sft_s2,a1_sft,1,2,sft,8000,291,0,0,0.0,libero_plus,3860.3212049007416,3da3ac7e4432a1d62624245435f34cd7112cf796,outputs/cp3_eval/a1_sft_s2/shard3
a1_sft_s2,a1_sft,1,2,sft,8000,337,0,0,0.0,libero_plus,3860.3212049007416,3da3ac7e4432a1d62624245435f34cd7112cf796,outputs/cp3_eval/a1_sft_s2/shard3
a1_sft_s2,a1_sft,1,2,sft,8000,355,0,0,0.0,libero_plus,3860.3212049007416,3da3ac7e4432a1d62624245435f34cd7112cf796,outputs/cp3_eval/a1_sft_s2/shard3
a1_sft_s2,a1_sft,1,2,sft,8000,488,0,0,0.0,libero_plus,3860.3212049007416,3da3ac7e4432a1d62624245435f34cd7112cf796,outputs/cp3_eval/a1_sft_s2/shard3
a1_sft_s2,a1_sft,1,2,sft,8000,546,0,0,0.0,libero_plus,3860.3212049007416,3da3ac7e4432a1d62624245435f34cd7112cf796,outputs/cp3_eval/a1_sft_s2/shard3
a1_sft_s2,a1_sft,1,2,sft,8000,614,0,1,1.0,libero_plus,3860.3212049007416,3da3ac7e4432a1d62624245435f34cd7112cf796,outputs/cp3_eval/a1_sft_s2/shard3
a1_sft_s2,a1_sft,1,2,sft,8000,737,0,1,1.0,libero_plus,3860.3212049007416,3da3ac7e4432a1d62624245435f34cd7112cf796,outputs/cp3_eval/a1_sft_s2/shard3
a1_sft_s2,a1_sft,1,2,sft,8000,786,0,0,0.0,libero_plus,3860.3212049007416,3da3ac7e4432a1d62624245435f34cd7112cf796,outputs/cp3_eval/a1_sft_s2/shard3
a1_sft_s2,a1_sft,1,2,sft,8000,871,0,0,0.0,libero_plus,3860.3212049007416,3da3ac7e4432a1d62624245435f34cd7112cf796,outputs/cp3_eval/a1_sft_s2/shard3
a1_sft_s2,a1_sft,1,2,sft,8000,962,0,0,0.0,libero_plus,3860.3212049007416,3da3ac7e4432a1d62624245435f34cd7112cf796,outputs/cp3_eval/a1_sft_s2/shard3
a1_sft_s2,a1_sft,1,2,sft,8000,974,0,0,0.0,libero_plus,3860.3212049007416,3da3ac7e4432a1d62624245435f34cd7112cf796,outputs/cp3_eval/a1_sft_s2/shard3
a1_sft_s2,a1_sft,1,2,sft,8000,1069,0,0,0.0,libero_plus,3860.3212049007416,3da3ac7e4432a1d62624245435f34cd7112cf796,outputs/cp3_eval/a1_sft_s2/shard3
a1_sft_s2,a1_sft,1,2,sft,8000,1194,0,0,0.0,libero_plus,3860.3212049007416,3da3ac7e4432a1d62624245435f34cd7112cf796,outputs/cp3_eval/a1_sft_s2/shard3
a1_sft_s2,a1_sft,1,2,sft,8000,1213,0,0,0.0,libero_plus,3860.3212049007416,3da3ac7e4432a1d62624245435f34cd7112cf796,outputs/cp3_eval/a1_sft_s2/shard3
a1_sft_s2,a1_sft,1,2,sft,8000,1279,0,0,0.0,libero_plus,3860.3212049007416,3da3ac7e4432a1d62624245435f34cd7112cf796,outputs/cp3_eval/a1_sft_s2/shard3
a1_sft_s2,a1_sft,1,2,sft,8000,1356,0,0,0.0,libero_plus,3860.3212049007416,3da3ac7e4432a1d62624245435f34cd7112cf796,outputs/cp3_eval/a1_sft_s2/shard3
a1_sft_s2,a1_sft,1,2,sft,8000,1449,0,0,0.0,libero_plus,3860.3212049007416,3da3ac7e4432a1d62624245435f34cd7112cf796,outputs/cp3_eval/a1_sft_s2/shard3
a1_sft_s2,a1_sft,1,2,sft,8000,1572,0,1,1.0,libero_plus,3860.3212049007416,3da3ac7e4432a1d62624245435f34cd7112cf796,outputs/cp3_eval/a1_sft_s2/shard3
a1_sft_s2,a1_sft,1,2,sft,8000,1608,0,0,0.0,libero_plus,3860.3212049007416,3da3ac7e4432a1d62624245435f34cd7112cf796,outputs/cp3_eval/a1_sft_s2/shard3
a1_sft_s2,a1_sft,1,2,sft,8000,1672,0,0,0.0,libero_plus,3860.3212049007416,3da3ac7e4432a1d62624245435f34cd7112cf796,outputs/cp3_eval/a1_sft_s2/shard3
a1_sft_s2,a1_sft,1,2,sft,8000,1727,0,0,0.0,libero_plus,3860.3212049007416,3da3ac7e4432a1d62624245435f34cd7112cf796,outputs/cp3_eval/a1_sft_s2/shard3
a1_sft_s2,a1_sft,1,2,sft,8000,1794,0,1,1.0,libero_plus,3860.3212049007416,3da3ac7e4432a1d62624245435f34cd7112cf796,outputs/cp3_eval/a1_sft_s2/shard3
a1_sft_s2,a1_sft,1,2,sft,8000,1864,0,0,0.0,libero_plus,3860.3212049007416,3da3ac7e4432a1d62624245435f34cd7112cf796,outputs/cp3_eval/a1_sft_s2/shard3
a1_sft_s2,a1_sft,1,2,sft,8000,1945,0,0,0.0,libero_plus,3860.3212049007416,3da3ac7e4432a1d62624245435f34cd7112cf796,outputs/cp3_eval/a1_sft_s2/shard3
a1_sft_s2,a1_sft,1,2,sft,8000,2035,0,1,1.0,libero_plus,3860.3212049007416,3da3ac7e4432a1d62624245435f34cd7112cf796,outputs/cp3_eval/a1_sft_s2/shard3
a1_sft_s2,a1_sft,1,2,sft,8000,2065,0,0,0.0,libero_plus,3860.3212049007416,3da3ac7e4432a1d62624245435f34cd7112cf796,outputs/cp3_eval/a1_sft_s2/shard3
a1_sft_s2,a1_sft,1,2,sft,8000,2153,0,0,0.0,libero_plus,3860.3212049007416,3da3ac7e4432a1d62624245435f34cd7112cf796,outputs/cp3_eval/a1_sft_s2/shard3
a1_sft_s2,a1_sft,1,2,sft,8000,2207,0,0,0.0,libero_plus,3860.3212049007416,3da3ac7e4432a1d62624245435f34cd7112cf796,outputs/cp3_eval/a1_sft_s2/shard3
a1_sft_s2,a1_sft,1,2,sft,8000,2321,0,1,1.0,libero_plus,3860.3212049007416,3da3ac7e4432a1d62624245435f34cd7112cf796,outputs/cp3_eval/a1_sft_s2/shard3
a1_sft_s2,a1_sft,1,2,sft,8000,2359,0,0,0.0,libero_plus,3860.3212049007416,3da3ac7e4432a1d62624245435f34cd7112cf796,outputs/cp3_eval/a1_sft_s2/shard3
a1_sft_s2,a1_sft,1,2,sft,8000,2405,0,0,0.0,libero_plus,3860.3212049007416,3da3ac7e4432a1d62624245435f34cd7112cf796,outputs/cp3_eval/a1_sft_s2/shard3
a1_sft_s2,a1_sft,1,2,sft,8000,2464,0,1,1.0,libero_plus,3860.3212049007416,3da3ac7e4432a1d62624245435f34cd7112cf796,outputs/cp3_eval/a1_sft_s2/shard3
a1_sft_s2,a1_sft,1,2,sft,8000,2497,0,0,0.0,libero_plus,3860.3212049007416,3da3ac7e4432a1d62624245435f34cd7112cf796,outputs/cp3_eval/a1_sft_s2/shard3
a1_sft_s2,a1_sft,1,2,sft,8000,2539,0,1,1.0,libero_plus,3860.3212049007416,3da3ac7e4432a1d62624245435f34cd7112cf796,outputs/cp3_eval/a1_sft_s2/shard3
a1_sft_s2,a1_sft,1,2,sft,8000,44,0,0,0.0,libero_plus,3860.3212049007416,3da3ac7e4432a1d62624245435f34cd7112cf796,outputs/cp3_eval/a1_sft_s2/shard4
a1_sft_s2,a1_sft,1,2,sft,8000,94,0,1,1.0,libero_plus,3860.3212049007416,3da3ac7e4432a1d62624245435f34cd7112cf796,outputs/cp3_eval/a1_sft_s2/shard4
a1_sft_s2,a1_sft,1,2,sft,8000,141,0,1,1.0,libero_plus,3860.3212049007416,3da3ac7e4432a1d62624245435f34cd7112cf796,outputs/cp3_eval/a1_sft_s2/shard4
a1_sft_s2,a1_sft,1,2,sft,8000,226,0,0,0.0,libero_plus,3860.3212049007416,3da3ac7e4432a1d62624245435f34cd7112cf796,outputs/cp3_eval/a1_sft_s2/shard4
a1_sft_s2,a1_sft,1,2,sft,8000,266,0,0,0.0,libero_plus,3860.3212049007416,3da3ac7e4432a1d62624245435f34cd7112cf796,outputs/cp3_eval/a1_sft_s2/shard4
a1_sft_s2,a1_sft,1,2,sft,8000,304,0,0,0.0,libero_plus,3860.3212049007416,3da3ac7e4432a1d62624245435f34cd7112cf796,outputs/cp3_eval/a1_sft_s2/shard4
a1_sft_s2,a1_sft,1,2,sft,8000,339,0,1,1.0,libero_plus,3860.3212049007416,3da3ac7e4432a1d62624245435f34cd7112cf796,outputs/cp3_eval/a1_sft_s2/shard4
a1_sft_s2,a1_sft,1,2,sft,8000,365,0,1,1.0,libero_plus,3860.3212049007416,3da3ac7e4432a1d62624245435f34cd7112cf796,outputs/cp3_eval/a1_sft_s2/shard4
a1_sft_s2,a1_sft,1,2,sft,8000,492,0,1,1.0,libero_plus,3860.3212049007416,3da3ac7e4432a1d62624245435f34cd7112cf796,outputs/cp3_eval/a1_sft_s2/shard4
a1_sft_s2,a1_sft,1,2,sft,8000,556,0,0,0.0,libero_plus,3860.3212049007416,3da3ac7e4432a1d62624245435f34cd7112cf796,outputs/cp3_eval/a1_sft_s2/shard4
a1_sft_s2,a1_sft,1,2,sft,8000,616,0,1,1.0,libero_plus,3860.3212049007416,3da3ac7e4432a1d62624245435f34cd7112cf796,outputs/cp3_eval/a1_sft_s2/shard4
a1_sft_s2,a1_sft,1,2,sft,8000,740,0,1,1.0,libero_plus,3860.3212049007416,3da3ac7e4432a1d62624245435f34cd7112cf796,outputs/cp3_eval/a1_sft_s2/shard4
a1_sft_s2,a1_sft,1,2,sft,8000,812,0,0,0.0,libero_plus,3860.3212049007416,3da3ac7e4432a1d62624245435f34cd7112cf796,outputs/cp3_eval/a1_sft_s2/shard4
a1_sft_s2,a1_sft,1,2,sft,8000,882,0,1,1.0,libero_plus,3860.3212049007416,3da3ac7e4432a1d62624245435f34cd7112cf796,outputs/cp3_eval/a1_sft_s2/shard4
a1_sft_s2,a1_sft,1,2,sft,8000,964,0,0,0.0,libero_plus,3860.3212049007416,3da3ac7e4432a1d62624245435f34cd7112cf796,outputs/cp3_eval/a1_sft_s2/shard4
a1_sft_s2,a1_sft,1,2,sft,8000,978,0,0,0.0,libero_plus,3860.3212049007416,3da3ac7e4432a1d62624245435f34cd7112cf796,outputs/cp3_eval/a1_sft_s2/shard4
a1_sft_s2,a1_sft,1,2,sft,8000,1117,0,0,0.0,libero_plus,3860.3212049007416,3da3ac7e4432a1d62624245435f34cd7112cf796,outputs/cp3_eval/a1_sft_s2/shard4
a1_sft_s2,a1_sft,1,2,sft,8000,1196,0,0,0.0,libero_plus,3860.3212049007416,3da3ac7e4432a1d62624245435f34cd7112cf796,outputs/cp3_eval/a1_sft_s2/shard4
a1_sft_s2,a1_sft,1,2,sft,8000,1239,0,0,0.0,libero_plus,3860.3212049007416,3da3ac7e4432a1d62624245435f34cd7112cf796,outputs/cp3_eval/a1_sft_s2/shard4
a1_sft_s2,a1_sft,1,2,sft,8000,1286,0,0,0.0,libero_plus,3860.3212049007416,3da3ac7e4432a1d62624245435f34cd7112cf796,outputs/cp3_eval/a1_sft_s2/shard4
a1_sft_s2,a1_sft,1,2,sft,8000,1378,0,0,0.0,libero_plus,3860.3212049007416,3da3ac7e4432a1d62624245435f34cd7112cf796,outputs/cp3_eval/a1_sft_s2/shard4
a1_sft_s2,a1_sft,1,2,sft,8000,1455,0,0,0.0,libero_plus,3860.3212049007416,3da3ac7e4432a1d62624245435f34cd7112cf796,outputs/cp3_eval/a1_sft_s2/shard4
a1_sft_s2,a1_sft,1,2,sft,8000,1577,0,1,1.0,libero_plus,3860.3212049007416,3da3ac7e4432a1d62624245435f34cd7112cf796,outputs/cp3_eval/a1_sft_s2/shard4
a1_sft_s2,a1_sft,1,2,sft,8000,1621,0,0,0.0,libero_plus,3860.3212049007416,3da3ac7e4432a1d62624245435f34cd7112cf796,outputs/cp3_eval/a1_sft_s2/shard4
a1_sft_s2,a1_sft,1,2,sft,8000,1681,0,0,0.0,libero_plus,3860.3212049007416,3da3ac7e4432a1d62624245435f34cd7112cf796,outputs/cp3_eval/a1_sft_s2/shard4
a1_sft_s2,a1_sft,1,2,sft,8000,1729,0,1,1.0,libero_plus,3860.3212049007416,3da3ac7e4432a1d62624245435f34cd7112cf796,outputs/cp3_eval/a1_sft_s2/shard4
a1_sft_s2,a1_sft,1,2,sft,8000,1803,0,1,1.0,libero_plus,3860.3212049007416,3da3ac7e4432a1d62624245435f34cd7112cf796,outputs/cp3_eval/a1_sft_s2/shard4
a1_sft_s2,a1_sft,1,2,sft,8000,1882,0,0,0.0,libero_plus,3860.3212049007416,3da3ac7e4432a1d62624245435f34cd7112cf796,outputs/cp3_eval/a1_sft_s2/shard4
a1_sft_s2,a1_sft,1,2,sft,8000,1959,0,0,0.0,libero_plus,3860.3212049007416,3da3ac7e4432a1d62624245435f34cd7112cf796,outputs/cp3_eval/a1_sft_s2/shard4
a1_sft_s2,a1_sft,1,2,sft,8000,2037,0,1,1.0,libero_plus,3860.3212049007416,3da3ac7e4432a1d62624245435f34cd7112cf796,outputs/cp3_eval/a1_sft_s2/shard4
a1_sft_s2,a1_sft,1,2,sft,8000,2081,0,0,0.0,libero_plus,3860.3212049007416,3da3ac7e4432a1d62624245435f34cd7112cf796,outputs/cp3_eval/a1_sft_s2/shard4
a1_sft_s2,a1_sft,1,2,sft,8000,2179,0,1,1.0,libero_plus,3860.3212049007416,3da3ac7e4432a1d62624245435f34cd7112cf796,outputs/cp3_eval/a1_sft_s2/shard4
a1_sft_s2,a1_sft,1,2,sft,8000,2222,0,0,0.0,libero_plus,3860.3212049007416,3da3ac7e4432a1d62624245435f34cd7112cf796,outputs/cp3_eval/a1_sft_s2/shard4
a1_sft_s2,a1_sft,1,2,sft,8000,2332,0,0,0.0,libero_plus,3860.3212049007416,3da3ac7e4432a1d62624245435f34cd7112cf796,outputs/cp3_eval/a1_sft_s2/shard4
a1_sft_s2,a1_sft,1,2,sft,8000,2363,0,0,0.0,libero_plus,3860.3212049007416,3da3ac7e4432a1d62624245435f34cd7112cf796,outputs/cp3_eval/a1_sft_s2/shard4
a1_sft_s2,a1_sft,1,2,sft,8000,2406,0,0,0.0,libero_plus,3860.3212049007416,3da3ac7e4432a1d62624245435f34cd7112cf796,outputs/cp3_eval/a1_sft_s2/shard4
a1_sft_s2,a1_sft,1,2,sft,8000,2465,0,1,1.0,libero_plus,3860.3212049007416,3da3ac7e4432a1d62624245435f34cd7112cf796,outputs/cp3_eval/a1_sft_s2/shard4
a1_sft_s2,a1_sft,1,2,sft,8000,2504,0,0,0.0,libero_plus,3860.3212049007416,3da3ac7e4432a1d62624245435f34cd7112cf796,outputs/cp3_eval/a1_sft_s2/shard4
a1_sft_s2,a1_sft,1,2,sft,8000,2569,0,0,0.0,libero_plus,3860.3212049007416,3da3ac7e4432a1d62624245435f34cd7112cf796,outputs/cp3_eval/a1_sft_s2/shard4
a1_sft_s3,a1_sft,1,3,sft,8000,5,0,1,1.0,libero_plus,4036.934919118881,3da3ac7e4432a1d62624245435f34cd7112cf796,outputs/cp3_eval/a1_sft_s3/shard0
a1_sft_s3,a1_sft,1,3,sft,8000,64,0,0,0.0,libero_plus,4036.934919118881,3da3ac7e4432a1d62624245435f34cd7112cf796,outputs/cp3_eval/a1_sft_s3/shard0
a1_sft_s3,a1_sft,1,3,sft,8000,97,0,1,1.0,libero_plus,4036.934919118881,3da3ac7e4432a1d62624245435f34cd7112cf796,outputs/cp3_eval/a1_sft_s3/shard0
a1_sft_s3,a1_sft,1,3,sft,8000,152,0,0,0.0,libero_plus,4036.934919118881,3da3ac7e4432a1d62624245435f34cd7112cf796,outputs/cp3_eval/a1_sft_s3/shard0
a1_sft_s3,a1_sft,1,3,sft,8000,238,0,1,1.0,libero_plus,4036.934919118881,3da3ac7e4432a1d62624245435f34cd7112cf796,outputs/cp3_eval/a1_sft_s3/shard0
a1_sft_s3,a1_sft,1,3,sft,8000,270,0,1,1.0,libero_plus,4036.934919118881,3da3ac7e4432a1d62624245435f34cd7112cf796,outputs/cp3_eval/a1_sft_s3/shard0
a1_sft_s3,a1_sft,1,3,sft,8000,306,0,0,0.0,libero_plus,4036.934919118881,3da3ac7e4432a1d62624245435f34cd7112cf796,outputs/cp3_eval/a1_sft_s3/shard0
a1_sft_s3,a1_sft,1,3,sft,8000,340,0,0,0.0,libero_plus,4036.934919118881,3da3ac7e4432a1d62624245435f34cd7112cf796,outputs/cp3_eval/a1_sft_s3/shard0
a1_sft_s3,a1_sft,1,3,sft,8000,384,0,1,1.0,libero_plus,4036.934919118881,3da3ac7e4432a1d62624245435f34cd7112cf796,outputs/cp3_eval/a1_sft_s3/shard0
a1_sft_s3,a1_sft,1,3,sft,8000,493,0,0,0.0,libero_plus,4036.934919118881,3da3ac7e4432a1d62624245435f34cd7112cf796,outputs/cp3_eval/a1_sft_s3/shard0
a1_sft_s3,a1_sft,1,3,sft,8000,571,0,0,0.0,libero_plus,4036.934919118881,3da3ac7e4432a1d62624245435f34cd7112cf796,outputs/cp3_eval/a1_sft_s3/shard0
a1_sft_s3,a1_sft,1,3,sft,8000,664,0,0,0.0,libero_plus,4036.934919118881,3da3ac7e4432a1d62624245435f34cd7112cf796,outputs/cp3_eval/a1_sft_s3/shard0
a1_sft_s3,a1_sft,1,3,sft,8000,745,0,0,0.0,libero_plus,4036.934919118881,3da3ac7e4432a1d62624245435f34cd7112cf796,outputs/cp3_eval/a1_sft_s3/shard0
a1_sft_s3,a1_sft,1,3,sft,8000,814,0,0,0.0,libero_plus,4036.934919118881,3da3ac7e4432a1d62624245435f34cd7112cf796,outputs/cp3_eval/a1_sft_s3/shard0
a1_sft_s3,a1_sft,1,3,sft,8000,913,0,0,0.0,libero_plus,4036.934919118881,3da3ac7e4432a1d62624245435f34cd7112cf796,outputs/cp3_eval/a1_sft_s3/shard0
a1_sft_s3,a1_sft,1,3,sft,8000,968,0,0,0.0,libero_plus,4036.934919118881,3da3ac7e4432a1d62624245435f34cd7112cf796,outputs/cp3_eval/a1_sft_s3/shard0
a1_sft_s3,a1_sft,1,3,sft,8000,1025,0,1,1.0,libero_plus,4036.934919118881,3da3ac7e4432a1d62624245435f34cd7112cf796,outputs/cp3_eval/a1_sft_s3/shard0
a1_sft_s3,a1_sft,1,3,sft,8000,1126,0,0,0.0,libero_plus,4036.934919118881,3da3ac7e4432a1d62624245435f34cd7112cf796,outputs/cp3_eval/a1_sft_s3/shard0
a1_sft_s3,a1_sft,1,3,sft,8000,1209,0,0,0.0,libero_plus,4036.934919118881,3da3ac7e4432a1d62624245435f34cd7112cf796,outputs/cp3_eval/a1_sft_s3/shard0
a1_sft_s3,a1_sft,1,3,sft,8000,1243,0,0,0.0,libero_plus,4036.934919118881,3da3ac7e4432a1d62624245435f34cd7112cf796,outputs/cp3_eval/a1_sft_s3/shard0
a1_sft_s3,a1_sft,1,3,sft,8000,1304,0,0,0.0,libero_plus,4036.934919118881,3da3ac7e4432a1d62624245435f34cd7112cf796,outputs/cp3_eval/a1_sft_s3/shard0
a1_sft_s3,a1_sft,1,3,sft,8000,1394,0,0,0.0,libero_plus,4036.934919118881,3da3ac7e4432a1d62624245435f34cd7112cf796,outputs/cp3_eval/a1_sft_s3/shard0
a1_sft_s3,a1_sft,1,3,sft,8000,1466,0,0,0.0,libero_plus,4036.934919118881,3da3ac7e4432a1d62624245435f34cd7112cf796,outputs/cp3_eval/a1_sft_s3/shard0
a1_sft_s3,a1_sft,1,3,sft,8000,1591,0,0,0.0,libero_plus,4036.934919118881,3da3ac7e4432a1d62624245435f34cd7112cf796,outputs/cp3_eval/a1_sft_s3/shard0
a1_sft_s3,a1_sft,1,3,sft,8000,1625,0,0,0.0,libero_plus,4036.934919118881,3da3ac7e4432a1d62624245435f34cd7112cf796,outputs/cp3_eval/a1_sft_s3/shard0
a1_sft_s3,a1_sft,1,3,sft,8000,1695,0,0,0.0,libero_plus,4036.934919118881,3da3ac7e4432a1d62624245435f34cd7112cf796,outputs/cp3_eval/a1_sft_s3/shard0
a1_sft_s3,a1_sft,1,3,sft,8000,1759,0,0,0.0,libero_plus,4036.934919118881,3da3ac7e4432a1d62624245435f34cd7112cf796,outputs/cp3_eval/a1_sft_s3/shard0
a1_sft_s3,a1_sft,1,3,sft,8000,1811,0,0,0.0,libero_plus,4036.934919118881,3da3ac7e4432a1d62624245435f34cd7112cf796,outputs/cp3_eval/a1_sft_s3/shard0
a1_sft_s3,a1_sft,1,3,sft,8000,1887,0,0,0.0,libero_plus,4036.934919118881,3da3ac7e4432a1d62624245435f34cd7112cf796,outputs/cp3_eval/a1_sft_s3/shard0
a1_sft_s3,a1_sft,1,3,sft,8000,1995,0,0,0.0,libero_plus,4036.934919118881,3da3ac7e4432a1d62624245435f34cd7112cf796,outputs/cp3_eval/a1_sft_s3/shard0
a1_sft_s3,a1_sft,1,3,sft,8000,2045,0,1,1.0,libero_plus,4036.934919118881,3da3ac7e4432a1d62624245435f34cd7112cf796,outputs/cp3_eval/a1_sft_s3/shard0
a1_sft_s3,a1_sft,1,3,sft,8000,2093,0,0,0.0,libero_plus,4036.934919118881,3da3ac7e4432a1d62624245435f34cd7112cf796,outputs/cp3_eval/a1_sft_s3/shard0
a1_sft_s3,a1_sft,1,3,sft,8000,2180,0,0,0.0,libero_plus,4036.934919118881,3da3ac7e4432a1d62624245435f34cd7112cf796,outputs/cp3_eval/a1_sft_s3/shard0
a1_sft_s3,a1_sft,1,3,sft,8000,2235,0,1,1.0,libero_plus,4036.934919118881,3da3ac7e4432a1d62624245435f34cd7112cf796,outputs/cp3_eval/a1_sft_s3/shard0
a1_sft_s3,a1_sft,1,3,sft,8000,2338,0,0,0.0,libero_plus,4036.934919118881,3da3ac7e4432a1d62624245435f34cd7112cf796,outputs/cp3_eval/a1_sft_s3/shard0
a1_sft_s3,a1_sft,1,3,sft,8000,2377,0,0,0.0,libero_plus,4036.934919118881,3da3ac7e4432a1d62624245435f34cd7112cf796,outputs/cp3_eval/a1_sft_s3/shard0
a1_sft_s3,a1_sft,1,3,sft,8000,2411,0,1,1.0,libero_plus,4036.934919118881,3da3ac7e4432a1d62624245435f34cd7112cf796,outputs/cp3_eval/a1_sft_s3/shard0
a1_sft_s3,a1_sft,1,3,sft,8000,2488,0,0,0.0,libero_plus,4036.934919118881,3da3ac7e4432a1d62624245435f34cd7112cf796,outputs/cp3_eval/a1_sft_s3/shard0
a1_sft_s3,a1_sft,1,3,sft,8000,2513,0,0,0.0,libero_plus,4036.934919118881,3da3ac7e4432a1d62624245435f34cd7112cf796,outputs/cp3_eval/a1_sft_s3/shard0
a1_sft_s3,a1_sft,1,3,sft,8000,2578,0,1,1.0,libero_plus,4036.934919118881,3da3ac7e4432a1d62624245435f34cd7112cf796,outputs/cp3_eval/a1_sft_s3/shard0
a1_sft_s3,a1_sft,1,3,sft,8000,31,0,0,0.0,libero_plus,4036.934919118881,3da3ac7e4432a1d62624245435f34cd7112cf796,outputs/cp3_eval/a1_sft_s3/shard1
a1_sft_s3,a1_sft,1,3,sft,8000,70,0,0,0.0,libero_plus,4036.934919118881,3da3ac7e4432a1d62624245435f34cd7112cf796,outputs/cp3_eval/a1_sft_s3/shard1
a1_sft_s3,a1_sft,1,3,sft,8000,106,0,1,1.0,libero_plus,4036.934919118881,3da3ac7e4432a1d62624245435f34cd7112cf796,outputs/cp3_eval/a1_sft_s3/shard1
a1_sft_s3,a1_sft,1,3,sft,8000,164,0,0,0.0,libero_plus,4036.934919118881,3da3ac7e4432a1d62624245435f34cd7112cf796,outputs/cp3_eval/a1_sft_s3/shard1
a1_sft_s3,a1_sft,1,3,sft,8000,242,0,0,0.0,libero_plus,4036.934919118881,3da3ac7e4432a1d62624245435f34cd7112cf796,outputs/cp3_eval/a1_sft_s3/shard1
a1_sft_s3,a1_sft,1,3,sft,8000,273,0,1,1.0,libero_plus,4036.934919118881,3da3ac7e4432a1d62624245435f34cd7112cf796,outputs/cp3_eval/a1_sft_s3/shard1
a1_sft_s3,a1_sft,1,3,sft,8000,315,0,0,0.0,libero_plus,4036.934919118881,3da3ac7e4432a1d62624245435f34cd7112cf796,outputs/cp3_eval/a1_sft_s3/shard1
a1_sft_s3,a1_sft,1,3,sft,8000,346,0,0,0.0,libero_plus,4036.934919118881,3da3ac7e4432a1d62624245435f34cd7112cf796,outputs/cp3_eval/a1_sft_s3/shard1
a1_sft_s3,a1_sft,1,3,sft,8000,392,0,0,0.0,libero_plus,4036.934919118881,3da3ac7e4432a1d62624245435f34cd7112cf796,outputs/cp3_eval/a1_sft_s3/shard1
a1_sft_s3,a1_sft,1,3,sft,8000,517,0,0,0.0,libero_plus,4036.934919118881,3da3ac7e4432a1d62624245435f34cd7112cf796,outputs/cp3_eval/a1_sft_s3/shard1
a1_sft_s3,a1_sft,1,3,sft,8000,608,0,0,0.0,libero_plus,4036.934919118881,3da3ac7e4432a1d62624245435f34cd7112cf796,outputs/cp3_eval/a1_sft_s3/shard1
a1_sft_s3,a1_sft,1,3,sft,8000,706,0,0,0.0,libero_plus,4036.934919118881,3da3ac7e4432a1d62624245435f34cd7112cf796,outputs/cp3_eval/a1_sft_s3/shard1
a1_sft_s3,a1_sft,1,3,sft,8000,754,0,1,1.0,libero_plus,4036.934919118881,3da3ac7e4432a1d62624245435f34cd7112cf796,outputs/cp3_eval/a1_sft_s3/shard1
a1_sft_s3,a1_sft,1,3,sft,8000,829,0,0,0.0,libero_plus,4036.934919118881,3da3ac7e4432a1d62624245435f34cd7112cf796,outputs/cp3_eval/a1_sft_s3/shard1
a1_sft_s3,a1_sft,1,3,sft,8000,934,0,0,0.0,libero_plus,4036.934919118881,3da3ac7e4432a1d62624245435f34cd7112cf796,outputs/cp3_eval/a1_sft_s3/shard1
a1_sft_s3,a1_sft,1,3,sft,8000,969,0,0,0.0,libero_plus,4036.934919118881,3da3ac7e4432a1d62624245435f34cd7112cf796,outputs/cp3_eval/a1_sft_s3/shard1
a1_sft_s3,a1_sft,1,3,sft,8000,1042,0,0,0.0,libero_plus,4036.934919118881,3da3ac7e4432a1d62624245435f34cd7112cf796,outputs/cp3_eval/a1_sft_s3/shard1
a1_sft_s3,a1_sft,1,3,sft,8000,1139,0,0,0.0,libero_plus,4036.934919118881,3da3ac7e4432a1d62624245435f34cd7112cf796,outputs/cp3_eval/a1_sft_s3/shard1
a1_sft_s3,a1_sft,1,3,sft,8000,1210,0,0,0.0,libero_plus,4036.934919118881,3da3ac7e4432a1d62624245435f34cd7112cf796,outputs/cp3_eval/a1_sft_s3/shard1
a1_sft_s3,a1_sft,1,3,sft,8000,1246,0,0,0.0,libero_plus,4036.934919118881,3da3ac7e4432a1d62624245435f34cd7112cf796,outputs/cp3_eval/a1_sft_s3/shard1
a1_sft_s3,a1_sft,1,3,sft,8000,1308,0,0,0.0,libero_plus,4036.934919118881,3da3ac7e4432a1d62624245435f34cd7112cf796,outputs/cp3_eval/a1_sft_s3/shard1
a1_sft_s3,a1_sft,1,3,sft,8000,1399,0,0,0.0,libero_plus,4036.934919118881,3da3ac7e4432a1d62624245435f34cd7112cf796,outputs/cp3_eval/a1_sft_s3/shard1
a1_sft_s3,a1_sft,1,3,sft,8000,1503,0,0,0.0,libero_plus,4036.934919118881,3da3ac7e4432a1d62624245435f34cd7112cf796,outputs/cp3_eval/a1_sft_s3/shard1
a1_sft_s3,a1_sft,1,3,sft,8000,1592,0,0,0.0,libero_plus,4036.934919118881,3da3ac7e4432a1d62624245435f34cd7112cf796,outputs/cp3_eval/a1_sft_s3/shard1
a1_sft_s3,a1_sft,1,3,sft,8000,1634,0,0,0.0,libero_plus,4036.934919118881,3da3ac7e4432a1d62624245435f34cd7112cf796,outputs/cp3_eval/a1_sft_s3/shard1
a1_sft_s3,a1_sft,1,3,sft,8000,1714,0,0,0.0,libero_plus,4036.934919118881,3da3ac7e4432a1d62624245435f34cd7112cf796,outputs/cp3_eval/a1_sft_s3/shard1
a1_sft_s3,a1_sft,1,3,sft,8000,1770,0,0,0.0,libero_plus,4036.934919118881,3da3ac7e4432a1d62624245435f34cd7112cf796,outputs/cp3_eval/a1_sft_s3/shard1
a1_sft_s3,a1_sft,1,3,sft,8000,1852,0,0,0.0,libero_plus,4036.934919118881,3da3ac7e4432a1d62624245435f34cd7112cf796,outputs/cp3_eval/a1_sft_s3/shard1
a1_sft_s3,a1_sft,1,3,sft,8000,1922,0,0,0.0,libero_plus,4036.934919118881,3da3ac7e4432a1d62624245435f34cd7112cf796,outputs/cp3_eval/a1_sft_s3/shard1
a1_sft_s3,a1_sft,1,3,sft,8000,2016,0,0,0.0,libero_plus,4036.934919118881,3da3ac7e4432a1d62624245435f34cd7112cf796,outputs/cp3_eval/a1_sft_s3/shard1
a1_sft_s3,a1_sft,1,3,sft,8000,2052,0,0,0.0,libero_plus,4036.934919118881,3da3ac7e4432a1d62624245435f34cd7112cf796,outputs/cp3_eval/a1_sft_s3/shard1
a1_sft_s3,a1_sft,1,3,sft,8000,2128,0,1,1.0,libero_plus,4036.934919118881,3da3ac7e4432a1d62624245435f34cd7112cf796,outputs/cp3_eval/a1_sft_s3/shard1
a1_sft_s3,a1_sft,1,3,sft,8000,2185,0,0,0.0,libero_plus,4036.934919118881,3da3ac7e4432a1d62624245435f34cd7112cf796,outputs/cp3_eval/a1_sft_s3/shard1
a1_sft_s3,a1_sft,1,3,sft,8000,2255,0,0,0.0,libero_plus,4036.934919118881,3da3ac7e4432a1d62624245435f34cd7112cf796,outputs/cp3_eval/a1_sft_s3/shard1
a1_sft_s3,a1_sft,1,3,sft,8000,2346,0,0,0.0,libero_plus,4036.934919118881,3da3ac7e4432a1d62624245435f34cd7112cf796,outputs/cp3_eval/a1_sft_s3/shard1
a1_sft_s3,a1_sft,1,3,sft,8000,2382,0,0,0.0,libero_plus,4036.934919118881,3da3ac7e4432a1d62624245435f34cd7112cf796,outputs/cp3_eval/a1_sft_s3/shard1
a1_sft_s3,a1_sft,1,3,sft,8000,2413,0,1,1.0,libero_plus,4036.934919118881,3da3ac7e4432a1d62624245435f34cd7112cf796,outputs/cp3_eval/a1_sft_s3/shard1
a1_sft_s3,a1_sft,1,3,sft,8000,2491,0,0,0.0,libero_plus,4036.934919118881,3da3ac7e4432a1d62624245435f34cd7112cf796,outputs/cp3_eval/a1_sft_s3/shard1
a1_sft_s3,a1_sft,1,3,sft,8000,2516,0,0,0.0,libero_plus,4036.934919118881,3da3ac7e4432a1d62624245435f34cd7112cf796,outputs/cp3_eval/a1_sft_s3/shard1
a1_sft_s3,a1_sft,1,3,sft,8000,39,0,1,1.0,libero_plus,4036.934919118881,3da3ac7e4432a1d62624245435f34cd7112cf796,outputs/cp3_eval/a1_sft_s3/shard2
a1_sft_s3,a1_sft,1,3,sft,8000,74,0,0,0.0,libero_plus,4036.934919118881,3da3ac7e4432a1d62624245435f34cd7112cf796,outputs/cp3_eval/a1_sft_s3/shard2
a1_sft_s3,a1_sft,1,3,sft,8000,117,0,1,1.0,libero_plus,4036.934919118881,3da3ac7e4432a1d62624245435f34cd7112cf796,outputs/cp3_eval/a1_sft_s3/shard2
a1_sft_s3,a1_sft,1,3,sft,8000,173,0,0,0.0,libero_plus,4036.934919118881,3da3ac7e4432a1d62624245435f34cd7112cf796,outputs/cp3_eval/a1_sft_s3/shard2
a1_sft_s3,a1_sft,1,3,sft,8000,250,0,1,1.0,libero_plus,4036.934919118881,3da3ac7e4432a1d62624245435f34cd7112cf796,outputs/cp3_eval/a1_sft_s3/shard2
a1_sft_s3,a1_sft,1,3,sft,8000,277,0,1,1.0,libero_plus,4036.934919118881,3da3ac7e4432a1d62624245435f34cd7112cf796,outputs/cp3_eval/a1_sft_s3/shard2
a1_sft_s3,a1_sft,1,3,sft,8000,332,0,1,1.0,libero_plus,4036.934919118881,3da3ac7e4432a1d62624245435f34cd7112cf796,outputs/cp3_eval/a1_sft_s3/shard2
a1_sft_s3,a1_sft,1,3,sft,8000,352,0,0,0.0,libero_plus,4036.934919118881,3da3ac7e4432a1d62624245435f34cd7112cf796,outputs/cp3_eval/a1_sft_s3/shard2
a1_sft_s3,a1_sft,1,3,sft,8000,484,0,0,0.0,libero_plus,4036.934919118881,3da3ac7e4432a1d62624245435f34cd7112cf796,outputs/cp3_eval/a1_sft_s3/shard2
a1_sft_s3,a1_sft,1,3,sft,8000,523,0,0,0.0,libero_plus,4036.934919118881,3da3ac7e4432a1d62624245435f34cd7112cf796,outputs/cp3_eval/a1_sft_s3/shard2
a1_sft_s3,a1_sft,1,3,sft,8000,611,0,1,1.0,libero_plus,4036.934919118881,3da3ac7e4432a1d62624245435f34cd7112cf796,outputs/cp3_eval/a1_sft_s3/shard2
a1_sft_s3,a1_sft,1,3,sft,8000,734,0,1,1.0,libero_plus,4036.934919118881,3da3ac7e4432a1d62624245435f34cd7112cf796,outputs/cp3_eval/a1_sft_s3/shard2
a1_sft_s3,a1_sft,1,3,sft,8000,758,0,1,1.0,libero_plus,4036.934919118881,3da3ac7e4432a1d62624245435f34cd7112cf796,outputs/cp3_eval/a1_sft_s3/shard2
a1_sft_s3,a1_sft,1,3,sft,8000,836,0,0,0.0,libero_plus,4036.934919118881,3da3ac7e4432a1d62624245435f34cd7112cf796,outputs/cp3_eval/a1_sft_s3/shard2
a1_sft_s3,a1_sft,1,3,sft,8000,950,0,0,0.0,libero_plus,4036.934919118881,3da3ac7e4432a1d62624245435f34cd7112cf796,outputs/cp3_eval/a1_sft_s3/shard2
a1_sft_s3,a1_sft,1,3,sft,8000,973,0,0,0.0,libero_plus,4036.934919118881,3da3ac7e4432a1d62624245435f34cd7112cf796,outputs/cp3_eval/a1_sft_s3/shard2
a1_sft_s3,a1_sft,1,3,sft,8000,1058,0,0,0.0,libero_plus,4036.934919118881,3da3ac7e4432a1d62624245435f34cd7112cf796,outputs/cp3_eval/a1_sft_s3/shard2
a1_sft_s3,a1_sft,1,3,sft,8000,1171,0,1,1.0,libero_plus,4036.934919118881,3da3ac7e4432a1d62624245435f34cd7112cf796,outputs/cp3_eval/a1_sft_s3/shard2
a1_sft_s3,a1_sft,1,3,sft,8000,1211,0,0,0.0,libero_plus,4036.934919118881,3da3ac7e4432a1d62624245435f34cd7112cf796,outputs/cp3_eval/a1_sft_s3/shard2
a1_sft_s3,a1_sft,1,3,sft,8000,1267,0,0,0.0,libero_plus,4036.934919118881,3da3ac7e4432a1d62624245435f34cd7112cf796,outputs/cp3_eval/a1_sft_s3/shard2
a1_sft_s3,a1_sft,1,3,sft,8000,1355,0,0,0.0,libero_plus,4036.934919118881,3da3ac7e4432a1d62624245435f34cd7112cf796,outputs/cp3_eval/a1_sft_s3/shard2
a1_sft_s3,a1_sft,1,3,sft,8000,1422,0,0,0.0,libero_plus,4036.934919118881,3da3ac7e4432a1d62624245435f34cd7112cf796,outputs/cp3_eval/a1_sft_s3/shard2
a1_sft_s3,a1_sft,1,3,sft,8000,1567,0,1,1.0,libero_plus,4036.934919118881,3da3ac7e4432a1d62624245435f34cd7112cf796,outputs/cp3_eval/a1_sft_s3/shard2
a1_sft_s3,a1_sft,1,3,sft,8000,1595,0,0,0.0,libero_plus,4036.934919118881,3da3ac7e4432a1d62624245435f34cd7112cf796,outputs/cp3_eval/a1_sft_s3/shard2
a1_sft_s3,a1_sft,1,3,sft,8000,1642,0,1,1.0,libero_plus,4036.934919118881,3da3ac7e4432a1d62624245435f34cd7112cf796,outputs/cp3_eval/a1_sft_s3/shard2
a1_sft_s3,a1_sft,1,3,sft,8000,1718,0,0,0.0,libero_plus,4036.934919118881,3da3ac7e4432a1d62624245435f34cd7112cf796,outputs/cp3_eval/a1_sft_s3/shard2
a1_sft_s3,a1_sft,1,3,sft,8000,1791,0,1,1.0,libero_plus,4036.934919118881,3da3ac7e4432a1d62624245435f34cd7112cf796,outputs/cp3_eval/a1_sft_s3/shard2
a1_sft_s3,a1_sft,1,3,sft,8000,1860,0,0,0.0,libero_plus,4036.934919118881,3da3ac7e4432a1d62624245435f34cd7112cf796,outputs/cp3_eval/a1_sft_s3/shard2
a1_sft_s3,a1_sft,1,3,sft,8000,1940,0,0,0.0,libero_plus,4036.934919118881,3da3ac7e4432a1d62624245435f34cd7112cf796,outputs/cp3_eval/a1_sft_s3/shard2
a1_sft_s3,a1_sft,1,3,sft,8000,2034,0,0,0.0,libero_plus,4036.934919118881,3da3ac7e4432a1d62624245435f34cd7112cf796,outputs/cp3_eval/a1_sft_s3/shard2
a1_sft_s3,a1_sft,1,3,sft,8000,2056,0,0,0.0,libero_plus,4036.934919118881,3da3ac7e4432a1d62624245435f34cd7112cf796,outputs/cp3_eval/a1_sft_s3/shard2
a1_sft_s3,a1_sft,1,3,sft,8000,2139,0,1,1.0,libero_plus,4036.934919118881,3da3ac7e4432a1d62624245435f34cd7112cf796,outputs/cp3_eval/a1_sft_s3/shard2
a1_sft_s3,a1_sft,1,3,sft,8000,2203,0,0,0.0,libero_plus,4036.934919118881,3da3ac7e4432a1d62624245435f34cd7112cf796,outputs/cp3_eval/a1_sft_s3/shard2
a1_sft_s3,a1_sft,1,3,sft,8000,2262,0,0,0.0,libero_plus,4036.934919118881,3da3ac7e4432a1d62624245435f34cd7112cf796,outputs/cp3_eval/a1_sft_s3/shard2
a1_sft_s3,a1_sft,1,3,sft,8000,2350,0,0,0.0,libero_plus,4036.934919118881,3da3ac7e4432a1d62624245435f34cd7112cf796,outputs/cp3_eval/a1_sft_s3/shard2
a1_sft_s3,a1_sft,1,3,sft,8000,2388,0,0,0.0,libero_plus,4036.934919118881,3da3ac7e4432a1d62624245435f34cd7112cf796,outputs/cp3_eval/a1_sft_s3/shard2
a1_sft_s3,a1_sft,1,3,sft,8000,2446,0,1,1.0,libero_plus,4036.934919118881,3da3ac7e4432a1d62624245435f34cd7112cf796,outputs/cp3_eval/a1_sft_s3/shard2
a1_sft_s3,a1_sft,1,3,sft,8000,2494,0,0,0.0,libero_plus,4036.934919118881,3da3ac7e4432a1d62624245435f34cd7112cf796,outputs/cp3_eval/a1_sft_s3/shard2
a1_sft_s3,a1_sft,1,3,sft,8000,2528,0,0,0.0,libero_plus,4036.934919118881,3da3ac7e4432a1d62624245435f34cd7112cf796,outputs/cp3_eval/a1_sft_s3/shard2
a1_sft_s3,a1_sft,1,3,sft,8000,41,0,1,1.0,libero_plus,4036.934919118881,3da3ac7e4432a1d62624245435f34cd7112cf796,outputs/cp3_eval/a1_sft_s3/shard3
a1_sft_s3,a1_sft,1,3,sft,8000,83,0,1,1.0,libero_plus,4036.934919118881,3da3ac7e4432a1d62624245435f34cd7112cf796,outputs/cp3_eval/a1_sft_s3/shard3
a1_sft_s3,a1_sft,1,3,sft,8000,124,0,0,0.0,libero_plus,4036.934919118881,3da3ac7e4432a1d62624245435f34cd7112cf796,outputs/cp3_eval/a1_sft_s3/shard3
a1_sft_s3,a1_sft,1,3,sft,8000,214,0,0,0.0,libero_plus,4036.934919118881,3da3ac7e4432a1d62624245435f34cd7112cf796,outputs/cp3_eval/a1_sft_s3/shard3
a1_sft_s3,a1_sft,1,3,sft,8000,265,0,1,1.0,libero_plus,4036.934919118881,3da3ac7e4432a1d62624245435f34cd7112cf796,outputs/cp3_eval/a1_sft_s3/shard3
a1_sft_s3,a1_sft,1,3,sft,8000,291,0,0,0.0,libero_plus,4036.934919118881,3da3ac7e4432a1d62624245435f34cd7112cf796,outputs/cp3_eval/a1_sft_s3/shard3
a1_sft_s3,a1_sft,1,3,sft,8000,337,0,0,0.0,libero_plus,4036.934919118881,3da3ac7e4432a1d62624245435f34cd7112cf796,outputs/cp3_eval/a1_sft_s3/shard3
a1_sft_s3,a1_sft,1,3,sft,8000,355,0,0,0.0,libero_plus,4036.934919118881,3da3ac7e4432a1d62624245435f34cd7112cf796,outputs/cp3_eval/a1_sft_s3/shard3
a1_sft_s3,a1_sft,1,3,sft,8000,488,0,1,1.0,libero_plus,4036.934919118881,3da3ac7e4432a1d62624245435f34cd7112cf796,outputs/cp3_eval/a1_sft_s3/shard3
a1_sft_s3,a1_sft,1,3,sft,8000,546,0,0,0.0,libero_plus,4036.934919118881,3da3ac7e4432a1d62624245435f34cd7112cf796,outputs/cp3_eval/a1_sft_s3/shard3
a1_sft_s3,a1_sft,1,3,sft,8000,614,0,0,0.0,libero_plus,4036.934919118881,3da3ac7e4432a1d62624245435f34cd7112cf796,outputs/cp3_eval/a1_sft_s3/shard3
a1_sft_s3,a1_sft,1,3,sft,8000,737,0,1,1.0,libero_plus,4036.934919118881,3da3ac7e4432a1d62624245435f34cd7112cf796,outputs/cp3_eval/a1_sft_s3/shard3
a1_sft_s3,a1_sft,1,3,sft,8000,786,0,0,0.0,libero_plus,4036.934919118881,3da3ac7e4432a1d62624245435f34cd7112cf796,outputs/cp3_eval/a1_sft_s3/shard3
a1_sft_s3,a1_sft,1,3,sft,8000,871,0,0,0.0,libero_plus,4036.934919118881,3da3ac7e4432a1d62624245435f34cd7112cf796,outputs/cp3_eval/a1_sft_s3/shard3
a1_sft_s3,a1_sft,1,3,sft,8000,962,0,0,0.0,libero_plus,4036.934919118881,3da3ac7e4432a1d62624245435f34cd7112cf796,outputs/cp3_eval/a1_sft_s3/shard3
a1_sft_s3,a1_sft,1,3,sft,8000,974,0,0,0.0,libero_plus,4036.934919118881,3da3ac7e4432a1d62624245435f34cd7112cf796,outputs/cp3_eval/a1_sft_s3/shard3
a1_sft_s3,a1_sft,1,3,sft,8000,1069,0,0,0.0,libero_plus,4036.934919118881,3da3ac7e4432a1d62624245435f34cd7112cf796,outputs/cp3_eval/a1_sft_s3/shard3
a1_sft_s3,a1_sft,1,3,sft,8000,1194,0,0,0.0,libero_plus,4036.934919118881,3da3ac7e4432a1d62624245435f34cd7112cf796,outputs/cp3_eval/a1_sft_s3/shard3
a1_sft_s3,a1_sft,1,3,sft,8000,1213,0,0,0.0,libero_plus,4036.934919118881,3da3ac7e4432a1d62624245435f34cd7112cf796,outputs/cp3_eval/a1_sft_s3/shard3
a1_sft_s3,a1_sft,1,3,sft,8000,1279,0,0,0.0,libero_plus,4036.934919118881,3da3ac7e4432a1d62624245435f34cd7112cf796,outputs/cp3_eval/a1_sft_s3/shard3
a1_sft_s3,a1_sft,1,3,sft,8000,1356,0,0,0.0,libero_plus,4036.934919118881,3da3ac7e4432a1d62624245435f34cd7112cf796,outputs/cp3_eval/a1_sft_s3/shard3
a1_sft_s3,a1_sft,1,3,sft,8000,1449,0,0,0.0,libero_plus,4036.934919118881,3da3ac7e4432a1d62624245435f34cd7112cf796,outputs/cp3_eval/a1_sft_s3/shard3
a1_sft_s3,a1_sft,1,3,sft,8000,1572,0,1,1.0,libero_plus,4036.934919118881,3da3ac7e4432a1d62624245435f34cd7112cf796,outputs/cp3_eval/a1_sft_s3/shard3
a1_sft_s3,a1_sft,1,3,sft,8000,1608,0,1,1.0,libero_plus,4036.934919118881,3da3ac7e4432a1d62624245435f34cd7112cf796,outputs/cp3_eval/a1_sft_s3/shard3
a1_sft_s3,a1_sft,1,3,sft,8000,1672,0,0,0.0,libero_plus,4036.934919118881,3da3ac7e4432a1d62624245435f34cd7112cf796,outputs/cp3_eval/a1_sft_s3/shard3
a1_sft_s3,a1_sft,1,3,sft,8000,1727,0,1,1.0,libero_plus,4036.934919118881,3da3ac7e4432a1d62624245435f34cd7112cf796,outputs/cp3_eval/a1_sft_s3/shard3
a1_sft_s3,a1_sft,1,3,sft,8000,1794,0,0,0.0,libero_plus,4036.934919118881,3da3ac7e4432a1d62624245435f34cd7112cf796,outputs/cp3_eval/a1_sft_s3/shard3
a1_sft_s3,a1_sft,1,3,sft,8000,1864,0,0,0.0,libero_plus,4036.934919118881,3da3ac7e4432a1d62624245435f34cd7112cf796,outputs/cp3_eval/a1_sft_s3/shard3
a1_sft_s3,a1_sft,1,3,sft,8000,1945,0,0,0.0,libero_plus,4036.934919118881,3da3ac7e4432a1d62624245435f34cd7112cf796,outputs/cp3_eval/a1_sft_s3/shard3
a1_sft_s3,a1_sft,1,3,sft,8000,2035,0,1,1.0,libero_plus,4036.934919118881,3da3ac7e4432a1d62624245435f34cd7112cf796,outputs/cp3_eval/a1_sft_s3/shard3
a1_sft_s3,a1_sft,1,3,sft,8000,2065,0,0,0.0,libero_plus,4036.934919118881,3da3ac7e4432a1d62624245435f34cd7112cf796,outputs/cp3_eval/a1_sft_s3/shard3
a1_sft_s3,a1_sft,1,3,sft,8000,2153,0,0,0.0,libero_plus,4036.934919118881,3da3ac7e4432a1d62624245435f34cd7112cf796,outputs/cp3_eval/a1_sft_s3/shard3
a1_sft_s3,a1_sft,1,3,sft,8000,2207,0,0,0.0,libero_plus,4036.934919118881,3da3ac7e4432a1d62624245435f34cd7112cf796,outputs/cp3_eval/a1_sft_s3/shard3
a1_sft_s3,a1_sft,1,3,sft,8000,2321,0,0,0.0,libero_plus,4036.934919118881,3da3ac7e4432a1d62624245435f34cd7112cf796,outputs/cp3_eval/a1_sft_s3/shard3
a1_sft_s3,a1_sft,1,3,sft,8000,2359,0,1,1.0,libero_plus,4036.934919118881,3da3ac7e4432a1d62624245435f34cd7112cf796,outputs/cp3_eval/a1_sft_s3/shard3
a1_sft_s3,a1_sft,1,3,sft,8000,2405,0,1,1.0,libero_plus,4036.934919118881,3da3ac7e4432a1d62624245435f34cd7112cf796,outputs/cp3_eval/a1_sft_s3/shard3
a1_sft_s3,a1_sft,1,3,sft,8000,2464,0,1,1.0,libero_plus,4036.934919118881,3da3ac7e4432a1d62624245435f34cd7112cf796,outputs/cp3_eval/a1_sft_s3/shard3
a1_sft_s3,a1_sft,1,3,sft,8000,2497,0,0,0.0,libero_plus,4036.934919118881,3da3ac7e4432a1d62624245435f34cd7112cf796,outputs/cp3_eval/a1_sft_s3/shard3
a1_sft_s3,a1_sft,1,3,sft,8000,2539,0,0,0.0,libero_plus,4036.934919118881,3da3ac7e4432a1d62624245435f34cd7112cf796,outputs/cp3_eval/a1_sft_s3/shard3
a1_sft_s3,a1_sft,1,3,sft,8000,44,0,0,0.0,libero_plus,4036.934919118881,3da3ac7e4432a1d62624245435f34cd7112cf796,outputs/cp3_eval/a1_sft_s3/shard4
a1_sft_s3,a1_sft,1,3,sft,8000,94,0,1,1.0,libero_plus,4036.934919118881,3da3ac7e4432a1d62624245435f34cd7112cf796,outputs/cp3_eval/a1_sft_s3/shard4
a1_sft_s3,a1_sft,1,3,sft,8000,141,0,1,1.0,libero_plus,4036.934919118881,3da3ac7e4432a1d62624245435f34cd7112cf796,outputs/cp3_eval/a1_sft_s3/shard4
a1_sft_s3,a1_sft,1,3,sft,8000,226,0,0,0.0,libero_plus,4036.934919118881,3da3ac7e4432a1d62624245435f34cd7112cf796,outputs/cp3_eval/a1_sft_s3/shard4
a1_sft_s3,a1_sft,1,3,sft,8000,266,0,1,1.0,libero_plus,4036.934919118881,3da3ac7e4432a1d62624245435f34cd7112cf796,outputs/cp3_eval/a1_sft_s3/shard4
a1_sft_s3,a1_sft,1,3,sft,8000,304,0,0,0.0,libero_plus,4036.934919118881,3da3ac7e4432a1d62624245435f34cd7112cf796,outputs/cp3_eval/a1_sft_s3/shard4
a1_sft_s3,a1_sft,1,3,sft,8000,339,0,1,1.0,libero_plus,4036.934919118881,3da3ac7e4432a1d62624245435f34cd7112cf796,outputs/cp3_eval/a1_sft_s3/shard4
a1_sft_s3,a1_sft,1,3,sft,8000,365,0,0,0.0,libero_plus,4036.934919118881,3da3ac7e4432a1d62624245435f34cd7112cf796,outputs/cp3_eval/a1_sft_s3/shard4
a1_sft_s3,a1_sft,1,3,sft,8000,492,0,1,1.0,libero_plus,4036.934919118881,3da3ac7e4432a1d62624245435f34cd7112cf796,outputs/cp3_eval/a1_sft_s3/shard4
a1_sft_s3,a1_sft,1,3,sft,8000,556,0,0,0.0,libero_plus,4036.934919118881,3da3ac7e4432a1d62624245435f34cd7112cf796,outputs/cp3_eval/a1_sft_s3/shard4
a1_sft_s3,a1_sft,1,3,sft,8000,616,0,0,0.0,libero_plus,4036.934919118881,3da3ac7e4432a1d62624245435f34cd7112cf796,outputs/cp3_eval/a1_sft_s3/shard4
a1_sft_s3,a1_sft,1,3,sft,8000,740,0,1,1.0,libero_plus,4036.934919118881,3da3ac7e4432a1d62624245435f34cd7112cf796,outputs/cp3_eval/a1_sft_s3/shard4
a1_sft_s3,a1_sft,1,3,sft,8000,812,0,1,1.0,libero_plus,4036.934919118881,3da3ac7e4432a1d62624245435f34cd7112cf796,outputs/cp3_eval/a1_sft_s3/shard4
a1_sft_s3,a1_sft,1,3,sft,8000,882,0,0,0.0,libero_plus,4036.934919118881,3da3ac7e4432a1d62624245435f34cd7112cf796,outputs/cp3_eval/a1_sft_s3/shard4
a1_sft_s3,a1_sft,1,3,sft,8000,964,0,0,0.0,libero_plus,4036.934919118881,3da3ac7e4432a1d62624245435f34cd7112cf796,outputs/cp3_eval/a1_sft_s3/shard4
a1_sft_s3,a1_sft,1,3,sft,8000,978,0,0,0.0,libero_plus,4036.934919118881,3da3ac7e4432a1d62624245435f34cd7112cf796,outputs/cp3_eval/a1_sft_s3/shard4
a1_sft_s3,a1_sft,1,3,sft,8000,1117,0,0,0.0,libero_plus,4036.934919118881,3da3ac7e4432a1d62624245435f34cd7112cf796,outputs/cp3_eval/a1_sft_s3/shard4
a1_sft_s3,a1_sft,1,3,sft,8000,1196,0,0,0.0,libero_plus,4036.934919118881,3da3ac7e4432a1d62624245435f34cd7112cf796,outputs/cp3_eval/a1_sft_s3/shard4
a1_sft_s3,a1_sft,1,3,sft,8000,1239,0,0,0.0,libero_plus,4036.934919118881,3da3ac7e4432a1d62624245435f34cd7112cf796,outputs/cp3_eval/a1_sft_s3/shard4
a1_sft_s3,a1_sft,1,3,sft,8000,1286,0,0,0.0,libero_plus,4036.934919118881,3da3ac7e4432a1d62624245435f34cd7112cf796,outputs/cp3_eval/a1_sft_s3/shard4
a1_sft_s3,a1_sft,1,3,sft,8000,1378,0,0,0.0,libero_plus,4036.934919118881,3da3ac7e4432a1d62624245435f34cd7112cf796,outputs/cp3_eval/a1_sft_s3/shard4
a1_sft_s3,a1_sft,1,3,sft,8000,1455,0,0,0.0,libero_plus,4036.934919118881,3da3ac7e4432a1d62624245435f34cd7112cf796,outputs/cp3_eval/a1_sft_s3/shard4
a1_sft_s3,a1_sft,1,3,sft,8000,1577,0,1,1.0,libero_plus,4036.934919118881,3da3ac7e4432a1d62624245435f34cd7112cf796,outputs/cp3_eval/a1_sft_s3/shard4
a1_sft_s3,a1_sft,1,3,sft,8000,1621,0,0,0.0,libero_plus,4036.934919118881,3da3ac7e4432a1d62624245435f34cd7112cf796,outputs/cp3_eval/a1_sft_s3/shard4
a1_sft_s3,a1_sft,1,3,sft,8000,1681,0,0,0.0,libero_plus,4036.934919118881,3da3ac7e4432a1d62624245435f34cd7112cf796,outputs/cp3_eval/a1_sft_s3/shard4
a1_sft_s3,a1_sft,1,3,sft,8000,1729,0,1,1.0,libero_plus,4036.934919118881,3da3ac7e4432a1d62624245435f34cd7112cf796,outputs/cp3_eval/a1_sft_s3/shard4
a1_sft_s3,a1_sft,1,3,sft,8000,1803,0,1,1.0,libero_plus,4036.934919118881,3da3ac7e4432a1d62624245435f34cd7112cf796,outputs/cp3_eval/a1_sft_s3/shard4
a1_sft_s3,a1_sft,1,3,sft,8000,1882,0,0,0.0,libero_plus,4036.934919118881,3da3ac7e4432a1d62624245435f34cd7112cf796,outputs/cp3_eval/a1_sft_s3/shard4
a1_sft_s3,a1_sft,1,3,sft,8000,1959,0,0,0.0,libero_plus,4036.934919118881,3da3ac7e4432a1d62624245435f34cd7112cf796,outputs/cp3_eval/a1_sft_s3/shard4
a1_sft_s3,a1_sft,1,3,sft,8000,2037,0,1,1.0,libero_plus,4036.934919118881,3da3ac7e4432a1d62624245435f34cd7112cf796,outputs/cp3_eval/a1_sft_s3/shard4
a1_sft_s3,a1_sft,1,3,sft,8000,2081,0,0,0.0,libero_plus,4036.934919118881,3da3ac7e4432a1d62624245435f34cd7112cf796,outputs/cp3_eval/a1_sft_s3/shard4
a1_sft_s3,a1_sft,1,3,sft,8000,2179,0,0,0.0,libero_plus,4036.934919118881,3da3ac7e4432a1d62624245435f34cd7112cf796,outputs/cp3_eval/a1_sft_s3/shard4
a1_sft_s3,a1_sft,1,3,sft,8000,2222,0,1,1.0,libero_plus,4036.934919118881,3da3ac7e4432a1d62624245435f34cd7112cf796,outputs/cp3_eval/a1_sft_s3/shard4
a1_sft_s3,a1_sft,1,3,sft,8000,2332,0,0,0.0,libero_plus,4036.934919118881,3da3ac7e4432a1d62624245435f34cd7112cf796,outputs/cp3_eval/a1_sft_s3/shard4
a1_sft_s3,a1_sft,1,3,sft,8000,2363,0,1,1.0,libero_plus,4036.934919118881,3da3ac7e4432a1d62624245435f34cd7112cf796,outputs/cp3_eval/a1_sft_s3/shard4
a1_sft_s3,a1_sft,1,3,sft,8000,2406,0,1,1.0,libero_plus,4036.934919118881,3da3ac7e4432a1d62624245435f34cd7112cf796,outputs/cp3_eval/a1_sft_s3/shard4
a1_sft_s3,a1_sft,1,3,sft,8000,2465,0,1,1.0,libero_plus,4036.934919118881,3da3ac7e4432a1d62624245435f34cd7112cf796,outputs/cp3_eval/a1_sft_s3/shard4
a1_sft_s3,a1_sft,1,3,sft,8000,2504,0,0,0.0,libero_plus,4036.934919118881,3da3ac7e4432a1d62624245435f34cd7112cf796,outputs/cp3_eval/a1_sft_s3/shard4
a1_sft_s3,a1_sft,1,3,sft,8000,2569,0,1,1.0,libero_plus,4036.934919118881,3da3ac7e4432a1d62624245435f34cd7112cf796,outputs/cp3_eval/a1_sft_s3/shard4
a1_sft_s4,a1_sft,1,4,sft,8000,5,0,0,0.0,libero_plus,3706.6371047496796,3da3ac7e4432a1d62624245435f34cd7112cf796,outputs/cp3_eval/a1_sft_s4/shard0
a1_sft_s4,a1_sft,1,4,sft,8000,64,0,0,0.0,libero_plus,3706.6371047496796,3da3ac7e4432a1d62624245435f34cd7112cf796,outputs/cp3_eval/a1_sft_s4/shard0
a1_sft_s4,a1_sft,1,4,sft,8000,97,0,0,0.0,libero_plus,3706.6371047496796,3da3ac7e4432a1d62624245435f34cd7112cf796,outputs/cp3_eval/a1_sft_s4/shard0
a1_sft_s4,a1_sft,1,4,sft,8000,152,0,0,0.0,libero_plus,3706.6371047496796,3da3ac7e4432a1d62624245435f34cd7112cf796,outputs/cp3_eval/a1_sft_s4/shard0
a1_sft_s4,a1_sft,1,4,sft,8000,238,0,1,1.0,libero_plus,3706.6371047496796,3da3ac7e4432a1d62624245435f34cd7112cf796,outputs/cp3_eval/a1_sft_s4/shard0
a1_sft_s4,a1_sft,1,4,sft,8000,270,0,1,1.0,libero_plus,3706.6371047496796,3da3ac7e4432a1d62624245435f34cd7112cf796,outputs/cp3_eval/a1_sft_s4/shard0
a1_sft_s4,a1_sft,1,4,sft,8000,306,0,0,0.0,libero_plus,3706.6371047496796,3da3ac7e4432a1d62624245435f34cd7112cf796,outputs/cp3_eval/a1_sft_s4/shard0
a1_sft_s4,a1_sft,1,4,sft,8000,340,0,1,1.0,libero_plus,3706.6371047496796,3da3ac7e4432a1d62624245435f34cd7112cf796,outputs/cp3_eval/a1_sft_s4/shard0
a1_sft_s4,a1_sft,1,4,sft,8000,384,0,0,0.0,libero_plus,3706.6371047496796,3da3ac7e4432a1d62624245435f34cd7112cf796,outputs/cp3_eval/a1_sft_s4/shard0
a1_sft_s4,a1_sft,1,4,sft,8000,493,0,0,0.0,libero_plus,3706.6371047496796,3da3ac7e4432a1d62624245435f34cd7112cf796,outputs/cp3_eval/a1_sft_s4/shard0
a1_sft_s4,a1_sft,1,4,sft,8000,571,0,0,0.0,libero_plus,3706.6371047496796,3da3ac7e4432a1d62624245435f34cd7112cf796,outputs/cp3_eval/a1_sft_s4/shard0
a1_sft_s4,a1_sft,1,4,sft,8000,664,0,0,0.0,libero_plus,3706.6371047496796,3da3ac7e4432a1d62624245435f34cd7112cf796,outputs/cp3_eval/a1_sft_s4/shard0
a1_sft_s4,a1_sft,1,4,sft,8000,745,0,1,1.0,libero_plus,3706.6371047496796,3da3ac7e4432a1d62624245435f34cd7112cf796,outputs/cp3_eval/a1_sft_s4/shard0
a1_sft_s4,a1_sft,1,4,sft,8000,814,0,0,0.0,libero_plus,3706.6371047496796,3da3ac7e4432a1d62624245435f34cd7112cf796,outputs/cp3_eval/a1_sft_s4/shard0
a1_sft_s4,a1_sft,1,4,sft,8000,913,0,0,0.0,libero_plus,3706.6371047496796,3da3ac7e4432a1d62624245435f34cd7112cf796,outputs/cp3_eval/a1_sft_s4/shard0
a1_sft_s4,a1_sft,1,4,sft,8000,968,0,0,0.0,libero_plus,3706.6371047496796,3da3ac7e4432a1d62624245435f34cd7112cf796,outputs/cp3_eval/a1_sft_s4/shard0
a1_sft_s4,a1_sft,1,4,sft,8000,1025,0,1,1.0,libero_plus,3706.6371047496796,3da3ac7e4432a1d62624245435f34cd7112cf796,outputs/cp3_eval/a1_sft_s4/shard0
a1_sft_s4,a1_sft,1,4,sft,8000,1126,0,0,0.0,libero_plus,3706.6371047496796,3da3ac7e4432a1d62624245435f34cd7112cf796,outputs/cp3_eval/a1_sft_s4/shard0
a1_sft_s4,a1_sft,1,4,sft,8000,1209,0,0,0.0,libero_plus,3706.6371047496796,3da3ac7e4432a1d62624245435f34cd7112cf796,outputs/cp3_eval/a1_sft_s4/shard0
a1_sft_s4,a1_sft,1,4,sft,8000,1243,0,0,0.0,libero_plus,3706.6371047496796,3da3ac7e4432a1d62624245435f34cd7112cf796,outputs/cp3_eval/a1_sft_s4/shard0
a1_sft_s4,a1_sft,1,4,sft,8000,1304,0,0,0.0,libero_plus,3706.6371047496796,3da3ac7e4432a1d62624245435f34cd7112cf796,outputs/cp3_eval/a1_sft_s4/shard0
a1_sft_s4,a1_sft,1,4,sft,8000,1394,0,0,0.0,libero_plus,3706.6371047496796,3da3ac7e4432a1d62624245435f34cd7112cf796,outputs/cp3_eval/a1_sft_s4/shard0
a1_sft_s4,a1_sft,1,4,sft,8000,1466,0,0,0.0,libero_plus,3706.6371047496796,3da3ac7e4432a1d62624245435f34cd7112cf796,outputs/cp3_eval/a1_sft_s4/shard0
a1_sft_s4,a1_sft,1,4,sft,8000,1591,0,0,0.0,libero_plus,3706.6371047496796,3da3ac7e4432a1d62624245435f34cd7112cf796,outputs/cp3_eval/a1_sft_s4/shard0
a1_sft_s4,a1_sft,1,4,sft,8000,1625,0,1,1.0,libero_plus,3706.6371047496796,3da3ac7e4432a1d62624245435f34cd7112cf796,outputs/cp3_eval/a1_sft_s4/shard0
a1_sft_s4,a1_sft,1,4,sft,8000,1695,0,1,1.0,libero_plus,3706.6371047496796,3da3ac7e4432a1d62624245435f34cd7112cf796,outputs/cp3_eval/a1_sft_s4/shard0
a1_sft_s4,a1_sft,1,4,sft,8000,1759,0,0,0.0,libero_plus,3706.6371047496796,3da3ac7e4432a1d62624245435f34cd7112cf796,outputs/cp3_eval/a1_sft_s4/shard0
a1_sft_s4,a1_sft,1,4,sft,8000,1811,0,1,1.0,libero_plus,3706.6371047496796,3da3ac7e4432a1d62624245435f34cd7112cf796,outputs/cp3_eval/a1_sft_s4/shard0
a1_sft_s4,a1_sft,1,4,sft,8000,1887,0,0,0.0,libero_plus,3706.6371047496796,3da3ac7e4432a1d62624245435f34cd7112cf796,outputs/cp3_eval/a1_sft_s4/shard0
a1_sft_s4,a1_sft,1,4,sft,8000,1995,0,0,0.0,libero_plus,3706.6371047496796,3da3ac7e4432a1d62624245435f34cd7112cf796,outputs/cp3_eval/a1_sft_s4/shard0
a1_sft_s4,a1_sft,1,4,sft,8000,2045,0,1,1.0,libero_plus,3706.6371047496796,3da3ac7e4432a1d62624245435f34cd7112cf796,outputs/cp3_eval/a1_sft_s4/shard0
a1_sft_s4,a1_sft,1,4,sft,8000,2093,0,0,0.0,libero_plus,3706.6371047496796,3da3ac7e4432a1d62624245435f34cd7112cf796,outputs/cp3_eval/a1_sft_s4/shard0
a1_sft_s4,a1_sft,1,4,sft,8000,2180,0,1,1.0,libero_plus,3706.6371047496796,3da3ac7e4432a1d62624245435f34cd7112cf796,outputs/cp3_eval/a1_sft_s4/shard0
a1_sft_s4,a1_sft,1,4,sft,8000,2235,0,1,1.0,libero_plus,3706.6371047496796,3da3ac7e4432a1d62624245435f34cd7112cf796,outputs/cp3_eval/a1_sft_s4/shard0
a1_sft_s4,a1_sft,1,4,sft,8000,2338,0,0,0.0,libero_plus,3706.6371047496796,3da3ac7e4432a1d62624245435f34cd7112cf796,outputs/cp3_eval/a1_sft_s4/shard0
a1_sft_s4,a1_sft,1,4,sft,8000,2377,0,0,0.0,libero_plus,3706.6371047496796,3da3ac7e4432a1d62624245435f34cd7112cf796,outputs/cp3_eval/a1_sft_s4/shard0
a1_sft_s4,a1_sft,1,4,sft,8000,2411,0,0,0.0,libero_plus,3706.6371047496796,3da3ac7e4432a1d62624245435f34cd7112cf796,outputs/cp3_eval/a1_sft_s4/shard0
a1_sft_s4,a1_sft,1,4,sft,8000,2488,0,0,0.0,libero_plus,3706.6371047496796,3da3ac7e4432a1d62624245435f34cd7112cf796,outputs/cp3_eval/a1_sft_s4/shard0
a1_sft_s4,a1_sft,1,4,sft,8000,2513,0,1,1.0,libero_plus,3706.6371047496796,3da3ac7e4432a1d62624245435f34cd7112cf796,outputs/cp3_eval/a1_sft_s4/shard0
a1_sft_s4,a1_sft,1,4,sft,8000,2578,0,1,1.0,libero_plus,3706.6371047496796,3da3ac7e4432a1d62624245435f34cd7112cf796,outputs/cp3_eval/a1_sft_s4/shard0
a1_sft_s4,a1_sft,1,4,sft,8000,31,0,1,1.0,libero_plus,3706.6371047496796,3da3ac7e4432a1d62624245435f34cd7112cf796,outputs/cp3_eval/a1_sft_s4/shard1
a1_sft_s4,a1_sft,1,4,sft,8000,70,0,0,0.0,libero_plus,3706.6371047496796,3da3ac7e4432a1d62624245435f34cd7112cf796,outputs/cp3_eval/a1_sft_s4/shard1
a1_sft_s4,a1_sft,1,4,sft,8000,106,0,1,1.0,libero_plus,3706.6371047496796,3da3ac7e4432a1d62624245435f34cd7112cf796,outputs/cp3_eval/a1_sft_s4/shard1
a1_sft_s4,a1_sft,1,4,sft,8000,164,0,0,0.0,libero_plus,3706.6371047496796,3da3ac7e4432a1d62624245435f34cd7112cf796,outputs/cp3_eval/a1_sft_s4/shard1
a1_sft_s4,a1_sft,1,4,sft,8000,242,0,1,1.0,libero_plus,3706.6371047496796,3da3ac7e4432a1d62624245435f34cd7112cf796,outputs/cp3_eval/a1_sft_s4/shard1
a1_sft_s4,a1_sft,1,4,sft,8000,273,0,1,1.0,libero_plus,3706.6371047496796,3da3ac7e4432a1d62624245435f34cd7112cf796,outputs/cp3_eval/a1_sft_s4/shard1
a1_sft_s4,a1_sft,1,4,sft,8000,315,0,0,0.0,libero_plus,3706.6371047496796,3da3ac7e4432a1d62624245435f34cd7112cf796,outputs/cp3_eval/a1_sft_s4/shard1
a1_sft_s4,a1_sft,1,4,sft,8000,346,0,0,0.0,libero_plus,3706.6371047496796,3da3ac7e4432a1d62624245435f34cd7112cf796,outputs/cp3_eval/a1_sft_s4/shard1
a1_sft_s4,a1_sft,1,4,sft,8000,392,0,0,0.0,libero_plus,3706.6371047496796,3da3ac7e4432a1d62624245435f34cd7112cf796,outputs/cp3_eval/a1_sft_s4/shard1
a1_sft_s4,a1_sft,1,4,sft,8000,517,0,0,0.0,libero_plus,3706.6371047496796,3da3ac7e4432a1d62624245435f34cd7112cf796,outputs/cp3_eval/a1_sft_s4/shard1
a1_sft_s4,a1_sft,1,4,sft,8000,608,0,0,0.0,libero_plus,3706.6371047496796,3da3ac7e4432a1d62624245435f34cd7112cf796,outputs/cp3_eval/a1_sft_s4/shard1
a1_sft_s4,a1_sft,1,4,sft,8000,706,0,0,0.0,libero_plus,3706.6371047496796,3da3ac7e4432a1d62624245435f34cd7112cf796,outputs/cp3_eval/a1_sft_s4/shard1
a1_sft_s4,a1_sft,1,4,sft,8000,754,0,1,1.0,libero_plus,3706.6371047496796,3da3ac7e4432a1d62624245435f34cd7112cf796,outputs/cp3_eval/a1_sft_s4/shard1
a1_sft_s4,a1_sft,1,4,sft,8000,829,0,0,0.0,libero_plus,3706.6371047496796,3da3ac7e4432a1d62624245435f34cd7112cf796,outputs/cp3_eval/a1_sft_s4/shard1
a1_sft_s4,a1_sft,1,4,sft,8000,934,0,0,0.0,libero_plus,3706.6371047496796,3da3ac7e4432a1d62624245435f34cd7112cf796,outputs/cp3_eval/a1_sft_s4/shard1
a1_sft_s4,a1_sft,1,4,sft,8000,969,0,0,0.0,libero_plus,3706.6371047496796,3da3ac7e4432a1d62624245435f34cd7112cf796,outputs/cp3_eval/a1_sft_s4/shard1
a1_sft_s4,a1_sft,1,4,sft,8000,1042,0,0,0.0,libero_plus,3706.6371047496796,3da3ac7e4432a1d62624245435f34cd7112cf796,outputs/cp3_eval/a1_sft_s4/shard1
a1_sft_s4,a1_sft,1,4,sft,8000,1139,0,0,0.0,libero_plus,3706.6371047496796,3da3ac7e4432a1d62624245435f34cd7112cf796,outputs/cp3_eval/a1_sft_s4/shard1
a1_sft_s4,a1_sft,1,4,sft,8000,1210,0,0,0.0,libero_plus,3706.6371047496796,3da3ac7e4432a1d62624245435f34cd7112cf796,outputs/cp3_eval/a1_sft_s4/shard1
a1_sft_s4,a1_sft,1,4,sft,8000,1246,0,0,0.0,libero_plus,3706.6371047496796,3da3ac7e4432a1d62624245435f34cd7112cf796,outputs/cp3_eval/a1_sft_s4/shard1
a1_sft_s4,a1_sft,1,4,sft,8000,1308,0,0,0.0,libero_plus,3706.6371047496796,3da3ac7e4432a1d62624245435f34cd7112cf796,outputs/cp3_eval/a1_sft_s4/shard1
a1_sft_s4,a1_sft,1,4,sft,8000,1399,0,0,0.0,libero_plus,3706.6371047496796,3da3ac7e4432a1d62624245435f34cd7112cf796,outputs/cp3_eval/a1_sft_s4/shard1
a1_sft_s4,a1_sft,1,4,sft,8000,1503,0,0,0.0,libero_plus,3706.6371047496796,3da3ac7e4432a1d62624245435f34cd7112cf796,outputs/cp3_eval/a1_sft_s4/shard1
a1_sft_s4,a1_sft,1,4,sft,8000,1592,0,0,0.0,libero_plus,3706.6371047496796,3da3ac7e4432a1d62624245435f34cd7112cf796,outputs/cp3_eval/a1_sft_s4/shard1
a1_sft_s4,a1_sft,1,4,sft,8000,1634,0,1,1.0,libero_plus,3706.6371047496796,3da3ac7e4432a1d62624245435f34cd7112cf796,outputs/cp3_eval/a1_sft_s4/shard1
a1_sft_s4,a1_sft,1,4,sft,8000,1714,0,0,0.0,libero_plus,3706.6371047496796,3da3ac7e4432a1d62624245435f34cd7112cf796,outputs/cp3_eval/a1_sft_s4/shard1
a1_sft_s4,a1_sft,1,4,sft,8000,1770,0,0,0.0,libero_plus,3706.6371047496796,3da3ac7e4432a1d62624245435f34cd7112cf796,outputs/cp3_eval/a1_sft_s4/shard1
a1_sft_s4,a1_sft,1,4,sft,8000,1852,0,1,1.0,libero_plus,3706.6371047496796,3da3ac7e4432a1d62624245435f34cd7112cf796,outputs/cp3_eval/a1_sft_s4/shard1
a1_sft_s4,a1_sft,1,4,sft,8000,1922,0,0,0.0,libero_plus,3706.6371047496796,3da3ac7e4432a1d62624245435f34cd7112cf796,outputs/cp3_eval/a1_sft_s4/shard1
a1_sft_s4,a1_sft,1,4,sft,8000,2016,0,0,0.0,libero_plus,3706.6371047496796,3da3ac7e4432a1d62624245435f34cd7112cf796,outputs/cp3_eval/a1_sft_s4/shard1
a1_sft_s4,a1_sft,1,4,sft,8000,2052,0,0,0.0,libero_plus,3706.6371047496796,3da3ac7e4432a1d62624245435f34cd7112cf796,outputs/cp3_eval/a1_sft_s4/shard1
a1_sft_s4,a1_sft,1,4,sft,8000,2128,0,1,1.0,libero_plus,3706.6371047496796,3da3ac7e4432a1d62624245435f34cd7112cf796,outputs/cp3_eval/a1_sft_s4/shard1
a1_sft_s4,a1_sft,1,4,sft,8000,2185,0,1,1.0,libero_plus,3706.6371047496796,3da3ac7e4432a1d62624245435f34cd7112cf796,outputs/cp3_eval/a1_sft_s4/shard1
a1_sft_s4,a1_sft,1,4,sft,8000,2255,0,0,0.0,libero_plus,3706.6371047496796,3da3ac7e4432a1d62624245435f34cd7112cf796,outputs/cp3_eval/a1_sft_s4/shard1
a1_sft_s4,a1_sft,1,4,sft,8000,2346,0,0,0.0,libero_plus,3706.6371047496796,3da3ac7e4432a1d62624245435f34cd7112cf796,outputs/cp3_eval/a1_sft_s4/shard1
a1_sft_s4,a1_sft,1,4,sft,8000,2382,0,0,0.0,libero_plus,3706.6371047496796,3da3ac7e4432a1d62624245435f34cd7112cf796,outputs/cp3_eval/a1_sft_s4/shard1
a1_sft_s4,a1_sft,1,4,sft,8000,2413,0,0,0.0,libero_plus,3706.6371047496796,3da3ac7e4432a1d62624245435f34cd7112cf796,outputs/cp3_eval/a1_sft_s4/shard1
a1_sft_s4,a1_sft,1,4,sft,8000,2491,0,0,0.0,libero_plus,3706.6371047496796,3da3ac7e4432a1d62624245435f34cd7112cf796,outputs/cp3_eval/a1_sft_s4/shard1
a1_sft_s4,a1_sft,1,4,sft,8000,2516,0,1,1.0,libero_plus,3706.6371047496796,3da3ac7e4432a1d62624245435f34cd7112cf796,outputs/cp3_eval/a1_sft_s4/shard1
a1_sft_s4,a1_sft,1,4,sft,8000,39,0,0,0.0,libero_plus,3706.6371047496796,3da3ac7e4432a1d62624245435f34cd7112cf796,outputs/cp3_eval/a1_sft_s4/shard2
a1_sft_s4,a1_sft,1,4,sft,8000,74,0,0,0.0,libero_plus,3706.6371047496796,3da3ac7e4432a1d62624245435f34cd7112cf796,outputs/cp3_eval/a1_sft_s4/shard2
a1_sft_s4,a1_sft,1,4,sft,8000,117,0,1,1.0,libero_plus,3706.6371047496796,3da3ac7e4432a1d62624245435f34cd7112cf796,outputs/cp3_eval/a1_sft_s4/shard2
a1_sft_s4,a1_sft,1,4,sft,8000,173,0,0,0.0,libero_plus,3706.6371047496796,3da3ac7e4432a1d62624245435f34cd7112cf796,outputs/cp3_eval/a1_sft_s4/shard2
a1_sft_s4,a1_sft,1,4,sft,8000,250,0,0,0.0,libero_plus,3706.6371047496796,3da3ac7e4432a1d62624245435f34cd7112cf796,outputs/cp3_eval/a1_sft_s4/shard2
a1_sft_s4,a1_sft,1,4,sft,8000,277,0,1,1.0,libero_plus,3706.6371047496796,3da3ac7e4432a1d62624245435f34cd7112cf796,outputs/cp3_eval/a1_sft_s4/shard2
a1_sft_s4,a1_sft,1,4,sft,8000,332,0,1,1.0,libero_plus,3706.6371047496796,3da3ac7e4432a1d62624245435f34cd7112cf796,outputs/cp3_eval/a1_sft_s4/shard2
a1_sft_s4,a1_sft,1,4,sft,8000,352,0,0,0.0,libero_plus,3706.6371047496796,3da3ac7e4432a1d62624245435f34cd7112cf796,outputs/cp3_eval/a1_sft_s4/shard2
a1_sft_s4,a1_sft,1,4,sft,8000,484,0,1,1.0,libero_plus,3706.6371047496796,3da3ac7e4432a1d62624245435f34cd7112cf796,outputs/cp3_eval/a1_sft_s4/shard2
a1_sft_s4,a1_sft,1,4,sft,8000,523,0,0,0.0,libero_plus,3706.6371047496796,3da3ac7e4432a1d62624245435f34cd7112cf796,outputs/cp3_eval/a1_sft_s4/shard2
a1_sft_s4,a1_sft,1,4,sft,8000,611,0,1,1.0,libero_plus,3706.6371047496796,3da3ac7e4432a1d62624245435f34cd7112cf796,outputs/cp3_eval/a1_sft_s4/shard2
a1_sft_s4,a1_sft,1,4,sft,8000,734,0,0,0.0,libero_plus,3706.6371047496796,3da3ac7e4432a1d62624245435f34cd7112cf796,outputs/cp3_eval/a1_sft_s4/shard2
a1_sft_s4,a1_sft,1,4,sft,8000,758,0,1,1.0,libero_plus,3706.6371047496796,3da3ac7e4432a1d62624245435f34cd7112cf796,outputs/cp3_eval/a1_sft_s4/shard2
a1_sft_s4,a1_sft,1,4,sft,8000,836,0,1,1.0,libero_plus,3706.6371047496796,3da3ac7e4432a1d62624245435f34cd7112cf796,outputs/cp3_eval/a1_sft_s4/shard2
a1_sft_s4,a1_sft,1,4,sft,8000,950,0,0,0.0,libero_plus,3706.6371047496796,3da3ac7e4432a1d62624245435f34cd7112cf796,outputs/cp3_eval/a1_sft_s4/shard2
a1_sft_s4,a1_sft,1,4,sft,8000,973,0,0,0.0,libero_plus,3706.6371047496796,3da3ac7e4432a1d62624245435f34cd7112cf796,outputs/cp3_eval/a1_sft_s4/shard2
a1_sft_s4,a1_sft,1,4,sft,8000,1058,0,1,1.0,libero_plus,3706.6371047496796,3da3ac7e4432a1d62624245435f34cd7112cf796,outputs/cp3_eval/a1_sft_s4/shard2
a1_sft_s4,a1_sft,1,4,sft,8000,1171,0,0,0.0,libero_plus,3706.6371047496796,3da3ac7e4432a1d62624245435f34cd7112cf796,outputs/cp3_eval/a1_sft_s4/shard2
a1_sft_s4,a1_sft,1,4,sft,8000,1211,0,0,0.0,libero_plus,3706.6371047496796,3da3ac7e4432a1d62624245435f34cd7112cf796,outputs/cp3_eval/a1_sft_s4/shard2
a1_sft_s4,a1_sft,1,4,sft,8000,1267,0,0,0.0,libero_plus,3706.6371047496796,3da3ac7e4432a1d62624245435f34cd7112cf796,outputs/cp3_eval/a1_sft_s4/shard2
a1_sft_s4,a1_sft,1,4,sft,8000,1355,0,0,0.0,libero_plus,3706.6371047496796,3da3ac7e4432a1d62624245435f34cd7112cf796,outputs/cp3_eval/a1_sft_s4/shard2
a1_sft_s4,a1_sft,1,4,sft,8000,1422,0,0,0.0,libero_plus,3706.6371047496796,3da3ac7e4432a1d62624245435f34cd7112cf796,outputs/cp3_eval/a1_sft_s4/shard2
a1_sft_s4,a1_sft,1,4,sft,8000,1567,0,0,0.0,libero_plus,3706.6371047496796,3da3ac7e4432a1d62624245435f34cd7112cf796,outputs/cp3_eval/a1_sft_s4/shard2
a1_sft_s4,a1_sft,1,4,sft,8000,1595,0,0,0.0,libero_plus,3706.6371047496796,3da3ac7e4432a1d62624245435f34cd7112cf796,outputs/cp3_eval/a1_sft_s4/shard2
a1_sft_s4,a1_sft,1,4,sft,8000,1642,0,1,1.0,libero_plus,3706.6371047496796,3da3ac7e4432a1d62624245435f34cd7112cf796,outputs/cp3_eval/a1_sft_s4/shard2
a1_sft_s4,a1_sft,1,4,sft,8000,1718,0,0,0.0,libero_plus,3706.6371047496796,3da3ac7e4432a1d62624245435f34cd7112cf796,outputs/cp3_eval/a1_sft_s4/shard2
a1_sft_s4,a1_sft,1,4,sft,8000,1791,0,1,1.0,libero_plus,3706.6371047496796,3da3ac7e4432a1d62624245435f34cd7112cf796,outputs/cp3_eval/a1_sft_s4/shard2
a1_sft_s4,a1_sft,1,4,sft,8000,1860,0,0,0.0,libero_plus,3706.6371047496796,3da3ac7e4432a1d62624245435f34cd7112cf796,outputs/cp3_eval/a1_sft_s4/shard2
a1_sft_s4,a1_sft,1,4,sft,8000,1940,0,0,0.0,libero_plus,3706.6371047496796,3da3ac7e4432a1d62624245435f34cd7112cf796,outputs/cp3_eval/a1_sft_s4/shard2
a1_sft_s4,a1_sft,1,4,sft,8000,2034,0,0,0.0,libero_plus,3706.6371047496796,3da3ac7e4432a1d62624245435f34cd7112cf796,outputs/cp3_eval/a1_sft_s4/shard2
a1_sft_s4,a1_sft,1,4,sft,8000,2056,0,0,0.0,libero_plus,3706.6371047496796,3da3ac7e4432a1d62624245435f34cd7112cf796,outputs/cp3_eval/a1_sft_s4/shard2
a1_sft_s4,a1_sft,1,4,sft,8000,2139,0,1,1.0,libero_plus,3706.6371047496796,3da3ac7e4432a1d62624245435f34cd7112cf796,outputs/cp3_eval/a1_sft_s4/shard2
a1_sft_s4,a1_sft,1,4,sft,8000,2203,0,0,0.0,libero_plus,3706.6371047496796,3da3ac7e4432a1d62624245435f34cd7112cf796,outputs/cp3_eval/a1_sft_s4/shard2
a1_sft_s4,a1_sft,1,4,sft,8000,2262,0,1,1.0,libero_plus,3706.6371047496796,3da3ac7e4432a1d62624245435f34cd7112cf796,outputs/cp3_eval/a1_sft_s4/shard2
a1_sft_s4,a1_sft,1,4,sft,8000,2350,0,0,0.0,libero_plus,3706.6371047496796,3da3ac7e4432a1d62624245435f34cd7112cf796,outputs/cp3_eval/a1_sft_s4/shard2
a1_sft_s4,a1_sft,1,4,sft,8000,2388,0,0,0.0,libero_plus,3706.6371047496796,3da3ac7e4432a1d62624245435f34cd7112cf796,outputs/cp3_eval/a1_sft_s4/shard2
a1_sft_s4,a1_sft,1,4,sft,8000,2446,0,1,1.0,libero_plus,3706.6371047496796,3da3ac7e4432a1d62624245435f34cd7112cf796,outputs/cp3_eval/a1_sft_s4/shard2
a1_sft_s4,a1_sft,1,4,sft,8000,2494,0,0,0.0,libero_plus,3706.6371047496796,3da3ac7e4432a1d62624245435f34cd7112cf796,outputs/cp3_eval/a1_sft_s4/shard2
a1_sft_s4,a1_sft,1,4,sft,8000,2528,0,1,1.0,libero_plus,3706.6371047496796,3da3ac7e4432a1d62624245435f34cd7112cf796,outputs/cp3_eval/a1_sft_s4/shard2
a1_sft_s4,a1_sft,1,4,sft,8000,41,0,0,0.0,libero_plus,3706.6371047496796,3da3ac7e4432a1d62624245435f34cd7112cf796,outputs/cp3_eval/a1_sft_s4/shard3
a1_sft_s4,a1_sft,1,4,sft,8000,83,0,0,0.0,libero_plus,3706.6371047496796,3da3ac7e4432a1d62624245435f34cd7112cf796,outputs/cp3_eval/a1_sft_s4/shard3
a1_sft_s4,a1_sft,1,4,sft,8000,124,0,0,0.0,libero_plus,3706.6371047496796,3da3ac7e4432a1d62624245435f34cd7112cf796,outputs/cp3_eval/a1_sft_s4/shard3
a1_sft_s4,a1_sft,1,4,sft,8000,214,0,1,1.0,libero_plus,3706.6371047496796,3da3ac7e4432a1d62624245435f34cd7112cf796,outputs/cp3_eval/a1_sft_s4/shard3
a1_sft_s4,a1_sft,1,4,sft,8000,265,0,1,1.0,libero_plus,3706.6371047496796,3da3ac7e4432a1d62624245435f34cd7112cf796,outputs/cp3_eval/a1_sft_s4/shard3
a1_sft_s4,a1_sft,1,4,sft,8000,291,0,0,0.0,libero_plus,3706.6371047496796,3da3ac7e4432a1d62624245435f34cd7112cf796,outputs/cp3_eval/a1_sft_s4/shard3
a1_sft_s4,a1_sft,1,4,sft,8000,337,0,0,0.0,libero_plus,3706.6371047496796,3da3ac7e4432a1d62624245435f34cd7112cf796,outputs/cp3_eval/a1_sft_s4/shard3
a1_sft_s4,a1_sft,1,4,sft,8000,355,0,0,0.0,libero_plus,3706.6371047496796,3da3ac7e4432a1d62624245435f34cd7112cf796,outputs/cp3_eval/a1_sft_s4/shard3
a1_sft_s4,a1_sft,1,4,sft,8000,488,0,1,1.0,libero_plus,3706.6371047496796,3da3ac7e4432a1d62624245435f34cd7112cf796,outputs/cp3_eval/a1_sft_s4/shard3
a1_sft_s4,a1_sft,1,4,sft,8000,546,0,0,0.0,libero_plus,3706.6371047496796,3da3ac7e4432a1d62624245435f34cd7112cf796,outputs/cp3_eval/a1_sft_s4/shard3
a1_sft_s4,a1_sft,1,4,sft,8000,614,0,0,0.0,libero_plus,3706.6371047496796,3da3ac7e4432a1d62624245435f34cd7112cf796,outputs/cp3_eval/a1_sft_s4/shard3
a1_sft_s4,a1_sft,1,4,sft,8000,737,0,0,0.0,libero_plus,3706.6371047496796,3da3ac7e4432a1d62624245435f34cd7112cf796,outputs/cp3_eval/a1_sft_s4/shard3
a1_sft_s4,a1_sft,1,4,sft,8000,786,0,1,1.0,libero_plus,3706.6371047496796,3da3ac7e4432a1d62624245435f34cd7112cf796,outputs/cp3_eval/a1_sft_s4/shard3
a1_sft_s4,a1_sft,1,4,sft,8000,871,0,1,1.0,libero_plus,3706.6371047496796,3da3ac7e4432a1d62624245435f34cd7112cf796,outputs/cp3_eval/a1_sft_s4/shard3
a1_sft_s4,a1_sft,1,4,sft,8000,962,0,0,0.0,libero_plus,3706.6371047496796,3da3ac7e4432a1d62624245435f34cd7112cf796,outputs/cp3_eval/a1_sft_s4/shard3
a1_sft_s4,a1_sft,1,4,sft,8000,974,0,0,0.0,libero_plus,3706.6371047496796,3da3ac7e4432a1d62624245435f34cd7112cf796,outputs/cp3_eval/a1_sft_s4/shard3
a1_sft_s4,a1_sft,1,4,sft,8000,1069,0,1,1.0,libero_plus,3706.6371047496796,3da3ac7e4432a1d62624245435f34cd7112cf796,outputs/cp3_eval/a1_sft_s4/shard3
a1_sft_s4,a1_sft,1,4,sft,8000,1194,0,0,0.0,libero_plus,3706.6371047496796,3da3ac7e4432a1d62624245435f34cd7112cf796,outputs/cp3_eval/a1_sft_s4/shard3
a1_sft_s4,a1_sft,1,4,sft,8000,1213,0,0,0.0,libero_plus,3706.6371047496796,3da3ac7e4432a1d62624245435f34cd7112cf796,outputs/cp3_eval/a1_sft_s4/shard3
a1_sft_s4,a1_sft,1,4,sft,8000,1279,0,0,0.0,libero_plus,3706.6371047496796,3da3ac7e4432a1d62624245435f34cd7112cf796,outputs/cp3_eval/a1_sft_s4/shard3
a1_sft_s4,a1_sft,1,4,sft,8000,1356,0,0,0.0,libero_plus,3706.6371047496796,3da3ac7e4432a1d62624245435f34cd7112cf796,outputs/cp3_eval/a1_sft_s4/shard3
a1_sft_s4,a1_sft,1,4,sft,8000,1449,0,0,0.0,libero_plus,3706.6371047496796,3da3ac7e4432a1d62624245435f34cd7112cf796,outputs/cp3_eval/a1_sft_s4/shard3
a1_sft_s4,a1_sft,1,4,sft,8000,1572,0,1,1.0,libero_plus,3706.6371047496796,3da3ac7e4432a1d62624245435f34cd7112cf796,outputs/cp3_eval/a1_sft_s4/shard3
a1_sft_s4,a1_sft,1,4,sft,8000,1608,0,1,1.0,libero_plus,3706.6371047496796,3da3ac7e4432a1d62624245435f34cd7112cf796,outputs/cp3_eval/a1_sft_s4/shard3
a1_sft_s4,a1_sft,1,4,sft,8000,1672,0,1,1.0,libero_plus,3706.6371047496796,3da3ac7e4432a1d62624245435f34cd7112cf796,outputs/cp3_eval/a1_sft_s4/shard3
a1_sft_s4,a1_sft,1,4,sft,8000,1727,0,0,0.0,libero_plus,3706.6371047496796,3da3ac7e4432a1d62624245435f34cd7112cf796,outputs/cp3_eval/a1_sft_s4/shard3
a1_sft_s4,a1_sft,1,4,sft,8000,1794,0,0,0.0,libero_plus,3706.6371047496796,3da3ac7e4432a1d62624245435f34cd7112cf796,outputs/cp3_eval/a1_sft_s4/shard3
a1_sft_s4,a1_sft,1,4,sft,8000,1864,0,1,1.0,libero_plus,3706.6371047496796,3da3ac7e4432a1d62624245435f34cd7112cf796,outputs/cp3_eval/a1_sft_s4/shard3
a1_sft_s4,a1_sft,1,4,sft,8000,1945,0,0,0.0,libero_plus,3706.6371047496796,3da3ac7e4432a1d62624245435f34cd7112cf796,outputs/cp3_eval/a1_sft_s4/shard3
a1_sft_s4,a1_sft,1,4,sft,8000,2035,0,0,0.0,libero_plus,3706.6371047496796,3da3ac7e4432a1d62624245435f34cd7112cf796,outputs/cp3_eval/a1_sft_s4/shard3
a1_sft_s4,a1_sft,1,4,sft,8000,2065,0,0,0.0,libero_plus,3706.6371047496796,3da3ac7e4432a1d62624245435f34cd7112cf796,outputs/cp3_eval/a1_sft_s4/shard3
a1_sft_s4,a1_sft,1,4,sft,8000,2153,0,0,0.0,libero_plus,3706.6371047496796,3da3ac7e4432a1d62624245435f34cd7112cf796,outputs/cp3_eval/a1_sft_s4/shard3
a1_sft_s4,a1_sft,1,4,sft,8000,2207,0,1,1.0,libero_plus,3706.6371047496796,3da3ac7e4432a1d62624245435f34cd7112cf796,outputs/cp3_eval/a1_sft_s4/shard3
a1_sft_s4,a1_sft,1,4,sft,8000,2321,0,0,0.0,libero_plus,3706.6371047496796,3da3ac7e4432a1d62624245435f34cd7112cf796,outputs/cp3_eval/a1_sft_s4/shard3
a1_sft_s4,a1_sft,1,4,sft,8000,2359,0,0,0.0,libero_plus,3706.6371047496796,3da3ac7e4432a1d62624245435f34cd7112cf796,outputs/cp3_eval/a1_sft_s4/shard3
a1_sft_s4,a1_sft,1,4,sft,8000,2405,0,0,0.0,libero_plus,3706.6371047496796,3da3ac7e4432a1d62624245435f34cd7112cf796,outputs/cp3_eval/a1_sft_s4/shard3
a1_sft_s4,a1_sft,1,4,sft,8000,2464,0,1,1.0,libero_plus,3706.6371047496796,3da3ac7e4432a1d62624245435f34cd7112cf796,outputs/cp3_eval/a1_sft_s4/shard3
a1_sft_s4,a1_sft,1,4,sft,8000,2497,0,0,0.0,libero_plus,3706.6371047496796,3da3ac7e4432a1d62624245435f34cd7112cf796,outputs/cp3_eval/a1_sft_s4/shard3
a1_sft_s4,a1_sft,1,4,sft,8000,2539,0,0,0.0,libero_plus,3706.6371047496796,3da3ac7e4432a1d62624245435f34cd7112cf796,outputs/cp3_eval/a1_sft_s4/shard3
a1_sft_s4,a1_sft,1,4,sft,8000,44,0,1,1.0,libero_plus,3706.6371047496796,3da3ac7e4432a1d62624245435f34cd7112cf796,outputs/cp3_eval/a1_sft_s4/shard4
a1_sft_s4,a1_sft,1,4,sft,8000,94,0,0,0.0,libero_plus,3706.6371047496796,3da3ac7e4432a1d62624245435f34cd7112cf796,outputs/cp3_eval/a1_sft_s4/shard4
a1_sft_s4,a1_sft,1,4,sft,8000,141,0,1,1.0,libero_plus,3706.6371047496796,3da3ac7e4432a1d62624245435f34cd7112cf796,outputs/cp3_eval/a1_sft_s4/shard4
a1_sft_s4,a1_sft,1,4,sft,8000,226,0,1,1.0,libero_plus,3706.6371047496796,3da3ac7e4432a1d62624245435f34cd7112cf796,outputs/cp3_eval/a1_sft_s4/shard4
a1_sft_s4,a1_sft,1,4,sft,8000,266,0,1,1.0,libero_plus,3706.6371047496796,3da3ac7e4432a1d62624245435f34cd7112cf796,outputs/cp3_eval/a1_sft_s4/shard4
a1_sft_s4,a1_sft,1,4,sft,8000,304,0,0,0.0,libero_plus,3706.6371047496796,3da3ac7e4432a1d62624245435f34cd7112cf796,outputs/cp3_eval/a1_sft_s4/shard4
a1_sft_s4,a1_sft,1,4,sft,8000,339,0,0,0.0,libero_plus,3706.6371047496796,3da3ac7e4432a1d62624245435f34cd7112cf796,outputs/cp3_eval/a1_sft_s4/shard4
a1_sft_s4,a1_sft,1,4,sft,8000,365,0,0,0.0,libero_plus,3706.6371047496796,3da3ac7e4432a1d62624245435f34cd7112cf796,outputs/cp3_eval/a1_sft_s4/shard4
a1_sft_s4,a1_sft,1,4,sft,8000,492,0,0,0.0,libero_plus,3706.6371047496796,3da3ac7e4432a1d62624245435f34cd7112cf796,outputs/cp3_eval/a1_sft_s4/shard4
a1_sft_s4,a1_sft,1,4,sft,8000,556,0,0,0.0,libero_plus,3706.6371047496796,3da3ac7e4432a1d62624245435f34cd7112cf796,outputs/cp3_eval/a1_sft_s4/shard4
a1_sft_s4,a1_sft,1,4,sft,8000,616,0,1,1.0,libero_plus,3706.6371047496796,3da3ac7e4432a1d62624245435f34cd7112cf796,outputs/cp3_eval/a1_sft_s4/shard4
a1_sft_s4,a1_sft,1,4,sft,8000,740,0,0,0.0,libero_plus,3706.6371047496796,3da3ac7e4432a1d62624245435f34cd7112cf796,outputs/cp3_eval/a1_sft_s4/shard4
a1_sft_s4,a1_sft,1,4,sft,8000,812,0,0,0.0,libero_plus,3706.6371047496796,3da3ac7e4432a1d62624245435f34cd7112cf796,outputs/cp3_eval/a1_sft_s4/shard4
a1_sft_s4,a1_sft,1,4,sft,8000,882,0,0,0.0,libero_plus,3706.6371047496796,3da3ac7e4432a1d62624245435f34cd7112cf796,outputs/cp3_eval/a1_sft_s4/shard4
a1_sft_s4,a1_sft,1,4,sft,8000,964,0,0,0.0,libero_plus,3706.6371047496796,3da3ac7e4432a1d62624245435f34cd7112cf796,outputs/cp3_eval/a1_sft_s4/shard4
a1_sft_s4,a1_sft,1,4,sft,8000,978,0,0,0.0,libero_plus,3706.6371047496796,3da3ac7e4432a1d62624245435f34cd7112cf796,outputs/cp3_eval/a1_sft_s4/shard4
a1_sft_s4,a1_sft,1,4,sft,8000,1117,0,0,0.0,libero_plus,3706.6371047496796,3da3ac7e4432a1d62624245435f34cd7112cf796,outputs/cp3_eval/a1_sft_s4/shard4
a1_sft_s4,a1_sft,1,4,sft,8000,1196,0,0,0.0,libero_plus,3706.6371047496796,3da3ac7e4432a1d62624245435f34cd7112cf796,outputs/cp3_eval/a1_sft_s4/shard4
a1_sft_s4,a1_sft,1,4,sft,8000,1239,0,0,0.0,libero_plus,3706.6371047496796,3da3ac7e4432a1d62624245435f34cd7112cf796,outputs/cp3_eval/a1_sft_s4/shard4
a1_sft_s4,a1_sft,1,4,sft,8000,1286,0,0,0.0,libero_plus,3706.6371047496796,3da3ac7e4432a1d62624245435f34cd7112cf796,outputs/cp3_eval/a1_sft_s4/shard4
a1_sft_s4,a1_sft,1,4,sft,8000,1378,0,0,0.0,libero_plus,3706.6371047496796,3da3ac7e4432a1d62624245435f34cd7112cf796,outputs/cp3_eval/a1_sft_s4/shard4
a1_sft_s4,a1_sft,1,4,sft,8000,1455,0,0,0.0,libero_plus,3706.6371047496796,3da3ac7e4432a1d62624245435f34cd7112cf796,outputs/cp3_eval/a1_sft_s4/shard4
a1_sft_s4,a1_sft,1,4,sft,8000,1577,0,1,1.0,libero_plus,3706.6371047496796,3da3ac7e4432a1d62624245435f34cd7112cf796,outputs/cp3_eval/a1_sft_s4/shard4
a1_sft_s4,a1_sft,1,4,sft,8000,1621,0,1,1.0,libero_plus,3706.6371047496796,3da3ac7e4432a1d62624245435f34cd7112cf796,outputs/cp3_eval/a1_sft_s4/shard4
a1_sft_s4,a1_sft,1,4,sft,8000,1681,0,1,1.0,libero_plus,3706.6371047496796,3da3ac7e4432a1d62624245435f34cd7112cf796,outputs/cp3_eval/a1_sft_s4/shard4
a1_sft_s4,a1_sft,1,4,sft,8000,1729,0,0,0.0,libero_plus,3706.6371047496796,3da3ac7e4432a1d62624245435f34cd7112cf796,outputs/cp3_eval/a1_sft_s4/shard4
a1_sft_s4,a1_sft,1,4,sft,8000,1803,0,1,1.0,libero_plus,3706.6371047496796,3da3ac7e4432a1d62624245435f34cd7112cf796,outputs/cp3_eval/a1_sft_s4/shard4
a1_sft_s4,a1_sft,1,4,sft,8000,1882,0,1,1.0,libero_plus,3706.6371047496796,3da3ac7e4432a1d62624245435f34cd7112cf796,outputs/cp3_eval/a1_sft_s4/shard4
a1_sft_s4,a1_sft,1,4,sft,8000,1959,0,0,0.0,libero_plus,3706.6371047496796,3da3ac7e4432a1d62624245435f34cd7112cf796,outputs/cp3_eval/a1_sft_s4/shard4
a1_sft_s4,a1_sft,1,4,sft,8000,2037,0,0,0.0,libero_plus,3706.6371047496796,3da3ac7e4432a1d62624245435f34cd7112cf796,outputs/cp3_eval/a1_sft_s4/shard4
a1_sft_s4,a1_sft,1,4,sft,8000,2081,0,0,0.0,libero_plus,3706.6371047496796,3da3ac7e4432a1d62624245435f34cd7112cf796,outputs/cp3_eval/a1_sft_s4/shard4
a1_sft_s4,a1_sft,1,4,sft,8000,2179,0,1,1.0,libero_plus,3706.6371047496796,3da3ac7e4432a1d62624245435f34cd7112cf796,outputs/cp3_eval/a1_sft_s4/shard4
a1_sft_s4,a1_sft,1,4,sft,8000,2222,0,1,1.0,libero_plus,3706.6371047496796,3da3ac7e4432a1d62624245435f34cd7112cf796,outputs/cp3_eval/a1_sft_s4/shard4
a1_sft_s4,a1_sft,1,4,sft,8000,2332,0,0,0.0,libero_plus,3706.6371047496796,3da3ac7e4432a1d62624245435f34cd7112cf796,outputs/cp3_eval/a1_sft_s4/shard4
a1_sft_s4,a1_sft,1,4,sft,8000,2363,0,0,0.0,libero_plus,3706.6371047496796,3da3ac7e4432a1d62624245435f34cd7112cf796,outputs/cp3_eval/a1_sft_s4/shard4
a1_sft_s4,a1_sft,1,4,sft,8000,2406,0,0,0.0,libero_plus,3706.6371047496796,3da3ac7e4432a1d62624245435f34cd7112cf796,outputs/cp3_eval/a1_sft_s4/shard4
a1_sft_s4,a1_sft,1,4,sft,8000,2465,0,1,1.0,libero_plus,3706.6371047496796,3da3ac7e4432a1d62624245435f34cd7112cf796,outputs/cp3_eval/a1_sft_s4/shard4
a1_sft_s4,a1_sft,1,4,sft,8000,2504,0,0,0.0,libero_plus,3706.6371047496796,3da3ac7e4432a1d62624245435f34cd7112cf796,outputs/cp3_eval/a1_sft_s4/shard4
a1_sft_s4,a1_sft,1,4,sft,8000,2569,0,1,1.0,libero_plus,3706.6371047496796,3da3ac7e4432a1d62624245435f34cd7112cf796,outputs/cp3_eval/a1_sft_s4/shard4
a25_sft_s0,a25_sft,25,0,sft,8000,5,0,1,1.0,libero_plus,2990.135747909546,3da3ac7e4432a1d62624245435f34cd7112cf796,outputs/cp3_eval/a25_sft_s0/shard0
a25_sft_s0,a25_sft,25,0,sft,8000,64,0,1,1.0,libero_plus,2990.135747909546,3da3ac7e4432a1d62624245435f34cd7112cf796,outputs/cp3_eval/a25_sft_s0/shard0
a25_sft_s0,a25_sft,25,0,sft,8000,97,0,1,1.0,libero_plus,2990.135747909546,3da3ac7e4432a1d62624245435f34cd7112cf796,outputs/cp3_eval/a25_sft_s0/shard0
a25_sft_s0,a25_sft,25,0,sft,8000,152,0,1,1.0,libero_plus,2990.135747909546,3da3ac7e4432a1d62624245435f34cd7112cf796,outputs/cp3_eval/a25_sft_s0/shard0
a25_sft_s0,a25_sft,25,0,sft,8000,238,0,1,1.0,libero_plus,2990.135747909546,3da3ac7e4432a1d62624245435f34cd7112cf796,outputs/cp3_eval/a25_sft_s0/shard0
a25_sft_s0,a25_sft,25,0,sft,8000,270,0,0,0.0,libero_plus,2990.135747909546,3da3ac7e4432a1d62624245435f34cd7112cf796,outputs/cp3_eval/a25_sft_s0/shard0
a25_sft_s0,a25_sft,25,0,sft,8000,306,0,1,1.0,libero_plus,2990.135747909546,3da3ac7e4432a1d62624245435f34cd7112cf796,outputs/cp3_eval/a25_sft_s0/shard0
a25_sft_s0,a25_sft,25,0,sft,8000,340,0,0,0.0,libero_plus,2990.135747909546,3da3ac7e4432a1d62624245435f34cd7112cf796,outputs/cp3_eval/a25_sft_s0/shard0
a25_sft_s0,a25_sft,25,0,sft,8000,384,0,1,1.0,libero_plus,2990.135747909546,3da3ac7e4432a1d62624245435f34cd7112cf796,outputs/cp3_eval/a25_sft_s0/shard0
a25_sft_s0,a25_sft,25,0,sft,8000,493,0,1,1.0,libero_plus,2990.135747909546,3da3ac7e4432a1d62624245435f34cd7112cf796,outputs/cp3_eval/a25_sft_s0/shard0
a25_sft_s0,a25_sft,25,0,sft,8000,571,0,0,0.0,libero_plus,2990.135747909546,3da3ac7e4432a1d62624245435f34cd7112cf796,outputs/cp3_eval/a25_sft_s0/shard0
a25_sft_s0,a25_sft,25,0,sft,8000,664,0,0,0.0,libero_plus,2990.135747909546,3da3ac7e4432a1d62624245435f34cd7112cf796,outputs/cp3_eval/a25_sft_s0/shard0
a25_sft_s0,a25_sft,25,0,sft,8000,745,0,1,1.0,libero_plus,2990.135747909546,3da3ac7e4432a1d62624245435f34cd7112cf796,outputs/cp3_eval/a25_sft_s0/shard0
a25_sft_s0,a25_sft,25,0,sft,8000,814,0,0,0.0,libero_plus,2990.135747909546,3da3ac7e4432a1d62624245435f34cd7112cf796,outputs/cp3_eval/a25_sft_s0/shard0
a25_sft_s0,a25_sft,25,0,sft,8000,913,0,0,0.0,libero_plus,2990.135747909546,3da3ac7e4432a1d62624245435f34cd7112cf796,outputs/cp3_eval/a25_sft_s0/shard0
a25_sft_s0,a25_sft,25,0,sft,8000,968,0,1,1.0,libero_plus,2990.135747909546,3da3ac7e4432a1d62624245435f34cd7112cf796,outputs/cp3_eval/a25_sft_s0/shard0
a25_sft_s0,a25_sft,25,0,sft,8000,1025,0,1,1.0,libero_plus,2990.135747909546,3da3ac7e4432a1d62624245435f34cd7112cf796,outputs/cp3_eval/a25_sft_s0/shard0
a25_sft_s0,a25_sft,25,0,sft,8000,1126,0,0,0.0,libero_plus,2990.135747909546,3da3ac7e4432a1d62624245435f34cd7112cf796,outputs/cp3_eval/a25_sft_s0/shard0
a25_sft_s0,a25_sft,25,0,sft,8000,1209,0,0,0.0,libero_plus,2990.135747909546,3da3ac7e4432a1d62624245435f34cd7112cf796,outputs/cp3_eval/a25_sft_s0/shard0
a25_sft_s0,a25_sft,25,0,sft,8000,1243,0,0,0.0,libero_plus,2990.135747909546,3da3ac7e4432a1d62624245435f34cd7112cf796,outputs/cp3_eval/a25_sft_s0/shard0
a25_sft_s0,a25_sft,25,0,sft,8000,1304,0,0,0.0,libero_plus,2990.135747909546,3da3ac7e4432a1d62624245435f34cd7112cf796,outputs/cp3_eval/a25_sft_s0/shard0
a25_sft_s0,a25_sft,25,0,sft,8000,1394,0,0,0.0,libero_plus,2990.135747909546,3da3ac7e4432a1d62624245435f34cd7112cf796,outputs/cp3_eval/a25_sft_s0/shard0
a25_sft_s0,a25_sft,25,0,sft,8000,1466,0,0,0.0,libero_plus,2990.135747909546,3da3ac7e4432a1d62624245435f34cd7112cf796,outputs/cp3_eval/a25_sft_s0/shard0
a25_sft_s0,a25_sft,25,0,sft,8000,1591,0,0,0.0,libero_plus,2990.135747909546,3da3ac7e4432a1d62624245435f34cd7112cf796,outputs/cp3_eval/a25_sft_s0/shard0
a25_sft_s0,a25_sft,25,0,sft,8000,1625,0,1,1.0,libero_plus,2990.135747909546,3da3ac7e4432a1d62624245435f34cd7112cf796,outputs/cp3_eval/a25_sft_s0/shard0
a25_sft_s0,a25_sft,25,0,sft,8000,1695,0,1,1.0,libero_plus,2990.135747909546,3da3ac7e4432a1d62624245435f34cd7112cf796,outputs/cp3_eval/a25_sft_s0/shard0
a25_sft_s0,a25_sft,25,0,sft,8000,1759,0,1,1.0,libero_plus,2990.135747909546,3da3ac7e4432a1d62624245435f34cd7112cf796,outputs/cp3_eval/a25_sft_s0/shard0
a25_sft_s0,a25_sft,25,0,sft,8000,1811,0,0,0.0,libero_plus,2990.135747909546,3da3ac7e4432a1d62624245435f34cd7112cf796,outputs/cp3_eval/a25_sft_s0/shard0
a25_sft_s0,a25_sft,25,0,sft,8000,1887,0,1,1.0,libero_plus,2990.135747909546,3da3ac7e4432a1d62624245435f34cd7112cf796,outputs/cp3_eval/a25_sft_s0/shard0
a25_sft_s0,a25_sft,25,0,sft,8000,1995,0,0,0.0,libero_plus,2990.135747909546,3da3ac7e4432a1d62624245435f34cd7112cf796,outputs/cp3_eval/a25_sft_s0/shard0
a25_sft_s0,a25_sft,25,0,sft,8000,2045,0,1,1.0,libero_plus,2990.135747909546,3da3ac7e4432a1d62624245435f34cd7112cf796,outputs/cp3_eval/a25_sft_s0/shard0
a25_sft_s0,a25_sft,25,0,sft,8000,2093,0,0,0.0,libero_plus,2990.135747909546,3da3ac7e4432a1d62624245435f34cd7112cf796,outputs/cp3_eval/a25_sft_s0/shard0
a25_sft_s0,a25_sft,25,0,sft,8000,2180,0,1,1.0,libero_plus,2990.135747909546,3da3ac7e4432a1d62624245435f34cd7112cf796,outputs/cp3_eval/a25_sft_s0/shard0
a25_sft_s0,a25_sft,25,0,sft,8000,2235,0,0,0.0,libero_plus,2990.135747909546,3da3ac7e4432a1d62624245435f34cd7112cf796,outputs/cp3_eval/a25_sft_s0/shard0
a25_sft_s0,a25_sft,25,0,sft,8000,2338,0,1,1.0,libero_plus,2990.135747909546,3da3ac7e4432a1d62624245435f34cd7112cf796,outputs/cp3_eval/a25_sft_s0/shard0
a25_sft_s0,a25_sft,25,0,sft,8000,2377,0,0,0.0,libero_plus,2990.135747909546,3da3ac7e4432a1d62624245435f34cd7112cf796,outputs/cp3_eval/a25_sft_s0/shard0
a25_sft_s0,a25_sft,25,0,sft,8000,2411,0,0,0.0,libero_plus,2990.135747909546,3da3ac7e4432a1d62624245435f34cd7112cf796,outputs/cp3_eval/a25_sft_s0/shard0
a25_sft_s0,a25_sft,25,0,sft,8000,2488,0,1,1.0,libero_plus,2990.135747909546,3da3ac7e4432a1d62624245435f34cd7112cf796,outputs/cp3_eval/a25_sft_s0/shard0
a25_sft_s0,a25_sft,25,0,sft,8000,2513,0,1,1.0,libero_plus,2990.135747909546,3da3ac7e4432a1d62624245435f34cd7112cf796,outputs/cp3_eval/a25_sft_s0/shard0
a25_sft_s0,a25_sft,25,0,sft,8000,2578,0,1,1.0,libero_plus,2990.135747909546,3da3ac7e4432a1d62624245435f34cd7112cf796,outputs/cp3_eval/a25_sft_s0/shard0
a25_sft_s0,a25_sft,25,0,sft,8000,31,0,1,1.0,libero_plus,2990.135747909546,3da3ac7e4432a1d62624245435f34cd7112cf796,outputs/cp3_eval/a25_sft_s0/shard1
a25_sft_s0,a25_sft,25,0,sft,8000,70,0,0,0.0,libero_plus,2990.135747909546,3da3ac7e4432a1d62624245435f34cd7112cf796,outputs/cp3_eval/a25_sft_s0/shard1
a25_sft_s0,a25_sft,25,0,sft,8000,106,0,0,0.0,libero_plus,2990.135747909546,3da3ac7e4432a1d62624245435f34cd7112cf796,outputs/cp3_eval/a25_sft_s0/shard1
a25_sft_s0,a25_sft,25,0,sft,8000,164,0,1,1.0,libero_plus,2990.135747909546,3da3ac7e4432a1d62624245435f34cd7112cf796,outputs/cp3_eval/a25_sft_s0/shard1
a25_sft_s0,a25_sft,25,0,sft,8000,242,0,1,1.0,libero_plus,2990.135747909546,3da3ac7e4432a1d62624245435f34cd7112cf796,outputs/cp3_eval/a25_sft_s0/shard1
a25_sft_s0,a25_sft,25,0,sft,8000,273,0,1,1.0,libero_plus,2990.135747909546,3da3ac7e4432a1d62624245435f34cd7112cf796,outputs/cp3_eval/a25_sft_s0/shard1
a25_sft_s0,a25_sft,25,0,sft,8000,315,0,0,0.0,libero_plus,2990.135747909546,3da3ac7e4432a1d62624245435f34cd7112cf796,outputs/cp3_eval/a25_sft_s0/shard1
a25_sft_s0,a25_sft,25,0,sft,8000,346,0,0,0.0,libero_plus,2990.135747909546,3da3ac7e4432a1d62624245435f34cd7112cf796,outputs/cp3_eval/a25_sft_s0/shard1
a25_sft_s0,a25_sft,25,0,sft,8000,392,0,1,1.0,libero_plus,2990.135747909546,3da3ac7e4432a1d62624245435f34cd7112cf796,outputs/cp3_eval/a25_sft_s0/shard1
a25_sft_s0,a25_sft,25,0,sft,8000,517,0,0,0.0,libero_plus,2990.135747909546,3da3ac7e4432a1d62624245435f34cd7112cf796,outputs/cp3_eval/a25_sft_s0/shard1
a25_sft_s0,a25_sft,25,0,sft,8000,608,0,1,1.0,libero_plus,2990.135747909546,3da3ac7e4432a1d62624245435f34cd7112cf796,outputs/cp3_eval/a25_sft_s0/shard1
a25_sft_s0,a25_sft,25,0,sft,8000,706,0,0,0.0,libero_plus,2990.135747909546,3da3ac7e4432a1d62624245435f34cd7112cf796,outputs/cp3_eval/a25_sft_s0/shard1
a25_sft_s0,a25_sft,25,0,sft,8000,754,0,1,1.0,libero_plus,2990.135747909546,3da3ac7e4432a1d62624245435f34cd7112cf796,outputs/cp3_eval/a25_sft_s0/shard1
a25_sft_s0,a25_sft,25,0,sft,8000,829,0,0,0.0,libero_plus,2990.135747909546,3da3ac7e4432a1d62624245435f34cd7112cf796,outputs/cp3_eval/a25_sft_s0/shard1
a25_sft_s0,a25_sft,25,0,sft,8000,934,0,0,0.0,libero_plus,2990.135747909546,3da3ac7e4432a1d62624245435f34cd7112cf796,outputs/cp3_eval/a25_sft_s0/shard1
a25_sft_s0,a25_sft,25,0,sft,8000,969,0,1,1.0,libero_plus,2990.135747909546,3da3ac7e4432a1d62624245435f34cd7112cf796,outputs/cp3_eval/a25_sft_s0/shard1
a25_sft_s0,a25_sft,25,0,sft,8000,1042,0,0,0.0,libero_plus,2990.135747909546,3da3ac7e4432a1d62624245435f34cd7112cf796,outputs/cp3_eval/a25_sft_s0/shard1
a25_sft_s0,a25_sft,25,0,sft,8000,1139,0,0,0.0,libero_plus,2990.135747909546,3da3ac7e4432a1d62624245435f34cd7112cf796,outputs/cp3_eval/a25_sft_s0/shard1
a25_sft_s0,a25_sft,25,0,sft,8000,1210,0,0,0.0,libero_plus,2990.135747909546,3da3ac7e4432a1d62624245435f34cd7112cf796,outputs/cp3_eval/a25_sft_s0/shard1
a25_sft_s0,a25_sft,25,0,sft,8000,1246,0,0,0.0,libero_plus,2990.135747909546,3da3ac7e4432a1d62624245435f34cd7112cf796,outputs/cp3_eval/a25_sft_s0/shard1
a25_sft_s0,a25_sft,25,0,sft,8000,1308,0,0,0.0,libero_plus,2990.135747909546,3da3ac7e4432a1d62624245435f34cd7112cf796,outputs/cp3_eval/a25_sft_s0/shard1
a25_sft_s0,a25_sft,25,0,sft,8000,1399,0,0,0.0,libero_plus,2990.135747909546,3da3ac7e4432a1d62624245435f34cd7112cf796,outputs/cp3_eval/a25_sft_s0/shard1
a25_sft_s0,a25_sft,25,0,sft,8000,1503,0,0,0.0,libero_plus,2990.135747909546,3da3ac7e4432a1d62624245435f34cd7112cf796,outputs/cp3_eval/a25_sft_s0/shard1
a25_sft_s0,a25_sft,25,0,sft,8000,1592,0,0,0.0,libero_plus,2990.135747909546,3da3ac7e4432a1d62624245435f34cd7112cf796,outputs/cp3_eval/a25_sft_s0/shard1
a25_sft_s0,a25_sft,25,0,sft,8000,1634,0,0,0.0,libero_plus,2990.135747909546,3da3ac7e4432a1d62624245435f34cd7112cf796,outputs/cp3_eval/a25_sft_s0/shard1
a25_sft_s0,a25_sft,25,0,sft,8000,1714,0,1,1.0,libero_plus,2990.135747909546,3da3ac7e4432a1d62624245435f34cd7112cf796,outputs/cp3_eval/a25_sft_s0/shard1
a25_sft_s0,a25_sft,25,0,sft,8000,1770,0,1,1.0,libero_plus,2990.135747909546,3da3ac7e4432a1d62624245435f34cd7112cf796,outputs/cp3_eval/a25_sft_s0/shard1
a25_sft_s0,a25_sft,25,0,sft,8000,1852,0,0,0.0,libero_plus,2990.135747909546,3da3ac7e4432a1d62624245435f34cd7112cf796,outputs/cp3_eval/a25_sft_s0/shard1
a25_sft_s0,a25_sft,25,0,sft,8000,1922,0,0,0.0,libero_plus,2990.135747909546,3da3ac7e4432a1d62624245435f34cd7112cf796,outputs/cp3_eval/a25_sft_s0/shard1
a25_sft_s0,a25_sft,25,0,sft,8000,2016,0,1,1.0,libero_plus,2990.135747909546,3da3ac7e4432a1d62624245435f34cd7112cf796,outputs/cp3_eval/a25_sft_s0/shard1
a25_sft_s0,a25_sft,25,0,sft,8000,2052,0,0,0.0,libero_plus,2990.135747909546,3da3ac7e4432a1d62624245435f34cd7112cf796,outputs/cp3_eval/a25_sft_s0/shard1
a25_sft_s0,a25_sft,25,0,sft,8000,2128,0,0,0.0,libero_plus,2990.135747909546,3da3ac7e4432a1d62624245435f34cd7112cf796,outputs/cp3_eval/a25_sft_s0/shard1
a25_sft_s0,a25_sft,25,0,sft,8000,2185,0,0,0.0,libero_plus,2990.135747909546,3da3ac7e4432a1d62624245435f34cd7112cf796,outputs/cp3_eval/a25_sft_s0/shard1
a25_sft_s0,a25_sft,25,0,sft,8000,2255,0,0,0.0,libero_plus,2990.135747909546,3da3ac7e4432a1d62624245435f34cd7112cf796,outputs/cp3_eval/a25_sft_s0/shard1
a25_sft_s0,a25_sft,25,0,sft,8000,2346,0,1,1.0,libero_plus,2990.135747909546,3da3ac7e4432a1d62624245435f34cd7112cf796,outputs/cp3_eval/a25_sft_s0/shard1
a25_sft_s0,a25_sft,25,0,sft,8000,2382,0,0,0.0,libero_plus,2990.135747909546,3da3ac7e4432a1d62624245435f34cd7112cf796,outputs/cp3_eval/a25_sft_s0/shard1
a25_sft_s0,a25_sft,25,0,sft,8000,2413,0,0,0.0,libero_plus,2990.135747909546,3da3ac7e4432a1d62624245435f34cd7112cf796,outputs/cp3_eval/a25_sft_s0/shard1
a25_sft_s0,a25_sft,25,0,sft,8000,2491,0,1,1.0,libero_plus,2990.135747909546,3da3ac7e4432a1d62624245435f34cd7112cf796,outputs/cp3_eval/a25_sft_s0/shard1
a25_sft_s0,a25_sft,25,0,sft,8000,2516,0,1,1.0,libero_plus,2990.135747909546,3da3ac7e4432a1d62624245435f34cd7112cf796,outputs/cp3_eval/a25_sft_s0/shard1
a25_sft_s0,a25_sft,25,0,sft,8000,39,0,1,1.0,libero_plus,2990.135747909546,3da3ac7e4432a1d62624245435f34cd7112cf796,outputs/cp3_eval/a25_sft_s0/shard2
a25_sft_s0,a25_sft,25,0,sft,8000,74,0,0,0.0,libero_plus,2990.135747909546,3da3ac7e4432a1d62624245435f34cd7112cf796,outputs/cp3_eval/a25_sft_s0/shard2
a25_sft_s0,a25_sft,25,0,sft,8000,117,0,1,1.0,libero_plus,2990.135747909546,3da3ac7e4432a1d62624245435f34cd7112cf796,outputs/cp3_eval/a25_sft_s0/shard2
a25_sft_s0,a25_sft,25,0,sft,8000,173,0,1,1.0,libero_plus,2990.135747909546,3da3ac7e4432a1d62624245435f34cd7112cf796,outputs/cp3_eval/a25_sft_s0/shard2
a25_sft_s0,a25_sft,25,0,sft,8000,250,0,1,1.0,libero_plus,2990.135747909546,3da3ac7e4432a1d62624245435f34cd7112cf796,outputs/cp3_eval/a25_sft_s0/shard2
a25_sft_s0,a25_sft,25,0,sft,8000,277,0,1,1.0,libero_plus,2990.135747909546,3da3ac7e4432a1d62624245435f34cd7112cf796,outputs/cp3_eval/a25_sft_s0/shard2
a25_sft_s0,a25_sft,25,0,sft,8000,332,0,1,1.0,libero_plus,2990.135747909546,3da3ac7e4432a1d62624245435f34cd7112cf796,outputs/cp3_eval/a25_sft_s0/shard2
a25_sft_s0,a25_sft,25,0,sft,8000,352,0,0,0.0,libero_plus,2990.135747909546,3da3ac7e4432a1d62624245435f34cd7112cf796,outputs/cp3_eval/a25_sft_s0/shard2
a25_sft_s0,a25_sft,25,0,sft,8000,484,0,1,1.0,libero_plus,2990.135747909546,3da3ac7e4432a1d62624245435f34cd7112cf796,outputs/cp3_eval/a25_sft_s0/shard2
a25_sft_s0,a25_sft,25,0,sft,8000,523,0,0,0.0,libero_plus,2990.135747909546,3da3ac7e4432a1d62624245435f34cd7112cf796,outputs/cp3_eval/a25_sft_s0/shard2
a25_sft_s0,a25_sft,25,0,sft,8000,611,0,1,1.0,libero_plus,2990.135747909546,3da3ac7e4432a1d62624245435f34cd7112cf796,outputs/cp3_eval/a25_sft_s0/shard2
a25_sft_s0,a25_sft,25,0,sft,8000,734,0,1,1.0,libero_plus,2990.135747909546,3da3ac7e4432a1d62624245435f34cd7112cf796,outputs/cp3_eval/a25_sft_s0/shard2
a25_sft_s0,a25_sft,25,0,sft,8000,758,0,1,1.0,libero_plus,2990.135747909546,3da3ac7e4432a1d62624245435f34cd7112cf796,outputs/cp3_eval/a25_sft_s0/shard2
a25_sft_s0,a25_sft,25,0,sft,8000,836,0,1,1.0,libero_plus,2990.135747909546,3da3ac7e4432a1d62624245435f34cd7112cf796,outputs/cp3_eval/a25_sft_s0/shard2
a25_sft_s0,a25_sft,25,0,sft,8000,950,0,0,0.0,libero_plus,2990.135747909546,3da3ac7e4432a1d62624245435f34cd7112cf796,outputs/cp3_eval/a25_sft_s0/shard2
a25_sft_s0,a25_sft,25,0,sft,8000,973,0,1,1.0,libero_plus,2990.135747909546,3da3ac7e4432a1d62624245435f34cd7112cf796,outputs/cp3_eval/a25_sft_s0/shard2
a25_sft_s0,a25_sft,25,0,sft,8000,1058,0,1,1.0,libero_plus,2990.135747909546,3da3ac7e4432a1d62624245435f34cd7112cf796,outputs/cp3_eval/a25_sft_s0/shard2
a25_sft_s0,a25_sft,25,0,sft,8000,1171,0,0,0.0,libero_plus,2990.135747909546,3da3ac7e4432a1d62624245435f34cd7112cf796,outputs/cp3_eval/a25_sft_s0/shard2
a25_sft_s0,a25_sft,25,0,sft,8000,1211,0,0,0.0,libero_plus,2990.135747909546,3da3ac7e4432a1d62624245435f34cd7112cf796,outputs/cp3_eval/a25_sft_s0/shard2
a25_sft_s0,a25_sft,25,0,sft,8000,1267,0,0,0.0,libero_plus,2990.135747909546,3da3ac7e4432a1d62624245435f34cd7112cf796,outputs/cp3_eval/a25_sft_s0/shard2
a25_sft_s0,a25_sft,25,0,sft,8000,1355,0,0,0.0,libero_plus,2990.135747909546,3da3ac7e4432a1d62624245435f34cd7112cf796,outputs/cp3_eval/a25_sft_s0/shard2
a25_sft_s0,a25_sft,25,0,sft,8000,1422,0,0,0.0,libero_plus,2990.135747909546,3da3ac7e4432a1d62624245435f34cd7112cf796,outputs/cp3_eval/a25_sft_s0/shard2
a25_sft_s0,a25_sft,25,0,sft,8000,1567,0,1,1.0,libero_plus,2990.135747909546,3da3ac7e4432a1d62624245435f34cd7112cf796,outputs/cp3_eval/a25_sft_s0/shard2
a25_sft_s0,a25_sft,25,0,sft,8000,1595,0,0,0.0,libero_plus,2990.135747909546,3da3ac7e4432a1d62624245435f34cd7112cf796,outputs/cp3_eval/a25_sft_s0/shard2
a25_sft_s0,a25_sft,25,0,sft,8000,1642,0,1,1.0,libero_plus,2990.135747909546,3da3ac7e4432a1d62624245435f34cd7112cf796,outputs/cp3_eval/a25_sft_s0/shard2
a25_sft_s0,a25_sft,25,0,sft,8000,1718,0,0,0.0,libero_plus,2990.135747909546,3da3ac7e4432a1d62624245435f34cd7112cf796,outputs/cp3_eval/a25_sft_s0/shard2
a25_sft_s0,a25_sft,25,0,sft,8000,1791,0,0,0.0,libero_plus,2990.135747909546,3da3ac7e4432a1d62624245435f34cd7112cf796,outputs/cp3_eval/a25_sft_s0/shard2
a25_sft_s0,a25_sft,25,0,sft,8000,1860,0,0,0.0,libero_plus,2990.135747909546,3da3ac7e4432a1d62624245435f34cd7112cf796,outputs/cp3_eval/a25_sft_s0/shard2
a25_sft_s0,a25_sft,25,0,sft,8000,1940,0,1,1.0,libero_plus,2990.135747909546,3da3ac7e4432a1d62624245435f34cd7112cf796,outputs/cp3_eval/a25_sft_s0/shard2
a25_sft_s0,a25_sft,25,0,sft,8000,2034,0,1,1.0,libero_plus,2990.135747909546,3da3ac7e4432a1d62624245435f34cd7112cf796,outputs/cp3_eval/a25_sft_s0/shard2
a25_sft_s0,a25_sft,25,0,sft,8000,2056,0,0,0.0,libero_plus,2990.135747909546,3da3ac7e4432a1d62624245435f34cd7112cf796,outputs/cp3_eval/a25_sft_s0/shard2
a25_sft_s0,a25_sft,25,0,sft,8000,2139,0,0,0.0,libero_plus,2990.135747909546,3da3ac7e4432a1d62624245435f34cd7112cf796,outputs/cp3_eval/a25_sft_s0/shard2
a25_sft_s0,a25_sft,25,0,sft,8000,2203,0,0,0.0,libero_plus,2990.135747909546,3da3ac7e4432a1d62624245435f34cd7112cf796,outputs/cp3_eval/a25_sft_s0/shard2
a25_sft_s0,a25_sft,25,0,sft,8000,2262,0,1,1.0,libero_plus,2990.135747909546,3da3ac7e4432a1d62624245435f34cd7112cf796,outputs/cp3_eval/a25_sft_s0/shard2
a25_sft_s0,a25_sft,25,0,sft,8000,2350,0,1,1.0,libero_plus,2990.135747909546,3da3ac7e4432a1d62624245435f34cd7112cf796,outputs/cp3_eval/a25_sft_s0/shard2
a25_sft_s0,a25_sft,25,0,sft,8000,2388,0,1,1.0,libero_plus,2990.135747909546,3da3ac7e4432a1d62624245435f34cd7112cf796,outputs/cp3_eval/a25_sft_s0/shard2
a25_sft_s0,a25_sft,25,0,sft,8000,2446,0,1,1.0,libero_plus,2990.135747909546,3da3ac7e4432a1d62624245435f34cd7112cf796,outputs/cp3_eval/a25_sft_s0/shard2
a25_sft_s0,a25_sft,25,0,sft,8000,2494,0,1,1.0,libero_plus,2990.135747909546,3da3ac7e4432a1d62624245435f34cd7112cf796,outputs/cp3_eval/a25_sft_s0/shard2
a25_sft_s0,a25_sft,25,0,sft,8000,2528,0,0,0.0,libero_plus,2990.135747909546,3da3ac7e4432a1d62624245435f34cd7112cf796,outputs/cp3_eval/a25_sft_s0/shard2
a25_sft_s0,a25_sft,25,0,sft,8000,41,0,1,1.0,libero_plus,2990.135747909546,3da3ac7e4432a1d62624245435f34cd7112cf796,outputs/cp3_eval/a25_sft_s0/shard3
a25_sft_s0,a25_sft,25,0,sft,8000,83,0,1,1.0,libero_plus,2990.135747909546,3da3ac7e4432a1d62624245435f34cd7112cf796,outputs/cp3_eval/a25_sft_s0/shard3
a25_sft_s0,a25_sft,25,0,sft,8000,124,0,1,1.0,libero_plus,2990.135747909546,3da3ac7e4432a1d62624245435f34cd7112cf796,outputs/cp3_eval/a25_sft_s0/shard3
a25_sft_s0,a25_sft,25,0,sft,8000,214,0,1,1.0,libero_plus,2990.135747909546,3da3ac7e4432a1d62624245435f34cd7112cf796,outputs/cp3_eval/a25_sft_s0/shard3
a25_sft_s0,a25_sft,25,0,sft,8000,265,0,1,1.0,libero_plus,2990.135747909546,3da3ac7e4432a1d62624245435f34cd7112cf796,outputs/cp3_eval/a25_sft_s0/shard3
a25_sft_s0,a25_sft,25,0,sft,8000,291,0,1,1.0,libero_plus,2990.135747909546,3da3ac7e4432a1d62624245435f34cd7112cf796,outputs/cp3_eval/a25_sft_s0/shard3
a25_sft_s0,a25_sft,25,0,sft,8000,337,0,0,0.0,libero_plus,2990.135747909546,3da3ac7e4432a1d62624245435f34cd7112cf796,outputs/cp3_eval/a25_sft_s0/shard3
a25_sft_s0,a25_sft,25,0,sft,8000,355,0,0,0.0,libero_plus,2990.135747909546,3da3ac7e4432a1d62624245435f34cd7112cf796,outputs/cp3_eval/a25_sft_s0/shard3
a25_sft_s0,a25_sft,25,0,sft,8000,488,0,0,0.0,libero_plus,2990.135747909546,3da3ac7e4432a1d62624245435f34cd7112cf796,outputs/cp3_eval/a25_sft_s0/shard3
a25_sft_s0,a25_sft,25,0,sft,8000,546,0,1,1.0,libero_plus,2990.135747909546,3da3ac7e4432a1d62624245435f34cd7112cf796,outputs/cp3_eval/a25_sft_s0/shard3
a25_sft_s0,a25_sft,25,0,sft,8000,614,0,1,1.0,libero_plus,2990.135747909546,3da3ac7e4432a1d62624245435f34cd7112cf796,outputs/cp3_eval/a25_sft_s0/shard3
a25_sft_s0,a25_sft,25,0,sft,8000,737,0,1,1.0,libero_plus,2990.135747909546,3da3ac7e4432a1d62624245435f34cd7112cf796,outputs/cp3_eval/a25_sft_s0/shard3
a25_sft_s0,a25_sft,25,0,sft,8000,786,0,0,0.0,libero_plus,2990.135747909546,3da3ac7e4432a1d62624245435f34cd7112cf796,outputs/cp3_eval/a25_sft_s0/shard3
a25_sft_s0,a25_sft,25,0,sft,8000,871,0,0,0.0,libero_plus,2990.135747909546,3da3ac7e4432a1d62624245435f34cd7112cf796,outputs/cp3_eval/a25_sft_s0/shard3
a25_sft_s0,a25_sft,25,0,sft,8000,962,0,1,1.0,libero_plus,2990.135747909546,3da3ac7e4432a1d62624245435f34cd7112cf796,outputs/cp3_eval/a25_sft_s0/shard3
a25_sft_s0,a25_sft,25,0,sft,8000,974,0,0,0.0,libero_plus,2990.135747909546,3da3ac7e4432a1d62624245435f34cd7112cf796,outputs/cp3_eval/a25_sft_s0/shard3
a25_sft_s0,a25_sft,25,0,sft,8000,1069,0,1,1.0,libero_plus,2990.135747909546,3da3ac7e4432a1d62624245435f34cd7112cf796,outputs/cp3_eval/a25_sft_s0/shard3
a25_sft_s0,a25_sft,25,0,sft,8000,1194,0,0,0.0,libero_plus,2990.135747909546,3da3ac7e4432a1d62624245435f34cd7112cf796,outputs/cp3_eval/a25_sft_s0/shard3
a25_sft_s0,a25_sft,25,0,sft,8000,1213,0,0,0.0,libero_plus,2990.135747909546,3da3ac7e4432a1d62624245435f34cd7112cf796,outputs/cp3_eval/a25_sft_s0/shard3
a25_sft_s0,a25_sft,25,0,sft,8000,1279,0,0,0.0,libero_plus,2990.135747909546,3da3ac7e4432a1d62624245435f34cd7112cf796,outputs/cp3_eval/a25_sft_s0/shard3
a25_sft_s0,a25_sft,25,0,sft,8000,1356,0,0,0.0,libero_plus,2990.135747909546,3da3ac7e4432a1d62624245435f34cd7112cf796,outputs/cp3_eval/a25_sft_s0/shard3
a25_sft_s0,a25_sft,25,0,sft,8000,1449,0,0,0.0,libero_plus,2990.135747909546,3da3ac7e4432a1d62624245435f34cd7112cf796,outputs/cp3_eval/a25_sft_s0/shard3
a25_sft_s0,a25_sft,25,0,sft,8000,1572,0,1,1.0,libero_plus,2990.135747909546,3da3ac7e4432a1d62624245435f34cd7112cf796,outputs/cp3_eval/a25_sft_s0/shard3
a25_sft_s0,a25_sft,25,0,sft,8000,1608,0,1,1.0,libero_plus,2990.135747909546,3da3ac7e4432a1d62624245435f34cd7112cf796,outputs/cp3_eval/a25_sft_s0/shard3
a25_sft_s0,a25_sft,25,0,sft,8000,1672,0,1,1.0,libero_plus,2990.135747909546,3da3ac7e4432a1d62624245435f34cd7112cf796,outputs/cp3_eval/a25_sft_s0/shard3
a25_sft_s0,a25_sft,25,0,sft,8000,1727,0,0,0.0,libero_plus,2990.135747909546,3da3ac7e4432a1d62624245435f34cd7112cf796,outputs/cp3_eval/a25_sft_s0/shard3
a25_sft_s0,a25_sft,25,0,sft,8000,1794,0,0,0.0,libero_plus,2990.135747909546,3da3ac7e4432a1d62624245435f34cd7112cf796,outputs/cp3_eval/a25_sft_s0/shard3
a25_sft_s0,a25_sft,25,0,sft,8000,1864,0,1,1.0,libero_plus,2990.135747909546,3da3ac7e4432a1d62624245435f34cd7112cf796,outputs/cp3_eval/a25_sft_s0/shard3
a25_sft_s0,a25_sft,25,0,sft,8000,1945,0,1,1.0,libero_plus,2990.135747909546,3da3ac7e4432a1d62624245435f34cd7112cf796,outputs/cp3_eval/a25_sft_s0/shard3
a25_sft_s0,a25_sft,25,0,sft,8000,2035,0,1,1.0,libero_plus,2990.135747909546,3da3ac7e4432a1d62624245435f34cd7112cf796,outputs/cp3_eval/a25_sft_s0/shard3
a25_sft_s0,a25_sft,25,0,sft,8000,2065,0,0,0.0,libero_plus,2990.135747909546,3da3ac7e4432a1d62624245435f34cd7112cf796,outputs/cp3_eval/a25_sft_s0/shard3
a25_sft_s0,a25_sft,25,0,sft,8000,2153,0,0,0.0,libero_plus,2990.135747909546,3da3ac7e4432a1d62624245435f34cd7112cf796,outputs/cp3_eval/a25_sft_s0/shard3
a25_sft_s0,a25_sft,25,0,sft,8000,2207,0,0,0.0,libero_plus,2990.135747909546,3da3ac7e4432a1d62624245435f34cd7112cf796,outputs/cp3_eval/a25_sft_s0/shard3
a25_sft_s0,a25_sft,25,0,sft,8000,2321,0,1,1.0,libero_plus,2990.135747909546,3da3ac7e4432a1d62624245435f34cd7112cf796,outputs/cp3_eval/a25_sft_s0/shard3
a25_sft_s0,a25_sft,25,0,sft,8000,2359,0,0,0.0,libero_plus,2990.135747909546,3da3ac7e4432a1d62624245435f34cd7112cf796,outputs/cp3_eval/a25_sft_s0/shard3
a25_sft_s0,a25_sft,25,0,sft,8000,2405,0,0,0.0,libero_plus,2990.135747909546,3da3ac7e4432a1d62624245435f34cd7112cf796,outputs/cp3_eval/a25_sft_s0/shard3
a25_sft_s0,a25_sft,25,0,sft,8000,2464,0,1,1.0,libero_plus,2990.135747909546,3da3ac7e4432a1d62624245435f34cd7112cf796,outputs/cp3_eval/a25_sft_s0/shard3
a25_sft_s0,a25_sft,25,0,sft,8000,2497,0,1,1.0,libero_plus,2990.135747909546,3da3ac7e4432a1d62624245435f34cd7112cf796,outputs/cp3_eval/a25_sft_s0/shard3
a25_sft_s0,a25_sft,25,0,sft,8000,2539,0,1,1.0,libero_plus,2990.135747909546,3da3ac7e4432a1d62624245435f34cd7112cf796,outputs/cp3_eval/a25_sft_s0/shard3
a25_sft_s0,a25_sft,25,0,sft,8000,44,0,1,1.0,libero_plus,2990.135747909546,3da3ac7e4432a1d62624245435f34cd7112cf796,outputs/cp3_eval/a25_sft_s0/shard4
a25_sft_s0,a25_sft,25,0,sft,8000,94,0,1,1.0,libero_plus,2990.135747909546,3da3ac7e4432a1d62624245435f34cd7112cf796,outputs/cp3_eval/a25_sft_s0/shard4
a25_sft_s0,a25_sft,25,0,sft,8000,141,0,1,1.0,libero_plus,2990.135747909546,3da3ac7e4432a1d62624245435f34cd7112cf796,outputs/cp3_eval/a25_sft_s0/shard4
a25_sft_s0,a25_sft,25,0,sft,8000,226,0,1,1.0,libero_plus,2990.135747909546,3da3ac7e4432a1d62624245435f34cd7112cf796,outputs/cp3_eval/a25_sft_s0/shard4
a25_sft_s0,a25_sft,25,0,sft,8000,266,0,1,1.0,libero_plus,2990.135747909546,3da3ac7e4432a1d62624245435f34cd7112cf796,outputs/cp3_eval/a25_sft_s0/shard4
a25_sft_s0,a25_sft,25,0,sft,8000,304,0,0,0.0,libero_plus,2990.135747909546,3da3ac7e4432a1d62624245435f34cd7112cf796,outputs/cp3_eval/a25_sft_s0/shard4
a25_sft_s0,a25_sft,25,0,sft,8000,339,0,1,1.0,libero_plus,2990.135747909546,3da3ac7e4432a1d62624245435f34cd7112cf796,outputs/cp3_eval/a25_sft_s0/shard4
a25_sft_s0,a25_sft,25,0,sft,8000,365,0,0,0.0,libero_plus,2990.135747909546,3da3ac7e4432a1d62624245435f34cd7112cf796,outputs/cp3_eval/a25_sft_s0/shard4
a25_sft_s0,a25_sft,25,0,sft,8000,492,0,1,1.0,libero_plus,2990.135747909546,3da3ac7e4432a1d62624245435f34cd7112cf796,outputs/cp3_eval/a25_sft_s0/shard4
a25_sft_s0,a25_sft,25,0,sft,8000,556,0,0,0.0,libero_plus,2990.135747909546,3da3ac7e4432a1d62624245435f34cd7112cf796,outputs/cp3_eval/a25_sft_s0/shard4
a25_sft_s0,a25_sft,25,0,sft,8000,616,0,1,1.0,libero_plus,2990.135747909546,3da3ac7e4432a1d62624245435f34cd7112cf796,outputs/cp3_eval/a25_sft_s0/shard4
a25_sft_s0,a25_sft,25,0,sft,8000,740,0,1,1.0,libero_plus,2990.135747909546,3da3ac7e4432a1d62624245435f34cd7112cf796,outputs/cp3_eval/a25_sft_s0/shard4
a25_sft_s0,a25_sft,25,0,sft,8000,812,0,0,0.0,libero_plus,2990.135747909546,3da3ac7e4432a1d62624245435f34cd7112cf796,outputs/cp3_eval/a25_sft_s0/shard4
a25_sft_s0,a25_sft,25,0,sft,8000,882,0,0,0.0,libero_plus,2990.135747909546,3da3ac7e4432a1d62624245435f34cd7112cf796,outputs/cp3_eval/a25_sft_s0/shard4
a25_sft_s0,a25_sft,25,0,sft,8000,964,0,1,1.0,libero_plus,2990.135747909546,3da3ac7e4432a1d62624245435f34cd7112cf796,outputs/cp3_eval/a25_sft_s0/shard4
a25_sft_s0,a25_sft,25,0,sft,8000,978,0,1,1.0,libero_plus,2990.135747909546,3da3ac7e4432a1d62624245435f34cd7112cf796,outputs/cp3_eval/a25_sft_s0/shard4
a25_sft_s0,a25_sft,25,0,sft,8000,1117,0,0,0.0,libero_plus,2990.135747909546,3da3ac7e4432a1d62624245435f34cd7112cf796,outputs/cp3_eval/a25_sft_s0/shard4
a25_sft_s0,a25_sft,25,0,sft,8000,1196,0,0,0.0,libero_plus,2990.135747909546,3da3ac7e4432a1d62624245435f34cd7112cf796,outputs/cp3_eval/a25_sft_s0/shard4
a25_sft_s0,a25_sft,25,0,sft,8000,1239,0,0,0.0,libero_plus,2990.135747909546,3da3ac7e4432a1d62624245435f34cd7112cf796,outputs/cp3_eval/a25_sft_s0/shard4
a25_sft_s0,a25_sft,25,0,sft,8000,1286,0,0,0.0,libero_plus,2990.135747909546,3da3ac7e4432a1d62624245435f34cd7112cf796,outputs/cp3_eval/a25_sft_s0/shard4
a25_sft_s0,a25_sft,25,0,sft,8000,1378,0,0,0.0,libero_plus,2990.135747909546,3da3ac7e4432a1d62624245435f34cd7112cf796,outputs/cp3_eval/a25_sft_s0/shard4
a25_sft_s0,a25_sft,25,0,sft,8000,1455,0,0,0.0,libero_plus,2990.135747909546,3da3ac7e4432a1d62624245435f34cd7112cf796,outputs/cp3_eval/a25_sft_s0/shard4
a25_sft_s0,a25_sft,25,0,sft,8000,1577,0,1,1.0,libero_plus,2990.135747909546,3da3ac7e4432a1d62624245435f34cd7112cf796,outputs/cp3_eval/a25_sft_s0/shard4
a25_sft_s0,a25_sft,25,0,sft,8000,1621,0,0,0.0,libero_plus,2990.135747909546,3da3ac7e4432a1d62624245435f34cd7112cf796,outputs/cp3_eval/a25_sft_s0/shard4
a25_sft_s0,a25_sft,25,0,sft,8000,1681,0,1,1.0,libero_plus,2990.135747909546,3da3ac7e4432a1d62624245435f34cd7112cf796,outputs/cp3_eval/a25_sft_s0/shard4
a25_sft_s0,a25_sft,25,0,sft,8000,1729,0,0,0.0,libero_plus,2990.135747909546,3da3ac7e4432a1d62624245435f34cd7112cf796,outputs/cp3_eval/a25_sft_s0/shard4
a25_sft_s0,a25_sft,25,0,sft,8000,1803,0,1,1.0,libero_plus,2990.135747909546,3da3ac7e4432a1d62624245435f34cd7112cf796,outputs/cp3_eval/a25_sft_s0/shard4
a25_sft_s0,a25_sft,25,0,sft,8000,1882,0,1,1.0,libero_plus,2990.135747909546,3da3ac7e4432a1d62624245435f34cd7112cf796,outputs/cp3_eval/a25_sft_s0/shard4
a25_sft_s0,a25_sft,25,0,sft,8000,1959,0,0,0.0,libero_plus,2990.135747909546,3da3ac7e4432a1d62624245435f34cd7112cf796,outputs/cp3_eval/a25_sft_s0/shard4
a25_sft_s0,a25_sft,25,0,sft,8000,2037,0,1,1.0,libero_plus,2990.135747909546,3da3ac7e4432a1d62624245435f34cd7112cf796,outputs/cp3_eval/a25_sft_s0/shard4
a25_sft_s0,a25_sft,25,0,sft,8000,2081,0,0,0.0,libero_plus,2990.135747909546,3da3ac7e4432a1d62624245435f34cd7112cf796,outputs/cp3_eval/a25_sft_s0/shard4
a25_sft_s0,a25_sft,25,0,sft,8000,2179,0,1,1.0,libero_plus,2990.135747909546,3da3ac7e4432a1d62624245435f34cd7112cf796,outputs/cp3_eval/a25_sft_s0/shard4
a25_sft_s0,a25_sft,25,0,sft,8000,2222,0,0,0.0,libero_plus,2990.135747909546,3da3ac7e4432a1d62624245435f34cd7112cf796,outputs/cp3_eval/a25_sft_s0/shard4
a25_sft_s0,a25_sft,25,0,sft,8000,2332,0,1,1.0,libero_plus,2990.135747909546,3da3ac7e4432a1d62624245435f34cd7112cf796,outputs/cp3_eval/a25_sft_s0/shard4
a25_sft_s0,a25_sft,25,0,sft,8000,2363,0,1,1.0,libero_plus,2990.135747909546,3da3ac7e4432a1d62624245435f34cd7112cf796,outputs/cp3_eval/a25_sft_s0/shard4
a25_sft_s0,a25_sft,25,0,sft,8000,2406,0,1,1.0,libero_plus,2990.135747909546,3da3ac7e4432a1d62624245435f34cd7112cf796,outputs/cp3_eval/a25_sft_s0/shard4
a25_sft_s0,a25_sft,25,0,sft,8000,2465,0,1,1.0,libero_plus,2990.135747909546,3da3ac7e4432a1d62624245435f34cd7112cf796,outputs/cp3_eval/a25_sft_s0/shard4
a25_sft_s0,a25_sft,25,0,sft,8000,2504,0,1,1.0,libero_plus,2990.135747909546,3da3ac7e4432a1d62624245435f34cd7112cf796,outputs/cp3_eval/a25_sft_s0/shard4
a25_sft_s0,a25_sft,25,0,sft,8000,2569,0,1,1.0,libero_plus,2990.135747909546,3da3ac7e4432a1d62624245435f34cd7112cf796,outputs/cp3_eval/a25_sft_s0/shard4
a25_sft_s1,a25_sft,25,1,sft,8000,5,0,0,0.0,libero_plus,3130.991694688797,3da3ac7e4432a1d62624245435f34cd7112cf796,outputs/cp3_eval/a25_sft_s1/shard0
a25_sft_s1,a25_sft,25,1,sft,8000,64,0,0,0.0,libero_plus,3130.991694688797,3da3ac7e4432a1d62624245435f34cd7112cf796,outputs/cp3_eval/a25_sft_s1/shard0
a25_sft_s1,a25_sft,25,1,sft,8000,97,0,1,1.0,libero_plus,3130.991694688797,3da3ac7e4432a1d62624245435f34cd7112cf796,outputs/cp3_eval/a25_sft_s1/shard0
a25_sft_s1,a25_sft,25,1,sft,8000,152,0,0,0.0,libero_plus,3130.991694688797,3da3ac7e4432a1d62624245435f34cd7112cf796,outputs/cp3_eval/a25_sft_s1/shard0
a25_sft_s1,a25_sft,25,1,sft,8000,238,0,1,1.0,libero_plus,3130.991694688797,3da3ac7e4432a1d62624245435f34cd7112cf796,outputs/cp3_eval/a25_sft_s1/shard0
a25_sft_s1,a25_sft,25,1,sft,8000,270,0,0,0.0,libero_plus,3130.991694688797,3da3ac7e4432a1d62624245435f34cd7112cf796,outputs/cp3_eval/a25_sft_s1/shard0
a25_sft_s1,a25_sft,25,1,sft,8000,306,0,1,1.0,libero_plus,3130.991694688797,3da3ac7e4432a1d62624245435f34cd7112cf796,outputs/cp3_eval/a25_sft_s1/shard0
a25_sft_s1,a25_sft,25,1,sft,8000,340,0,0,0.0,libero_plus,3130.991694688797,3da3ac7e4432a1d62624245435f34cd7112cf796,outputs/cp3_eval/a25_sft_s1/shard0
a25_sft_s1,a25_sft,25,1,sft,8000,384,0,0,0.0,libero_plus,3130.991694688797,3da3ac7e4432a1d62624245435f34cd7112cf796,outputs/cp3_eval/a25_sft_s1/shard0
a25_sft_s1,a25_sft,25,1,sft,8000,493,0,0,0.0,libero_plus,3130.991694688797,3da3ac7e4432a1d62624245435f34cd7112cf796,outputs/cp3_eval/a25_sft_s1/shard0
a25_sft_s1,a25_sft,25,1,sft,8000,571,0,0,0.0,libero_plus,3130.991694688797,3da3ac7e4432a1d62624245435f34cd7112cf796,outputs/cp3_eval/a25_sft_s1/shard0
a25_sft_s1,a25_sft,25,1,sft,8000,664,0,0,0.0,libero_plus,3130.991694688797,3da3ac7e4432a1d62624245435f34cd7112cf796,outputs/cp3_eval/a25_sft_s1/shard0
a25_sft_s1,a25_sft,25,1,sft,8000,745,0,0,0.0,libero_plus,3130.991694688797,3da3ac7e4432a1d62624245435f34cd7112cf796,outputs/cp3_eval/a25_sft_s1/shard0
a25_sft_s1,a25_sft,25,1,sft,8000,814,0,0,0.0,libero_plus,3130.991694688797,3da3ac7e4432a1d62624245435f34cd7112cf796,outputs/cp3_eval/a25_sft_s1/shard0
a25_sft_s1,a25_sft,25,1,sft,8000,913,0,0,0.0,libero_plus,3130.991694688797,3da3ac7e4432a1d62624245435f34cd7112cf796,outputs/cp3_eval/a25_sft_s1/shard0
a25_sft_s1,a25_sft,25,1,sft,8000,968,0,1,1.0,libero_plus,3130.991694688797,3da3ac7e4432a1d62624245435f34cd7112cf796,outputs/cp3_eval/a25_sft_s1/shard0
a25_sft_s1,a25_sft,25,1,sft,8000,1025,0,1,1.0,libero_plus,3130.991694688797,3da3ac7e4432a1d62624245435f34cd7112cf796,outputs/cp3_eval/a25_sft_s1/shard0
a25_sft_s1,a25_sft,25,1,sft,8000,1126,0,0,0.0,libero_plus,3130.991694688797,3da3ac7e4432a1d62624245435f34cd7112cf796,outputs/cp3_eval/a25_sft_s1/shard0
a25_sft_s1,a25_sft,25,1,sft,8000,1209,0,0,0.0,libero_plus,3130.991694688797,3da3ac7e4432a1d62624245435f34cd7112cf796,outputs/cp3_eval/a25_sft_s1/shard0
a25_sft_s1,a25_sft,25,1,sft,8000,1243,0,0,0.0,libero_plus,3130.991694688797,3da3ac7e4432a1d62624245435f34cd7112cf796,outputs/cp3_eval/a25_sft_s1/shard0
a25_sft_s1,a25_sft,25,1,sft,8000,1304,0,0,0.0,libero_plus,3130.991694688797,3da3ac7e4432a1d62624245435f34cd7112cf796,outputs/cp3_eval/a25_sft_s1/shard0
a25_sft_s1,a25_sft,25,1,sft,8000,1394,0,0,0.0,libero_plus,3130.991694688797,3da3ac7e4432a1d62624245435f34cd7112cf796,outputs/cp3_eval/a25_sft_s1/shard0
a25_sft_s1,a25_sft,25,1,sft,8000,1466,0,0,0.0,libero_plus,3130.991694688797,3da3ac7e4432a1d62624245435f34cd7112cf796,outputs/cp3_eval/a25_sft_s1/shard0
a25_sft_s1,a25_sft,25,1,sft,8000,1591,0,0,0.0,libero_plus,3130.991694688797,3da3ac7e4432a1d62624245435f34cd7112cf796,outputs/cp3_eval/a25_sft_s1/shard0
a25_sft_s1,a25_sft,25,1,sft,8000,1625,0,1,1.0,libero_plus,3130.991694688797,3da3ac7e4432a1d62624245435f34cd7112cf796,outputs/cp3_eval/a25_sft_s1/shard0
a25_sft_s1,a25_sft,25,1,sft,8000,1695,0,1,1.0,libero_plus,3130.991694688797,3da3ac7e4432a1d62624245435f34cd7112cf796,outputs/cp3_eval/a25_sft_s1/shard0
a25_sft_s1,a25_sft,25,1,sft,8000,1759,0,1,1.0,libero_plus,3130.991694688797,3da3ac7e4432a1d62624245435f34cd7112cf796,outputs/cp3_eval/a25_sft_s1/shard0
a25_sft_s1,a25_sft,25,1,sft,8000,1811,0,0,0.0,libero_plus,3130.991694688797,3da3ac7e4432a1d62624245435f34cd7112cf796,outputs/cp3_eval/a25_sft_s1/shard0
a25_sft_s1,a25_sft,25,1,sft,8000,1887,0,0,0.0,libero_plus,3130.991694688797,3da3ac7e4432a1d62624245435f34cd7112cf796,outputs/cp3_eval/a25_sft_s1/shard0
a25_sft_s1,a25_sft,25,1,sft,8000,1995,0,1,1.0,libero_plus,3130.991694688797,3da3ac7e4432a1d62624245435f34cd7112cf796,outputs/cp3_eval/a25_sft_s1/shard0
a25_sft_s1,a25_sft,25,1,sft,8000,2045,0,0,0.0,libero_plus,3130.991694688797,3da3ac7e4432a1d62624245435f34cd7112cf796,outputs/cp3_eval/a25_sft_s1/shard0
a25_sft_s1,a25_sft,25,1,sft,8000,2093,0,0,0.0,libero_plus,3130.991694688797,3da3ac7e4432a1d62624245435f34cd7112cf796,outputs/cp3_eval/a25_sft_s1/shard0
a25_sft_s1,a25_sft,25,1,sft,8000,2180,0,1,1.0,libero_plus,3130.991694688797,3da3ac7e4432a1d62624245435f34cd7112cf796,outputs/cp3_eval/a25_sft_s1/shard0
a25_sft_s1,a25_sft,25,1,sft,8000,2235,0,0,0.0,libero_plus,3130.991694688797,3da3ac7e4432a1d62624245435f34cd7112cf796,outputs/cp3_eval/a25_sft_s1/shard0
a25_sft_s1,a25_sft,25,1,sft,8000,2338,0,1,1.0,libero_plus,3130.991694688797,3da3ac7e4432a1d62624245435f34cd7112cf796,outputs/cp3_eval/a25_sft_s1/shard0
a25_sft_s1,a25_sft,25,1,sft,8000,2377,0,0,0.0,libero_plus,3130.991694688797,3da3ac7e4432a1d62624245435f34cd7112cf796,outputs/cp3_eval/a25_sft_s1/shard0
a25_sft_s1,a25_sft,25,1,sft,8000,2411,0,1,1.0,libero_plus,3130.991694688797,3da3ac7e4432a1d62624245435f34cd7112cf796,outputs/cp3_eval/a25_sft_s1/shard0
a25_sft_s1,a25_sft,25,1,sft,8000,2488,0,1,1.0,libero_plus,3130.991694688797,3da3ac7e4432a1d62624245435f34cd7112cf796,outputs/cp3_eval/a25_sft_s1/shard0
a25_sft_s1,a25_sft,25,1,sft,8000,2513,0,0,0.0,libero_plus,3130.991694688797,3da3ac7e4432a1d62624245435f34cd7112cf796,outputs/cp3_eval/a25_sft_s1/shard0
a25_sft_s1,a25_sft,25,1,sft,8000,2578,0,1,1.0,libero_plus,3130.991694688797,3da3ac7e4432a1d62624245435f34cd7112cf796,outputs/cp3_eval/a25_sft_s1/shard0
a25_sft_s1,a25_sft,25,1,sft,8000,31,0,0,0.0,libero_plus,3130.991694688797,3da3ac7e4432a1d62624245435f34cd7112cf796,outputs/cp3_eval/a25_sft_s1/shard1
a25_sft_s1,a25_sft,25,1,sft,8000,70,0,1,1.0,libero_plus,3130.991694688797,3da3ac7e4432a1d62624245435f34cd7112cf796,outputs/cp3_eval/a25_sft_s1/shard1
a25_sft_s1,a25_sft,25,1,sft,8000,106,0,1,1.0,libero_plus,3130.991694688797,3da3ac7e4432a1d62624245435f34cd7112cf796,outputs/cp3_eval/a25_sft_s1/shard1
a25_sft_s1,a25_sft,25,1,sft,8000,164,0,1,1.0,libero_plus,3130.991694688797,3da3ac7e4432a1d62624245435f34cd7112cf796,outputs/cp3_eval/a25_sft_s1/shard1
a25_sft_s1,a25_sft,25,1,sft,8000,242,0,0,0.0,libero_plus,3130.991694688797,3da3ac7e4432a1d62624245435f34cd7112cf796,outputs/cp3_eval/a25_sft_s1/shard1
a25_sft_s1,a25_sft,25,1,sft,8000,273,0,1,1.0,libero_plus,3130.991694688797,3da3ac7e4432a1d62624245435f34cd7112cf796,outputs/cp3_eval/a25_sft_s1/shard1
a25_sft_s1,a25_sft,25,1,sft,8000,315,0,0,0.0,libero_plus,3130.991694688797,3da3ac7e4432a1d62624245435f34cd7112cf796,outputs/cp3_eval/a25_sft_s1/shard1
a25_sft_s1,a25_sft,25,1,sft,8000,346,0,0,0.0,libero_plus,3130.991694688797,3da3ac7e4432a1d62624245435f34cd7112cf796,outputs/cp3_eval/a25_sft_s1/shard1
a25_sft_s1,a25_sft,25,1,sft,8000,392,0,0,0.0,libero_plus,3130.991694688797,3da3ac7e4432a1d62624245435f34cd7112cf796,outputs/cp3_eval/a25_sft_s1/shard1
a25_sft_s1,a25_sft,25,1,sft,8000,517,0,0,0.0,libero_plus,3130.991694688797,3da3ac7e4432a1d62624245435f34cd7112cf796,outputs/cp3_eval/a25_sft_s1/shard1
a25_sft_s1,a25_sft,25,1,sft,8000,608,0,1,1.0,libero_plus,3130.991694688797,3da3ac7e4432a1d62624245435f34cd7112cf796,outputs/cp3_eval/a25_sft_s1/shard1
a25_sft_s1,a25_sft,25,1,sft,8000,706,0,1,1.0,libero_plus,3130.991694688797,3da3ac7e4432a1d62624245435f34cd7112cf796,outputs/cp3_eval/a25_sft_s1/shard1
a25_sft_s1,a25_sft,25,1,sft,8000,754,0,0,0.0,libero_plus,3130.991694688797,3da3ac7e4432a1d62624245435f34cd7112cf796,outputs/cp3_eval/a25_sft_s1/shard1
a25_sft_s1,a25_sft,25,1,sft,8000,829,0,0,0.0,libero_plus,3130.991694688797,3da3ac7e4432a1d62624245435f34cd7112cf796,outputs/cp3_eval/a25_sft_s1/shard1
a25_sft_s1,a25_sft,25,1,sft,8000,934,0,1,1.0,libero_plus,3130.991694688797,3da3ac7e4432a1d62624245435f34cd7112cf796,outputs/cp3_eval/a25_sft_s1/shard1
a25_sft_s1,a25_sft,25,1,sft,8000,969,0,1,1.0,libero_plus,3130.991694688797,3da3ac7e4432a1d62624245435f34cd7112cf796,outputs/cp3_eval/a25_sft_s1/shard1
a25_sft_s1,a25_sft,25,1,sft,8000,1042,0,0,0.0,libero_plus,3130.991694688797,3da3ac7e4432a1d62624245435f34cd7112cf796,outputs/cp3_eval/a25_sft_s1/shard1
a25_sft_s1,a25_sft,25,1,sft,8000,1139,0,0,0.0,libero_plus,3130.991694688797,3da3ac7e4432a1d62624245435f34cd7112cf796,outputs/cp3_eval/a25_sft_s1/shard1
a25_sft_s1,a25_sft,25,1,sft,8000,1210,0,0,0.0,libero_plus,3130.991694688797,3da3ac7e4432a1d62624245435f34cd7112cf796,outputs/cp3_eval/a25_sft_s1/shard1
a25_sft_s1,a25_sft,25,1,sft,8000,1246,0,0,0.0,libero_plus,3130.991694688797,3da3ac7e4432a1d62624245435f34cd7112cf796,outputs/cp3_eval/a25_sft_s1/shard1
a25_sft_s1,a25_sft,25,1,sft,8000,1308,0,0,0.0,libero_plus,3130.991694688797,3da3ac7e4432a1d62624245435f34cd7112cf796,outputs/cp3_eval/a25_sft_s1/shard1
a25_sft_s1,a25_sft,25,1,sft,8000,1399,0,0,0.0,libero_plus,3130.991694688797,3da3ac7e4432a1d62624245435f34cd7112cf796,outputs/cp3_eval/a25_sft_s1/shard1
a25_sft_s1,a25_sft,25,1,sft,8000,1503,0,0,0.0,libero_plus,3130.991694688797,3da3ac7e4432a1d62624245435f34cd7112cf796,outputs/cp3_eval/a25_sft_s1/shard1
a25_sft_s1,a25_sft,25,1,sft,8000,1592,0,0,0.0,libero_plus,3130.991694688797,3da3ac7e4432a1d62624245435f34cd7112cf796,outputs/cp3_eval/a25_sft_s1/shard1
a25_sft_s1,a25_sft,25,1,sft,8000,1634,0,1,1.0,libero_plus,3130.991694688797,3da3ac7e4432a1d62624245435f34cd7112cf796,outputs/cp3_eval/a25_sft_s1/shard1
a25_sft_s1,a25_sft,25,1,sft,8000,1714,0,0,0.0,libero_plus,3130.991694688797,3da3ac7e4432a1d62624245435f34cd7112cf796,outputs/cp3_eval/a25_sft_s1/shard1
a25_sft_s1,a25_sft,25,1,sft,8000,1770,0,1,1.0,libero_plus,3130.991694688797,3da3ac7e4432a1d62624245435f34cd7112cf796,outputs/cp3_eval/a25_sft_s1/shard1
a25_sft_s1,a25_sft,25,1,sft,8000,1852,0,0,0.0,libero_plus,3130.991694688797,3da3ac7e4432a1d62624245435f34cd7112cf796,outputs/cp3_eval/a25_sft_s1/shard1
a25_sft_s1,a25_sft,25,1,sft,8000,1922,0,0,0.0,libero_plus,3130.991694688797,3da3ac7e4432a1d62624245435f34cd7112cf796,outputs/cp3_eval/a25_sft_s1/shard1
a25_sft_s1,a25_sft,25,1,sft,8000,2016,0,0,0.0,libero_plus,3130.991694688797,3da3ac7e4432a1d62624245435f34cd7112cf796,outputs/cp3_eval/a25_sft_s1/shard1
a25_sft_s1,a25_sft,25,1,sft,8000,2052,0,0,0.0,libero_plus,3130.991694688797,3da3ac7e4432a1d62624245435f34cd7112cf796,outputs/cp3_eval/a25_sft_s1/shard1
a25_sft_s1,a25_sft,25,1,sft,8000,2128,0,1,1.0,libero_plus,3130.991694688797,3da3ac7e4432a1d62624245435f34cd7112cf796,outputs/cp3_eval/a25_sft_s1/shard1
a25_sft_s1,a25_sft,25,1,sft,8000,2185,0,0,0.0,libero_plus,3130.991694688797,3da3ac7e4432a1d62624245435f34cd7112cf796,outputs/cp3_eval/a25_sft_s1/shard1
a25_sft_s1,a25_sft,25,1,sft,8000,2255,0,0,0.0,libero_plus,3130.991694688797,3da3ac7e4432a1d62624245435f34cd7112cf796,outputs/cp3_eval/a25_sft_s1/shard1
a25_sft_s1,a25_sft,25,1,sft,8000,2346,0,1,1.0,libero_plus,3130.991694688797,3da3ac7e4432a1d62624245435f34cd7112cf796,outputs/cp3_eval/a25_sft_s1/shard1
a25_sft_s1,a25_sft,25,1,sft,8000,2382,0,1,1.0,libero_plus,3130.991694688797,3da3ac7e4432a1d62624245435f34cd7112cf796,outputs/cp3_eval/a25_sft_s1/shard1
a25_sft_s1,a25_sft,25,1,sft,8000,2413,0,1,1.0,libero_plus,3130.991694688797,3da3ac7e4432a1d62624245435f34cd7112cf796,outputs/cp3_eval/a25_sft_s1/shard1
a25_sft_s1,a25_sft,25,1,sft,8000,2491,0,1,1.0,libero_plus,3130.991694688797,3da3ac7e4432a1d62624245435f34cd7112cf796,outputs/cp3_eval/a25_sft_s1/shard1
a25_sft_s1,a25_sft,25,1,sft,8000,2516,0,1,1.0,libero_plus,3130.991694688797,3da3ac7e4432a1d62624245435f34cd7112cf796,outputs/cp3_eval/a25_sft_s1/shard1
a25_sft_s1,a25_sft,25,1,sft,8000,39,0,0,0.0,libero_plus,3130.991694688797,3da3ac7e4432a1d62624245435f34cd7112cf796,outputs/cp3_eval/a25_sft_s1/shard2
a25_sft_s1,a25_sft,25,1,sft,8000,74,0,1,1.0,libero_plus,3130.991694688797,3da3ac7e4432a1d62624245435f34cd7112cf796,outputs/cp3_eval/a25_sft_s1/shard2
a25_sft_s1,a25_sft,25,1,sft,8000,117,0,1,1.0,libero_plus,3130.991694688797,3da3ac7e4432a1d62624245435f34cd7112cf796,outputs/cp3_eval/a25_sft_s1/shard2
a25_sft_s1,a25_sft,25,1,sft,8000,173,0,1,1.0,libero_plus,3130.991694688797,3da3ac7e4432a1d62624245435f34cd7112cf796,outputs/cp3_eval/a25_sft_s1/shard2
a25_sft_s1,a25_sft,25,1,sft,8000,250,0,1,1.0,libero_plus,3130.991694688797,3da3ac7e4432a1d62624245435f34cd7112cf796,outputs/cp3_eval/a25_sft_s1/shard2
a25_sft_s1,a25_sft,25,1,sft,8000,277,0,1,1.0,libero_plus,3130.991694688797,3da3ac7e4432a1d62624245435f34cd7112cf796,outputs/cp3_eval/a25_sft_s1/shard2
a25_sft_s1,a25_sft,25,1,sft,8000,332,0,1,1.0,libero_plus,3130.991694688797,3da3ac7e4432a1d62624245435f34cd7112cf796,outputs/cp3_eval/a25_sft_s1/shard2
a25_sft_s1,a25_sft,25,1,sft,8000,352,0,0,0.0,libero_plus,3130.991694688797,3da3ac7e4432a1d62624245435f34cd7112cf796,outputs/cp3_eval/a25_sft_s1/shard2
a25_sft_s1,a25_sft,25,1,sft,8000,484,0,0,0.0,libero_plus,3130.991694688797,3da3ac7e4432a1d62624245435f34cd7112cf796,outputs/cp3_eval/a25_sft_s1/shard2
a25_sft_s1,a25_sft,25,1,sft,8000,523,0,0,0.0,libero_plus,3130.991694688797,3da3ac7e4432a1d62624245435f34cd7112cf796,outputs/cp3_eval/a25_sft_s1/shard2
a25_sft_s1,a25_sft,25,1,sft,8000,611,0,1,1.0,libero_plus,3130.991694688797,3da3ac7e4432a1d62624245435f34cd7112cf796,outputs/cp3_eval/a25_sft_s1/shard2
a25_sft_s1,a25_sft,25,1,sft,8000,734,0,1,1.0,libero_plus,3130.991694688797,3da3ac7e4432a1d62624245435f34cd7112cf796,outputs/cp3_eval/a25_sft_s1/shard2
a25_sft_s1,a25_sft,25,1,sft,8000,758,0,0,0.0,libero_plus,3130.991694688797,3da3ac7e4432a1d62624245435f34cd7112cf796,outputs/cp3_eval/a25_sft_s1/shard2
a25_sft_s1,a25_sft,25,1,sft,8000,836,0,1,1.0,libero_plus,3130.991694688797,3da3ac7e4432a1d62624245435f34cd7112cf796,outputs/cp3_eval/a25_sft_s1/shard2
a25_sft_s1,a25_sft,25,1,sft,8000,950,0,0,0.0,libero_plus,3130.991694688797,3da3ac7e4432a1d62624245435f34cd7112cf796,outputs/cp3_eval/a25_sft_s1/shard2
a25_sft_s1,a25_sft,25,1,sft,8000,973,0,0,0.0,libero_plus,3130.991694688797,3da3ac7e4432a1d62624245435f34cd7112cf796,outputs/cp3_eval/a25_sft_s1/shard2
a25_sft_s1,a25_sft,25,1,sft,8000,1058,0,0,0.0,libero_plus,3130.991694688797,3da3ac7e4432a1d62624245435f34cd7112cf796,outputs/cp3_eval/a25_sft_s1/shard2
a25_sft_s1,a25_sft,25,1,sft,8000,1171,0,0,0.0,libero_plus,3130.991694688797,3da3ac7e4432a1d62624245435f34cd7112cf796,outputs/cp3_eval/a25_sft_s1/shard2
a25_sft_s1,a25_sft,25,1,sft,8000,1211,0,1,1.0,libero_plus,3130.991694688797,3da3ac7e4432a1d62624245435f34cd7112cf796,outputs/cp3_eval/a25_sft_s1/shard2
a25_sft_s1,a25_sft,25,1,sft,8000,1267,0,0,0.0,libero_plus,3130.991694688797,3da3ac7e4432a1d62624245435f34cd7112cf796,outputs/cp3_eval/a25_sft_s1/shard2
a25_sft_s1,a25_sft,25,1,sft,8000,1355,0,0,0.0,libero_plus,3130.991694688797,3da3ac7e4432a1d62624245435f34cd7112cf796,outputs/cp3_eval/a25_sft_s1/shard2
a25_sft_s1,a25_sft,25,1,sft,8000,1422,0,0,0.0,libero_plus,3130.991694688797,3da3ac7e4432a1d62624245435f34cd7112cf796,outputs/cp3_eval/a25_sft_s1/shard2
a25_sft_s1,a25_sft,25,1,sft,8000,1567,0,0,0.0,libero_plus,3130.991694688797,3da3ac7e4432a1d62624245435f34cd7112cf796,outputs/cp3_eval/a25_sft_s1/shard2
a25_sft_s1,a25_sft,25,1,sft,8000,1595,0,0,0.0,libero_plus,3130.991694688797,3da3ac7e4432a1d62624245435f34cd7112cf796,outputs/cp3_eval/a25_sft_s1/shard2
a25_sft_s1,a25_sft,25,1,sft,8000,1642,0,1,1.0,libero_plus,3130.991694688797,3da3ac7e4432a1d62624245435f34cd7112cf796,outputs/cp3_eval/a25_sft_s1/shard2
a25_sft_s1,a25_sft,25,1,sft,8000,1718,0,0,0.0,libero_plus,3130.991694688797,3da3ac7e4432a1d62624245435f34cd7112cf796,outputs/cp3_eval/a25_sft_s1/shard2
a25_sft_s1,a25_sft,25,1,sft,8000,1791,0,1,1.0,libero_plus,3130.991694688797,3da3ac7e4432a1d62624245435f34cd7112cf796,outputs/cp3_eval/a25_sft_s1/shard2
a25_sft_s1,a25_sft,25,1,sft,8000,1860,0,0,0.0,libero_plus,3130.991694688797,3da3ac7e4432a1d62624245435f34cd7112cf796,outputs/cp3_eval/a25_sft_s1/shard2
a25_sft_s1,a25_sft,25,1,sft,8000,1940,0,0,0.0,libero_plus,3130.991694688797,3da3ac7e4432a1d62624245435f34cd7112cf796,outputs/cp3_eval/a25_sft_s1/shard2
a25_sft_s1,a25_sft,25,1,sft,8000,2034,0,0,0.0,libero_plus,3130.991694688797,3da3ac7e4432a1d62624245435f34cd7112cf796,outputs/cp3_eval/a25_sft_s1/shard2
a25_sft_s1,a25_sft,25,1,sft,8000,2056,0,0,0.0,libero_plus,3130.991694688797,3da3ac7e4432a1d62624245435f34cd7112cf796,outputs/cp3_eval/a25_sft_s1/shard2
a25_sft_s1,a25_sft,25,1,sft,8000,2139,0,1,1.0,libero_plus,3130.991694688797,3da3ac7e4432a1d62624245435f34cd7112cf796,outputs/cp3_eval/a25_sft_s1/shard2
a25_sft_s1,a25_sft,25,1,sft,8000,2203,0,0,0.0,libero_plus,3130.991694688797,3da3ac7e4432a1d62624245435f34cd7112cf796,outputs/cp3_eval/a25_sft_s1/shard2
a25_sft_s1,a25_sft,25,1,sft,8000,2262,0,0,0.0,libero_plus,3130.991694688797,3da3ac7e4432a1d62624245435f34cd7112cf796,outputs/cp3_eval/a25_sft_s1/shard2
a25_sft_s1,a25_sft,25,1,sft,8000,2350,0,1,1.0,libero_plus,3130.991694688797,3da3ac7e4432a1d62624245435f34cd7112cf796,outputs/cp3_eval/a25_sft_s1/shard2
a25_sft_s1,a25_sft,25,1,sft,8000,2388,0,1,1.0,libero_plus,3130.991694688797,3da3ac7e4432a1d62624245435f34cd7112cf796,outputs/cp3_eval/a25_sft_s1/shard2
a25_sft_s1,a25_sft,25,1,sft,8000,2446,0,1,1.0,libero_plus,3130.991694688797,3da3ac7e4432a1d62624245435f34cd7112cf796,outputs/cp3_eval/a25_sft_s1/shard2
a25_sft_s1,a25_sft,25,1,sft,8000,2494,0,1,1.0,libero_plus,3130.991694688797,3da3ac7e4432a1d62624245435f34cd7112cf796,outputs/cp3_eval/a25_sft_s1/shard2
a25_sft_s1,a25_sft,25,1,sft,8000,2528,0,1,1.0,libero_plus,3130.991694688797,3da3ac7e4432a1d62624245435f34cd7112cf796,outputs/cp3_eval/a25_sft_s1/shard2
a25_sft_s1,a25_sft,25,1,sft,8000,41,0,0,0.0,libero_plus,3130.991694688797,3da3ac7e4432a1d62624245435f34cd7112cf796,outputs/cp3_eval/a25_sft_s1/shard3
a25_sft_s1,a25_sft,25,1,sft,8000,83,0,1,1.0,libero_plus,3130.991694688797,3da3ac7e4432a1d62624245435f34cd7112cf796,outputs/cp3_eval/a25_sft_s1/shard3
a25_sft_s1,a25_sft,25,1,sft,8000,124,0,1,1.0,libero_plus,3130.991694688797,3da3ac7e4432a1d62624245435f34cd7112cf796,outputs/cp3_eval/a25_sft_s1/shard3
a25_sft_s1,a25_sft,25,1,sft,8000,214,0,0,0.0,libero_plus,3130.991694688797,3da3ac7e4432a1d62624245435f34cd7112cf796,outputs/cp3_eval/a25_sft_s1/shard3
a25_sft_s1,a25_sft,25,1,sft,8000,265,0,0,0.0,libero_plus,3130.991694688797,3da3ac7e4432a1d62624245435f34cd7112cf796,outputs/cp3_eval/a25_sft_s1/shard3
a25_sft_s1,a25_sft,25,1,sft,8000,291,0,1,1.0,libero_plus,3130.991694688797,3da3ac7e4432a1d62624245435f34cd7112cf796,outputs/cp3_eval/a25_sft_s1/shard3
a25_sft_s1,a25_sft,25,1,sft,8000,337,0,1,1.0,libero_plus,3130.991694688797,3da3ac7e4432a1d62624245435f34cd7112cf796,outputs/cp3_eval/a25_sft_s1/shard3
a25_sft_s1,a25_sft,25,1,sft,8000,355,0,0,0.0,libero_plus,3130.991694688797,3da3ac7e4432a1d62624245435f34cd7112cf796,outputs/cp3_eval/a25_sft_s1/shard3
a25_sft_s1,a25_sft,25,1,sft,8000,488,0,0,0.0,libero_plus,3130.991694688797,3da3ac7e4432a1d62624245435f34cd7112cf796,outputs/cp3_eval/a25_sft_s1/shard3
a25_sft_s1,a25_sft,25,1,sft,8000,546,0,1,1.0,libero_plus,3130.991694688797,3da3ac7e4432a1d62624245435f34cd7112cf796,outputs/cp3_eval/a25_sft_s1/shard3
a25_sft_s1,a25_sft,25,1,sft,8000,614,0,0,0.0,libero_plus,3130.991694688797,3da3ac7e4432a1d62624245435f34cd7112cf796,outputs/cp3_eval/a25_sft_s1/shard3
a25_sft_s1,a25_sft,25,1,sft,8000,737,0,1,1.0,libero_plus,3130.991694688797,3da3ac7e4432a1d62624245435f34cd7112cf796,outputs/cp3_eval/a25_sft_s1/shard3
a25_sft_s1,a25_sft,25,1,sft,8000,786,0,1,1.0,libero_plus,3130.991694688797,3da3ac7e4432a1d62624245435f34cd7112cf796,outputs/cp3_eval/a25_sft_s1/shard3
a25_sft_s1,a25_sft,25,1,sft,8000,871,0,1,1.0,libero_plus,3130.991694688797,3da3ac7e4432a1d62624245435f34cd7112cf796,outputs/cp3_eval/a25_sft_s1/shard3
a25_sft_s1,a25_sft,25,1,sft,8000,962,0,0,0.0,libero_plus,3130.991694688797,3da3ac7e4432a1d62624245435f34cd7112cf796,outputs/cp3_eval/a25_sft_s1/shard3
a25_sft_s1,a25_sft,25,1,sft,8000,974,0,1,1.0,libero_plus,3130.991694688797,3da3ac7e4432a1d62624245435f34cd7112cf796,outputs/cp3_eval/a25_sft_s1/shard3
a25_sft_s1,a25_sft,25,1,sft,8000,1069,0,0,0.0,libero_plus,3130.991694688797,3da3ac7e4432a1d62624245435f34cd7112cf796,outputs/cp3_eval/a25_sft_s1/shard3
a25_sft_s1,a25_sft,25,1,sft,8000,1194,0,0,0.0,libero_plus,3130.991694688797,3da3ac7e4432a1d62624245435f34cd7112cf796,outputs/cp3_eval/a25_sft_s1/shard3
a25_sft_s1,a25_sft,25,1,sft,8000,1213,0,0,0.0,libero_plus,3130.991694688797,3da3ac7e4432a1d62624245435f34cd7112cf796,outputs/cp3_eval/a25_sft_s1/shard3
a25_sft_s1,a25_sft,25,1,sft,8000,1279,0,0,0.0,libero_plus,3130.991694688797,3da3ac7e4432a1d62624245435f34cd7112cf796,outputs/cp3_eval/a25_sft_s1/shard3
a25_sft_s1,a25_sft,25,1,sft,8000,1356,0,0,0.0,libero_plus,3130.991694688797,3da3ac7e4432a1d62624245435f34cd7112cf796,outputs/cp3_eval/a25_sft_s1/shard3
a25_sft_s1,a25_sft,25,1,sft,8000,1449,0,0,0.0,libero_plus,3130.991694688797,3da3ac7e4432a1d62624245435f34cd7112cf796,outputs/cp3_eval/a25_sft_s1/shard3
a25_sft_s1,a25_sft,25,1,sft,8000,1572,0,1,1.0,libero_plus,3130.991694688797,3da3ac7e4432a1d62624245435f34cd7112cf796,outputs/cp3_eval/a25_sft_s1/shard3
a25_sft_s1,a25_sft,25,1,sft,8000,1608,0,1,1.0,libero_plus,3130.991694688797,3da3ac7e4432a1d62624245435f34cd7112cf796,outputs/cp3_eval/a25_sft_s1/shard3
a25_sft_s1,a25_sft,25,1,sft,8000,1672,0,0,0.0,libero_plus,3130.991694688797,3da3ac7e4432a1d62624245435f34cd7112cf796,outputs/cp3_eval/a25_sft_s1/shard3
a25_sft_s1,a25_sft,25,1,sft,8000,1727,0,1,1.0,libero_plus,3130.991694688797,3da3ac7e4432a1d62624245435f34cd7112cf796,outputs/cp3_eval/a25_sft_s1/shard3
a25_sft_s1,a25_sft,25,1,sft,8000,1794,0,0,0.0,libero_plus,3130.991694688797,3da3ac7e4432a1d62624245435f34cd7112cf796,outputs/cp3_eval/a25_sft_s1/shard3
a25_sft_s1,a25_sft,25,1,sft,8000,1864,0,0,0.0,libero_plus,3130.991694688797,3da3ac7e4432a1d62624245435f34cd7112cf796,outputs/cp3_eval/a25_sft_s1/shard3
a25_sft_s1,a25_sft,25,1,sft,8000,1945,0,0,0.0,libero_plus,3130.991694688797,3da3ac7e4432a1d62624245435f34cd7112cf796,outputs/cp3_eval/a25_sft_s1/shard3
a25_sft_s1,a25_sft,25,1,sft,8000,2035,0,0,0.0,libero_plus,3130.991694688797,3da3ac7e4432a1d62624245435f34cd7112cf796,outputs/cp3_eval/a25_sft_s1/shard3
a25_sft_s1,a25_sft,25,1,sft,8000,2065,0,0,0.0,libero_plus,3130.991694688797,3da3ac7e4432a1d62624245435f34cd7112cf796,outputs/cp3_eval/a25_sft_s1/shard3
a25_sft_s1,a25_sft,25,1,sft,8000,2153,0,0,0.0,libero_plus,3130.991694688797,3da3ac7e4432a1d62624245435f34cd7112cf796,outputs/cp3_eval/a25_sft_s1/shard3
a25_sft_s1,a25_sft,25,1,sft,8000,2207,0,0,0.0,libero_plus,3130.991694688797,3da3ac7e4432a1d62624245435f34cd7112cf796,outputs/cp3_eval/a25_sft_s1/shard3
a25_sft_s1,a25_sft,25,1,sft,8000,2321,0,1,1.0,libero_plus,3130.991694688797,3da3ac7e4432a1d62624245435f34cd7112cf796,outputs/cp3_eval/a25_sft_s1/shard3
a25_sft_s1,a25_sft,25,1,sft,8000,2359,0,0,0.0,libero_plus,3130.991694688797,3da3ac7e4432a1d62624245435f34cd7112cf796,outputs/cp3_eval/a25_sft_s1/shard3
a25_sft_s1,a25_sft,25,1,sft,8000,2405,0,1,1.0,libero_plus,3130.991694688797,3da3ac7e4432a1d62624245435f34cd7112cf796,outputs/cp3_eval/a25_sft_s1/shard3
a25_sft_s1,a25_sft,25,1,sft,8000,2464,0,1,1.0,libero_plus,3130.991694688797,3da3ac7e4432a1d62624245435f34cd7112cf796,outputs/cp3_eval/a25_sft_s1/shard3
a25_sft_s1,a25_sft,25,1,sft,8000,2497,0,1,1.0,libero_plus,3130.991694688797,3da3ac7e4432a1d62624245435f34cd7112cf796,outputs/cp3_eval/a25_sft_s1/shard3
a25_sft_s1,a25_sft,25,1,sft,8000,2539,0,0,0.0,libero_plus,3130.991694688797,3da3ac7e4432a1d62624245435f34cd7112cf796,outputs/cp3_eval/a25_sft_s1/shard3
a25_sft_s1,a25_sft,25,1,sft,8000,44,0,0,0.0,libero_plus,3130.991694688797,3da3ac7e4432a1d62624245435f34cd7112cf796,outputs/cp3_eval/a25_sft_s1/shard4
a25_sft_s1,a25_sft,25,1,sft,8000,94,0,1,1.0,libero_plus,3130.991694688797,3da3ac7e4432a1d62624245435f34cd7112cf796,outputs/cp3_eval/a25_sft_s1/shard4
a25_sft_s1,a25_sft,25,1,sft,8000,141,0,0,0.0,libero_plus,3130.991694688797,3da3ac7e4432a1d62624245435f34cd7112cf796,outputs/cp3_eval/a25_sft_s1/shard4
a25_sft_s1,a25_sft,25,1,sft,8000,226,0,0,0.0,libero_plus,3130.991694688797,3da3ac7e4432a1d62624245435f34cd7112cf796,outputs/cp3_eval/a25_sft_s1/shard4
a25_sft_s1,a25_sft,25,1,sft,8000,266,0,1,1.0,libero_plus,3130.991694688797,3da3ac7e4432a1d62624245435f34cd7112cf796,outputs/cp3_eval/a25_sft_s1/shard4
a25_sft_s1,a25_sft,25,1,sft,8000,304,0,0,0.0,libero_plus,3130.991694688797,3da3ac7e4432a1d62624245435f34cd7112cf796,outputs/cp3_eval/a25_sft_s1/shard4
a25_sft_s1,a25_sft,25,1,sft,8000,339,0,1,1.0,libero_plus,3130.991694688797,3da3ac7e4432a1d62624245435f34cd7112cf796,outputs/cp3_eval/a25_sft_s1/shard4
a25_sft_s1,a25_sft,25,1,sft,8000,365,0,1,1.0,libero_plus,3130.991694688797,3da3ac7e4432a1d62624245435f34cd7112cf796,outputs/cp3_eval/a25_sft_s1/shard4
a25_sft_s1,a25_sft,25,1,sft,8000,492,0,0,0.0,libero_plus,3130.991694688797,3da3ac7e4432a1d62624245435f34cd7112cf796,outputs/cp3_eval/a25_sft_s1/shard4
a25_sft_s1,a25_sft,25,1,sft,8000,556,0,0,0.0,libero_plus,3130.991694688797,3da3ac7e4432a1d62624245435f34cd7112cf796,outputs/cp3_eval/a25_sft_s1/shard4
a25_sft_s1,a25_sft,25,1,sft,8000,616,0,1,1.0,libero_plus,3130.991694688797,3da3ac7e4432a1d62624245435f34cd7112cf796,outputs/cp3_eval/a25_sft_s1/shard4
a25_sft_s1,a25_sft,25,1,sft,8000,740,0,1,1.0,libero_plus,3130.991694688797,3da3ac7e4432a1d62624245435f34cd7112cf796,outputs/cp3_eval/a25_sft_s1/shard4
a25_sft_s1,a25_sft,25,1,sft,8000,812,0,0,0.0,libero_plus,3130.991694688797,3da3ac7e4432a1d62624245435f34cd7112cf796,outputs/cp3_eval/a25_sft_s1/shard4
a25_sft_s1,a25_sft,25,1,sft,8000,882,0,1,1.0,libero_plus,3130.991694688797,3da3ac7e4432a1d62624245435f34cd7112cf796,outputs/cp3_eval/a25_sft_s1/shard4
a25_sft_s1,a25_sft,25,1,sft,8000,964,0,0,0.0,libero_plus,3130.991694688797,3da3ac7e4432a1d62624245435f34cd7112cf796,outputs/cp3_eval/a25_sft_s1/shard4
a25_sft_s1,a25_sft,25,1,sft,8000,978,0,1,1.0,libero_plus,3130.991694688797,3da3ac7e4432a1d62624245435f34cd7112cf796,outputs/cp3_eval/a25_sft_s1/shard4
a25_sft_s1,a25_sft,25,1,sft,8000,1117,0,0,0.0,libero_plus,3130.991694688797,3da3ac7e4432a1d62624245435f34cd7112cf796,outputs/cp3_eval/a25_sft_s1/shard4
a25_sft_s1,a25_sft,25,1,sft,8000,1196,0,0,0.0,libero_plus,3130.991694688797,3da3ac7e4432a1d62624245435f34cd7112cf796,outputs/cp3_eval/a25_sft_s1/shard4
a25_sft_s1,a25_sft,25,1,sft,8000,1239,0,0,0.0,libero_plus,3130.991694688797,3da3ac7e4432a1d62624245435f34cd7112cf796,outputs/cp3_eval/a25_sft_s1/shard4
a25_sft_s1,a25_sft,25,1,sft,8000,1286,0,0,0.0,libero_plus,3130.991694688797,3da3ac7e4432a1d62624245435f34cd7112cf796,outputs/cp3_eval/a25_sft_s1/shard4
a25_sft_s1,a25_sft,25,1,sft,8000,1378,0,0,0.0,libero_plus,3130.991694688797,3da3ac7e4432a1d62624245435f34cd7112cf796,outputs/cp3_eval/a25_sft_s1/shard4
a25_sft_s1,a25_sft,25,1,sft,8000,1455,0,0,0.0,libero_plus,3130.991694688797,3da3ac7e4432a1d62624245435f34cd7112cf796,outputs/cp3_eval/a25_sft_s1/shard4
a25_sft_s1,a25_sft,25,1,sft,8000,1577,0,1,1.0,libero_plus,3130.991694688797,3da3ac7e4432a1d62624245435f34cd7112cf796,outputs/cp3_eval/a25_sft_s1/shard4
a25_sft_s1,a25_sft,25,1,sft,8000,1621,0,0,0.0,libero_plus,3130.991694688797,3da3ac7e4432a1d62624245435f34cd7112cf796,outputs/cp3_eval/a25_sft_s1/shard4
a25_sft_s1,a25_sft,25,1,sft,8000,1681,0,0,0.0,libero_plus,3130.991694688797,3da3ac7e4432a1d62624245435f34cd7112cf796,outputs/cp3_eval/a25_sft_s1/shard4
a25_sft_s1,a25_sft,25,1,sft,8000,1729,0,1,1.0,libero_plus,3130.991694688797,3da3ac7e4432a1d62624245435f34cd7112cf796,outputs/cp3_eval/a25_sft_s1/shard4
a25_sft_s1,a25_sft,25,1,sft,8000,1803,0,0,0.0,libero_plus,3130.991694688797,3da3ac7e4432a1d62624245435f34cd7112cf796,outputs/cp3_eval/a25_sft_s1/shard4
a25_sft_s1,a25_sft,25,1,sft,8000,1882,0,0,0.0,libero_plus,3130.991694688797,3da3ac7e4432a1d62624245435f34cd7112cf796,outputs/cp3_eval/a25_sft_s1/shard4
a25_sft_s1,a25_sft,25,1,sft,8000,1959,0,0,0.0,libero_plus,3130.991694688797,3da3ac7e4432a1d62624245435f34cd7112cf796,outputs/cp3_eval/a25_sft_s1/shard4
a25_sft_s1,a25_sft,25,1,sft,8000,2037,0,0,0.0,libero_plus,3130.991694688797,3da3ac7e4432a1d62624245435f34cd7112cf796,outputs/cp3_eval/a25_sft_s1/shard4
a25_sft_s1,a25_sft,25,1,sft,8000,2081,0,0,0.0,libero_plus,3130.991694688797,3da3ac7e4432a1d62624245435f34cd7112cf796,outputs/cp3_eval/a25_sft_s1/shard4
a25_sft_s1,a25_sft,25,1,sft,8000,2179,0,0,0.0,libero_plus,3130.991694688797,3da3ac7e4432a1d62624245435f34cd7112cf796,outputs/cp3_eval/a25_sft_s1/shard4
a25_sft_s1,a25_sft,25,1,sft,8000,2222,0,1,1.0,libero_plus,3130.991694688797,3da3ac7e4432a1d62624245435f34cd7112cf796,outputs/cp3_eval/a25_sft_s1/shard4
a25_sft_s1,a25_sft,25,1,sft,8000,2332,0,1,1.0,libero_plus,3130.991694688797,3da3ac7e4432a1d62624245435f34cd7112cf796,outputs/cp3_eval/a25_sft_s1/shard4
a25_sft_s1,a25_sft,25,1,sft,8000,2363,0,1,1.0,libero_plus,3130.991694688797,3da3ac7e4432a1d62624245435f34cd7112cf796,outputs/cp3_eval/a25_sft_s1/shard4
a25_sft_s1,a25_sft,25,1,sft,8000,2406,0,1,1.0,libero_plus,3130.991694688797,3da3ac7e4432a1d62624245435f34cd7112cf796,outputs/cp3_eval/a25_sft_s1/shard4
a25_sft_s1,a25_sft,25,1,sft,8000,2465,0,1,1.0,libero_plus,3130.991694688797,3da3ac7e4432a1d62624245435f34cd7112cf796,outputs/cp3_eval/a25_sft_s1/shard4
a25_sft_s1,a25_sft,25,1,sft,8000,2504,0,1,1.0,libero_plus,3130.991694688797,3da3ac7e4432a1d62624245435f34cd7112cf796,outputs/cp3_eval/a25_sft_s1/shard4
a25_sft_s1,a25_sft,25,1,sft,8000,2569,0,1,1.0,libero_plus,3130.991694688797,3da3ac7e4432a1d62624245435f34cd7112cf796,outputs/cp3_eval/a25_sft_s1/shard4
a25_sft_s2,a25_sft,25,2,sft,8000,5,0,0,0.0,libero_plus,3580.0417292118073,3da3ac7e4432a1d62624245435f34cd7112cf796,outputs/cp3_eval/a25_sft_s2/shard0
a25_sft_s2,a25_sft,25,2,sft,8000,64,0,0,0.0,libero_plus,3580.0417292118073,3da3ac7e4432a1d62624245435f34cd7112cf796,outputs/cp3_eval/a25_sft_s2/shard0
a25_sft_s2,a25_sft,25,2,sft,8000,97,0,0,0.0,libero_plus,3580.0417292118073,3da3ac7e4432a1d62624245435f34cd7112cf796,outputs/cp3_eval/a25_sft_s2/shard0
a25_sft_s2,a25_sft,25,2,sft,8000,152,0,0,0.0,libero_plus,3580.0417292118073,3da3ac7e4432a1d62624245435f34cd7112cf796,outputs/cp3_eval/a25_sft_s2/shard0
a25_sft_s2,a25_sft,25,2,sft,8000,238,0,1,1.0,libero_plus,3580.0417292118073,3da3ac7e4432a1d62624245435f34cd7112cf796,outputs/cp3_eval/a25_sft_s2/shard0
a25_sft_s2,a25_sft,25,2,sft,8000,270,0,1,1.0,libero_plus,3580.0417292118073,3da3ac7e4432a1d62624245435f34cd7112cf796,outputs/cp3_eval/a25_sft_s2/shard0
a25_sft_s2,a25_sft,25,2,sft,8000,306,0,1,1.0,libero_plus,3580.0417292118073,3da3ac7e4432a1d62624245435f34cd7112cf796,outputs/cp3_eval/a25_sft_s2/shard0
a25_sft_s2,a25_sft,25,2,sft,8000,340,0,0,0.0,libero_plus,3580.0417292118073,3da3ac7e4432a1d62624245435f34cd7112cf796,outputs/cp3_eval/a25_sft_s2/shard0
a25_sft_s2,a25_sft,25,2,sft,8000,384,0,1,1.0,libero_plus,3580.0417292118073,3da3ac7e4432a1d62624245435f34cd7112cf796,outputs/cp3_eval/a25_sft_s2/shard0
a25_sft_s2,a25_sft,25,2,sft,8000,493,0,1,1.0,libero_plus,3580.0417292118073,3da3ac7e4432a1d62624245435f34cd7112cf796,outputs/cp3_eval/a25_sft_s2/shard0
a25_sft_s2,a25_sft,25,2,sft,8000,571,0,0,0.0,libero_plus,3580.0417292118073,3da3ac7e4432a1d62624245435f34cd7112cf796,outputs/cp3_eval/a25_sft_s2/shard0
a25_sft_s2,a25_sft,25,2,sft,8000,664,0,1,1.0,libero_plus,3580.0417292118073,3da3ac7e4432a1d62624245435f34cd7112cf796,outputs/cp3_eval/a25_sft_s2/shard0
a25_sft_s2,a25_sft,25,2,sft,8000,745,0,0,0.0,libero_plus,3580.0417292118073,3da3ac7e4432a1d62624245435f34cd7112cf796,outputs/cp3_eval/a25_sft_s2/shard0
a25_sft_s2,a25_sft,25,2,sft,8000,814,0,0,0.0,libero_plus,3580.0417292118073,3da3ac7e4432a1d62624245435f34cd7112cf796,outputs/cp3_eval/a25_sft_s2/shard0
a25_sft_s2,a25_sft,25,2,sft,8000,913,0,0,0.0,libero_plus,3580.0417292118073,3da3ac7e4432a1d62624245435f34cd7112cf796,outputs/cp3_eval/a25_sft_s2/shard0
a25_sft_s2,a25_sft,25,2,sft,8000,968,0,0,0.0,libero_plus,3580.0417292118073,3da3ac7e4432a1d62624245435f34cd7112cf796,outputs/cp3_eval/a25_sft_s2/shard0
a25_sft_s2,a25_sft,25,2,sft,8000,1025,0,1,1.0,libero_plus,3580.0417292118073,3da3ac7e4432a1d62624245435f34cd7112cf796,outputs/cp3_eval/a25_sft_s2/shard0
a25_sft_s2,a25_sft,25,2,sft,8000,1126,0,0,0.0,libero_plus,3580.0417292118073,3da3ac7e4432a1d62624245435f34cd7112cf796,outputs/cp3_eval/a25_sft_s2/shard0
a25_sft_s2,a25_sft,25,2,sft,8000,1209,0,0,0.0,libero_plus,3580.0417292118073,3da3ac7e4432a1d62624245435f34cd7112cf796,outputs/cp3_eval/a25_sft_s2/shard0
a25_sft_s2,a25_sft,25,2,sft,8000,1243,0,0,0.0,libero_plus,3580.0417292118073,3da3ac7e4432a1d62624245435f34cd7112cf796,outputs/cp3_eval/a25_sft_s2/shard0
a25_sft_s2,a25_sft,25,2,sft,8000,1304,0,0,0.0,libero_plus,3580.0417292118073,3da3ac7e4432a1d62624245435f34cd7112cf796,outputs/cp3_eval/a25_sft_s2/shard0
a25_sft_s2,a25_sft,25,2,sft,8000,1394,0,0,0.0,libero_plus,3580.0417292118073,3da3ac7e4432a1d62624245435f34cd7112cf796,outputs/cp3_eval/a25_sft_s2/shard0
a25_sft_s2,a25_sft,25,2,sft,8000,1466,0,0,0.0,libero_plus,3580.0417292118073,3da3ac7e4432a1d62624245435f34cd7112cf796,outputs/cp3_eval/a25_sft_s2/shard0
a25_sft_s2,a25_sft,25,2,sft,8000,1591,0,0,0.0,libero_plus,3580.0417292118073,3da3ac7e4432a1d62624245435f34cd7112cf796,outputs/cp3_eval/a25_sft_s2/shard0
a25_sft_s2,a25_sft,25,2,sft,8000,1625,0,1,1.0,libero_plus,3580.0417292118073,3da3ac7e4432a1d62624245435f34cd7112cf796,outputs/cp3_eval/a25_sft_s2/shard0
a25_sft_s2,a25_sft,25,2,sft,8000,1695,0,1,1.0,libero_plus,3580.0417292118073,3da3ac7e4432a1d62624245435f34cd7112cf796,outputs/cp3_eval/a25_sft_s2/shard0
a25_sft_s2,a25_sft,25,2,sft,8000,1759,0,1,1.0,libero_plus,3580.0417292118073,3da3ac7e4432a1d62624245435f34cd7112cf796,outputs/cp3_eval/a25_sft_s2/shard0
a25_sft_s2,a25_sft,25,2,sft,8000,1811,0,1,1.0,libero_plus,3580.0417292118073,3da3ac7e4432a1d62624245435f34cd7112cf796,outputs/cp3_eval/a25_sft_s2/shard0
a25_sft_s2,a25_sft,25,2,sft,8000,1887,0,1,1.0,libero_plus,3580.0417292118073,3da3ac7e4432a1d62624245435f34cd7112cf796,outputs/cp3_eval/a25_sft_s2/shard0
a25_sft_s2,a25_sft,25,2,sft,8000,1995,0,0,0.0,libero_plus,3580.0417292118073,3da3ac7e4432a1d62624245435f34cd7112cf796,outputs/cp3_eval/a25_sft_s2/shard0
a25_sft_s2,a25_sft,25,2,sft,8000,2045,0,1,1.0,libero_plus,3580.0417292118073,3da3ac7e4432a1d62624245435f34cd7112cf796,outputs/cp3_eval/a25_sft_s2/shard0
a25_sft_s2,a25_sft,25,2,sft,8000,2093,0,0,0.0,libero_plus,3580.0417292118073,3da3ac7e4432a1d62624245435f34cd7112cf796,outputs/cp3_eval/a25_sft_s2/shard0
a25_sft_s2,a25_sft,25,2,sft,8000,2180,0,0,0.0,libero_plus,3580.0417292118073,3da3ac7e4432a1d62624245435f34cd7112cf796,outputs/cp3_eval/a25_sft_s2/shard0
a25_sft_s2,a25_sft,25,2,sft,8000,2235,0,0,0.0,libero_plus,3580.0417292118073,3da3ac7e4432a1d62624245435f34cd7112cf796,outputs/cp3_eval/a25_sft_s2/shard0
a25_sft_s2,a25_sft,25,2,sft,8000,2338,0,1,1.0,libero_plus,3580.0417292118073,3da3ac7e4432a1d62624245435f34cd7112cf796,outputs/cp3_eval/a25_sft_s2/shard0
a25_sft_s2,a25_sft,25,2,sft,8000,2377,0,1,1.0,libero_plus,3580.0417292118073,3da3ac7e4432a1d62624245435f34cd7112cf796,outputs/cp3_eval/a25_sft_s2/shard0
a25_sft_s2,a25_sft,25,2,sft,8000,2411,0,0,0.0,libero_plus,3580.0417292118073,3da3ac7e4432a1d62624245435f34cd7112cf796,outputs/cp3_eval/a25_sft_s2/shard0
a25_sft_s2,a25_sft,25,2,sft,8000,2488,0,1,1.0,libero_plus,3580.0417292118073,3da3ac7e4432a1d62624245435f34cd7112cf796,outputs/cp3_eval/a25_sft_s2/shard0
a25_sft_s2,a25_sft,25,2,sft,8000,2513,0,0,0.0,libero_plus,3580.0417292118073,3da3ac7e4432a1d62624245435f34cd7112cf796,outputs/cp3_eval/a25_sft_s2/shard0
a25_sft_s2,a25_sft,25,2,sft,8000,2578,0,1,1.0,libero_plus,3580.0417292118073,3da3ac7e4432a1d62624245435f34cd7112cf796,outputs/cp3_eval/a25_sft_s2/shard0
a25_sft_s2,a25_sft,25,2,sft,8000,31,0,1,1.0,libero_plus,3580.0417292118073,3da3ac7e4432a1d62624245435f34cd7112cf796,outputs/cp3_eval/a25_sft_s2/shard1
a25_sft_s2,a25_sft,25,2,sft,8000,70,0,0,0.0,libero_plus,3580.0417292118073,3da3ac7e4432a1d62624245435f34cd7112cf796,outputs/cp3_eval/a25_sft_s2/shard1
a25_sft_s2,a25_sft,25,2,sft,8000,106,0,1,1.0,libero_plus,3580.0417292118073,3da3ac7e4432a1d62624245435f34cd7112cf796,outputs/cp3_eval/a25_sft_s2/shard1
a25_sft_s2,a25_sft,25,2,sft,8000,164,0,1,1.0,libero_plus,3580.0417292118073,3da3ac7e4432a1d62624245435f34cd7112cf796,outputs/cp3_eval/a25_sft_s2/shard1
a25_sft_s2,a25_sft,25,2,sft,8000,242,0,0,0.0,libero_plus,3580.0417292118073,3da3ac7e4432a1d62624245435f34cd7112cf796,outputs/cp3_eval/a25_sft_s2/shard1
a25_sft_s2,a25_sft,25,2,sft,8000,273,0,1,1.0,libero_plus,3580.0417292118073,3da3ac7e4432a1d62624245435f34cd7112cf796,outputs/cp3_eval/a25_sft_s2/shard1
a25_sft_s2,a25_sft,25,2,sft,8000,315,0,1,1.0,libero_plus,3580.0417292118073,3da3ac7e4432a1d62624245435f34cd7112cf796,outputs/cp3_eval/a25_sft_s2/shard1
a25_sft_s2,a25_sft,25,2,sft,8000,346,0,0,0.0,libero_plus,3580.0417292118073,3da3ac7e4432a1d62624245435f34cd7112cf796,outputs/cp3_eval/a25_sft_s2/shard1
a25_sft_s2,a25_sft,25,2,sft,8000,392,0,0,0.0,libero_plus,3580.0417292118073,3da3ac7e4432a1d62624245435f34cd7112cf796,outputs/cp3_eval/a25_sft_s2/shard1
a25_sft_s2,a25_sft,25,2,sft,8000,517,0,0,0.0,libero_plus,3580.0417292118073,3da3ac7e4432a1d62624245435f34cd7112cf796,outputs/cp3_eval/a25_sft_s2/shard1
a25_sft_s2,a25_sft,25,2,sft,8000,608,0,1,1.0,libero_plus,3580.0417292118073,3da3ac7e4432a1d62624245435f34cd7112cf796,outputs/cp3_eval/a25_sft_s2/shard1
a25_sft_s2,a25_sft,25,2,sft,8000,706,0,1,1.0,libero_plus,3580.0417292118073,3da3ac7e4432a1d62624245435f34cd7112cf796,outputs/cp3_eval/a25_sft_s2/shard1
a25_sft_s2,a25_sft,25,2,sft,8000,754,0,1,1.0,libero_plus,3580.0417292118073,3da3ac7e4432a1d62624245435f34cd7112cf796,outputs/cp3_eval/a25_sft_s2/shard1
a25_sft_s2,a25_sft,25,2,sft,8000,829,0,0,0.0,libero_plus,3580.0417292118073,3da3ac7e4432a1d62624245435f34cd7112cf796,outputs/cp3_eval/a25_sft_s2/shard1
a25_sft_s2,a25_sft,25,2,sft,8000,934,0,0,0.0,libero_plus,3580.0417292118073,3da3ac7e4432a1d62624245435f34cd7112cf796,outputs/cp3_eval/a25_sft_s2/shard1
a25_sft_s2,a25_sft,25,2,sft,8000,969,0,0,0.0,libero_plus,3580.0417292118073,3da3ac7e4432a1d62624245435f34cd7112cf796,outputs/cp3_eval/a25_sft_s2/shard1
a25_sft_s2,a25_sft,25,2,sft,8000,1042,0,0,0.0,libero_plus,3580.0417292118073,3da3ac7e4432a1d62624245435f34cd7112cf796,outputs/cp3_eval/a25_sft_s2/shard1
a25_sft_s2,a25_sft,25,2,sft,8000,1139,0,0,0.0,libero_plus,3580.0417292118073,3da3ac7e4432a1d62624245435f34cd7112cf796,outputs/cp3_eval/a25_sft_s2/shard1
a25_sft_s2,a25_sft,25,2,sft,8000,1210,0,0,0.0,libero_plus,3580.0417292118073,3da3ac7e4432a1d62624245435f34cd7112cf796,outputs/cp3_eval/a25_sft_s2/shard1
a25_sft_s2,a25_sft,25,2,sft,8000,1246,0,0,0.0,libero_plus,3580.0417292118073,3da3ac7e4432a1d62624245435f34cd7112cf796,outputs/cp3_eval/a25_sft_s2/shard1
a25_sft_s2,a25_sft,25,2,sft,8000,1308,0,0,0.0,libero_plus,3580.0417292118073,3da3ac7e4432a1d62624245435f34cd7112cf796,outputs/cp3_eval/a25_sft_s2/shard1
a25_sft_s2,a25_sft,25,2,sft,8000,1399,0,0,0.0,libero_plus,3580.0417292118073,3da3ac7e4432a1d62624245435f34cd7112cf796,outputs/cp3_eval/a25_sft_s2/shard1
a25_sft_s2,a25_sft,25,2,sft,8000,1503,0,0,0.0,libero_plus,3580.0417292118073,3da3ac7e4432a1d62624245435f34cd7112cf796,outputs/cp3_eval/a25_sft_s2/shard1
a25_sft_s2,a25_sft,25,2,sft,8000,1592,0,0,0.0,libero_plus,3580.0417292118073,3da3ac7e4432a1d62624245435f34cd7112cf796,outputs/cp3_eval/a25_sft_s2/shard1
a25_sft_s2,a25_sft,25,2,sft,8000,1634,0,1,1.0,libero_plus,3580.0417292118073,3da3ac7e4432a1d62624245435f34cd7112cf796,outputs/cp3_eval/a25_sft_s2/shard1
a25_sft_s2,a25_sft,25,2,sft,8000,1714,0,0,0.0,libero_plus,3580.0417292118073,3da3ac7e4432a1d62624245435f34cd7112cf796,outputs/cp3_eval/a25_sft_s2/shard1
a25_sft_s2,a25_sft,25,2,sft,8000,1770,0,1,1.0,libero_plus,3580.0417292118073,3da3ac7e4432a1d62624245435f34cd7112cf796,outputs/cp3_eval/a25_sft_s2/shard1
a25_sft_s2,a25_sft,25,2,sft,8000,1852,0,0,0.0,libero_plus,3580.0417292118073,3da3ac7e4432a1d62624245435f34cd7112cf796,outputs/cp3_eval/a25_sft_s2/shard1
a25_sft_s2,a25_sft,25,2,sft,8000,1922,0,0,0.0,libero_plus,3580.0417292118073,3da3ac7e4432a1d62624245435f34cd7112cf796,outputs/cp3_eval/a25_sft_s2/shard1
a25_sft_s2,a25_sft,25,2,sft,8000,2016,0,1,1.0,libero_plus,3580.0417292118073,3da3ac7e4432a1d62624245435f34cd7112cf796,outputs/cp3_eval/a25_sft_s2/shard1
a25_sft_s2,a25_sft,25,2,sft,8000,2052,0,0,0.0,libero_plus,3580.0417292118073,3da3ac7e4432a1d62624245435f34cd7112cf796,outputs/cp3_eval/a25_sft_s2/shard1
a25_sft_s2,a25_sft,25,2,sft,8000,2128,0,0,0.0,libero_plus,3580.0417292118073,3da3ac7e4432a1d62624245435f34cd7112cf796,outputs/cp3_eval/a25_sft_s2/shard1
a25_sft_s2,a25_sft,25,2,sft,8000,2185,0,0,0.0,libero_plus,3580.0417292118073,3da3ac7e4432a1d62624245435f34cd7112cf796,outputs/cp3_eval/a25_sft_s2/shard1
a25_sft_s2,a25_sft,25,2,sft,8000,2255,0,0,0.0,libero_plus,3580.0417292118073,3da3ac7e4432a1d62624245435f34cd7112cf796,outputs/cp3_eval/a25_sft_s2/shard1
a25_sft_s2,a25_sft,25,2,sft,8000,2346,0,1,1.0,libero_plus,3580.0417292118073,3da3ac7e4432a1d62624245435f34cd7112cf796,outputs/cp3_eval/a25_sft_s2/shard1
a25_sft_s2,a25_sft,25,2,sft,8000,2382,0,0,0.0,libero_plus,3580.0417292118073,3da3ac7e4432a1d62624245435f34cd7112cf796,outputs/cp3_eval/a25_sft_s2/shard1
a25_sft_s2,a25_sft,25,2,sft,8000,2413,0,1,1.0,libero_plus,3580.0417292118073,3da3ac7e4432a1d62624245435f34cd7112cf796,outputs/cp3_eval/a25_sft_s2/shard1
a25_sft_s2,a25_sft,25,2,sft,8000,2491,0,1,1.0,libero_plus,3580.0417292118073,3da3ac7e4432a1d62624245435f34cd7112cf796,outputs/cp3_eval/a25_sft_s2/shard1
a25_sft_s2,a25_sft,25,2,sft,8000,2516,0,1,1.0,libero_plus,3580.0417292118073,3da3ac7e4432a1d62624245435f34cd7112cf796,outputs/cp3_eval/a25_sft_s2/shard1
a25_sft_s2,a25_sft,25,2,sft,8000,39,0,1,1.0,libero_plus,3580.0417292118073,3da3ac7e4432a1d62624245435f34cd7112cf796,outputs/cp3_eval/a25_sft_s2/shard2
a25_sft_s2,a25_sft,25,2,sft,8000,74,0,1,1.0,libero_plus,3580.0417292118073,3da3ac7e4432a1d62624245435f34cd7112cf796,outputs/cp3_eval/a25_sft_s2/shard2
a25_sft_s2,a25_sft,25,2,sft,8000,117,0,1,1.0,libero_plus,3580.0417292118073,3da3ac7e4432a1d62624245435f34cd7112cf796,outputs/cp3_eval/a25_sft_s2/shard2
a25_sft_s2,a25_sft,25,2,sft,8000,173,0,1,1.0,libero_plus,3580.0417292118073,3da3ac7e4432a1d62624245435f34cd7112cf796,outputs/cp3_eval/a25_sft_s2/shard2
a25_sft_s2,a25_sft,25,2,sft,8000,250,0,1,1.0,libero_plus,3580.0417292118073,3da3ac7e4432a1d62624245435f34cd7112cf796,outputs/cp3_eval/a25_sft_s2/shard2
a25_sft_s2,a25_sft,25,2,sft,8000,277,0,1,1.0,libero_plus,3580.0417292118073,3da3ac7e4432a1d62624245435f34cd7112cf796,outputs/cp3_eval/a25_sft_s2/shard2
a25_sft_s2,a25_sft,25,2,sft,8000,332,0,1,1.0,libero_plus,3580.0417292118073,3da3ac7e4432a1d62624245435f34cd7112cf796,outputs/cp3_eval/a25_sft_s2/shard2
a25_sft_s2,a25_sft,25,2,sft,8000,352,0,1,1.0,libero_plus,3580.0417292118073,3da3ac7e4432a1d62624245435f34cd7112cf796,outputs/cp3_eval/a25_sft_s2/shard2
a25_sft_s2,a25_sft,25,2,sft,8000,484,0,0,0.0,libero_plus,3580.0417292118073,3da3ac7e4432a1d62624245435f34cd7112cf796,outputs/cp3_eval/a25_sft_s2/shard2
a25_sft_s2,a25_sft,25,2,sft,8000,523,0,0,0.0,libero_plus,3580.0417292118073,3da3ac7e4432a1d62624245435f34cd7112cf796,outputs/cp3_eval/a25_sft_s2/shard2
a25_sft_s2,a25_sft,25,2,sft,8000,611,0,0,0.0,libero_plus,3580.0417292118073,3da3ac7e4432a1d62624245435f34cd7112cf796,outputs/cp3_eval/a25_sft_s2/shard2
a25_sft_s2,a25_sft,25,2,sft,8000,734,0,1,1.0,libero_plus,3580.0417292118073,3da3ac7e4432a1d62624245435f34cd7112cf796,outputs/cp3_eval/a25_sft_s2/shard2
a25_sft_s2,a25_sft,25,2,sft,8000,758,0,1,1.0,libero_plus,3580.0417292118073,3da3ac7e4432a1d62624245435f34cd7112cf796,outputs/cp3_eval/a25_sft_s2/shard2
a25_sft_s2,a25_sft,25,2,sft,8000,836,0,1,1.0,libero_plus,3580.0417292118073,3da3ac7e4432a1d62624245435f34cd7112cf796,outputs/cp3_eval/a25_sft_s2/shard2
a25_sft_s2,a25_sft,25,2,sft,8000,950,0,1,1.0,libero_plus,3580.0417292118073,3da3ac7e4432a1d62624245435f34cd7112cf796,outputs/cp3_eval/a25_sft_s2/shard2
a25_sft_s2,a25_sft,25,2,sft,8000,973,0,1,1.0,libero_plus,3580.0417292118073,3da3ac7e4432a1d62624245435f34cd7112cf796,outputs/cp3_eval/a25_sft_s2/shard2
a25_sft_s2,a25_sft,25,2,sft,8000,1058,0,0,0.0,libero_plus,3580.0417292118073,3da3ac7e4432a1d62624245435f34cd7112cf796,outputs/cp3_eval/a25_sft_s2/shard2
a25_sft_s2,a25_sft,25,2,sft,8000,1171,0,0,0.0,libero_plus,3580.0417292118073,3da3ac7e4432a1d62624245435f34cd7112cf796,outputs/cp3_eval/a25_sft_s2/shard2
a25_sft_s2,a25_sft,25,2,sft,8000,1211,0,0,0.0,libero_plus,3580.0417292118073,3da3ac7e4432a1d62624245435f34cd7112cf796,outputs/cp3_eval/a25_sft_s2/shard2
a25_sft_s2,a25_sft,25,2,sft,8000,1267,0,0,0.0,libero_plus,3580.0417292118073,3da3ac7e4432a1d62624245435f34cd7112cf796,outputs/cp3_eval/a25_sft_s2/shard2
a25_sft_s2,a25_sft,25,2,sft,8000,1355,0,0,0.0,libero_plus,3580.0417292118073,3da3ac7e4432a1d62624245435f34cd7112cf796,outputs/cp3_eval/a25_sft_s2/shard2
a25_sft_s2,a25_sft,25,2,sft,8000,1422,0,0,0.0,libero_plus,3580.0417292118073,3da3ac7e4432a1d62624245435f34cd7112cf796,outputs/cp3_eval/a25_sft_s2/shard2
a25_sft_s2,a25_sft,25,2,sft,8000,1567,0,0,0.0,libero_plus,3580.0417292118073,3da3ac7e4432a1d62624245435f34cd7112cf796,outputs/cp3_eval/a25_sft_s2/shard2
a25_sft_s2,a25_sft,25,2,sft,8000,1595,0,0,0.0,libero_plus,3580.0417292118073,3da3ac7e4432a1d62624245435f34cd7112cf796,outputs/cp3_eval/a25_sft_s2/shard2
a25_sft_s2,a25_sft,25,2,sft,8000,1642,0,1,1.0,libero_plus,3580.0417292118073,3da3ac7e4432a1d62624245435f34cd7112cf796,outputs/cp3_eval/a25_sft_s2/shard2
a25_sft_s2,a25_sft,25,2,sft,8000,1718,0,1,1.0,libero_plus,3580.0417292118073,3da3ac7e4432a1d62624245435f34cd7112cf796,outputs/cp3_eval/a25_sft_s2/shard2
a25_sft_s2,a25_sft,25,2,sft,8000,1791,0,1,1.0,libero_plus,3580.0417292118073,3da3ac7e4432a1d62624245435f34cd7112cf796,outputs/cp3_eval/a25_sft_s2/shard2
a25_sft_s2,a25_sft,25,2,sft,8000,1860,0,0,0.0,libero_plus,3580.0417292118073,3da3ac7e4432a1d62624245435f34cd7112cf796,outputs/cp3_eval/a25_sft_s2/shard2
a25_sft_s2,a25_sft,25,2,sft,8000,1940,0,1,1.0,libero_plus,3580.0417292118073,3da3ac7e4432a1d62624245435f34cd7112cf796,outputs/cp3_eval/a25_sft_s2/shard2
a25_sft_s2,a25_sft,25,2,sft,8000,2034,0,1,1.0,libero_plus,3580.0417292118073,3da3ac7e4432a1d62624245435f34cd7112cf796,outputs/cp3_eval/a25_sft_s2/shard2
a25_sft_s2,a25_sft,25,2,sft,8000,2056,0,0,0.0,libero_plus,3580.0417292118073,3da3ac7e4432a1d62624245435f34cd7112cf796,outputs/cp3_eval/a25_sft_s2/shard2
a25_sft_s2,a25_sft,25,2,sft,8000,2139,0,0,0.0,libero_plus,3580.0417292118073,3da3ac7e4432a1d62624245435f34cd7112cf796,outputs/cp3_eval/a25_sft_s2/shard2
a25_sft_s2,a25_sft,25,2,sft,8000,2203,0,0,0.0,libero_plus,3580.0417292118073,3da3ac7e4432a1d62624245435f34cd7112cf796,outputs/cp3_eval/a25_sft_s2/shard2
a25_sft_s2,a25_sft,25,2,sft,8000,2262,0,0,0.0,libero_plus,3580.0417292118073,3da3ac7e4432a1d62624245435f34cd7112cf796,outputs/cp3_eval/a25_sft_s2/shard2
a25_sft_s2,a25_sft,25,2,sft,8000,2350,0,1,1.0,libero_plus,3580.0417292118073,3da3ac7e4432a1d62624245435f34cd7112cf796,outputs/cp3_eval/a25_sft_s2/shard2
a25_sft_s2,a25_sft,25,2,sft,8000,2388,0,0,0.0,libero_plus,3580.0417292118073,3da3ac7e4432a1d62624245435f34cd7112cf796,outputs/cp3_eval/a25_sft_s2/shard2
a25_sft_s2,a25_sft,25,2,sft,8000,2446,0,1,1.0,libero_plus,3580.0417292118073,3da3ac7e4432a1d62624245435f34cd7112cf796,outputs/cp3_eval/a25_sft_s2/shard2
a25_sft_s2,a25_sft,25,2,sft,8000,2494,0,0,0.0,libero_plus,3580.0417292118073,3da3ac7e4432a1d62624245435f34cd7112cf796,outputs/cp3_eval/a25_sft_s2/shard2
a25_sft_s2,a25_sft,25,2,sft,8000,2528,0,0,0.0,libero_plus,3580.0417292118073,3da3ac7e4432a1d62624245435f34cd7112cf796,outputs/cp3_eval/a25_sft_s2/shard2
a25_sft_s2,a25_sft,25,2,sft,8000,41,0,1,1.0,libero_plus,3580.0417292118073,3da3ac7e4432a1d62624245435f34cd7112cf796,outputs/cp3_eval/a25_sft_s2/shard3
a25_sft_s2,a25_sft,25,2,sft,8000,83,0,0,0.0,libero_plus,3580.0417292118073,3da3ac7e4432a1d62624245435f34cd7112cf796,outputs/cp3_eval/a25_sft_s2/shard3
a25_sft_s2,a25_sft,25,2,sft,8000,124,0,1,1.0,libero_plus,3580.0417292118073,3da3ac7e4432a1d62624245435f34cd7112cf796,outputs/cp3_eval/a25_sft_s2/shard3
a25_sft_s2,a25_sft,25,2,sft,8000,214,0,0,0.0,libero_plus,3580.0417292118073,3da3ac7e4432a1d62624245435f34cd7112cf796,outputs/cp3_eval/a25_sft_s2/shard3
a25_sft_s2,a25_sft,25,2,sft,8000,265,0,1,1.0,libero_plus,3580.0417292118073,3da3ac7e4432a1d62624245435f34cd7112cf796,outputs/cp3_eval/a25_sft_s2/shard3
a25_sft_s2,a25_sft,25,2,sft,8000,291,0,1,1.0,libero_plus,3580.0417292118073,3da3ac7e4432a1d62624245435f34cd7112cf796,outputs/cp3_eval/a25_sft_s2/shard3
a25_sft_s2,a25_sft,25,2,sft,8000,337,0,0,0.0,libero_plus,3580.0417292118073,3da3ac7e4432a1d62624245435f34cd7112cf796,outputs/cp3_eval/a25_sft_s2/shard3
a25_sft_s2,a25_sft,25,2,sft,8000,355,0,1,1.0,libero_plus,3580.0417292118073,3da3ac7e4432a1d62624245435f34cd7112cf796,outputs/cp3_eval/a25_sft_s2/shard3
a25_sft_s2,a25_sft,25,2,sft,8000,488,0,0,0.0,libero_plus,3580.0417292118073,3da3ac7e4432a1d62624245435f34cd7112cf796,outputs/cp3_eval/a25_sft_s2/shard3
a25_sft_s2,a25_sft,25,2,sft,8000,546,0,0,0.0,libero_plus,3580.0417292118073,3da3ac7e4432a1d62624245435f34cd7112cf796,outputs/cp3_eval/a25_sft_s2/shard3
a25_sft_s2,a25_sft,25,2,sft,8000,614,0,1,1.0,libero_plus,3580.0417292118073,3da3ac7e4432a1d62624245435f34cd7112cf796,outputs/cp3_eval/a25_sft_s2/shard3
a25_sft_s2,a25_sft,25,2,sft,8000,737,0,1,1.0,libero_plus,3580.0417292118073,3da3ac7e4432a1d62624245435f34cd7112cf796,outputs/cp3_eval/a25_sft_s2/shard3
a25_sft_s2,a25_sft,25,2,sft,8000,786,0,0,0.0,libero_plus,3580.0417292118073,3da3ac7e4432a1d62624245435f34cd7112cf796,outputs/cp3_eval/a25_sft_s2/shard3
a25_sft_s2,a25_sft,25,2,sft,8000,871,0,1,1.0,libero_plus,3580.0417292118073,3da3ac7e4432a1d62624245435f34cd7112cf796,outputs/cp3_eval/a25_sft_s2/shard3
a25_sft_s2,a25_sft,25,2,sft,8000,962,0,1,1.0,libero_plus,3580.0417292118073,3da3ac7e4432a1d62624245435f34cd7112cf796,outputs/cp3_eval/a25_sft_s2/shard3
a25_sft_s2,a25_sft,25,2,sft,8000,974,0,0,0.0,libero_plus,3580.0417292118073,3da3ac7e4432a1d62624245435f34cd7112cf796,outputs/cp3_eval/a25_sft_s2/shard3
a25_sft_s2,a25_sft,25,2,sft,8000,1069,0,0,0.0,libero_plus,3580.0417292118073,3da3ac7e4432a1d62624245435f34cd7112cf796,outputs/cp3_eval/a25_sft_s2/shard3
a25_sft_s2,a25_sft,25,2,sft,8000,1194,0,0,0.0,libero_plus,3580.0417292118073,3da3ac7e4432a1d62624245435f34cd7112cf796,outputs/cp3_eval/a25_sft_s2/shard3
a25_sft_s2,a25_sft,25,2,sft,8000,1213,0,0,0.0,libero_plus,3580.0417292118073,3da3ac7e4432a1d62624245435f34cd7112cf796,outputs/cp3_eval/a25_sft_s2/shard3
a25_sft_s2,a25_sft,25,2,sft,8000,1279,0,0,0.0,libero_plus,3580.0417292118073,3da3ac7e4432a1d62624245435f34cd7112cf796,outputs/cp3_eval/a25_sft_s2/shard3
a25_sft_s2,a25_sft,25,2,sft,8000,1356,0,0,0.0,libero_plus,3580.0417292118073,3da3ac7e4432a1d62624245435f34cd7112cf796,outputs/cp3_eval/a25_sft_s2/shard3
a25_sft_s2,a25_sft,25,2,sft,8000,1449,0,0,0.0,libero_plus,3580.0417292118073,3da3ac7e4432a1d62624245435f34cd7112cf796,outputs/cp3_eval/a25_sft_s2/shard3
a25_sft_s2,a25_sft,25,2,sft,8000,1572,0,1,1.0,libero_plus,3580.0417292118073,3da3ac7e4432a1d62624245435f34cd7112cf796,outputs/cp3_eval/a25_sft_s2/shard3
a25_sft_s2,a25_sft,25,2,sft,8000,1608,0,1,1.0,libero_plus,3580.0417292118073,3da3ac7e4432a1d62624245435f34cd7112cf796,outputs/cp3_eval/a25_sft_s2/shard3
a25_sft_s2,a25_sft,25,2,sft,8000,1672,0,1,1.0,libero_plus,3580.0417292118073,3da3ac7e4432a1d62624245435f34cd7112cf796,outputs/cp3_eval/a25_sft_s2/shard3
a25_sft_s2,a25_sft,25,2,sft,8000,1727,0,1,1.0,libero_plus,3580.0417292118073,3da3ac7e4432a1d62624245435f34cd7112cf796,outputs/cp3_eval/a25_sft_s2/shard3
a25_sft_s2,a25_sft,25,2,sft,8000,1794,0,0,0.0,libero_plus,3580.0417292118073,3da3ac7e4432a1d62624245435f34cd7112cf796,outputs/cp3_eval/a25_sft_s2/shard3
a25_sft_s2,a25_sft,25,2,sft,8000,1864,0,1,1.0,libero_plus,3580.0417292118073,3da3ac7e4432a1d62624245435f34cd7112cf796,outputs/cp3_eval/a25_sft_s2/shard3
a25_sft_s2,a25_sft,25,2,sft,8000,1945,0,0,0.0,libero_plus,3580.0417292118073,3da3ac7e4432a1d62624245435f34cd7112cf796,outputs/cp3_eval/a25_sft_s2/shard3
a25_sft_s2,a25_sft,25,2,sft,8000,2035,0,1,1.0,libero_plus,3580.0417292118073,3da3ac7e4432a1d62624245435f34cd7112cf796,outputs/cp3_eval/a25_sft_s2/shard3
a25_sft_s2,a25_sft,25,2,sft,8000,2065,0,0,0.0,libero_plus,3580.0417292118073,3da3ac7e4432a1d62624245435f34cd7112cf796,outputs/cp3_eval/a25_sft_s2/shard3
a25_sft_s2,a25_sft,25,2,sft,8000,2153,0,0,0.0,libero_plus,3580.0417292118073,3da3ac7e4432a1d62624245435f34cd7112cf796,outputs/cp3_eval/a25_sft_s2/shard3
a25_sft_s2,a25_sft,25,2,sft,8000,2207,0,0,0.0,libero_plus,3580.0417292118073,3da3ac7e4432a1d62624245435f34cd7112cf796,outputs/cp3_eval/a25_sft_s2/shard3
a25_sft_s2,a25_sft,25,2,sft,8000,2321,0,0,0.0,libero_plus,3580.0417292118073,3da3ac7e4432a1d62624245435f34cd7112cf796,outputs/cp3_eval/a25_sft_s2/shard3
a25_sft_s2,a25_sft,25,2,sft,8000,2359,0,1,1.0,libero_plus,3580.0417292118073,3da3ac7e4432a1d62624245435f34cd7112cf796,outputs/cp3_eval/a25_sft_s2/shard3
a25_sft_s2,a25_sft,25,2,sft,8000,2405,0,1,1.0,libero_plus,3580.0417292118073,3da3ac7e4432a1d62624245435f34cd7112cf796,outputs/cp3_eval/a25_sft_s2/shard3
a25_sft_s2,a25_sft,25,2,sft,8000,2464,0,1,1.0,libero_plus,3580.0417292118073,3da3ac7e4432a1d62624245435f34cd7112cf796,outputs/cp3_eval/a25_sft_s2/shard3
a25_sft_s2,a25_sft,25,2,sft,8000,2497,0,1,1.0,libero_plus,3580.0417292118073,3da3ac7e4432a1d62624245435f34cd7112cf796,outputs/cp3_eval/a25_sft_s2/shard3
a25_sft_s2,a25_sft,25,2,sft,8000,2539,0,1,1.0,libero_plus,3580.0417292118073,3da3ac7e4432a1d62624245435f34cd7112cf796,outputs/cp3_eval/a25_sft_s2/shard3
a25_sft_s2,a25_sft,25,2,sft,8000,44,0,1,1.0,libero_plus,3580.0417292118073,3da3ac7e4432a1d62624245435f34cd7112cf796,outputs/cp3_eval/a25_sft_s2/shard4
a25_sft_s2,a25_sft,25,2,sft,8000,94,0,1,1.0,libero_plus,3580.0417292118073,3da3ac7e4432a1d62624245435f34cd7112cf796,outputs/cp3_eval/a25_sft_s2/shard4
a25_sft_s2,a25_sft,25,2,sft,8000,141,0,1,1.0,libero_plus,3580.0417292118073,3da3ac7e4432a1d62624245435f34cd7112cf796,outputs/cp3_eval/a25_sft_s2/shard4
a25_sft_s2,a25_sft,25,2,sft,8000,226,0,0,0.0,libero_plus,3580.0417292118073,3da3ac7e4432a1d62624245435f34cd7112cf796,outputs/cp3_eval/a25_sft_s2/shard4
a25_sft_s2,a25_sft,25,2,sft,8000,266,0,0,0.0,libero_plus,3580.0417292118073,3da3ac7e4432a1d62624245435f34cd7112cf796,outputs/cp3_eval/a25_sft_s2/shard4
a25_sft_s2,a25_sft,25,2,sft,8000,304,0,0,0.0,libero_plus,3580.0417292118073,3da3ac7e4432a1d62624245435f34cd7112cf796,outputs/cp3_eval/a25_sft_s2/shard4
a25_sft_s2,a25_sft,25,2,sft,8000,339,0,1,1.0,libero_plus,3580.0417292118073,3da3ac7e4432a1d62624245435f34cd7112cf796,outputs/cp3_eval/a25_sft_s2/shard4
a25_sft_s2,a25_sft,25,2,sft,8000,365,0,0,0.0,libero_plus,3580.0417292118073,3da3ac7e4432a1d62624245435f34cd7112cf796,outputs/cp3_eval/a25_sft_s2/shard4
a25_sft_s2,a25_sft,25,2,sft,8000,492,0,1,1.0,libero_plus,3580.0417292118073,3da3ac7e4432a1d62624245435f34cd7112cf796,outputs/cp3_eval/a25_sft_s2/shard4
a25_sft_s2,a25_sft,25,2,sft,8000,556,0,0,0.0,libero_plus,3580.0417292118073,3da3ac7e4432a1d62624245435f34cd7112cf796,outputs/cp3_eval/a25_sft_s2/shard4
a25_sft_s2,a25_sft,25,2,sft,8000,616,0,1,1.0,libero_plus,3580.0417292118073,3da3ac7e4432a1d62624245435f34cd7112cf796,outputs/cp3_eval/a25_sft_s2/shard4
a25_sft_s2,a25_sft,25,2,sft,8000,740,0,1,1.0,libero_plus,3580.0417292118073,3da3ac7e4432a1d62624245435f34cd7112cf796,outputs/cp3_eval/a25_sft_s2/shard4
a25_sft_s2,a25_sft,25,2,sft,8000,812,0,0,0.0,libero_plus,3580.0417292118073,3da3ac7e4432a1d62624245435f34cd7112cf796,outputs/cp3_eval/a25_sft_s2/shard4
a25_sft_s2,a25_sft,25,2,sft,8000,882,0,0,0.0,libero_plus,3580.0417292118073,3da3ac7e4432a1d62624245435f34cd7112cf796,outputs/cp3_eval/a25_sft_s2/shard4
a25_sft_s2,a25_sft,25,2,sft,8000,964,0,0,0.0,libero_plus,3580.0417292118073,3da3ac7e4432a1d62624245435f34cd7112cf796,outputs/cp3_eval/a25_sft_s2/shard4
a25_sft_s2,a25_sft,25,2,sft,8000,978,0,0,0.0,libero_plus,3580.0417292118073,3da3ac7e4432a1d62624245435f34cd7112cf796,outputs/cp3_eval/a25_sft_s2/shard4
a25_sft_s2,a25_sft,25,2,sft,8000,1117,0,0,0.0,libero_plus,3580.0417292118073,3da3ac7e4432a1d62624245435f34cd7112cf796,outputs/cp3_eval/a25_sft_s2/shard4
a25_sft_s2,a25_sft,25,2,sft,8000,1196,0,0,0.0,libero_plus,3580.0417292118073,3da3ac7e4432a1d62624245435f34cd7112cf796,outputs/cp3_eval/a25_sft_s2/shard4
a25_sft_s2,a25_sft,25,2,sft,8000,1239,0,0,0.0,libero_plus,3580.0417292118073,3da3ac7e4432a1d62624245435f34cd7112cf796,outputs/cp3_eval/a25_sft_s2/shard4
a25_sft_s2,a25_sft,25,2,sft,8000,1286,0,0,0.0,libero_plus,3580.0417292118073,3da3ac7e4432a1d62624245435f34cd7112cf796,outputs/cp3_eval/a25_sft_s2/shard4
a25_sft_s2,a25_sft,25,2,sft,8000,1378,0,0,0.0,libero_plus,3580.0417292118073,3da3ac7e4432a1d62624245435f34cd7112cf796,outputs/cp3_eval/a25_sft_s2/shard4
a25_sft_s2,a25_sft,25,2,sft,8000,1455,0,0,0.0,libero_plus,3580.0417292118073,3da3ac7e4432a1d62624245435f34cd7112cf796,outputs/cp3_eval/a25_sft_s2/shard4
a25_sft_s2,a25_sft,25,2,sft,8000,1577,0,1,1.0,libero_plus,3580.0417292118073,3da3ac7e4432a1d62624245435f34cd7112cf796,outputs/cp3_eval/a25_sft_s2/shard4
a25_sft_s2,a25_sft,25,2,sft,8000,1621,0,0,0.0,libero_plus,3580.0417292118073,3da3ac7e4432a1d62624245435f34cd7112cf796,outputs/cp3_eval/a25_sft_s2/shard4
a25_sft_s2,a25_sft,25,2,sft,8000,1681,0,1,1.0,libero_plus,3580.0417292118073,3da3ac7e4432a1d62624245435f34cd7112cf796,outputs/cp3_eval/a25_sft_s2/shard4
a25_sft_s2,a25_sft,25,2,sft,8000,1729,0,0,0.0,libero_plus,3580.0417292118073,3da3ac7e4432a1d62624245435f34cd7112cf796,outputs/cp3_eval/a25_sft_s2/shard4
a25_sft_s2,a25_sft,25,2,sft,8000,1803,0,1,1.0,libero_plus,3580.0417292118073,3da3ac7e4432a1d62624245435f34cd7112cf796,outputs/cp3_eval/a25_sft_s2/shard4
a25_sft_s2,a25_sft,25,2,sft,8000,1882,0,1,1.0,libero_plus,3580.0417292118073,3da3ac7e4432a1d62624245435f34cd7112cf796,outputs/cp3_eval/a25_sft_s2/shard4
a25_sft_s2,a25_sft,25,2,sft,8000,1959,0,0,0.0,libero_plus,3580.0417292118073,3da3ac7e4432a1d62624245435f34cd7112cf796,outputs/cp3_eval/a25_sft_s2/shard4
a25_sft_s2,a25_sft,25,2,sft,8000,2037,0,1,1.0,libero_plus,3580.0417292118073,3da3ac7e4432a1d62624245435f34cd7112cf796,outputs/cp3_eval/a25_sft_s2/shard4
a25_sft_s2,a25_sft,25,2,sft,8000,2081,0,0,0.0,libero_plus,3580.0417292118073,3da3ac7e4432a1d62624245435f34cd7112cf796,outputs/cp3_eval/a25_sft_s2/shard4
a25_sft_s2,a25_sft,25,2,sft,8000,2179,0,0,0.0,libero_plus,3580.0417292118073,3da3ac7e4432a1d62624245435f34cd7112cf796,outputs/cp3_eval/a25_sft_s2/shard4
a25_sft_s2,a25_sft,25,2,sft,8000,2222,0,1,1.0,libero_plus,3580.0417292118073,3da3ac7e4432a1d62624245435f34cd7112cf796,outputs/cp3_eval/a25_sft_s2/shard4
a25_sft_s2,a25_sft,25,2,sft,8000,2332,0,1,1.0,libero_plus,3580.0417292118073,3da3ac7e4432a1d62624245435f34cd7112cf796,outputs/cp3_eval/a25_sft_s2/shard4
a25_sft_s2,a25_sft,25,2,sft,8000,2363,0,1,1.0,libero_plus,3580.0417292118073,3da3ac7e4432a1d62624245435f34cd7112cf796,outputs/cp3_eval/a25_sft_s2/shard4
a25_sft_s2,a25_sft,25,2,sft,8000,2406,0,1,1.0,libero_plus,3580.0417292118073,3da3ac7e4432a1d62624245435f34cd7112cf796,outputs/cp3_eval/a25_sft_s2/shard4
a25_sft_s2,a25_sft,25,2,sft,8000,2465,0,1,1.0,libero_plus,3580.0417292118073,3da3ac7e4432a1d62624245435f34cd7112cf796,outputs/cp3_eval/a25_sft_s2/shard4
a25_sft_s2,a25_sft,25,2,sft,8000,2504,0,1,1.0,libero_plus,3580.0417292118073,3da3ac7e4432a1d62624245435f34cd7112cf796,outputs/cp3_eval/a25_sft_s2/shard4
a25_sft_s2,a25_sft,25,2,sft,8000,2569,0,0,0.0,libero_plus,3580.0417292118073,3da3ac7e4432a1d62624245435f34cd7112cf796,outputs/cp3_eval/a25_sft_s2/shard4
a25_sft_s3,a25_sft,25,3,sft,8000,5,0,0,0.0,libero_plus,3121.828917503357,3da3ac7e4432a1d62624245435f34cd7112cf796,outputs/cp3_eval/a25_sft_s3/shard0
a25_sft_s3,a25_sft,25,3,sft,8000,64,0,0,0.0,libero_plus,3121.828917503357,3da3ac7e4432a1d62624245435f34cd7112cf796,outputs/cp3_eval/a25_sft_s3/shard0
a25_sft_s3,a25_sft,25,3,sft,8000,97,0,1,1.0,libero_plus,3121.828917503357,3da3ac7e4432a1d62624245435f34cd7112cf796,outputs/cp3_eval/a25_sft_s3/shard0
a25_sft_s3,a25_sft,25,3,sft,8000,152,0,1,1.0,libero_plus,3121.828917503357,3da3ac7e4432a1d62624245435f34cd7112cf796,outputs/cp3_eval/a25_sft_s3/shard0
a25_sft_s3,a25_sft,25,3,sft,8000,238,0,1,1.0,libero_plus,3121.828917503357,3da3ac7e4432a1d62624245435f34cd7112cf796,outputs/cp3_eval/a25_sft_s3/shard0
a25_sft_s3,a25_sft,25,3,sft,8000,270,0,0,0.0,libero_plus,3121.828917503357,3da3ac7e4432a1d62624245435f34cd7112cf796,outputs/cp3_eval/a25_sft_s3/shard0
a25_sft_s3,a25_sft,25,3,sft,8000,306,0,1,1.0,libero_plus,3121.828917503357,3da3ac7e4432a1d62624245435f34cd7112cf796,outputs/cp3_eval/a25_sft_s3/shard0
a25_sft_s3,a25_sft,25,3,sft,8000,340,0,0,0.0,libero_plus,3121.828917503357,3da3ac7e4432a1d62624245435f34cd7112cf796,outputs/cp3_eval/a25_sft_s3/shard0
a25_sft_s3,a25_sft,25,3,sft,8000,384,0,1,1.0,libero_plus,3121.828917503357,3da3ac7e4432a1d62624245435f34cd7112cf796,outputs/cp3_eval/a25_sft_s3/shard0
a25_sft_s3,a25_sft,25,3,sft,8000,493,0,1,1.0,libero_plus,3121.828917503357,3da3ac7e4432a1d62624245435f34cd7112cf796,outputs/cp3_eval/a25_sft_s3/shard0
a25_sft_s3,a25_sft,25,3,sft,8000,571,0,0,0.0,libero_plus,3121.828917503357,3da3ac7e4432a1d62624245435f34cd7112cf796,outputs/cp3_eval/a25_sft_s3/shard0
a25_sft_s3,a25_sft,25,3,sft,8000,664,0,1,1.0,libero_plus,3121.828917503357,3da3ac7e4432a1d62624245435f34cd7112cf796,outputs/cp3_eval/a25_sft_s3/shard0
a25_sft_s3,a25_sft,25,3,sft,8000,745,0,0,0.0,libero_plus,3121.828917503357,3da3ac7e4432a1d62624245435f34cd7112cf796,outputs/cp3_eval/a25_sft_s3/shard0
a25_sft_s3,a25_sft,25,3,sft,8000,814,0,0,0.0,libero_plus,3121.828917503357,3da3ac7e4432a1d62624245435f34cd7112cf796,outputs/cp3_eval/a25_sft_s3/shard0
a25_sft_s3,a25_sft,25,3,sft,8000,913,0,1,1.0,libero_plus,3121.828917503357,3da3ac7e4432a1d62624245435f34cd7112cf796,outputs/cp3_eval/a25_sft_s3/shard0
a25_sft_s3,a25_sft,25,3,sft,8000,968,0,0,0.0,libero_plus,3121.828917503357,3da3ac7e4432a1d62624245435f34cd7112cf796,outputs/cp3_eval/a25_sft_s3/shard0
a25_sft_s3,a25_sft,25,3,sft,8000,1025,0,1,1.0,libero_plus,3121.828917503357,3da3ac7e4432a1d62624245435f34cd7112cf796,outputs/cp3_eval/a25_sft_s3/shard0
a25_sft_s3,a25_sft,25,3,sft,8000,1126,0,0,0.0,libero_plus,3121.828917503357,3da3ac7e4432a1d62624245435f34cd7112cf796,outputs/cp3_eval/a25_sft_s3/shard0
a25_sft_s3,a25_sft,25,3,sft,8000,1209,0,0,0.0,libero_plus,3121.828917503357,3da3ac7e4432a1d62624245435f34cd7112cf796,outputs/cp3_eval/a25_sft_s3/shard0
a25_sft_s3,a25_sft,25,3,sft,8000,1243,0,0,0.0,libero_plus,3121.828917503357,3da3ac7e4432a1d62624245435f34cd7112cf796,outputs/cp3_eval/a25_sft_s3/shard0
a25_sft_s3,a25_sft,25,3,sft,8000,1304,0,0,0.0,libero_plus,3121.828917503357,3da3ac7e4432a1d62624245435f34cd7112cf796,outputs/cp3_eval/a25_sft_s3/shard0
a25_sft_s3,a25_sft,25,3,sft,8000,1394,0,0,0.0,libero_plus,3121.828917503357,3da3ac7e4432a1d62624245435f34cd7112cf796,outputs/cp3_eval/a25_sft_s3/shard0
a25_sft_s3,a25_sft,25,3,sft,8000,1466,0,0,0.0,libero_plus,3121.828917503357,3da3ac7e4432a1d62624245435f34cd7112cf796,outputs/cp3_eval/a25_sft_s3/shard0
a25_sft_s3,a25_sft,25,3,sft,8000,1591,0,0,0.0,libero_plus,3121.828917503357,3da3ac7e4432a1d62624245435f34cd7112cf796,outputs/cp3_eval/a25_sft_s3/shard0
a25_sft_s3,a25_sft,25,3,sft,8000,1625,0,1,1.0,libero_plus,3121.828917503357,3da3ac7e4432a1d62624245435f34cd7112cf796,outputs/cp3_eval/a25_sft_s3/shard0
a25_sft_s3,a25_sft,25,3,sft,8000,1695,0,1,1.0,libero_plus,3121.828917503357,3da3ac7e4432a1d62624245435f34cd7112cf796,outputs/cp3_eval/a25_sft_s3/shard0
a25_sft_s3,a25_sft,25,3,sft,8000,1759,0,0,0.0,libero_plus,3121.828917503357,3da3ac7e4432a1d62624245435f34cd7112cf796,outputs/cp3_eval/a25_sft_s3/shard0
a25_sft_s3,a25_sft,25,3,sft,8000,1811,0,0,0.0,libero_plus,3121.828917503357,3da3ac7e4432a1d62624245435f34cd7112cf796,outputs/cp3_eval/a25_sft_s3/shard0
a25_sft_s3,a25_sft,25,3,sft,8000,1887,0,1,1.0,libero_plus,3121.828917503357,3da3ac7e4432a1d62624245435f34cd7112cf796,outputs/cp3_eval/a25_sft_s3/shard0
a25_sft_s3,a25_sft,25,3,sft,8000,1995,0,0,0.0,libero_plus,3121.828917503357,3da3ac7e4432a1d62624245435f34cd7112cf796,outputs/cp3_eval/a25_sft_s3/shard0
a25_sft_s3,a25_sft,25,3,sft,8000,2045,0,1,1.0,libero_plus,3121.828917503357,3da3ac7e4432a1d62624245435f34cd7112cf796,outputs/cp3_eval/a25_sft_s3/shard0
a25_sft_s3,a25_sft,25,3,sft,8000,2093,0,0,0.0,libero_plus,3121.828917503357,3da3ac7e4432a1d62624245435f34cd7112cf796,outputs/cp3_eval/a25_sft_s3/shard0
a25_sft_s3,a25_sft,25,3,sft,8000,2180,0,1,1.0,libero_plus,3121.828917503357,3da3ac7e4432a1d62624245435f34cd7112cf796,outputs/cp3_eval/a25_sft_s3/shard0
a25_sft_s3,a25_sft,25,3,sft,8000,2235,0,0,0.0,libero_plus,3121.828917503357,3da3ac7e4432a1d62624245435f34cd7112cf796,outputs/cp3_eval/a25_sft_s3/shard0
a25_sft_s3,a25_sft,25,3,sft,8000,2338,0,1,1.0,libero_plus,3121.828917503357,3da3ac7e4432a1d62624245435f34cd7112cf796,outputs/cp3_eval/a25_sft_s3/shard0
a25_sft_s3,a25_sft,25,3,sft,8000,2377,0,0,0.0,libero_plus,3121.828917503357,3da3ac7e4432a1d62624245435f34cd7112cf796,outputs/cp3_eval/a25_sft_s3/shard0
a25_sft_s3,a25_sft,25,3,sft,8000,2411,0,0,0.0,libero_plus,3121.828917503357,3da3ac7e4432a1d62624245435f34cd7112cf796,outputs/cp3_eval/a25_sft_s3/shard0
a25_sft_s3,a25_sft,25,3,sft,8000,2488,0,0,0.0,libero_plus,3121.828917503357,3da3ac7e4432a1d62624245435f34cd7112cf796,outputs/cp3_eval/a25_sft_s3/shard0
a25_sft_s3,a25_sft,25,3,sft,8000,2513,0,1,1.0,libero_plus,3121.828917503357,3da3ac7e4432a1d62624245435f34cd7112cf796,outputs/cp3_eval/a25_sft_s3/shard0
a25_sft_s3,a25_sft,25,3,sft,8000,2578,0,1,1.0,libero_plus,3121.828917503357,3da3ac7e4432a1d62624245435f34cd7112cf796,outputs/cp3_eval/a25_sft_s3/shard0
a25_sft_s3,a25_sft,25,3,sft,8000,31,0,1,1.0,libero_plus,3121.828917503357,3da3ac7e4432a1d62624245435f34cd7112cf796,outputs/cp3_eval/a25_sft_s3/shard1
a25_sft_s3,a25_sft,25,3,sft,8000,70,0,1,1.0,libero_plus,3121.828917503357,3da3ac7e4432a1d62624245435f34cd7112cf796,outputs/cp3_eval/a25_sft_s3/shard1
a25_sft_s3,a25_sft,25,3,sft,8000,106,0,0,0.0,libero_plus,3121.828917503357,3da3ac7e4432a1d62624245435f34cd7112cf796,outputs/cp3_eval/a25_sft_s3/shard1
a25_sft_s3,a25_sft,25,3,sft,8000,164,0,0,0.0,libero_plus,3121.828917503357,3da3ac7e4432a1d62624245435f34cd7112cf796,outputs/cp3_eval/a25_sft_s3/shard1
a25_sft_s3,a25_sft,25,3,sft,8000,242,0,0,0.0,libero_plus,3121.828917503357,3da3ac7e4432a1d62624245435f34cd7112cf796,outputs/cp3_eval/a25_sft_s3/shard1
a25_sft_s3,a25_sft,25,3,sft,8000,273,0,1,1.0,libero_plus,3121.828917503357,3da3ac7e4432a1d62624245435f34cd7112cf796,outputs/cp3_eval/a25_sft_s3/shard1
a25_sft_s3,a25_sft,25,3,sft,8000,315,0,0,0.0,libero_plus,3121.828917503357,3da3ac7e4432a1d62624245435f34cd7112cf796,outputs/cp3_eval/a25_sft_s3/shard1
a25_sft_s3,a25_sft,25,3,sft,8000,346,0,0,0.0,libero_plus,3121.828917503357,3da3ac7e4432a1d62624245435f34cd7112cf796,outputs/cp3_eval/a25_sft_s3/shard1
a25_sft_s3,a25_sft,25,3,sft,8000,392,0,0,0.0,libero_plus,3121.828917503357,3da3ac7e4432a1d62624245435f34cd7112cf796,outputs/cp3_eval/a25_sft_s3/shard1
a25_sft_s3,a25_sft,25,3,sft,8000,517,0,0,0.0,libero_plus,3121.828917503357,3da3ac7e4432a1d62624245435f34cd7112cf796,outputs/cp3_eval/a25_sft_s3/shard1
a25_sft_s3,a25_sft,25,3,sft,8000,608,0,1,1.0,libero_plus,3121.828917503357,3da3ac7e4432a1d62624245435f34cd7112cf796,outputs/cp3_eval/a25_sft_s3/shard1
a25_sft_s3,a25_sft,25,3,sft,8000,706,0,1,1.0,libero_plus,3121.828917503357,3da3ac7e4432a1d62624245435f34cd7112cf796,outputs/cp3_eval/a25_sft_s3/shard1
a25_sft_s3,a25_sft,25,3,sft,8000,754,0,1,1.0,libero_plus,3121.828917503357,3da3ac7e4432a1d62624245435f34cd7112cf796,outputs/cp3_eval/a25_sft_s3/shard1
a25_sft_s3,a25_sft,25,3,sft,8000,829,0,0,0.0,libero_plus,3121.828917503357,3da3ac7e4432a1d62624245435f34cd7112cf796,outputs/cp3_eval/a25_sft_s3/shard1
a25_sft_s3,a25_sft,25,3,sft,8000,934,0,0,0.0,libero_plus,3121.828917503357,3da3ac7e4432a1d62624245435f34cd7112cf796,outputs/cp3_eval/a25_sft_s3/shard1
a25_sft_s3,a25_sft,25,3,sft,8000,969,0,1,1.0,libero_plus,3121.828917503357,3da3ac7e4432a1d62624245435f34cd7112cf796,outputs/cp3_eval/a25_sft_s3/shard1
a25_sft_s3,a25_sft,25,3,sft,8000,1042,0,1,1.0,libero_plus,3121.828917503357,3da3ac7e4432a1d62624245435f34cd7112cf796,outputs/cp3_eval/a25_sft_s3/shard1
a25_sft_s3,a25_sft,25,3,sft,8000,1139,0,0,0.0,libero_plus,3121.828917503357,3da3ac7e4432a1d62624245435f34cd7112cf796,outputs/cp3_eval/a25_sft_s3/shard1
a25_sft_s3,a25_sft,25,3,sft,8000,1210,0,0,0.0,libero_plus,3121.828917503357,3da3ac7e4432a1d62624245435f34cd7112cf796,outputs/cp3_eval/a25_sft_s3/shard1
a25_sft_s3,a25_sft,25,3,sft,8000,1246,0,0,0.0,libero_plus,3121.828917503357,3da3ac7e4432a1d62624245435f34cd7112cf796,outputs/cp3_eval/a25_sft_s3/shard1
a25_sft_s3,a25_sft,25,3,sft,8000,1308,0,0,0.0,libero_plus,3121.828917503357,3da3ac7e4432a1d62624245435f34cd7112cf796,outputs/cp3_eval/a25_sft_s3/shard1
a25_sft_s3,a25_sft,25,3,sft,8000,1399,0,0,0.0,libero_plus,3121.828917503357,3da3ac7e4432a1d62624245435f34cd7112cf796,outputs/cp3_eval/a25_sft_s3/shard1
a25_sft_s3,a25_sft,25,3,sft,8000,1503,0,0,0.0,libero_plus,3121.828917503357,3da3ac7e4432a1d62624245435f34cd7112cf796,outputs/cp3_eval/a25_sft_s3/shard1
a25_sft_s3,a25_sft,25,3,sft,8000,1592,0,0,0.0,libero_plus,3121.828917503357,3da3ac7e4432a1d62624245435f34cd7112cf796,outputs/cp3_eval/a25_sft_s3/shard1
a25_sft_s3,a25_sft,25,3,sft,8000,1634,0,1,1.0,libero_plus,3121.828917503357,3da3ac7e4432a1d62624245435f34cd7112cf796,outputs/cp3_eval/a25_sft_s3/shard1
a25_sft_s3,a25_sft,25,3,sft,8000,1714,0,0,0.0,libero_plus,3121.828917503357,3da3ac7e4432a1d62624245435f34cd7112cf796,outputs/cp3_eval/a25_sft_s3/shard1
a25_sft_s3,a25_sft,25,3,sft,8000,1770,0,0,0.0,libero_plus,3121.828917503357,3da3ac7e4432a1d62624245435f34cd7112cf796,outputs/cp3_eval/a25_sft_s3/shard1
a25_sft_s3,a25_sft,25,3,sft,8000,1852,0,0,0.0,libero_plus,3121.828917503357,3da3ac7e4432a1d62624245435f34cd7112cf796,outputs/cp3_eval/a25_sft_s3/shard1
a25_sft_s3,a25_sft,25,3,sft,8000,1922,0,0,0.0,libero_plus,3121.828917503357,3da3ac7e4432a1d62624245435f34cd7112cf796,outputs/cp3_eval/a25_sft_s3/shard1
a25_sft_s3,a25_sft,25,3,sft,8000,2016,0,1,1.0,libero_plus,3121.828917503357,3da3ac7e4432a1d62624245435f34cd7112cf796,outputs/cp3_eval/a25_sft_s3/shard1
a25_sft_s3,a25_sft,25,3,sft,8000,2052,0,0,0.0,libero_plus,3121.828917503357,3da3ac7e4432a1d62624245435f34cd7112cf796,outputs/cp3_eval/a25_sft_s3/shard1
a25_sft_s3,a25_sft,25,3,sft,8000,2128,0,0,0.0,libero_plus,3121.828917503357,3da3ac7e4432a1d62624245435f34cd7112cf796,outputs/cp3_eval/a25_sft_s3/shard1
a25_sft_s3,a25_sft,25,3,sft,8000,2185,0,1,1.0,libero_plus,3121.828917503357,3da3ac7e4432a1d62624245435f34cd7112cf796,outputs/cp3_eval/a25_sft_s3/shard1
a25_sft_s3,a25_sft,25,3,sft,8000,2255,0,0,0.0,libero_plus,3121.828917503357,3da3ac7e4432a1d62624245435f34cd7112cf796,outputs/cp3_eval/a25_sft_s3/shard1
a25_sft_s3,a25_sft,25,3,sft,8000,2346,0,0,0.0,libero_plus,3121.828917503357,3da3ac7e4432a1d62624245435f34cd7112cf796,outputs/cp3_eval/a25_sft_s3/shard1
a25_sft_s3,a25_sft,25,3,sft,8000,2382,0,0,0.0,libero_plus,3121.828917503357,3da3ac7e4432a1d62624245435f34cd7112cf796,outputs/cp3_eval/a25_sft_s3/shard1
a25_sft_s3,a25_sft,25,3,sft,8000,2413,0,1,1.0,libero_plus,3121.828917503357,3da3ac7e4432a1d62624245435f34cd7112cf796,outputs/cp3_eval/a25_sft_s3/shard1
a25_sft_s3,a25_sft,25,3,sft,8000,2491,0,0,0.0,libero_plus,3121.828917503357,3da3ac7e4432a1d62624245435f34cd7112cf796,outputs/cp3_eval/a25_sft_s3/shard1
a25_sft_s3,a25_sft,25,3,sft,8000,2516,0,0,0.0,libero_plus,3121.828917503357,3da3ac7e4432a1d62624245435f34cd7112cf796,outputs/cp3_eval/a25_sft_s3/shard1
a25_sft_s3,a25_sft,25,3,sft,8000,39,0,1,1.0,libero_plus,3121.828917503357,3da3ac7e4432a1d62624245435f34cd7112cf796,outputs/cp3_eval/a25_sft_s3/shard2
a25_sft_s3,a25_sft,25,3,sft,8000,74,0,1,1.0,libero_plus,3121.828917503357,3da3ac7e4432a1d62624245435f34cd7112cf796,outputs/cp3_eval/a25_sft_s3/shard2
a25_sft_s3,a25_sft,25,3,sft,8000,117,0,1,1.0,libero_plus,3121.828917503357,3da3ac7e4432a1d62624245435f34cd7112cf796,outputs/cp3_eval/a25_sft_s3/shard2
a25_sft_s3,a25_sft,25,3,sft,8000,173,0,0,0.0,libero_plus,3121.828917503357,3da3ac7e4432a1d62624245435f34cd7112cf796,outputs/cp3_eval/a25_sft_s3/shard2
a25_sft_s3,a25_sft,25,3,sft,8000,250,0,1,1.0,libero_plus,3121.828917503357,3da3ac7e4432a1d62624245435f34cd7112cf796,outputs/cp3_eval/a25_sft_s3/shard2
a25_sft_s3,a25_sft,25,3,sft,8000,277,0,1,1.0,libero_plus,3121.828917503357,3da3ac7e4432a1d62624245435f34cd7112cf796,outputs/cp3_eval/a25_sft_s3/shard2
a25_sft_s3,a25_sft,25,3,sft,8000,332,0,1,1.0,libero_plus,3121.828917503357,3da3ac7e4432a1d62624245435f34cd7112cf796,outputs/cp3_eval/a25_sft_s3/shard2
a25_sft_s3,a25_sft,25,3,sft,8000,352,0,0,0.0,libero_plus,3121.828917503357,3da3ac7e4432a1d62624245435f34cd7112cf796,outputs/cp3_eval/a25_sft_s3/shard2
a25_sft_s3,a25_sft,25,3,sft,8000,484,0,1,1.0,libero_plus,3121.828917503357,3da3ac7e4432a1d62624245435f34cd7112cf796,outputs/cp3_eval/a25_sft_s3/shard2
a25_sft_s3,a25_sft,25,3,sft,8000,523,0,0,0.0,libero_plus,3121.828917503357,3da3ac7e4432a1d62624245435f34cd7112cf796,outputs/cp3_eval/a25_sft_s3/shard2
a25_sft_s3,a25_sft,25,3,sft,8000,611,0,1,1.0,libero_plus,3121.828917503357,3da3ac7e4432a1d62624245435f34cd7112cf796,outputs/cp3_eval/a25_sft_s3/shard2
a25_sft_s3,a25_sft,25,3,sft,8000,734,0,1,1.0,libero_plus,3121.828917503357,3da3ac7e4432a1d62624245435f34cd7112cf796,outputs/cp3_eval/a25_sft_s3/shard2
a25_sft_s3,a25_sft,25,3,sft,8000,758,0,1,1.0,libero_plus,3121.828917503357,3da3ac7e4432a1d62624245435f34cd7112cf796,outputs/cp3_eval/a25_sft_s3/shard2
a25_sft_s3,a25_sft,25,3,sft,8000,836,0,0,0.0,libero_plus,3121.828917503357,3da3ac7e4432a1d62624245435f34cd7112cf796,outputs/cp3_eval/a25_sft_s3/shard2
a25_sft_s3,a25_sft,25,3,sft,8000,950,0,0,0.0,libero_plus,3121.828917503357,3da3ac7e4432a1d62624245435f34cd7112cf796,outputs/cp3_eval/a25_sft_s3/shard2
a25_sft_s3,a25_sft,25,3,sft,8000,973,0,0,0.0,libero_plus,3121.828917503357,3da3ac7e4432a1d62624245435f34cd7112cf796,outputs/cp3_eval/a25_sft_s3/shard2
a25_sft_s3,a25_sft,25,3,sft,8000,1058,0,1,1.0,libero_plus,3121.828917503357,3da3ac7e4432a1d62624245435f34cd7112cf796,outputs/cp3_eval/a25_sft_s3/shard2
a25_sft_s3,a25_sft,25,3,sft,8000,1171,0,0,0.0,libero_plus,3121.828917503357,3da3ac7e4432a1d62624245435f34cd7112cf796,outputs/cp3_eval/a25_sft_s3/shard2
a25_sft_s3,a25_sft,25,3,sft,8000,1211,0,0,0.0,libero_plus,3121.828917503357,3da3ac7e4432a1d62624245435f34cd7112cf796,outputs/cp3_eval/a25_sft_s3/shard2
a25_sft_s3,a25_sft,25,3,sft,8000,1267,0,0,0.0,libero_plus,3121.828917503357,3da3ac7e4432a1d62624245435f34cd7112cf796,outputs/cp3_eval/a25_sft_s3/shard2
a25_sft_s3,a25_sft,25,3,sft,8000,1355,0,0,0.0,libero_plus,3121.828917503357,3da3ac7e4432a1d62624245435f34cd7112cf796,outputs/cp3_eval/a25_sft_s3/shard2
a25_sft_s3,a25_sft,25,3,sft,8000,1422,0,0,0.0,libero_plus,3121.828917503357,3da3ac7e4432a1d62624245435f34cd7112cf796,outputs/cp3_eval/a25_sft_s3/shard2
a25_sft_s3,a25_sft,25,3,sft,8000,1567,0,1,1.0,libero_plus,3121.828917503357,3da3ac7e4432a1d62624245435f34cd7112cf796,outputs/cp3_eval/a25_sft_s3/shard2
a25_sft_s3,a25_sft,25,3,sft,8000,1595,0,0,0.0,libero_plus,3121.828917503357,3da3ac7e4432a1d62624245435f34cd7112cf796,outputs/cp3_eval/a25_sft_s3/shard2
a25_sft_s3,a25_sft,25,3,sft,8000,1642,0,1,1.0,libero_plus,3121.828917503357,3da3ac7e4432a1d62624245435f34cd7112cf796,outputs/cp3_eval/a25_sft_s3/shard2
a25_sft_s3,a25_sft,25,3,sft,8000,1718,0,1,1.0,libero_plus,3121.828917503357,3da3ac7e4432a1d62624245435f34cd7112cf796,outputs/cp3_eval/a25_sft_s3/shard2
a25_sft_s3,a25_sft,25,3,sft,8000,1791,0,1,1.0,libero_plus,3121.828917503357,3da3ac7e4432a1d62624245435f34cd7112cf796,outputs/cp3_eval/a25_sft_s3/shard2
a25_sft_s3,a25_sft,25,3,sft,8000,1860,0,0,0.0,libero_plus,3121.828917503357,3da3ac7e4432a1d62624245435f34cd7112cf796,outputs/cp3_eval/a25_sft_s3/shard2
a25_sft_s3,a25_sft,25,3,sft,8000,1940,0,1,1.0,libero_plus,3121.828917503357,3da3ac7e4432a1d62624245435f34cd7112cf796,outputs/cp3_eval/a25_sft_s3/shard2
a25_sft_s3,a25_sft,25,3,sft,8000,2034,0,1,1.0,libero_plus,3121.828917503357,3da3ac7e4432a1d62624245435f34cd7112cf796,outputs/cp3_eval/a25_sft_s3/shard2
a25_sft_s3,a25_sft,25,3,sft,8000,2056,0,0,0.0,libero_plus,3121.828917503357,3da3ac7e4432a1d62624245435f34cd7112cf796,outputs/cp3_eval/a25_sft_s3/shard2
a25_sft_s3,a25_sft,25,3,sft,8000,2139,0,0,0.0,libero_plus,3121.828917503357,3da3ac7e4432a1d62624245435f34cd7112cf796,outputs/cp3_eval/a25_sft_s3/shard2
a25_sft_s3,a25_sft,25,3,sft,8000,2203,0,0,0.0,libero_plus,3121.828917503357,3da3ac7e4432a1d62624245435f34cd7112cf796,outputs/cp3_eval/a25_sft_s3/shard2
a25_sft_s3,a25_sft,25,3,sft,8000,2262,0,0,0.0,libero_plus,3121.828917503357,3da3ac7e4432a1d62624245435f34cd7112cf796,outputs/cp3_eval/a25_sft_s3/shard2
a25_sft_s3,a25_sft,25,3,sft,8000,2350,0,0,0.0,libero_plus,3121.828917503357,3da3ac7e4432a1d62624245435f34cd7112cf796,outputs/cp3_eval/a25_sft_s3/shard2
a25_sft_s3,a25_sft,25,3,sft,8000,2388,0,1,1.0,libero_plus,3121.828917503357,3da3ac7e4432a1d62624245435f34cd7112cf796,outputs/cp3_eval/a25_sft_s3/shard2
a25_sft_s3,a25_sft,25,3,sft,8000,2446,0,1,1.0,libero_plus,3121.828917503357,3da3ac7e4432a1d62624245435f34cd7112cf796,outputs/cp3_eval/a25_sft_s3/shard2
a25_sft_s3,a25_sft,25,3,sft,8000,2494,0,1,1.0,libero_plus,3121.828917503357,3da3ac7e4432a1d62624245435f34cd7112cf796,outputs/cp3_eval/a25_sft_s3/shard2
a25_sft_s3,a25_sft,25,3,sft,8000,2528,0,1,1.0,libero_plus,3121.828917503357,3da3ac7e4432a1d62624245435f34cd7112cf796,outputs/cp3_eval/a25_sft_s3/shard2
a25_sft_s3,a25_sft,25,3,sft,8000,41,0,1,1.0,libero_plus,3121.828917503357,3da3ac7e4432a1d62624245435f34cd7112cf796,outputs/cp3_eval/a25_sft_s3/shard3
a25_sft_s3,a25_sft,25,3,sft,8000,83,0,0,0.0,libero_plus,3121.828917503357,3da3ac7e4432a1d62624245435f34cd7112cf796,outputs/cp3_eval/a25_sft_s3/shard3
a25_sft_s3,a25_sft,25,3,sft,8000,124,0,1,1.0,libero_plus,3121.828917503357,3da3ac7e4432a1d62624245435f34cd7112cf796,outputs/cp3_eval/a25_sft_s3/shard3
a25_sft_s3,a25_sft,25,3,sft,8000,214,0,0,0.0,libero_plus,3121.828917503357,3da3ac7e4432a1d62624245435f34cd7112cf796,outputs/cp3_eval/a25_sft_s3/shard3
a25_sft_s3,a25_sft,25,3,sft,8000,265,0,0,0.0,libero_plus,3121.828917503357,3da3ac7e4432a1d62624245435f34cd7112cf796,outputs/cp3_eval/a25_sft_s3/shard3
a25_sft_s3,a25_sft,25,3,sft,8000,291,0,1,1.0,libero_plus,3121.828917503357,3da3ac7e4432a1d62624245435f34cd7112cf796,outputs/cp3_eval/a25_sft_s3/shard3
a25_sft_s3,a25_sft,25,3,sft,8000,337,0,0,0.0,libero_plus,3121.828917503357,3da3ac7e4432a1d62624245435f34cd7112cf796,outputs/cp3_eval/a25_sft_s3/shard3
a25_sft_s3,a25_sft,25,3,sft,8000,355,0,0,0.0,libero_plus,3121.828917503357,3da3ac7e4432a1d62624245435f34cd7112cf796,outputs/cp3_eval/a25_sft_s3/shard3
a25_sft_s3,a25_sft,25,3,sft,8000,488,0,0,0.0,libero_plus,3121.828917503357,3da3ac7e4432a1d62624245435f34cd7112cf796,outputs/cp3_eval/a25_sft_s3/shard3
a25_sft_s3,a25_sft,25,3,sft,8000,546,0,1,1.0,libero_plus,3121.828917503357,3da3ac7e4432a1d62624245435f34cd7112cf796,outputs/cp3_eval/a25_sft_s3/shard3
a25_sft_s3,a25_sft,25,3,sft,8000,614,0,1,1.0,libero_plus,3121.828917503357,3da3ac7e4432a1d62624245435f34cd7112cf796,outputs/cp3_eval/a25_sft_s3/shard3
a25_sft_s3,a25_sft,25,3,sft,8000,737,0,1,1.0,libero_plus,3121.828917503357,3da3ac7e4432a1d62624245435f34cd7112cf796,outputs/cp3_eval/a25_sft_s3/shard3
a25_sft_s3,a25_sft,25,3,sft,8000,786,0,0,0.0,libero_plus,3121.828917503357,3da3ac7e4432a1d62624245435f34cd7112cf796,outputs/cp3_eval/a25_sft_s3/shard3
a25_sft_s3,a25_sft,25,3,sft,8000,871,0,1,1.0,libero_plus,3121.828917503357,3da3ac7e4432a1d62624245435f34cd7112cf796,outputs/cp3_eval/a25_sft_s3/shard3
a25_sft_s3,a25_sft,25,3,sft,8000,962,0,0,0.0,libero_plus,3121.828917503357,3da3ac7e4432a1d62624245435f34cd7112cf796,outputs/cp3_eval/a25_sft_s3/shard3
a25_sft_s3,a25_sft,25,3,sft,8000,974,0,0,0.0,libero_plus,3121.828917503357,3da3ac7e4432a1d62624245435f34cd7112cf796,outputs/cp3_eval/a25_sft_s3/shard3
a25_sft_s3,a25_sft,25,3,sft,8000,1069,0,0,0.0,libero_plus,3121.828917503357,3da3ac7e4432a1d62624245435f34cd7112cf796,outputs/cp3_eval/a25_sft_s3/shard3
a25_sft_s3,a25_sft,25,3,sft,8000,1194,0,0,0.0,libero_plus,3121.828917503357,3da3ac7e4432a1d62624245435f34cd7112cf796,outputs/cp3_eval/a25_sft_s3/shard3
a25_sft_s3,a25_sft,25,3,sft,8000,1213,0,0,0.0,libero_plus,3121.828917503357,3da3ac7e4432a1d62624245435f34cd7112cf796,outputs/cp3_eval/a25_sft_s3/shard3
a25_sft_s3,a25_sft,25,3,sft,8000,1279,0,0,0.0,libero_plus,3121.828917503357,3da3ac7e4432a1d62624245435f34cd7112cf796,outputs/cp3_eval/a25_sft_s3/shard3
a25_sft_s3,a25_sft,25,3,sft,8000,1356,0,0,0.0,libero_plus,3121.828917503357,3da3ac7e4432a1d62624245435f34cd7112cf796,outputs/cp3_eval/a25_sft_s3/shard3
a25_sft_s3,a25_sft,25,3,sft,8000,1449,0,0,0.0,libero_plus,3121.828917503357,3da3ac7e4432a1d62624245435f34cd7112cf796,outputs/cp3_eval/a25_sft_s3/shard3
a25_sft_s3,a25_sft,25,3,sft,8000,1572,0,1,1.0,libero_plus,3121.828917503357,3da3ac7e4432a1d62624245435f34cd7112cf796,outputs/cp3_eval/a25_sft_s3/shard3
a25_sft_s3,a25_sft,25,3,sft,8000,1608,0,1,1.0,libero_plus,3121.828917503357,3da3ac7e4432a1d62624245435f34cd7112cf796,outputs/cp3_eval/a25_sft_s3/shard3
a25_sft_s3,a25_sft,25,3,sft,8000,1672,0,1,1.0,libero_plus,3121.828917503357,3da3ac7e4432a1d62624245435f34cd7112cf796,outputs/cp3_eval/a25_sft_s3/shard3
a25_sft_s3,a25_sft,25,3,sft,8000,1727,0,1,1.0,libero_plus,3121.828917503357,3da3ac7e4432a1d62624245435f34cd7112cf796,outputs/cp3_eval/a25_sft_s3/shard3
a25_sft_s3,a25_sft,25,3,sft,8000,1794,0,0,0.0,libero_plus,3121.828917503357,3da3ac7e4432a1d62624245435f34cd7112cf796,outputs/cp3_eval/a25_sft_s3/shard3
a25_sft_s3,a25_sft,25,3,sft,8000,1864,0,1,1.0,libero_plus,3121.828917503357,3da3ac7e4432a1d62624245435f34cd7112cf796,outputs/cp3_eval/a25_sft_s3/shard3
a25_sft_s3,a25_sft,25,3,sft,8000,1945,0,0,0.0,libero_plus,3121.828917503357,3da3ac7e4432a1d62624245435f34cd7112cf796,outputs/cp3_eval/a25_sft_s3/shard3
a25_sft_s3,a25_sft,25,3,sft,8000,2035,0,1,1.0,libero_plus,3121.828917503357,3da3ac7e4432a1d62624245435f34cd7112cf796,outputs/cp3_eval/a25_sft_s3/shard3
a25_sft_s3,a25_sft,25,3,sft,8000,2065,0,0,0.0,libero_plus,3121.828917503357,3da3ac7e4432a1d62624245435f34cd7112cf796,outputs/cp3_eval/a25_sft_s3/shard3
a25_sft_s3,a25_sft,25,3,sft,8000,2153,0,0,0.0,libero_plus,3121.828917503357,3da3ac7e4432a1d62624245435f34cd7112cf796,outputs/cp3_eval/a25_sft_s3/shard3
a25_sft_s3,a25_sft,25,3,sft,8000,2207,0,0,0.0,libero_plus,3121.828917503357,3da3ac7e4432a1d62624245435f34cd7112cf796,outputs/cp3_eval/a25_sft_s3/shard3
a25_sft_s3,a25_sft,25,3,sft,8000,2321,0,1,1.0,libero_plus,3121.828917503357,3da3ac7e4432a1d62624245435f34cd7112cf796,outputs/cp3_eval/a25_sft_s3/shard3
a25_sft_s3,a25_sft,25,3,sft,8000,2359,0,1,1.0,libero_plus,3121.828917503357,3da3ac7e4432a1d62624245435f34cd7112cf796,outputs/cp3_eval/a25_sft_s3/shard3
a25_sft_s3,a25_sft,25,3,sft,8000,2405,0,1,1.0,libero_plus,3121.828917503357,3da3ac7e4432a1d62624245435f34cd7112cf796,outputs/cp3_eval/a25_sft_s3/shard3
a25_sft_s3,a25_sft,25,3,sft,8000,2464,0,1,1.0,libero_plus,3121.828917503357,3da3ac7e4432a1d62624245435f34cd7112cf796,outputs/cp3_eval/a25_sft_s3/shard3
a25_sft_s3,a25_sft,25,3,sft,8000,2497,0,0,0.0,libero_plus,3121.828917503357,3da3ac7e4432a1d62624245435f34cd7112cf796,outputs/cp3_eval/a25_sft_s3/shard3
a25_sft_s3,a25_sft,25,3,sft,8000,2539,0,1,1.0,libero_plus,3121.828917503357,3da3ac7e4432a1d62624245435f34cd7112cf796,outputs/cp3_eval/a25_sft_s3/shard3
a25_sft_s3,a25_sft,25,3,sft,8000,44,0,0,0.0,libero_plus,3121.828917503357,3da3ac7e4432a1d62624245435f34cd7112cf796,outputs/cp3_eval/a25_sft_s3/shard4
a25_sft_s3,a25_sft,25,3,sft,8000,94,0,1,1.0,libero_plus,3121.828917503357,3da3ac7e4432a1d62624245435f34cd7112cf796,outputs/cp3_eval/a25_sft_s3/shard4
a25_sft_s3,a25_sft,25,3,sft,8000,141,0,0,0.0,libero_plus,3121.828917503357,3da3ac7e4432a1d62624245435f34cd7112cf796,outputs/cp3_eval/a25_sft_s3/shard4
a25_sft_s3,a25_sft,25,3,sft,8000,226,0,1,1.0,libero_plus,3121.828917503357,3da3ac7e4432a1d62624245435f34cd7112cf796,outputs/cp3_eval/a25_sft_s3/shard4
a25_sft_s3,a25_sft,25,3,sft,8000,266,0,1,1.0,libero_plus,3121.828917503357,3da3ac7e4432a1d62624245435f34cd7112cf796,outputs/cp3_eval/a25_sft_s3/shard4
a25_sft_s3,a25_sft,25,3,sft,8000,304,0,0,0.0,libero_plus,3121.828917503357,3da3ac7e4432a1d62624245435f34cd7112cf796,outputs/cp3_eval/a25_sft_s3/shard4
a25_sft_s3,a25_sft,25,3,sft,8000,339,0,1,1.0,libero_plus,3121.828917503357,3da3ac7e4432a1d62624245435f34cd7112cf796,outputs/cp3_eval/a25_sft_s3/shard4
a25_sft_s3,a25_sft,25,3,sft,8000,365,0,1,1.0,libero_plus,3121.828917503357,3da3ac7e4432a1d62624245435f34cd7112cf796,outputs/cp3_eval/a25_sft_s3/shard4
a25_sft_s3,a25_sft,25,3,sft,8000,492,0,1,1.0,libero_plus,3121.828917503357,3da3ac7e4432a1d62624245435f34cd7112cf796,outputs/cp3_eval/a25_sft_s3/shard4
a25_sft_s3,a25_sft,25,3,sft,8000,556,0,0,0.0,libero_plus,3121.828917503357,3da3ac7e4432a1d62624245435f34cd7112cf796,outputs/cp3_eval/a25_sft_s3/shard4
a25_sft_s3,a25_sft,25,3,sft,8000,616,0,1,1.0,libero_plus,3121.828917503357,3da3ac7e4432a1d62624245435f34cd7112cf796,outputs/cp3_eval/a25_sft_s3/shard4
a25_sft_s3,a25_sft,25,3,sft,8000,740,0,1,1.0,libero_plus,3121.828917503357,3da3ac7e4432a1d62624245435f34cd7112cf796,outputs/cp3_eval/a25_sft_s3/shard4
a25_sft_s3,a25_sft,25,3,sft,8000,812,0,1,1.0,libero_plus,3121.828917503357,3da3ac7e4432a1d62624245435f34cd7112cf796,outputs/cp3_eval/a25_sft_s3/shard4
a25_sft_s3,a25_sft,25,3,sft,8000,882,0,1,1.0,libero_plus,3121.828917503357,3da3ac7e4432a1d62624245435f34cd7112cf796,outputs/cp3_eval/a25_sft_s3/shard4
a25_sft_s3,a25_sft,25,3,sft,8000,964,0,0,0.0,libero_plus,3121.828917503357,3da3ac7e4432a1d62624245435f34cd7112cf796,outputs/cp3_eval/a25_sft_s3/shard4
a25_sft_s3,a25_sft,25,3,sft,8000,978,0,1,1.0,libero_plus,3121.828917503357,3da3ac7e4432a1d62624245435f34cd7112cf796,outputs/cp3_eval/a25_sft_s3/shard4
a25_sft_s3,a25_sft,25,3,sft,8000,1117,0,0,0.0,libero_plus,3121.828917503357,3da3ac7e4432a1d62624245435f34cd7112cf796,outputs/cp3_eval/a25_sft_s3/shard4
a25_sft_s3,a25_sft,25,3,sft,8000,1196,0,0,0.0,libero_plus,3121.828917503357,3da3ac7e4432a1d62624245435f34cd7112cf796,outputs/cp3_eval/a25_sft_s3/shard4
a25_sft_s3,a25_sft,25,3,sft,8000,1239,0,0,0.0,libero_plus,3121.828917503357,3da3ac7e4432a1d62624245435f34cd7112cf796,outputs/cp3_eval/a25_sft_s3/shard4
a25_sft_s3,a25_sft,25,3,sft,8000,1286,0,0,0.0,libero_plus,3121.828917503357,3da3ac7e4432a1d62624245435f34cd7112cf796,outputs/cp3_eval/a25_sft_s3/shard4
a25_sft_s3,a25_sft,25,3,sft,8000,1378,0,0,0.0,libero_plus,3121.828917503357,3da3ac7e4432a1d62624245435f34cd7112cf796,outputs/cp3_eval/a25_sft_s3/shard4
a25_sft_s3,a25_sft,25,3,sft,8000,1455,0,0,0.0,libero_plus,3121.828917503357,3da3ac7e4432a1d62624245435f34cd7112cf796,outputs/cp3_eval/a25_sft_s3/shard4
a25_sft_s3,a25_sft,25,3,sft,8000,1577,0,1,1.0,libero_plus,3121.828917503357,3da3ac7e4432a1d62624245435f34cd7112cf796,outputs/cp3_eval/a25_sft_s3/shard4
a25_sft_s3,a25_sft,25,3,sft,8000,1621,0,1,1.0,libero_plus,3121.828917503357,3da3ac7e4432a1d62624245435f34cd7112cf796,outputs/cp3_eval/a25_sft_s3/shard4
a25_sft_s3,a25_sft,25,3,sft,8000,1681,0,1,1.0,libero_plus,3121.828917503357,3da3ac7e4432a1d62624245435f34cd7112cf796,outputs/cp3_eval/a25_sft_s3/shard4
a25_sft_s3,a25_sft,25,3,sft,8000,1729,0,0,0.0,libero_plus,3121.828917503357,3da3ac7e4432a1d62624245435f34cd7112cf796,outputs/cp3_eval/a25_sft_s3/shard4
a25_sft_s3,a25_sft,25,3,sft,8000,1803,0,1,1.0,libero_plus,3121.828917503357,3da3ac7e4432a1d62624245435f34cd7112cf796,outputs/cp3_eval/a25_sft_s3/shard4
a25_sft_s3,a25_sft,25,3,sft,8000,1882,0,1,1.0,libero_plus,3121.828917503357,3da3ac7e4432a1d62624245435f34cd7112cf796,outputs/cp3_eval/a25_sft_s3/shard4
a25_sft_s3,a25_sft,25,3,sft,8000,1959,0,0,0.0,libero_plus,3121.828917503357,3da3ac7e4432a1d62624245435f34cd7112cf796,outputs/cp3_eval/a25_sft_s3/shard4
a25_sft_s3,a25_sft,25,3,sft,8000,2037,0,1,1.0,libero_plus,3121.828917503357,3da3ac7e4432a1d62624245435f34cd7112cf796,outputs/cp3_eval/a25_sft_s3/shard4
a25_sft_s3,a25_sft,25,3,sft,8000,2081,0,0,0.0,libero_plus,3121.828917503357,3da3ac7e4432a1d62624245435f34cd7112cf796,outputs/cp3_eval/a25_sft_s3/shard4
a25_sft_s3,a25_sft,25,3,sft,8000,2179,0,1,1.0,libero_plus,3121.828917503357,3da3ac7e4432a1d62624245435f34cd7112cf796,outputs/cp3_eval/a25_sft_s3/shard4
a25_sft_s3,a25_sft,25,3,sft,8000,2222,0,1,1.0,libero_plus,3121.828917503357,3da3ac7e4432a1d62624245435f34cd7112cf796,outputs/cp3_eval/a25_sft_s3/shard4
a25_sft_s3,a25_sft,25,3,sft,8000,2332,0,1,1.0,libero_plus,3121.828917503357,3da3ac7e4432a1d62624245435f34cd7112cf796,outputs/cp3_eval/a25_sft_s3/shard4
a25_sft_s3,a25_sft,25,3,sft,8000,2363,0,0,0.0,libero_plus,3121.828917503357,3da3ac7e4432a1d62624245435f34cd7112cf796,outputs/cp3_eval/a25_sft_s3/shard4
a25_sft_s3,a25_sft,25,3,sft,8000,2406,0,1,1.0,libero_plus,3121.828917503357,3da3ac7e4432a1d62624245435f34cd7112cf796,outputs/cp3_eval/a25_sft_s3/shard4
a25_sft_s3,a25_sft,25,3,sft,8000,2465,0,1,1.0,libero_plus,3121.828917503357,3da3ac7e4432a1d62624245435f34cd7112cf796,outputs/cp3_eval/a25_sft_s3/shard4
a25_sft_s3,a25_sft,25,3,sft,8000,2504,0,1,1.0,libero_plus,3121.828917503357,3da3ac7e4432a1d62624245435f34cd7112cf796,outputs/cp3_eval/a25_sft_s3/shard4
a25_sft_s3,a25_sft,25,3,sft,8000,2569,0,1,1.0,libero_plus,3121.828917503357,3da3ac7e4432a1d62624245435f34cd7112cf796,outputs/cp3_eval/a25_sft_s3/shard4
a25_sft_s4,a25_sft,25,4,sft,8000,5,0,0,0.0,libero_plus,3442.608039855957,3da3ac7e4432a1d62624245435f34cd7112cf796,outputs/cp3_eval/a25_sft_s4/shard0
a25_sft_s4,a25_sft,25,4,sft,8000,64,0,0,0.0,libero_plus,3442.608039855957,3da3ac7e4432a1d62624245435f34cd7112cf796,outputs/cp3_eval/a25_sft_s4/shard0
a25_sft_s4,a25_sft,25,4,sft,8000,97,0,1,1.0,libero_plus,3442.608039855957,3da3ac7e4432a1d62624245435f34cd7112cf796,outputs/cp3_eval/a25_sft_s4/shard0
a25_sft_s4,a25_sft,25,4,sft,8000,152,0,0,0.0,libero_plus,3442.608039855957,3da3ac7e4432a1d62624245435f34cd7112cf796,outputs/cp3_eval/a25_sft_s4/shard0
a25_sft_s4,a25_sft,25,4,sft,8000,238,0,1,1.0,libero_plus,3442.608039855957,3da3ac7e4432a1d62624245435f34cd7112cf796,outputs/cp3_eval/a25_sft_s4/shard0
a25_sft_s4,a25_sft,25,4,sft,8000,270,0,0,0.0,libero_plus,3442.608039855957,3da3ac7e4432a1d62624245435f34cd7112cf796,outputs/cp3_eval/a25_sft_s4/shard0
a25_sft_s4,a25_sft,25,4,sft,8000,306,0,0,0.0,libero_plus,3442.608039855957,3da3ac7e4432a1d62624245435f34cd7112cf796,outputs/cp3_eval/a25_sft_s4/shard0
a25_sft_s4,a25_sft,25,4,sft,8000,340,0,1,1.0,libero_plus,3442.608039855957,3da3ac7e4432a1d62624245435f34cd7112cf796,outputs/cp3_eval/a25_sft_s4/shard0
a25_sft_s4,a25_sft,25,4,sft,8000,384,0,1,1.0,libero_plus,3442.608039855957,3da3ac7e4432a1d62624245435f34cd7112cf796,outputs/cp3_eval/a25_sft_s4/shard0
a25_sft_s4,a25_sft,25,4,sft,8000,493,0,0,0.0,libero_plus,3442.608039855957,3da3ac7e4432a1d62624245435f34cd7112cf796,outputs/cp3_eval/a25_sft_s4/shard0
a25_sft_s4,a25_sft,25,4,sft,8000,571,0,0,0.0,libero_plus,3442.608039855957,3da3ac7e4432a1d62624245435f34cd7112cf796,outputs/cp3_eval/a25_sft_s4/shard0
a25_sft_s4,a25_sft,25,4,sft,8000,664,0,1,1.0,libero_plus,3442.608039855957,3da3ac7e4432a1d62624245435f34cd7112cf796,outputs/cp3_eval/a25_sft_s4/shard0
a25_sft_s4,a25_sft,25,4,sft,8000,745,0,1,1.0,libero_plus,3442.608039855957,3da3ac7e4432a1d62624245435f34cd7112cf796,outputs/cp3_eval/a25_sft_s4/shard0
a25_sft_s4,a25_sft,25,4,sft,8000,814,0,0,0.0,libero_plus,3442.608039855957,3da3ac7e4432a1d62624245435f34cd7112cf796,outputs/cp3_eval/a25_sft_s4/shard0
a25_sft_s4,a25_sft,25,4,sft,8000,913,0,0,0.0,libero_plus,3442.608039855957,3da3ac7e4432a1d62624245435f34cd7112cf796,outputs/cp3_eval/a25_sft_s4/shard0
a25_sft_s4,a25_sft,25,4,sft,8000,968,0,1,1.0,libero_plus,3442.608039855957,3da3ac7e4432a1d62624245435f34cd7112cf796,outputs/cp3_eval/a25_sft_s4/shard0
a25_sft_s4,a25_sft,25,4,sft,8000,1025,0,1,1.0,libero_plus,3442.608039855957,3da3ac7e4432a1d62624245435f34cd7112cf796,outputs/cp3_eval/a25_sft_s4/shard0
a25_sft_s4,a25_sft,25,4,sft,8000,1126,0,0,0.0,libero_plus,3442.608039855957,3da3ac7e4432a1d62624245435f34cd7112cf796,outputs/cp3_eval/a25_sft_s4/shard0
a25_sft_s4,a25_sft,25,4,sft,8000,1209,0,0,0.0,libero_plus,3442.608039855957,3da3ac7e4432a1d62624245435f34cd7112cf796,outputs/cp3_eval/a25_sft_s4/shard0
a25_sft_s4,a25_sft,25,4,sft,8000,1243,0,0,0.0,libero_plus,3442.608039855957,3da3ac7e4432a1d62624245435f34cd7112cf796,outputs/cp3_eval/a25_sft_s4/shard0
a25_sft_s4,a25_sft,25,4,sft,8000,1304,0,0,0.0,libero_plus,3442.608039855957,3da3ac7e4432a1d62624245435f34cd7112cf796,outputs/cp3_eval/a25_sft_s4/shard0
a25_sft_s4,a25_sft,25,4,sft,8000,1394,0,0,0.0,libero_plus,3442.608039855957,3da3ac7e4432a1d62624245435f34cd7112cf796,outputs/cp3_eval/a25_sft_s4/shard0
a25_sft_s4,a25_sft,25,4,sft,8000,1466,0,0,0.0,libero_plus,3442.608039855957,3da3ac7e4432a1d62624245435f34cd7112cf796,outputs/cp3_eval/a25_sft_s4/shard0
a25_sft_s4,a25_sft,25,4,sft,8000,1591,0,0,0.0,libero_plus,3442.608039855957,3da3ac7e4432a1d62624245435f34cd7112cf796,outputs/cp3_eval/a25_sft_s4/shard0
a25_sft_s4,a25_sft,25,4,sft,8000,1625,0,1,1.0,libero_plus,3442.608039855957,3da3ac7e4432a1d62624245435f34cd7112cf796,outputs/cp3_eval/a25_sft_s4/shard0
a25_sft_s4,a25_sft,25,4,sft,8000,1695,0,1,1.0,libero_plus,3442.608039855957,3da3ac7e4432a1d62624245435f34cd7112cf796,outputs/cp3_eval/a25_sft_s4/shard0
a25_sft_s4,a25_sft,25,4,sft,8000,1759,0,1,1.0,libero_plus,3442.608039855957,3da3ac7e4432a1d62624245435f34cd7112cf796,outputs/cp3_eval/a25_sft_s4/shard0
a25_sft_s4,a25_sft,25,4,sft,8000,1811,0,0,0.0,libero_plus,3442.608039855957,3da3ac7e4432a1d62624245435f34cd7112cf796,outputs/cp3_eval/a25_sft_s4/shard0
a25_sft_s4,a25_sft,25,4,sft,8000,1887,0,1,1.0,libero_plus,3442.608039855957,3da3ac7e4432a1d62624245435f34cd7112cf796,outputs/cp3_eval/a25_sft_s4/shard0
a25_sft_s4,a25_sft,25,4,sft,8000,1995,0,1,1.0,libero_plus,3442.608039855957,3da3ac7e4432a1d62624245435f34cd7112cf796,outputs/cp3_eval/a25_sft_s4/shard0
a25_sft_s4,a25_sft,25,4,sft,8000,2045,0,1,1.0,libero_plus,3442.608039855957,3da3ac7e4432a1d62624245435f34cd7112cf796,outputs/cp3_eval/a25_sft_s4/shard0
a25_sft_s4,a25_sft,25,4,sft,8000,2093,0,0,0.0,libero_plus,3442.608039855957,3da3ac7e4432a1d62624245435f34cd7112cf796,outputs/cp3_eval/a25_sft_s4/shard0
a25_sft_s4,a25_sft,25,4,sft,8000,2180,0,1,1.0,libero_plus,3442.608039855957,3da3ac7e4432a1d62624245435f34cd7112cf796,outputs/cp3_eval/a25_sft_s4/shard0
a25_sft_s4,a25_sft,25,4,sft,8000,2235,0,1,1.0,libero_plus,3442.608039855957,3da3ac7e4432a1d62624245435f34cd7112cf796,outputs/cp3_eval/a25_sft_s4/shard0
a25_sft_s4,a25_sft,25,4,sft,8000,2338,0,1,1.0,libero_plus,3442.608039855957,3da3ac7e4432a1d62624245435f34cd7112cf796,outputs/cp3_eval/a25_sft_s4/shard0
a25_sft_s4,a25_sft,25,4,sft,8000,2377,0,1,1.0,libero_plus,3442.608039855957,3da3ac7e4432a1d62624245435f34cd7112cf796,outputs/cp3_eval/a25_sft_s4/shard0
a25_sft_s4,a25_sft,25,4,sft,8000,2411,0,0,0.0,libero_plus,3442.608039855957,3da3ac7e4432a1d62624245435f34cd7112cf796,outputs/cp3_eval/a25_sft_s4/shard0
a25_sft_s4,a25_sft,25,4,sft,8000,2488,0,1,1.0,libero_plus,3442.608039855957,3da3ac7e4432a1d62624245435f34cd7112cf796,outputs/cp3_eval/a25_sft_s4/shard0
a25_sft_s4,a25_sft,25,4,sft,8000,2513,0,1,1.0,libero_plus,3442.608039855957,3da3ac7e4432a1d62624245435f34cd7112cf796,outputs/cp3_eval/a25_sft_s4/shard0
a25_sft_s4,a25_sft,25,4,sft,8000,2578,0,1,1.0,libero_plus,3442.608039855957,3da3ac7e4432a1d62624245435f34cd7112cf796,outputs/cp3_eval/a25_sft_s4/shard0
a25_sft_s4,a25_sft,25,4,sft,8000,31,0,0,0.0,libero_plus,3442.608039855957,3da3ac7e4432a1d62624245435f34cd7112cf796,outputs/cp3_eval/a25_sft_s4/shard1
a25_sft_s4,a25_sft,25,4,sft,8000,70,0,0,0.0,libero_plus,3442.608039855957,3da3ac7e4432a1d62624245435f34cd7112cf796,outputs/cp3_eval/a25_sft_s4/shard1
a25_sft_s4,a25_sft,25,4,sft,8000,106,0,1,1.0,libero_plus,3442.608039855957,3da3ac7e4432a1d62624245435f34cd7112cf796,outputs/cp3_eval/a25_sft_s4/shard1
a25_sft_s4,a25_sft,25,4,sft,8000,164,0,0,0.0,libero_plus,3442.608039855957,3da3ac7e4432a1d62624245435f34cd7112cf796,outputs/cp3_eval/a25_sft_s4/shard1
a25_sft_s4,a25_sft,25,4,sft,8000,242,0,0,0.0,libero_plus,3442.608039855957,3da3ac7e4432a1d62624245435f34cd7112cf796,outputs/cp3_eval/a25_sft_s4/shard1
a25_sft_s4,a25_sft,25,4,sft,8000,273,0,1,1.0,libero_plus,3442.608039855957,3da3ac7e4432a1d62624245435f34cd7112cf796,outputs/cp3_eval/a25_sft_s4/shard1
a25_sft_s4,a25_sft,25,4,sft,8000,315,0,0,0.0,libero_plus,3442.608039855957,3da3ac7e4432a1d62624245435f34cd7112cf796,outputs/cp3_eval/a25_sft_s4/shard1
a25_sft_s4,a25_sft,25,4,sft,8000,346,0,0,0.0,libero_plus,3442.608039855957,3da3ac7e4432a1d62624245435f34cd7112cf796,outputs/cp3_eval/a25_sft_s4/shard1
a25_sft_s4,a25_sft,25,4,sft,8000,392,0,0,0.0,libero_plus,3442.608039855957,3da3ac7e4432a1d62624245435f34cd7112cf796,outputs/cp3_eval/a25_sft_s4/shard1
a25_sft_s4,a25_sft,25,4,sft,8000,517,0,0,0.0,libero_plus,3442.608039855957,3da3ac7e4432a1d62624245435f34cd7112cf796,outputs/cp3_eval/a25_sft_s4/shard1
a25_sft_s4,a25_sft,25,4,sft,8000,608,0,1,1.0,libero_plus,3442.608039855957,3da3ac7e4432a1d62624245435f34cd7112cf796,outputs/cp3_eval/a25_sft_s4/shard1
a25_sft_s4,a25_sft,25,4,sft,8000,706,0,1,1.0,libero_plus,3442.608039855957,3da3ac7e4432a1d62624245435f34cd7112cf796,outputs/cp3_eval/a25_sft_s4/shard1
a25_sft_s4,a25_sft,25,4,sft,8000,754,0,1,1.0,libero_plus,3442.608039855957,3da3ac7e4432a1d62624245435f34cd7112cf796,outputs/cp3_eval/a25_sft_s4/shard1
a25_sft_s4,a25_sft,25,4,sft,8000,829,0,0,0.0,libero_plus,3442.608039855957,3da3ac7e4432a1d62624245435f34cd7112cf796,outputs/cp3_eval/a25_sft_s4/shard1
a25_sft_s4,a25_sft,25,4,sft,8000,934,0,1,1.0,libero_plus,3442.608039855957,3da3ac7e4432a1d62624245435f34cd7112cf796,outputs/cp3_eval/a25_sft_s4/shard1
a25_sft_s4,a25_sft,25,4,sft,8000,969,0,1,1.0,libero_plus,3442.608039855957,3da3ac7e4432a1d62624245435f34cd7112cf796,outputs/cp3_eval/a25_sft_s4/shard1
a25_sft_s4,a25_sft,25,4,sft,8000,1042,0,0,0.0,libero_plus,3442.608039855957,3da3ac7e4432a1d62624245435f34cd7112cf796,outputs/cp3_eval/a25_sft_s4/shard1
a25_sft_s4,a25_sft,25,4,sft,8000,1139,0,0,0.0,libero_plus,3442.608039855957,3da3ac7e4432a1d62624245435f34cd7112cf796,outputs/cp3_eval/a25_sft_s4/shard1
a25_sft_s4,a25_sft,25,4,sft,8000,1210,0,0,0.0,libero_plus,3442.608039855957,3da3ac7e4432a1d62624245435f34cd7112cf796,outputs/cp3_eval/a25_sft_s4/shard1
a25_sft_s4,a25_sft,25,4,sft,8000,1246,0,0,0.0,libero_plus,3442.608039855957,3da3ac7e4432a1d62624245435f34cd7112cf796,outputs/cp3_eval/a25_sft_s4/shard1
a25_sft_s4,a25_sft,25,4,sft,8000,1308,0,0,0.0,libero_plus,3442.608039855957,3da3ac7e4432a1d62624245435f34cd7112cf796,outputs/cp3_eval/a25_sft_s4/shard1
a25_sft_s4,a25_sft,25,4,sft,8000,1399,0,0,0.0,libero_plus,3442.608039855957,3da3ac7e4432a1d62624245435f34cd7112cf796,outputs/cp3_eval/a25_sft_s4/shard1
a25_sft_s4,a25_sft,25,4,sft,8000,1503,0,0,0.0,libero_plus,3442.608039855957,3da3ac7e4432a1d62624245435f34cd7112cf796,outputs/cp3_eval/a25_sft_s4/shard1
a25_sft_s4,a25_sft,25,4,sft,8000,1592,0,1,1.0,libero_plus,3442.608039855957,3da3ac7e4432a1d62624245435f34cd7112cf796,outputs/cp3_eval/a25_sft_s4/shard1
a25_sft_s4,a25_sft,25,4,sft,8000,1634,0,0,0.0,libero_plus,3442.608039855957,3da3ac7e4432a1d62624245435f34cd7112cf796,outputs/cp3_eval/a25_sft_s4/shard1
a25_sft_s4,a25_sft,25,4,sft,8000,1714,0,0,0.0,libero_plus,3442.608039855957,3da3ac7e4432a1d62624245435f34cd7112cf796,outputs/cp3_eval/a25_sft_s4/shard1
a25_sft_s4,a25_sft,25,4,sft,8000,1770,0,1,1.0,libero_plus,3442.608039855957,3da3ac7e4432a1d62624245435f34cd7112cf796,outputs/cp3_eval/a25_sft_s4/shard1
a25_sft_s4,a25_sft,25,4,sft,8000,1852,0,0,0.0,libero_plus,3442.608039855957,3da3ac7e4432a1d62624245435f34cd7112cf796,outputs/cp3_eval/a25_sft_s4/shard1
a25_sft_s4,a25_sft,25,4,sft,8000,1922,0,0,0.0,libero_plus,3442.608039855957,3da3ac7e4432a1d62624245435f34cd7112cf796,outputs/cp3_eval/a25_sft_s4/shard1
a25_sft_s4,a25_sft,25,4,sft,8000,2016,0,0,0.0,libero_plus,3442.608039855957,3da3ac7e4432a1d62624245435f34cd7112cf796,outputs/cp3_eval/a25_sft_s4/shard1
a25_sft_s4,a25_sft,25,4,sft,8000,2052,0,0,0.0,libero_plus,3442.608039855957,3da3ac7e4432a1d62624245435f34cd7112cf796,outputs/cp3_eval/a25_sft_s4/shard1
a25_sft_s4,a25_sft,25,4,sft,8000,2128,0,0,0.0,libero_plus,3442.608039855957,3da3ac7e4432a1d62624245435f34cd7112cf796,outputs/cp3_eval/a25_sft_s4/shard1
a25_sft_s4,a25_sft,25,4,sft,8000,2185,0,0,0.0,libero_plus,3442.608039855957,3da3ac7e4432a1d62624245435f34cd7112cf796,outputs/cp3_eval/a25_sft_s4/shard1
a25_sft_s4,a25_sft,25,4,sft,8000,2255,0,0,0.0,libero_plus,3442.608039855957,3da3ac7e4432a1d62624245435f34cd7112cf796,outputs/cp3_eval/a25_sft_s4/shard1
a25_sft_s4,a25_sft,25,4,sft,8000,2346,0,1,1.0,libero_plus,3442.608039855957,3da3ac7e4432a1d62624245435f34cd7112cf796,outputs/cp3_eval/a25_sft_s4/shard1
a25_sft_s4,a25_sft,25,4,sft,8000,2382,0,1,1.0,libero_plus,3442.608039855957,3da3ac7e4432a1d62624245435f34cd7112cf796,outputs/cp3_eval/a25_sft_s4/shard1
a25_sft_s4,a25_sft,25,4,sft,8000,2413,0,1,1.0,libero_plus,3442.608039855957,3da3ac7e4432a1d62624245435f34cd7112cf796,outputs/cp3_eval/a25_sft_s4/shard1
a25_sft_s4,a25_sft,25,4,sft,8000,2491,0,1,1.0,libero_plus,3442.608039855957,3da3ac7e4432a1d62624245435f34cd7112cf796,outputs/cp3_eval/a25_sft_s4/shard1
a25_sft_s4,a25_sft,25,4,sft,8000,2516,0,0,0.0,libero_plus,3442.608039855957,3da3ac7e4432a1d62624245435f34cd7112cf796,outputs/cp3_eval/a25_sft_s4/shard1
a25_sft_s4,a25_sft,25,4,sft,8000,39,0,0,0.0,libero_plus,3442.608039855957,3da3ac7e4432a1d62624245435f34cd7112cf796,outputs/cp3_eval/a25_sft_s4/shard2
a25_sft_s4,a25_sft,25,4,sft,8000,74,0,1,1.0,libero_plus,3442.608039855957,3da3ac7e4432a1d62624245435f34cd7112cf796,outputs/cp3_eval/a25_sft_s4/shard2
a25_sft_s4,a25_sft,25,4,sft,8000,117,0,1,1.0,libero_plus,3442.608039855957,3da3ac7e4432a1d62624245435f34cd7112cf796,outputs/cp3_eval/a25_sft_s4/shard2
a25_sft_s4,a25_sft,25,4,sft,8000,173,0,1,1.0,libero_plus,3442.608039855957,3da3ac7e4432a1d62624245435f34cd7112cf796,outputs/cp3_eval/a25_sft_s4/shard2
a25_sft_s4,a25_sft,25,4,sft,8000,250,0,1,1.0,libero_plus,3442.608039855957,3da3ac7e4432a1d62624245435f34cd7112cf796,outputs/cp3_eval/a25_sft_s4/shard2
a25_sft_s4,a25_sft,25,4,sft,8000,277,0,1,1.0,libero_plus,3442.608039855957,3da3ac7e4432a1d62624245435f34cd7112cf796,outputs/cp3_eval/a25_sft_s4/shard2
a25_sft_s4,a25_sft,25,4,sft,8000,332,0,1,1.0,libero_plus,3442.608039855957,3da3ac7e4432a1d62624245435f34cd7112cf796,outputs/cp3_eval/a25_sft_s4/shard2
a25_sft_s4,a25_sft,25,4,sft,8000,352,0,0,0.0,libero_plus,3442.608039855957,3da3ac7e4432a1d62624245435f34cd7112cf796,outputs/cp3_eval/a25_sft_s4/shard2
a25_sft_s4,a25_sft,25,4,sft,8000,484,0,0,0.0,libero_plus,3442.608039855957,3da3ac7e4432a1d62624245435f34cd7112cf796,outputs/cp3_eval/a25_sft_s4/shard2
a25_sft_s4,a25_sft,25,4,sft,8000,523,0,1,1.0,libero_plus,3442.608039855957,3da3ac7e4432a1d62624245435f34cd7112cf796,outputs/cp3_eval/a25_sft_s4/shard2
a25_sft_s4,a25_sft,25,4,sft,8000,611,0,1,1.0,libero_plus,3442.608039855957,3da3ac7e4432a1d62624245435f34cd7112cf796,outputs/cp3_eval/a25_sft_s4/shard2
a25_sft_s4,a25_sft,25,4,sft,8000,734,0,1,1.0,libero_plus,3442.608039855957,3da3ac7e4432a1d62624245435f34cd7112cf796,outputs/cp3_eval/a25_sft_s4/shard2
a25_sft_s4,a25_sft,25,4,sft,8000,758,0,1,1.0,libero_plus,3442.608039855957,3da3ac7e4432a1d62624245435f34cd7112cf796,outputs/cp3_eval/a25_sft_s4/shard2
a25_sft_s4,a25_sft,25,4,sft,8000,836,0,1,1.0,libero_plus,3442.608039855957,3da3ac7e4432a1d62624245435f34cd7112cf796,outputs/cp3_eval/a25_sft_s4/shard2
a25_sft_s4,a25_sft,25,4,sft,8000,950,0,1,1.0,libero_plus,3442.608039855957,3da3ac7e4432a1d62624245435f34cd7112cf796,outputs/cp3_eval/a25_sft_s4/shard2
a25_sft_s4,a25_sft,25,4,sft,8000,973,0,1,1.0,libero_plus,3442.608039855957,3da3ac7e4432a1d62624245435f34cd7112cf796,outputs/cp3_eval/a25_sft_s4/shard2
a25_sft_s4,a25_sft,25,4,sft,8000,1058,0,0,0.0,libero_plus,3442.608039855957,3da3ac7e4432a1d62624245435f34cd7112cf796,outputs/cp3_eval/a25_sft_s4/shard2
a25_sft_s4,a25_sft,25,4,sft,8000,1171,0,0,0.0,libero_plus,3442.608039855957,3da3ac7e4432a1d62624245435f34cd7112cf796,outputs/cp3_eval/a25_sft_s4/shard2
a25_sft_s4,a25_sft,25,4,sft,8000,1211,0,0,0.0,libero_plus,3442.608039855957,3da3ac7e4432a1d62624245435f34cd7112cf796,outputs/cp3_eval/a25_sft_s4/shard2
a25_sft_s4,a25_sft,25,4,sft,8000,1267,0,0,0.0,libero_plus,3442.608039855957,3da3ac7e4432a1d62624245435f34cd7112cf796,outputs/cp3_eval/a25_sft_s4/shard2
a25_sft_s4,a25_sft,25,4,sft,8000,1355,0,0,0.0,libero_plus,3442.608039855957,3da3ac7e4432a1d62624245435f34cd7112cf796,outputs/cp3_eval/a25_sft_s4/shard2
a25_sft_s4,a25_sft,25,4,sft,8000,1422,0,0,0.0,libero_plus,3442.608039855957,3da3ac7e4432a1d62624245435f34cd7112cf796,outputs/cp3_eval/a25_sft_s4/shard2
a25_sft_s4,a25_sft,25,4,sft,8000,1567,0,0,0.0,libero_plus,3442.608039855957,3da3ac7e4432a1d62624245435f34cd7112cf796,outputs/cp3_eval/a25_sft_s4/shard2
a25_sft_s4,a25_sft,25,4,sft,8000,1595,0,0,0.0,libero_plus,3442.608039855957,3da3ac7e4432a1d62624245435f34cd7112cf796,outputs/cp3_eval/a25_sft_s4/shard2
a25_sft_s4,a25_sft,25,4,sft,8000,1642,0,0,0.0,libero_plus,3442.608039855957,3da3ac7e4432a1d62624245435f34cd7112cf796,outputs/cp3_eval/a25_sft_s4/shard2
a25_sft_s4,a25_sft,25,4,sft,8000,1718,0,1,1.0,libero_plus,3442.608039855957,3da3ac7e4432a1d62624245435f34cd7112cf796,outputs/cp3_eval/a25_sft_s4/shard2
a25_sft_s4,a25_sft,25,4,sft,8000,1791,0,0,0.0,libero_plus,3442.608039855957,3da3ac7e4432a1d62624245435f34cd7112cf796,outputs/cp3_eval/a25_sft_s4/shard2
a25_sft_s4,a25_sft,25,4,sft,8000,1860,0,0,0.0,libero_plus,3442.608039855957,3da3ac7e4432a1d62624245435f34cd7112cf796,outputs/cp3_eval/a25_sft_s4/shard2
a25_sft_s4,a25_sft,25,4,sft,8000,1940,0,1,1.0,libero_plus,3442.608039855957,3da3ac7e4432a1d62624245435f34cd7112cf796,outputs/cp3_eval/a25_sft_s4/shard2
a25_sft_s4,a25_sft,25,4,sft,8000,2034,0,1,1.0,libero_plus,3442.608039855957,3da3ac7e4432a1d62624245435f34cd7112cf796,outputs/cp3_eval/a25_sft_s4/shard2
a25_sft_s4,a25_sft,25,4,sft,8000,2056,0,0,0.0,libero_plus,3442.608039855957,3da3ac7e4432a1d62624245435f34cd7112cf796,outputs/cp3_eval/a25_sft_s4/shard2
a25_sft_s4,a25_sft,25,4,sft,8000,2139,0,1,1.0,libero_plus,3442.608039855957,3da3ac7e4432a1d62624245435f34cd7112cf796,outputs/cp3_eval/a25_sft_s4/shard2
a25_sft_s4,a25_sft,25,4,sft,8000,2203,0,0,0.0,libero_plus,3442.608039855957,3da3ac7e4432a1d62624245435f34cd7112cf796,outputs/cp3_eval/a25_sft_s4/shard2
a25_sft_s4,a25_sft,25,4,sft,8000,2262,0,0,0.0,libero_plus,3442.608039855957,3da3ac7e4432a1d62624245435f34cd7112cf796,outputs/cp3_eval/a25_sft_s4/shard2
a25_sft_s4,a25_sft,25,4,sft,8000,2350,0,1,1.0,libero_plus,3442.608039855957,3da3ac7e4432a1d62624245435f34cd7112cf796,outputs/cp3_eval/a25_sft_s4/shard2
a25_sft_s4,a25_sft,25,4,sft,8000,2388,0,0,0.0,libero_plus,3442.608039855957,3da3ac7e4432a1d62624245435f34cd7112cf796,outputs/cp3_eval/a25_sft_s4/shard2
a25_sft_s4,a25_sft,25,4,sft,8000,2446,0,1,1.0,libero_plus,3442.608039855957,3da3ac7e4432a1d62624245435f34cd7112cf796,outputs/cp3_eval/a25_sft_s4/shard2
a25_sft_s4,a25_sft,25,4,sft,8000,2494,0,1,1.0,libero_plus,3442.608039855957,3da3ac7e4432a1d62624245435f34cd7112cf796,outputs/cp3_eval/a25_sft_s4/shard2
a25_sft_s4,a25_sft,25,4,sft,8000,2528,0,0,0.0,libero_plus,3442.608039855957,3da3ac7e4432a1d62624245435f34cd7112cf796,outputs/cp3_eval/a25_sft_s4/shard2
a25_sft_s4,a25_sft,25,4,sft,8000,41,0,0,0.0,libero_plus,3442.608039855957,3da3ac7e4432a1d62624245435f34cd7112cf796,outputs/cp3_eval/a25_sft_s4/shard3
a25_sft_s4,a25_sft,25,4,sft,8000,83,0,1,1.0,libero_plus,3442.608039855957,3da3ac7e4432a1d62624245435f34cd7112cf796,outputs/cp3_eval/a25_sft_s4/shard3
a25_sft_s4,a25_sft,25,4,sft,8000,124,0,1,1.0,libero_plus,3442.608039855957,3da3ac7e4432a1d62624245435f34cd7112cf796,outputs/cp3_eval/a25_sft_s4/shard3
a25_sft_s4,a25_sft,25,4,sft,8000,214,0,0,0.0,libero_plus,3442.608039855957,3da3ac7e4432a1d62624245435f34cd7112cf796,outputs/cp3_eval/a25_sft_s4/shard3
a25_sft_s4,a25_sft,25,4,sft,8000,265,0,1,1.0,libero_plus,3442.608039855957,3da3ac7e4432a1d62624245435f34cd7112cf796,outputs/cp3_eval/a25_sft_s4/shard3
a25_sft_s4,a25_sft,25,4,sft,8000,291,0,0,0.0,libero_plus,3442.608039855957,3da3ac7e4432a1d62624245435f34cd7112cf796,outputs/cp3_eval/a25_sft_s4/shard3
a25_sft_s4,a25_sft,25,4,sft,8000,337,0,1,1.0,libero_plus,3442.608039855957,3da3ac7e4432a1d62624245435f34cd7112cf796,outputs/cp3_eval/a25_sft_s4/shard3
a25_sft_s4,a25_sft,25,4,sft,8000,355,0,0,0.0,libero_plus,3442.608039855957,3da3ac7e4432a1d62624245435f34cd7112cf796,outputs/cp3_eval/a25_sft_s4/shard3
a25_sft_s4,a25_sft,25,4,sft,8000,488,0,0,0.0,libero_plus,3442.608039855957,3da3ac7e4432a1d62624245435f34cd7112cf796,outputs/cp3_eval/a25_sft_s4/shard3
a25_sft_s4,a25_sft,25,4,sft,8000,546,0,1,1.0,libero_plus,3442.608039855957,3da3ac7e4432a1d62624245435f34cd7112cf796,outputs/cp3_eval/a25_sft_s4/shard3
a25_sft_s4,a25_sft,25,4,sft,8000,614,0,1,1.0,libero_plus,3442.608039855957,3da3ac7e4432a1d62624245435f34cd7112cf796,outputs/cp3_eval/a25_sft_s4/shard3
a25_sft_s4,a25_sft,25,4,sft,8000,737,0,1,1.0,libero_plus,3442.608039855957,3da3ac7e4432a1d62624245435f34cd7112cf796,outputs/cp3_eval/a25_sft_s4/shard3
a25_sft_s4,a25_sft,25,4,sft,8000,786,0,1,1.0,libero_plus,3442.608039855957,3da3ac7e4432a1d62624245435f34cd7112cf796,outputs/cp3_eval/a25_sft_s4/shard3
a25_sft_s4,a25_sft,25,4,sft,8000,871,0,1,1.0,libero_plus,3442.608039855957,3da3ac7e4432a1d62624245435f34cd7112cf796,outputs/cp3_eval/a25_sft_s4/shard3
a25_sft_s4,a25_sft,25,4,sft,8000,962,0,1,1.0,libero_plus,3442.608039855957,3da3ac7e4432a1d62624245435f34cd7112cf796,outputs/cp3_eval/a25_sft_s4/shard3
a25_sft_s4,a25_sft,25,4,sft,8000,974,0,1,1.0,libero_plus,3442.608039855957,3da3ac7e4432a1d62624245435f34cd7112cf796,outputs/cp3_eval/a25_sft_s4/shard3
a25_sft_s4,a25_sft,25,4,sft,8000,1069,0,0,0.0,libero_plus,3442.608039855957,3da3ac7e4432a1d62624245435f34cd7112cf796,outputs/cp3_eval/a25_sft_s4/shard3
a25_sft_s4,a25_sft,25,4,sft,8000,1194,0,0,0.0,libero_plus,3442.608039855957,3da3ac7e4432a1d62624245435f34cd7112cf796,outputs/cp3_eval/a25_sft_s4/shard3
a25_sft_s4,a25_sft,25,4,sft,8000,1213,0,0,0.0,libero_plus,3442.608039855957,3da3ac7e4432a1d62624245435f34cd7112cf796,outputs/cp3_eval/a25_sft_s4/shard3
a25_sft_s4,a25_sft,25,4,sft,8000,1279,0,0,0.0,libero_plus,3442.608039855957,3da3ac7e4432a1d62624245435f34cd7112cf796,outputs/cp3_eval/a25_sft_s4/shard3
a25_sft_s4,a25_sft,25,4,sft,8000,1356,0,0,0.0,libero_plus,3442.608039855957,3da3ac7e4432a1d62624245435f34cd7112cf796,outputs/cp3_eval/a25_sft_s4/shard3
a25_sft_s4,a25_sft,25,4,sft,8000,1449,0,0,0.0,libero_plus,3442.608039855957,3da3ac7e4432a1d62624245435f34cd7112cf796,outputs/cp3_eval/a25_sft_s4/shard3
a25_sft_s4,a25_sft,25,4,sft,8000,1572,0,1,1.0,libero_plus,3442.608039855957,3da3ac7e4432a1d62624245435f34cd7112cf796,outputs/cp3_eval/a25_sft_s4/shard3
a25_sft_s4,a25_sft,25,4,sft,8000,1608,0,0,0.0,libero_plus,3442.608039855957,3da3ac7e4432a1d62624245435f34cd7112cf796,outputs/cp3_eval/a25_sft_s4/shard3
a25_sft_s4,a25_sft,25,4,sft,8000,1672,0,1,1.0,libero_plus,3442.608039855957,3da3ac7e4432a1d62624245435f34cd7112cf796,outputs/cp3_eval/a25_sft_s4/shard3
a25_sft_s4,a25_sft,25,4,sft,8000,1727,0,1,1.0,libero_plus,3442.608039855957,3da3ac7e4432a1d62624245435f34cd7112cf796,outputs/cp3_eval/a25_sft_s4/shard3
a25_sft_s4,a25_sft,25,4,sft,8000,1794,0,0,0.0,libero_plus,3442.608039855957,3da3ac7e4432a1d62624245435f34cd7112cf796,outputs/cp3_eval/a25_sft_s4/shard3
a25_sft_s4,a25_sft,25,4,sft,8000,1864,0,1,1.0,libero_plus,3442.608039855957,3da3ac7e4432a1d62624245435f34cd7112cf796,outputs/cp3_eval/a25_sft_s4/shard3
a25_sft_s4,a25_sft,25,4,sft,8000,1945,0,0,0.0,libero_plus,3442.608039855957,3da3ac7e4432a1d62624245435f34cd7112cf796,outputs/cp3_eval/a25_sft_s4/shard3
a25_sft_s4,a25_sft,25,4,sft,8000,2035,0,1,1.0,libero_plus,3442.608039855957,3da3ac7e4432a1d62624245435f34cd7112cf796,outputs/cp3_eval/a25_sft_s4/shard3
a25_sft_s4,a25_sft,25,4,sft,8000,2065,0,0,0.0,libero_plus,3442.608039855957,3da3ac7e4432a1d62624245435f34cd7112cf796,outputs/cp3_eval/a25_sft_s4/shard3
a25_sft_s4,a25_sft,25,4,sft,8000,2153,0,0,0.0,libero_plus,3442.608039855957,3da3ac7e4432a1d62624245435f34cd7112cf796,outputs/cp3_eval/a25_sft_s4/shard3
a25_sft_s4,a25_sft,25,4,sft,8000,2207,0,0,0.0,libero_plus,3442.608039855957,3da3ac7e4432a1d62624245435f34cd7112cf796,outputs/cp3_eval/a25_sft_s4/shard3
a25_sft_s4,a25_sft,25,4,sft,8000,2321,0,1,1.0,libero_plus,3442.608039855957,3da3ac7e4432a1d62624245435f34cd7112cf796,outputs/cp3_eval/a25_sft_s4/shard3
a25_sft_s4,a25_sft,25,4,sft,8000,2359,0,0,0.0,libero_plus,3442.608039855957,3da3ac7e4432a1d62624245435f34cd7112cf796,outputs/cp3_eval/a25_sft_s4/shard3
a25_sft_s4,a25_sft,25,4,sft,8000,2405,0,0,0.0,libero_plus,3442.608039855957,3da3ac7e4432a1d62624245435f34cd7112cf796,outputs/cp3_eval/a25_sft_s4/shard3
a25_sft_s4,a25_sft,25,4,sft,8000,2464,0,1,1.0,libero_plus,3442.608039855957,3da3ac7e4432a1d62624245435f34cd7112cf796,outputs/cp3_eval/a25_sft_s4/shard3
a25_sft_s4,a25_sft,25,4,sft,8000,2497,0,0,0.0,libero_plus,3442.608039855957,3da3ac7e4432a1d62624245435f34cd7112cf796,outputs/cp3_eval/a25_sft_s4/shard3
a25_sft_s4,a25_sft,25,4,sft,8000,2539,0,0,0.0,libero_plus,3442.608039855957,3da3ac7e4432a1d62624245435f34cd7112cf796,outputs/cp3_eval/a25_sft_s4/shard3
a25_sft_s4,a25_sft,25,4,sft,8000,44,0,0,0.0,libero_plus,3442.608039855957,3da3ac7e4432a1d62624245435f34cd7112cf796,outputs/cp3_eval/a25_sft_s4/shard4
a25_sft_s4,a25_sft,25,4,sft,8000,94,0,1,1.0,libero_plus,3442.608039855957,3da3ac7e4432a1d62624245435f34cd7112cf796,outputs/cp3_eval/a25_sft_s4/shard4
a25_sft_s4,a25_sft,25,4,sft,8000,141,0,0,0.0,libero_plus,3442.608039855957,3da3ac7e4432a1d62624245435f34cd7112cf796,outputs/cp3_eval/a25_sft_s4/shard4
a25_sft_s4,a25_sft,25,4,sft,8000,226,0,0,0.0,libero_plus,3442.608039855957,3da3ac7e4432a1d62624245435f34cd7112cf796,outputs/cp3_eval/a25_sft_s4/shard4
a25_sft_s4,a25_sft,25,4,sft,8000,266,0,1,1.0,libero_plus,3442.608039855957,3da3ac7e4432a1d62624245435f34cd7112cf796,outputs/cp3_eval/a25_sft_s4/shard4
a25_sft_s4,a25_sft,25,4,sft,8000,304,0,1,1.0,libero_plus,3442.608039855957,3da3ac7e4432a1d62624245435f34cd7112cf796,outputs/cp3_eval/a25_sft_s4/shard4
a25_sft_s4,a25_sft,25,4,sft,8000,339,0,0,0.0,libero_plus,3442.608039855957,3da3ac7e4432a1d62624245435f34cd7112cf796,outputs/cp3_eval/a25_sft_s4/shard4
a25_sft_s4,a25_sft,25,4,sft,8000,365,0,0,0.0,libero_plus,3442.608039855957,3da3ac7e4432a1d62624245435f34cd7112cf796,outputs/cp3_eval/a25_sft_s4/shard4
a25_sft_s4,a25_sft,25,4,sft,8000,492,0,1,1.0,libero_plus,3442.608039855957,3da3ac7e4432a1d62624245435f34cd7112cf796,outputs/cp3_eval/a25_sft_s4/shard4
a25_sft_s4,a25_sft,25,4,sft,8000,556,0,0,0.0,libero_plus,3442.608039855957,3da3ac7e4432a1d62624245435f34cd7112cf796,outputs/cp3_eval/a25_sft_s4/shard4
a25_sft_s4,a25_sft,25,4,sft,8000,616,0,1,1.0,libero_plus,3442.608039855957,3da3ac7e4432a1d62624245435f34cd7112cf796,outputs/cp3_eval/a25_sft_s4/shard4
a25_sft_s4,a25_sft,25,4,sft,8000,740,0,1,1.0,libero_plus,3442.608039855957,3da3ac7e4432a1d62624245435f34cd7112cf796,outputs/cp3_eval/a25_sft_s4/shard4
a25_sft_s4,a25_sft,25,4,sft,8000,812,0,0,0.0,libero_plus,3442.608039855957,3da3ac7e4432a1d62624245435f34cd7112cf796,outputs/cp3_eval/a25_sft_s4/shard4
a25_sft_s4,a25_sft,25,4,sft,8000,882,0,0,0.0,libero_plus,3442.608039855957,3da3ac7e4432a1d62624245435f34cd7112cf796,outputs/cp3_eval/a25_sft_s4/shard4
a25_sft_s4,a25_sft,25,4,sft,8000,964,0,1,1.0,libero_plus,3442.608039855957,3da3ac7e4432a1d62624245435f34cd7112cf796,outputs/cp3_eval/a25_sft_s4/shard4
a25_sft_s4,a25_sft,25,4,sft,8000,978,0,0,0.0,libero_plus,3442.608039855957,3da3ac7e4432a1d62624245435f34cd7112cf796,outputs/cp3_eval/a25_sft_s4/shard4
a25_sft_s4,a25_sft,25,4,sft,8000,1117,0,0,0.0,libero_plus,3442.608039855957,3da3ac7e4432a1d62624245435f34cd7112cf796,outputs/cp3_eval/a25_sft_s4/shard4
a25_sft_s4,a25_sft,25,4,sft,8000,1196,0,0,0.0,libero_plus,3442.608039855957,3da3ac7e4432a1d62624245435f34cd7112cf796,outputs/cp3_eval/a25_sft_s4/shard4
a25_sft_s4,a25_sft,25,4,sft,8000,1239,0,0,0.0,libero_plus,3442.608039855957,3da3ac7e4432a1d62624245435f34cd7112cf796,outputs/cp3_eval/a25_sft_s4/shard4
a25_sft_s4,a25_sft,25,4,sft,8000,1286,0,0,0.0,libero_plus,3442.608039855957,3da3ac7e4432a1d62624245435f34cd7112cf796,outputs/cp3_eval/a25_sft_s4/shard4
a25_sft_s4,a25_sft,25,4,sft,8000,1378,0,0,0.0,libero_plus,3442.608039855957,3da3ac7e4432a1d62624245435f34cd7112cf796,outputs/cp3_eval/a25_sft_s4/shard4
a25_sft_s4,a25_sft,25,4,sft,8000,1455,0,0,0.0,libero_plus,3442.608039855957,3da3ac7e4432a1d62624245435f34cd7112cf796,outputs/cp3_eval/a25_sft_s4/shard4
a25_sft_s4,a25_sft,25,4,sft,8000,1577,0,1,1.0,libero_plus,3442.608039855957,3da3ac7e4432a1d62624245435f34cd7112cf796,outputs/cp3_eval/a25_sft_s4/shard4
a25_sft_s4,a25_sft,25,4,sft,8000,1621,0,0,0.0,libero_plus,3442.608039855957,3da3ac7e4432a1d62624245435f34cd7112cf796,outputs/cp3_eval/a25_sft_s4/shard4
a25_sft_s4,a25_sft,25,4,sft,8000,1681,0,1,1.0,libero_plus,3442.608039855957,3da3ac7e4432a1d62624245435f34cd7112cf796,outputs/cp3_eval/a25_sft_s4/shard4
a25_sft_s4,a25_sft,25,4,sft,8000,1729,0,0,0.0,libero_plus,3442.608039855957,3da3ac7e4432a1d62624245435f34cd7112cf796,outputs/cp3_eval/a25_sft_s4/shard4
a25_sft_s4,a25_sft,25,4,sft,8000,1803,0,0,0.0,libero_plus,3442.608039855957,3da3ac7e4432a1d62624245435f34cd7112cf796,outputs/cp3_eval/a25_sft_s4/shard4
a25_sft_s4,a25_sft,25,4,sft,8000,1882,0,0,0.0,libero_plus,3442.608039855957,3da3ac7e4432a1d62624245435f34cd7112cf796,outputs/cp3_eval/a25_sft_s4/shard4
a25_sft_s4,a25_sft,25,4,sft,8000,1959,0,0,0.0,libero_plus,3442.608039855957,3da3ac7e4432a1d62624245435f34cd7112cf796,outputs/cp3_eval/a25_sft_s4/shard4
a25_sft_s4,a25_sft,25,4,sft,8000,2037,0,1,1.0,libero_plus,3442.608039855957,3da3ac7e4432a1d62624245435f34cd7112cf796,outputs/cp3_eval/a25_sft_s4/shard4
a25_sft_s4,a25_sft,25,4,sft,8000,2081,0,0,0.0,libero_plus,3442.608039855957,3da3ac7e4432a1d62624245435f34cd7112cf796,outputs/cp3_eval/a25_sft_s4/shard4
a25_sft_s4,a25_sft,25,4,sft,8000,2179,0,0,0.0,libero_plus,3442.608039855957,3da3ac7e4432a1d62624245435f34cd7112cf796,outputs/cp3_eval/a25_sft_s4/shard4
a25_sft_s4,a25_sft,25,4,sft,8000,2222,0,0,0.0,libero_plus,3442.608039855957,3da3ac7e4432a1d62624245435f34cd7112cf796,outputs/cp3_eval/a25_sft_s4/shard4
a25_sft_s4,a25_sft,25,4,sft,8000,2332,0,1,1.0,libero_plus,3442.608039855957,3da3ac7e4432a1d62624245435f34cd7112cf796,outputs/cp3_eval/a25_sft_s4/shard4
a25_sft_s4,a25_sft,25,4,sft,8000,2363,0,1,1.0,libero_plus,3442.608039855957,3da3ac7e4432a1d62624245435f34cd7112cf796,outputs/cp3_eval/a25_sft_s4/shard4
a25_sft_s4,a25_sft,25,4,sft,8000,2406,0,1,1.0,libero_plus,3442.608039855957,3da3ac7e4432a1d62624245435f34cd7112cf796,outputs/cp3_eval/a25_sft_s4/shard4
a25_sft_s4,a25_sft,25,4,sft,8000,2465,0,1,1.0,libero_plus,3442.608039855957,3da3ac7e4432a1d62624245435f34cd7112cf796,outputs/cp3_eval/a25_sft_s4/shard4
a25_sft_s4,a25_sft,25,4,sft,8000,2504,0,1,1.0,libero_plus,3442.608039855957,3da3ac7e4432a1d62624245435f34cd7112cf796,outputs/cp3_eval/a25_sft_s4/shard4
a25_sft_s4,a25_sft,25,4,sft,8000,2569,0,1,1.0,libero_plus,3442.608039855957,3da3ac7e4432a1d62624245435f34cd7112cf796,outputs/cp3_eval/a25_sft_s4/shard4
a1_rl_s0,a1_rl,1,0,rl,160,5,0,1,1.0,libero_plus,3638.9763543605804,4b2ef1e7ad404b0099517678a62a618b8f3b92ce,outputs/cp3_eval/a1_rl_s0/shard0
a1_rl_s0,a1_rl,1,0,rl,160,64,0,0,0.0,libero_plus,3638.9763543605804,4b2ef1e7ad404b0099517678a62a618b8f3b92ce,outputs/cp3_eval/a1_rl_s0/shard0
a1_rl_s0,a1_rl,1,0,rl,160,97,0,1,1.0,libero_plus,3638.9763543605804,4b2ef1e7ad404b0099517678a62a618b8f3b92ce,outputs/cp3_eval/a1_rl_s0/shard0
a1_rl_s0,a1_rl,1,0,rl,160,152,0,0,0.0,libero_plus,3638.9763543605804,4b2ef1e7ad404b0099517678a62a618b8f3b92ce,outputs/cp3_eval/a1_rl_s0/shard0
a1_rl_s0,a1_rl,1,0,rl,160,238,0,1,1.0,libero_plus,3638.9763543605804,4b2ef1e7ad404b0099517678a62a618b8f3b92ce,outputs/cp3_eval/a1_rl_s0/shard0
a1_rl_s0,a1_rl,1,0,rl,160,270,0,1,1.0,libero_plus,3638.9763543605804,4b2ef1e7ad404b0099517678a62a618b8f3b92ce,outputs/cp3_eval/a1_rl_s0/shard0
a1_rl_s0,a1_rl,1,0,rl,160,306,0,0,0.0,libero_plus,3638.9763543605804,4b2ef1e7ad404b0099517678a62a618b8f3b92ce,outputs/cp3_eval/a1_rl_s0/shard0
a1_rl_s0,a1_rl,1,0,rl,160,340,0,0,0.0,libero_plus,3638.9763543605804,4b2ef1e7ad404b0099517678a62a618b8f3b92ce,outputs/cp3_eval/a1_rl_s0/shard0
a1_rl_s0,a1_rl,1,0,rl,160,384,0,0,0.0,libero_plus,3638.9763543605804,4b2ef1e7ad404b0099517678a62a618b8f3b92ce,outputs/cp3_eval/a1_rl_s0/shard0
a1_rl_s0,a1_rl,1,0,rl,160,493,0,0,0.0,libero_plus,3638.9763543605804,4b2ef1e7ad404b0099517678a62a618b8f3b92ce,outputs/cp3_eval/a1_rl_s0/shard0
a1_rl_s0,a1_rl,1,0,rl,160,571,0,0,0.0,libero_plus,3638.9763543605804,4b2ef1e7ad404b0099517678a62a618b8f3b92ce,outputs/cp3_eval/a1_rl_s0/shard0
a1_rl_s0,a1_rl,1,0,rl,160,664,0,1,1.0,libero_plus,3638.9763543605804,4b2ef1e7ad404b0099517678a62a618b8f3b92ce,outputs/cp3_eval/a1_rl_s0/shard0
a1_rl_s0,a1_rl,1,0,rl,160,745,0,0,0.0,libero_plus,3638.9763543605804,4b2ef1e7ad404b0099517678a62a618b8f3b92ce,outputs/cp3_eval/a1_rl_s0/shard0
a1_rl_s0,a1_rl,1,0,rl,160,814,0,0,0.0,libero_plus,3638.9763543605804,4b2ef1e7ad404b0099517678a62a618b8f3b92ce,outputs/cp3_eval/a1_rl_s0/shard0
a1_rl_s0,a1_rl,1,0,rl,160,913,0,1,1.0,libero_plus,3638.9763543605804,4b2ef1e7ad404b0099517678a62a618b8f3b92ce,outputs/cp3_eval/a1_rl_s0/shard0
a1_rl_s0,a1_rl,1,0,rl,160,968,0,0,0.0,libero_plus,3638.9763543605804,4b2ef1e7ad404b0099517678a62a618b8f3b92ce,outputs/cp3_eval/a1_rl_s0/shard0
a1_rl_s0,a1_rl,1,0,rl,160,1025,0,0,0.0,libero_plus,3638.9763543605804,4b2ef1e7ad404b0099517678a62a618b8f3b92ce,outputs/cp3_eval/a1_rl_s0/shard0
a1_rl_s0,a1_rl,1,0,rl,160,1126,0,0,0.0,libero_plus,3638.9763543605804,4b2ef1e7ad404b0099517678a62a618b8f3b92ce,outputs/cp3_eval/a1_rl_s0/shard0
a1_rl_s0,a1_rl,1,0,rl,160,1209,0,0,0.0,libero_plus,3638.9763543605804,4b2ef1e7ad404b0099517678a62a618b8f3b92ce,outputs/cp3_eval/a1_rl_s0/shard0
a1_rl_s0,a1_rl,1,0,rl,160,1243,0,0,0.0,libero_plus,3638.9763543605804,4b2ef1e7ad404b0099517678a62a618b8f3b92ce,outputs/cp3_eval/a1_rl_s0/shard0
a1_rl_s0,a1_rl,1,0,rl,160,1304,0,0,0.0,libero_plus,3638.9763543605804,4b2ef1e7ad404b0099517678a62a618b8f3b92ce,outputs/cp3_eval/a1_rl_s0/shard0
a1_rl_s0,a1_rl,1,0,rl,160,1394,0,0,0.0,libero_plus,3638.9763543605804,4b2ef1e7ad404b0099517678a62a618b8f3b92ce,outputs/cp3_eval/a1_rl_s0/shard0
a1_rl_s0,a1_rl,1,0,rl,160,1466,0,0,0.0,libero_plus,3638.9763543605804,4b2ef1e7ad404b0099517678a62a618b8f3b92ce,outputs/cp3_eval/a1_rl_s0/shard0
a1_rl_s0,a1_rl,1,0,rl,160,1591,0,0,0.0,libero_plus,3638.9763543605804,4b2ef1e7ad404b0099517678a62a618b8f3b92ce,outputs/cp3_eval/a1_rl_s0/shard0
a1_rl_s0,a1_rl,1,0,rl,160,1625,0,0,0.0,libero_plus,3638.9763543605804,4b2ef1e7ad404b0099517678a62a618b8f3b92ce,outputs/cp3_eval/a1_rl_s0/shard0
a1_rl_s0,a1_rl,1,0,rl,160,1695,0,0,0.0,libero_plus,3638.9763543605804,4b2ef1e7ad404b0099517678a62a618b8f3b92ce,outputs/cp3_eval/a1_rl_s0/shard0
a1_rl_s0,a1_rl,1,0,rl,160,1759,0,0,0.0,libero_plus,3638.9763543605804,4b2ef1e7ad404b0099517678a62a618b8f3b92ce,outputs/cp3_eval/a1_rl_s0/shard0
a1_rl_s0,a1_rl,1,0,rl,160,1811,0,0,0.0,libero_plus,3638.9763543605804,4b2ef1e7ad404b0099517678a62a618b8f3b92ce,outputs/cp3_eval/a1_rl_s0/shard0
a1_rl_s0,a1_rl,1,0,rl,160,1887,0,1,1.0,libero_plus,3638.9763543605804,4b2ef1e7ad404b0099517678a62a618b8f3b92ce,outputs/cp3_eval/a1_rl_s0/shard0
a1_rl_s0,a1_rl,1,0,rl,160,1995,0,0,0.0,libero_plus,3638.9763543605804,4b2ef1e7ad404b0099517678a62a618b8f3b92ce,outputs/cp3_eval/a1_rl_s0/shard0
a1_rl_s0,a1_rl,1,0,rl,160,2045,0,0,0.0,libero_plus,3638.9763543605804,4b2ef1e7ad404b0099517678a62a618b8f3b92ce,outputs/cp3_eval/a1_rl_s0/shard0
a1_rl_s0,a1_rl,1,0,rl,160,2093,0,0,0.0,libero_plus,3638.9763543605804,4b2ef1e7ad404b0099517678a62a618b8f3b92ce,outputs/cp3_eval/a1_rl_s0/shard0
a1_rl_s0,a1_rl,1,0,rl,160,2180,0,0,0.0,libero_plus,3638.9763543605804,4b2ef1e7ad404b0099517678a62a618b8f3b92ce,outputs/cp3_eval/a1_rl_s0/shard0
a1_rl_s0,a1_rl,1,0,rl,160,2235,0,1,1.0,libero_plus,3638.9763543605804,4b2ef1e7ad404b0099517678a62a618b8f3b92ce,outputs/cp3_eval/a1_rl_s0/shard0
a1_rl_s0,a1_rl,1,0,rl,160,2338,0,1,1.0,libero_plus,3638.9763543605804,4b2ef1e7ad404b0099517678a62a618b8f3b92ce,outputs/cp3_eval/a1_rl_s0/shard0
a1_rl_s0,a1_rl,1,0,rl,160,2377,0,0,0.0,libero_plus,3638.9763543605804,4b2ef1e7ad404b0099517678a62a618b8f3b92ce,outputs/cp3_eval/a1_rl_s0/shard0
a1_rl_s0,a1_rl,1,0,rl,160,2411,0,1,1.0,libero_plus,3638.9763543605804,4b2ef1e7ad404b0099517678a62a618b8f3b92ce,outputs/cp3_eval/a1_rl_s0/shard0
a1_rl_s0,a1_rl,1,0,rl,160,2488,0,0,0.0,libero_plus,3638.9763543605804,4b2ef1e7ad404b0099517678a62a618b8f3b92ce,outputs/cp3_eval/a1_rl_s0/shard0
a1_rl_s0,a1_rl,1,0,rl,160,2513,0,0,0.0,libero_plus,3638.9763543605804,4b2ef1e7ad404b0099517678a62a618b8f3b92ce,outputs/cp3_eval/a1_rl_s0/shard0
a1_rl_s0,a1_rl,1,0,rl,160,2578,0,0,0.0,libero_plus,3638.9763543605804,4b2ef1e7ad404b0099517678a62a618b8f3b92ce,outputs/cp3_eval/a1_rl_s0/shard0
a1_rl_s0,a1_rl,1,0,rl,160,31,0,0,0.0,libero_plus,3638.9763543605804,4b2ef1e7ad404b0099517678a62a618b8f3b92ce,outputs/cp3_eval/a1_rl_s0/shard1
a1_rl_s0,a1_rl,1,0,rl,160,70,0,0,0.0,libero_plus,3638.9763543605804,4b2ef1e7ad404b0099517678a62a618b8f3b92ce,outputs/cp3_eval/a1_rl_s0/shard1
a1_rl_s0,a1_rl,1,0,rl,160,106,0,0,0.0,libero_plus,3638.9763543605804,4b2ef1e7ad404b0099517678a62a618b8f3b92ce,outputs/cp3_eval/a1_rl_s0/shard1
a1_rl_s0,a1_rl,1,0,rl,160,164,0,0,0.0,libero_plus,3638.9763543605804,4b2ef1e7ad404b0099517678a62a618b8f3b92ce,outputs/cp3_eval/a1_rl_s0/shard1
a1_rl_s0,a1_rl,1,0,rl,160,242,0,1,1.0,libero_plus,3638.9763543605804,4b2ef1e7ad404b0099517678a62a618b8f3b92ce,outputs/cp3_eval/a1_rl_s0/shard1
a1_rl_s0,a1_rl,1,0,rl,160,273,0,0,0.0,libero_plus,3638.9763543605804,4b2ef1e7ad404b0099517678a62a618b8f3b92ce,outputs/cp3_eval/a1_rl_s0/shard1
a1_rl_s0,a1_rl,1,0,rl,160,315,0,0,0.0,libero_plus,3638.9763543605804,4b2ef1e7ad404b0099517678a62a618b8f3b92ce,outputs/cp3_eval/a1_rl_s0/shard1
a1_rl_s0,a1_rl,1,0,rl,160,346,0,0,0.0,libero_plus,3638.9763543605804,4b2ef1e7ad404b0099517678a62a618b8f3b92ce,outputs/cp3_eval/a1_rl_s0/shard1
a1_rl_s0,a1_rl,1,0,rl,160,392,0,0,0.0,libero_plus,3638.9763543605804,4b2ef1e7ad404b0099517678a62a618b8f3b92ce,outputs/cp3_eval/a1_rl_s0/shard1
a1_rl_s0,a1_rl,1,0,rl,160,517,0,0,0.0,libero_plus,3638.9763543605804,4b2ef1e7ad404b0099517678a62a618b8f3b92ce,outputs/cp3_eval/a1_rl_s0/shard1
a1_rl_s0,a1_rl,1,0,rl,160,608,0,0,0.0,libero_plus,3638.9763543605804,4b2ef1e7ad404b0099517678a62a618b8f3b92ce,outputs/cp3_eval/a1_rl_s0/shard1
a1_rl_s0,a1_rl,1,0,rl,160,706,0,1,1.0,libero_plus,3638.9763543605804,4b2ef1e7ad404b0099517678a62a618b8f3b92ce,outputs/cp3_eval/a1_rl_s0/shard1
a1_rl_s0,a1_rl,1,0,rl,160,754,0,1,1.0,libero_plus,3638.9763543605804,4b2ef1e7ad404b0099517678a62a618b8f3b92ce,outputs/cp3_eval/a1_rl_s0/shard1
a1_rl_s0,a1_rl,1,0,rl,160,829,0,0,0.0,libero_plus,3638.9763543605804,4b2ef1e7ad404b0099517678a62a618b8f3b92ce,outputs/cp3_eval/a1_rl_s0/shard1
a1_rl_s0,a1_rl,1,0,rl,160,934,0,0,0.0,libero_plus,3638.9763543605804,4b2ef1e7ad404b0099517678a62a618b8f3b92ce,outputs/cp3_eval/a1_rl_s0/shard1
a1_rl_s0,a1_rl,1,0,rl,160,969,0,0,0.0,libero_plus,3638.9763543605804,4b2ef1e7ad404b0099517678a62a618b8f3b92ce,outputs/cp3_eval/a1_rl_s0/shard1
a1_rl_s0,a1_rl,1,0,rl,160,1042,0,0,0.0,libero_plus,3638.9763543605804,4b2ef1e7ad404b0099517678a62a618b8f3b92ce,outputs/cp3_eval/a1_rl_s0/shard1
a1_rl_s0,a1_rl,1,0,rl,160,1139,0,0,0.0,libero_plus,3638.9763543605804,4b2ef1e7ad404b0099517678a62a618b8f3b92ce,outputs/cp3_eval/a1_rl_s0/shard1
a1_rl_s0,a1_rl,1,0,rl,160,1210,0,0,0.0,libero_plus,3638.9763543605804,4b2ef1e7ad404b0099517678a62a618b8f3b92ce,outputs/cp3_eval/a1_rl_s0/shard1
a1_rl_s0,a1_rl,1,0,rl,160,1246,0,0,0.0,libero_plus,3638.9763543605804,4b2ef1e7ad404b0099517678a62a618b8f3b92ce,outputs/cp3_eval/a1_rl_s0/shard1
a1_rl_s0,a1_rl,1,0,rl,160,1308,0,0,0.0,libero_plus,3638.9763543605804,4b2ef1e7ad404b0099517678a62a618b8f3b92ce,outputs/cp3_eval/a1_rl_s0/shard1
a1_rl_s0,a1_rl,1,0,rl,160,1399,0,0,0.0,libero_plus,3638.9763543605804,4b2ef1e7ad404b0099517678a62a618b8f3b92ce,outputs/cp3_eval/a1_rl_s0/shard1
a1_rl_s0,a1_rl,1,0,rl,160,1503,0,0,0.0,libero_plus,3638.9763543605804,4b2ef1e7ad404b0099517678a62a618b8f3b92ce,outputs/cp3_eval/a1_rl_s0/shard1
a1_rl_s0,a1_rl,1,0,rl,160,1592,0,0,0.0,libero_plus,3638.9763543605804,4b2ef1e7ad404b0099517678a62a618b8f3b92ce,outputs/cp3_eval/a1_rl_s0/shard1
a1_rl_s0,a1_rl,1,0,rl,160,1634,0,0,0.0,libero_plus,3638.9763543605804,4b2ef1e7ad404b0099517678a62a618b8f3b92ce,outputs/cp3_eval/a1_rl_s0/shard1
a1_rl_s0,a1_rl,1,0,rl,160,1714,0,1,1.0,libero_plus,3638.9763543605804,4b2ef1e7ad404b0099517678a62a618b8f3b92ce,outputs/cp3_eval/a1_rl_s0/shard1
a1_rl_s0,a1_rl,1,0,rl,160,1770,0,1,1.0,libero_plus,3638.9763543605804,4b2ef1e7ad404b0099517678a62a618b8f3b92ce,outputs/cp3_eval/a1_rl_s0/shard1
a1_rl_s0,a1_rl,1,0,rl,160,1852,0,0,0.0,libero_plus,3638.9763543605804,4b2ef1e7ad404b0099517678a62a618b8f3b92ce,outputs/cp3_eval/a1_rl_s0/shard1
a1_rl_s0,a1_rl,1,0,rl,160,1922,0,0,0.0,libero_plus,3638.9763543605804,4b2ef1e7ad404b0099517678a62a618b8f3b92ce,outputs/cp3_eval/a1_rl_s0/shard1
a1_rl_s0,a1_rl,1,0,rl,160,2016,0,0,0.0,libero_plus,3638.9763543605804,4b2ef1e7ad404b0099517678a62a618b8f3b92ce,outputs/cp3_eval/a1_rl_s0/shard1
a1_rl_s0,a1_rl,1,0,rl,160,2052,0,0,0.0,libero_plus,3638.9763543605804,4b2ef1e7ad404b0099517678a62a618b8f3b92ce,outputs/cp3_eval/a1_rl_s0/shard1
a1_rl_s0,a1_rl,1,0,rl,160,2128,0,1,1.0,libero_plus,3638.9763543605804,4b2ef1e7ad404b0099517678a62a618b8f3b92ce,outputs/cp3_eval/a1_rl_s0/shard1
a1_rl_s0,a1_rl,1,0,rl,160,2185,0,0,0.0,libero_plus,3638.9763543605804,4b2ef1e7ad404b0099517678a62a618b8f3b92ce,outputs/cp3_eval/a1_rl_s0/shard1
a1_rl_s0,a1_rl,1,0,rl,160,2255,0,0,0.0,libero_plus,3638.9763543605804,4b2ef1e7ad404b0099517678a62a618b8f3b92ce,outputs/cp3_eval/a1_rl_s0/shard1
a1_rl_s0,a1_rl,1,0,rl,160,2346,0,1,1.0,libero_plus,3638.9763543605804,4b2ef1e7ad404b0099517678a62a618b8f3b92ce,outputs/cp3_eval/a1_rl_s0/shard1
a1_rl_s0,a1_rl,1,0,rl,160,2382,0,0,0.0,libero_plus,3638.9763543605804,4b2ef1e7ad404b0099517678a62a618b8f3b92ce,outputs/cp3_eval/a1_rl_s0/shard1
a1_rl_s0,a1_rl,1,0,rl,160,2413,0,1,1.0,libero_plus,3638.9763543605804,4b2ef1e7ad404b0099517678a62a618b8f3b92ce,outputs/cp3_eval/a1_rl_s0/shard1
a1_rl_s0,a1_rl,1,0,rl,160,2491,0,0,0.0,libero_plus,3638.9763543605804,4b2ef1e7ad404b0099517678a62a618b8f3b92ce,outputs/cp3_eval/a1_rl_s0/shard1
a1_rl_s0,a1_rl,1,0,rl,160,2516,0,0,0.0,libero_plus,3638.9763543605804,4b2ef1e7ad404b0099517678a62a618b8f3b92ce,outputs/cp3_eval/a1_rl_s0/shard1
a1_rl_s0,a1_rl,1,0,rl,160,39,0,0,0.0,libero_plus,3638.9763543605804,4b2ef1e7ad404b0099517678a62a618b8f3b92ce,outputs/cp3_eval/a1_rl_s0/shard2
a1_rl_s0,a1_rl,1,0,rl,160,74,0,0,0.0,libero_plus,3638.9763543605804,4b2ef1e7ad404b0099517678a62a618b8f3b92ce,outputs/cp3_eval/a1_rl_s0/shard2
a1_rl_s0,a1_rl,1,0,rl,160,117,0,1,1.0,libero_plus,3638.9763543605804,4b2ef1e7ad404b0099517678a62a618b8f3b92ce,outputs/cp3_eval/a1_rl_s0/shard2
a1_rl_s0,a1_rl,1,0,rl,160,173,0,0,0.0,libero_plus,3638.9763543605804,4b2ef1e7ad404b0099517678a62a618b8f3b92ce,outputs/cp3_eval/a1_rl_s0/shard2
a1_rl_s0,a1_rl,1,0,rl,160,250,0,1,1.0,libero_plus,3638.9763543605804,4b2ef1e7ad404b0099517678a62a618b8f3b92ce,outputs/cp3_eval/a1_rl_s0/shard2
a1_rl_s0,a1_rl,1,0,rl,160,277,0,0,0.0,libero_plus,3638.9763543605804,4b2ef1e7ad404b0099517678a62a618b8f3b92ce,outputs/cp3_eval/a1_rl_s0/shard2
a1_rl_s0,a1_rl,1,0,rl,160,332,0,1,1.0,libero_plus,3638.9763543605804,4b2ef1e7ad404b0099517678a62a618b8f3b92ce,outputs/cp3_eval/a1_rl_s0/shard2
a1_rl_s0,a1_rl,1,0,rl,160,352,0,1,1.0,libero_plus,3638.9763543605804,4b2ef1e7ad404b0099517678a62a618b8f3b92ce,outputs/cp3_eval/a1_rl_s0/shard2
a1_rl_s0,a1_rl,1,0,rl,160,484,0,0,0.0,libero_plus,3638.9763543605804,4b2ef1e7ad404b0099517678a62a618b8f3b92ce,outputs/cp3_eval/a1_rl_s0/shard2
a1_rl_s0,a1_rl,1,0,rl,160,523,0,0,0.0,libero_plus,3638.9763543605804,4b2ef1e7ad404b0099517678a62a618b8f3b92ce,outputs/cp3_eval/a1_rl_s0/shard2
a1_rl_s0,a1_rl,1,0,rl,160,611,0,0,0.0,libero_plus,3638.9763543605804,4b2ef1e7ad404b0099517678a62a618b8f3b92ce,outputs/cp3_eval/a1_rl_s0/shard2
a1_rl_s0,a1_rl,1,0,rl,160,734,0,1,1.0,libero_plus,3638.9763543605804,4b2ef1e7ad404b0099517678a62a618b8f3b92ce,outputs/cp3_eval/a1_rl_s0/shard2
a1_rl_s0,a1_rl,1,0,rl,160,758,0,1,1.0,libero_plus,3638.9763543605804,4b2ef1e7ad404b0099517678a62a618b8f3b92ce,outputs/cp3_eval/a1_rl_s0/shard2
a1_rl_s0,a1_rl,1,0,rl,160,836,0,0,0.0,libero_plus,3638.9763543605804,4b2ef1e7ad404b0099517678a62a618b8f3b92ce,outputs/cp3_eval/a1_rl_s0/shard2
a1_rl_s0,a1_rl,1,0,rl,160,950,0,0,0.0,libero_plus,3638.9763543605804,4b2ef1e7ad404b0099517678a62a618b8f3b92ce,outputs/cp3_eval/a1_rl_s0/shard2
a1_rl_s0,a1_rl,1,0,rl,160,973,0,0,0.0,libero_plus,3638.9763543605804,4b2ef1e7ad404b0099517678a62a618b8f3b92ce,outputs/cp3_eval/a1_rl_s0/shard2
a1_rl_s0,a1_rl,1,0,rl,160,1058,0,0,0.0,libero_plus,3638.9763543605804,4b2ef1e7ad404b0099517678a62a618b8f3b92ce,outputs/cp3_eval/a1_rl_s0/shard2
a1_rl_s0,a1_rl,1,0,rl,160,1171,0,1,1.0,libero_plus,3638.9763543605804,4b2ef1e7ad404b0099517678a62a618b8f3b92ce,outputs/cp3_eval/a1_rl_s0/shard2
a1_rl_s0,a1_rl,1,0,rl,160,1211,0,0,0.0,libero_plus,3638.9763543605804,4b2ef1e7ad404b0099517678a62a618b8f3b92ce,outputs/cp3_eval/a1_rl_s0/shard2
a1_rl_s0,a1_rl,1,0,rl,160,1267,0,0,0.0,libero_plus,3638.9763543605804,4b2ef1e7ad404b0099517678a62a618b8f3b92ce,outputs/cp3_eval/a1_rl_s0/shard2
a1_rl_s0,a1_rl,1,0,rl,160,1355,0,0,0.0,libero_plus,3638.9763543605804,4b2ef1e7ad404b0099517678a62a618b8f3b92ce,outputs/cp3_eval/a1_rl_s0/shard2
a1_rl_s0,a1_rl,1,0,rl,160,1422,0,0,0.0,libero_plus,3638.9763543605804,4b2ef1e7ad404b0099517678a62a618b8f3b92ce,outputs/cp3_eval/a1_rl_s0/shard2
a1_rl_s0,a1_rl,1,0,rl,160,1567,0,1,1.0,libero_plus,3638.9763543605804,4b2ef1e7ad404b0099517678a62a618b8f3b92ce,outputs/cp3_eval/a1_rl_s0/shard2
a1_rl_s0,a1_rl,1,0,rl,160,1595,0,0,0.0,libero_plus,3638.9763543605804,4b2ef1e7ad404b0099517678a62a618b8f3b92ce,outputs/cp3_eval/a1_rl_s0/shard2
a1_rl_s0,a1_rl,1,0,rl,160,1642,0,1,1.0,libero_plus,3638.9763543605804,4b2ef1e7ad404b0099517678a62a618b8f3b92ce,outputs/cp3_eval/a1_rl_s0/shard2
a1_rl_s0,a1_rl,1,0,rl,160,1718,0,1,1.0,libero_plus,3638.9763543605804,4b2ef1e7ad404b0099517678a62a618b8f3b92ce,outputs/cp3_eval/a1_rl_s0/shard2
a1_rl_s0,a1_rl,1,0,rl,160,1791,0,0,0.0,libero_plus,3638.9763543605804,4b2ef1e7ad404b0099517678a62a618b8f3b92ce,outputs/cp3_eval/a1_rl_s0/shard2
a1_rl_s0,a1_rl,1,0,rl,160,1860,0,0,0.0,libero_plus,3638.9763543605804,4b2ef1e7ad404b0099517678a62a618b8f3b92ce,outputs/cp3_eval/a1_rl_s0/shard2
a1_rl_s0,a1_rl,1,0,rl,160,1940,0,0,0.0,libero_plus,3638.9763543605804,4b2ef1e7ad404b0099517678a62a618b8f3b92ce,outputs/cp3_eval/a1_rl_s0/shard2
a1_rl_s0,a1_rl,1,0,rl,160,2034,0,0,0.0,libero_plus,3638.9763543605804,4b2ef1e7ad404b0099517678a62a618b8f3b92ce,outputs/cp3_eval/a1_rl_s0/shard2
a1_rl_s0,a1_rl,1,0,rl,160,2056,0,0,0.0,libero_plus,3638.9763543605804,4b2ef1e7ad404b0099517678a62a618b8f3b92ce,outputs/cp3_eval/a1_rl_s0/shard2
a1_rl_s0,a1_rl,1,0,rl,160,2139,0,1,1.0,libero_plus,3638.9763543605804,4b2ef1e7ad404b0099517678a62a618b8f3b92ce,outputs/cp3_eval/a1_rl_s0/shard2
a1_rl_s0,a1_rl,1,0,rl,160,2203,0,0,0.0,libero_plus,3638.9763543605804,4b2ef1e7ad404b0099517678a62a618b8f3b92ce,outputs/cp3_eval/a1_rl_s0/shard2
a1_rl_s0,a1_rl,1,0,rl,160,2262,0,0,0.0,libero_plus,3638.9763543605804,4b2ef1e7ad404b0099517678a62a618b8f3b92ce,outputs/cp3_eval/a1_rl_s0/shard2
a1_rl_s0,a1_rl,1,0,rl,160,2350,0,0,0.0,libero_plus,3638.9763543605804,4b2ef1e7ad404b0099517678a62a618b8f3b92ce,outputs/cp3_eval/a1_rl_s0/shard2
a1_rl_s0,a1_rl,1,0,rl,160,2388,0,0,0.0,libero_plus,3638.9763543605804,4b2ef1e7ad404b0099517678a62a618b8f3b92ce,outputs/cp3_eval/a1_rl_s0/shard2
a1_rl_s0,a1_rl,1,0,rl,160,2446,0,1,1.0,libero_plus,3638.9763543605804,4b2ef1e7ad404b0099517678a62a618b8f3b92ce,outputs/cp3_eval/a1_rl_s0/shard2
a1_rl_s0,a1_rl,1,0,rl,160,2494,0,0,0.0,libero_plus,3638.9763543605804,4b2ef1e7ad404b0099517678a62a618b8f3b92ce,outputs/cp3_eval/a1_rl_s0/shard2
a1_rl_s0,a1_rl,1,0,rl,160,2528,0,0,0.0,libero_plus,3638.9763543605804,4b2ef1e7ad404b0099517678a62a618b8f3b92ce,outputs/cp3_eval/a1_rl_s0/shard2
a1_rl_s0,a1_rl,1,0,rl,160,41,0,0,0.0,libero_plus,3638.9763543605804,4b2ef1e7ad404b0099517678a62a618b8f3b92ce,outputs/cp3_eval/a1_rl_s0/shard3
a1_rl_s0,a1_rl,1,0,rl,160,83,0,1,1.0,libero_plus,3638.9763543605804,4b2ef1e7ad404b0099517678a62a618b8f3b92ce,outputs/cp3_eval/a1_rl_s0/shard3
a1_rl_s0,a1_rl,1,0,rl,160,124,0,0,0.0,libero_plus,3638.9763543605804,4b2ef1e7ad404b0099517678a62a618b8f3b92ce,outputs/cp3_eval/a1_rl_s0/shard3
a1_rl_s0,a1_rl,1,0,rl,160,214,0,0,0.0,libero_plus,3638.9763543605804,4b2ef1e7ad404b0099517678a62a618b8f3b92ce,outputs/cp3_eval/a1_rl_s0/shard3
a1_rl_s0,a1_rl,1,0,rl,160,265,0,0,0.0,libero_plus,3638.9763543605804,4b2ef1e7ad404b0099517678a62a618b8f3b92ce,outputs/cp3_eval/a1_rl_s0/shard3
a1_rl_s0,a1_rl,1,0,rl,160,291,0,0,0.0,libero_plus,3638.9763543605804,4b2ef1e7ad404b0099517678a62a618b8f3b92ce,outputs/cp3_eval/a1_rl_s0/shard3
a1_rl_s0,a1_rl,1,0,rl,160,337,0,1,1.0,libero_plus,3638.9763543605804,4b2ef1e7ad404b0099517678a62a618b8f3b92ce,outputs/cp3_eval/a1_rl_s0/shard3
a1_rl_s0,a1_rl,1,0,rl,160,355,0,0,0.0,libero_plus,3638.9763543605804,4b2ef1e7ad404b0099517678a62a618b8f3b92ce,outputs/cp3_eval/a1_rl_s0/shard3
a1_rl_s0,a1_rl,1,0,rl,160,488,0,0,0.0,libero_plus,3638.9763543605804,4b2ef1e7ad404b0099517678a62a618b8f3b92ce,outputs/cp3_eval/a1_rl_s0/shard3
a1_rl_s0,a1_rl,1,0,rl,160,546,0,0,0.0,libero_plus,3638.9763543605804,4b2ef1e7ad404b0099517678a62a618b8f3b92ce,outputs/cp3_eval/a1_rl_s0/shard3
a1_rl_s0,a1_rl,1,0,rl,160,614,0,0,0.0,libero_plus,3638.9763543605804,4b2ef1e7ad404b0099517678a62a618b8f3b92ce,outputs/cp3_eval/a1_rl_s0/shard3
a1_rl_s0,a1_rl,1,0,rl,160,737,0,1,1.0,libero_plus,3638.9763543605804,4b2ef1e7ad404b0099517678a62a618b8f3b92ce,outputs/cp3_eval/a1_rl_s0/shard3
a1_rl_s0,a1_rl,1,0,rl,160,786,0,0,0.0,libero_plus,3638.9763543605804,4b2ef1e7ad404b0099517678a62a618b8f3b92ce,outputs/cp3_eval/a1_rl_s0/shard3
a1_rl_s0,a1_rl,1,0,rl,160,871,0,0,0.0,libero_plus,3638.9763543605804,4b2ef1e7ad404b0099517678a62a618b8f3b92ce,outputs/cp3_eval/a1_rl_s0/shard3
a1_rl_s0,a1_rl,1,0,rl,160,962,0,0,0.0,libero_plus,3638.9763543605804,4b2ef1e7ad404b0099517678a62a618b8f3b92ce,outputs/cp3_eval/a1_rl_s0/shard3
a1_rl_s0,a1_rl,1,0,rl,160,974,0,0,0.0,libero_plus,3638.9763543605804,4b2ef1e7ad404b0099517678a62a618b8f3b92ce,outputs/cp3_eval/a1_rl_s0/shard3
a1_rl_s0,a1_rl,1,0,rl,160,1069,0,0,0.0,libero_plus,3638.9763543605804,4b2ef1e7ad404b0099517678a62a618b8f3b92ce,outputs/cp3_eval/a1_rl_s0/shard3
a1_rl_s0,a1_rl,1,0,rl,160,1194,0,0,0.0,libero_plus,3638.9763543605804,4b2ef1e7ad404b0099517678a62a618b8f3b92ce,outputs/cp3_eval/a1_rl_s0/shard3
a1_rl_s0,a1_rl,1,0,rl,160,1213,0,0,0.0,libero_plus,3638.9763543605804,4b2ef1e7ad404b0099517678a62a618b8f3b92ce,outputs/cp3_eval/a1_rl_s0/shard3
a1_rl_s0,a1_rl,1,0,rl,160,1279,0,0,0.0,libero_plus,3638.9763543605804,4b2ef1e7ad404b0099517678a62a618b8f3b92ce,outputs/cp3_eval/a1_rl_s0/shard3
a1_rl_s0,a1_rl,1,0,rl,160,1356,0,0,0.0,libero_plus,3638.9763543605804,4b2ef1e7ad404b0099517678a62a618b8f3b92ce,outputs/cp3_eval/a1_rl_s0/shard3
a1_rl_s0,a1_rl,1,0,rl,160,1449,0,0,0.0,libero_plus,3638.9763543605804,4b2ef1e7ad404b0099517678a62a618b8f3b92ce,outputs/cp3_eval/a1_rl_s0/shard3
a1_rl_s0,a1_rl,1,0,rl,160,1572,0,1,1.0,libero_plus,3638.9763543605804,4b2ef1e7ad404b0099517678a62a618b8f3b92ce,outputs/cp3_eval/a1_rl_s0/shard3
a1_rl_s0,a1_rl,1,0,rl,160,1608,0,1,1.0,libero_plus,3638.9763543605804,4b2ef1e7ad404b0099517678a62a618b8f3b92ce,outputs/cp3_eval/a1_rl_s0/shard3
a1_rl_s0,a1_rl,1,0,rl,160,1672,0,0,0.0,libero_plus,3638.9763543605804,4b2ef1e7ad404b0099517678a62a618b8f3b92ce,outputs/cp3_eval/a1_rl_s0/shard3
a1_rl_s0,a1_rl,1,0,rl,160,1727,0,1,1.0,libero_plus,3638.9763543605804,4b2ef1e7ad404b0099517678a62a618b8f3b92ce,outputs/cp3_eval/a1_rl_s0/shard3
a1_rl_s0,a1_rl,1,0,rl,160,1794,0,0,0.0,libero_plus,3638.9763543605804,4b2ef1e7ad404b0099517678a62a618b8f3b92ce,outputs/cp3_eval/a1_rl_s0/shard3
a1_rl_s0,a1_rl,1,0,rl,160,1864,0,0,0.0,libero_plus,3638.9763543605804,4b2ef1e7ad404b0099517678a62a618b8f3b92ce,outputs/cp3_eval/a1_rl_s0/shard3
a1_rl_s0,a1_rl,1,0,rl,160,1945,0,0,0.0,libero_plus,3638.9763543605804,4b2ef1e7ad404b0099517678a62a618b8f3b92ce,outputs/cp3_eval/a1_rl_s0/shard3
a1_rl_s0,a1_rl,1,0,rl,160,2035,0,0,0.0,libero_plus,3638.9763543605804,4b2ef1e7ad404b0099517678a62a618b8f3b92ce,outputs/cp3_eval/a1_rl_s0/shard3
a1_rl_s0,a1_rl,1,0,rl,160,2065,0,0,0.0,libero_plus,3638.9763543605804,4b2ef1e7ad404b0099517678a62a618b8f3b92ce,outputs/cp3_eval/a1_rl_s0/shard3
a1_rl_s0,a1_rl,1,0,rl,160,2153,0,0,0.0,libero_plus,3638.9763543605804,4b2ef1e7ad404b0099517678a62a618b8f3b92ce,outputs/cp3_eval/a1_rl_s0/shard3
a1_rl_s0,a1_rl,1,0,rl,160,2207,0,0,0.0,libero_plus,3638.9763543605804,4b2ef1e7ad404b0099517678a62a618b8f3b92ce,outputs/cp3_eval/a1_rl_s0/shard3
a1_rl_s0,a1_rl,1,0,rl,160,2321,0,1,1.0,libero_plus,3638.9763543605804,4b2ef1e7ad404b0099517678a62a618b8f3b92ce,outputs/cp3_eval/a1_rl_s0/shard3
a1_rl_s0,a1_rl,1,0,rl,160,2359,0,0,0.0,libero_plus,3638.9763543605804,4b2ef1e7ad404b0099517678a62a618b8f3b92ce,outputs/cp3_eval/a1_rl_s0/shard3
a1_rl_s0,a1_rl,1,0,rl,160,2405,0,1,1.0,libero_plus,3638.9763543605804,4b2ef1e7ad404b0099517678a62a618b8f3b92ce,outputs/cp3_eval/a1_rl_s0/shard3
a1_rl_s0,a1_rl,1,0,rl,160,2464,0,0,0.0,libero_plus,3638.9763543605804,4b2ef1e7ad404b0099517678a62a618b8f3b92ce,outputs/cp3_eval/a1_rl_s0/shard3
a1_rl_s0,a1_rl,1,0,rl,160,2497,0,0,0.0,libero_plus,3638.9763543605804,4b2ef1e7ad404b0099517678a62a618b8f3b92ce,outputs/cp3_eval/a1_rl_s0/shard3
a1_rl_s0,a1_rl,1,0,rl,160,2539,0,0,0.0,libero_plus,3638.9763543605804,4b2ef1e7ad404b0099517678a62a618b8f3b92ce,outputs/cp3_eval/a1_rl_s0/shard3
a1_rl_s0,a1_rl,1,0,rl,160,44,0,0,0.0,libero_plus,3638.9763543605804,4b2ef1e7ad404b0099517678a62a618b8f3b92ce,outputs/cp3_eval/a1_rl_s0/shard4
a1_rl_s0,a1_rl,1,0,rl,160,94,0,1,1.0,libero_plus,3638.9763543605804,4b2ef1e7ad404b0099517678a62a618b8f3b92ce,outputs/cp3_eval/a1_rl_s0/shard4
a1_rl_s0,a1_rl,1,0,rl,160,141,0,0,0.0,libero_plus,3638.9763543605804,4b2ef1e7ad404b0099517678a62a618b8f3b92ce,outputs/cp3_eval/a1_rl_s0/shard4
a1_rl_s0,a1_rl,1,0,rl,160,226,0,0,0.0,libero_plus,3638.9763543605804,4b2ef1e7ad404b0099517678a62a618b8f3b92ce,outputs/cp3_eval/a1_rl_s0/shard4
a1_rl_s0,a1_rl,1,0,rl,160,266,0,1,1.0,libero_plus,3638.9763543605804,4b2ef1e7ad404b0099517678a62a618b8f3b92ce,outputs/cp3_eval/a1_rl_s0/shard4
a1_rl_s0,a1_rl,1,0,rl,160,304,0,0,0.0,libero_plus,3638.9763543605804,4b2ef1e7ad404b0099517678a62a618b8f3b92ce,outputs/cp3_eval/a1_rl_s0/shard4
a1_rl_s0,a1_rl,1,0,rl,160,339,0,1,1.0,libero_plus,3638.9763543605804,4b2ef1e7ad404b0099517678a62a618b8f3b92ce,outputs/cp3_eval/a1_rl_s0/shard4
a1_rl_s0,a1_rl,1,0,rl,160,365,0,1,1.0,libero_plus,3638.9763543605804,4b2ef1e7ad404b0099517678a62a618b8f3b92ce,outputs/cp3_eval/a1_rl_s0/shard4
a1_rl_s0,a1_rl,1,0,rl,160,492,0,1,1.0,libero_plus,3638.9763543605804,4b2ef1e7ad404b0099517678a62a618b8f3b92ce,outputs/cp3_eval/a1_rl_s0/shard4
a1_rl_s0,a1_rl,1,0,rl,160,556,0,0,0.0,libero_plus,3638.9763543605804,4b2ef1e7ad404b0099517678a62a618b8f3b92ce,outputs/cp3_eval/a1_rl_s0/shard4
a1_rl_s0,a1_rl,1,0,rl,160,616,0,0,0.0,libero_plus,3638.9763543605804,4b2ef1e7ad404b0099517678a62a618b8f3b92ce,outputs/cp3_eval/a1_rl_s0/shard4
a1_rl_s0,a1_rl,1,0,rl,160,740,0,1,1.0,libero_plus,3638.9763543605804,4b2ef1e7ad404b0099517678a62a618b8f3b92ce,outputs/cp3_eval/a1_rl_s0/shard4
a1_rl_s0,a1_rl,1,0,rl,160,812,0,0,0.0,libero_plus,3638.9763543605804,4b2ef1e7ad404b0099517678a62a618b8f3b92ce,outputs/cp3_eval/a1_rl_s0/shard4
a1_rl_s0,a1_rl,1,0,rl,160,882,0,1,1.0,libero_plus,3638.9763543605804,4b2ef1e7ad404b0099517678a62a618b8f3b92ce,outputs/cp3_eval/a1_rl_s0/shard4
a1_rl_s0,a1_rl,1,0,rl,160,964,0,0,0.0,libero_plus,3638.9763543605804,4b2ef1e7ad404b0099517678a62a618b8f3b92ce,outputs/cp3_eval/a1_rl_s0/shard4
a1_rl_s0,a1_rl,1,0,rl,160,978,0,1,1.0,libero_plus,3638.9763543605804,4b2ef1e7ad404b0099517678a62a618b8f3b92ce,outputs/cp3_eval/a1_rl_s0/shard4
a1_rl_s0,a1_rl,1,0,rl,160,1117,0,0,0.0,libero_plus,3638.9763543605804,4b2ef1e7ad404b0099517678a62a618b8f3b92ce,outputs/cp3_eval/a1_rl_s0/shard4
a1_rl_s0,a1_rl,1,0,rl,160,1196,0,0,0.0,libero_plus,3638.9763543605804,4b2ef1e7ad404b0099517678a62a618b8f3b92ce,outputs/cp3_eval/a1_rl_s0/shard4
a1_rl_s0,a1_rl,1,0,rl,160,1239,0,0,0.0,libero_plus,3638.9763543605804,4b2ef1e7ad404b0099517678a62a618b8f3b92ce,outputs/cp3_eval/a1_rl_s0/shard4
a1_rl_s0,a1_rl,1,0,rl,160,1286,0,0,0.0,libero_plus,3638.9763543605804,4b2ef1e7ad404b0099517678a62a618b8f3b92ce,outputs/cp3_eval/a1_rl_s0/shard4
a1_rl_s0,a1_rl,1,0,rl,160,1378,0,0,0.0,libero_plus,3638.9763543605804,4b2ef1e7ad404b0099517678a62a618b8f3b92ce,outputs/cp3_eval/a1_rl_s0/shard4
a1_rl_s0,a1_rl,1,0,rl,160,1455,0,0,0.0,libero_plus,3638.9763543605804,4b2ef1e7ad404b0099517678a62a618b8f3b92ce,outputs/cp3_eval/a1_rl_s0/shard4
a1_rl_s0,a1_rl,1,0,rl,160,1577,0,1,1.0,libero_plus,3638.9763543605804,4b2ef1e7ad404b0099517678a62a618b8f3b92ce,outputs/cp3_eval/a1_rl_s0/shard4
a1_rl_s0,a1_rl,1,0,rl,160,1621,0,0,0.0,libero_plus,3638.9763543605804,4b2ef1e7ad404b0099517678a62a618b8f3b92ce,outputs/cp3_eval/a1_rl_s0/shard4
a1_rl_s0,a1_rl,1,0,rl,160,1681,0,0,0.0,libero_plus,3638.9763543605804,4b2ef1e7ad404b0099517678a62a618b8f3b92ce,outputs/cp3_eval/a1_rl_s0/shard4
a1_rl_s0,a1_rl,1,0,rl,160,1729,0,1,1.0,libero_plus,3638.9763543605804,4b2ef1e7ad404b0099517678a62a618b8f3b92ce,outputs/cp3_eval/a1_rl_s0/shard4
a1_rl_s0,a1_rl,1,0,rl,160,1803,0,0,0.0,libero_plus,3638.9763543605804,4b2ef1e7ad404b0099517678a62a618b8f3b92ce,outputs/cp3_eval/a1_rl_s0/shard4
a1_rl_s0,a1_rl,1,0,rl,160,1882,0,0,0.0,libero_plus,3638.9763543605804,4b2ef1e7ad404b0099517678a62a618b8f3b92ce,outputs/cp3_eval/a1_rl_s0/shard4
a1_rl_s0,a1_rl,1,0,rl,160,1959,0,0,0.0,libero_plus,3638.9763543605804,4b2ef1e7ad404b0099517678a62a618b8f3b92ce,outputs/cp3_eval/a1_rl_s0/shard4
a1_rl_s0,a1_rl,1,0,rl,160,2037,0,0,0.0,libero_plus,3638.9763543605804,4b2ef1e7ad404b0099517678a62a618b8f3b92ce,outputs/cp3_eval/a1_rl_s0/shard4
a1_rl_s0,a1_rl,1,0,rl,160,2081,0,0,0.0,libero_plus,3638.9763543605804,4b2ef1e7ad404b0099517678a62a618b8f3b92ce,outputs/cp3_eval/a1_rl_s0/shard4
a1_rl_s0,a1_rl,1,0,rl,160,2179,0,0,0.0,libero_plus,3638.9763543605804,4b2ef1e7ad404b0099517678a62a618b8f3b92ce,outputs/cp3_eval/a1_rl_s0/shard4
a1_rl_s0,a1_rl,1,0,rl,160,2222,0,1,1.0,libero_plus,3638.9763543605804,4b2ef1e7ad404b0099517678a62a618b8f3b92ce,outputs/cp3_eval/a1_rl_s0/shard4
a1_rl_s0,a1_rl,1,0,rl,160,2332,0,1,1.0,libero_plus,3638.9763543605804,4b2ef1e7ad404b0099517678a62a618b8f3b92ce,outputs/cp3_eval/a1_rl_s0/shard4
a1_rl_s0,a1_rl,1,0,rl,160,2363,0,0,0.0,libero_plus,3638.9763543605804,4b2ef1e7ad404b0099517678a62a618b8f3b92ce,outputs/cp3_eval/a1_rl_s0/shard4
a1_rl_s0,a1_rl,1,0,rl,160,2406,0,1,1.0,libero_plus,3638.9763543605804,4b2ef1e7ad404b0099517678a62a618b8f3b92ce,outputs/cp3_eval/a1_rl_s0/shard4
a1_rl_s0,a1_rl,1,0,rl,160,2465,0,0,0.0,libero_plus,3638.9763543605804,4b2ef1e7ad404b0099517678a62a618b8f3b92ce,outputs/cp3_eval/a1_rl_s0/shard4
a1_rl_s0,a1_rl,1,0,rl,160,2504,0,0,0.0,libero_plus,3638.9763543605804,4b2ef1e7ad404b0099517678a62a618b8f3b92ce,outputs/cp3_eval/a1_rl_s0/shard4
a1_rl_s0,a1_rl,1,0,rl,160,2569,0,0,0.0,libero_plus,3638.9763543605804,4b2ef1e7ad404b0099517678a62a618b8f3b92ce,outputs/cp3_eval/a1_rl_s0/shard4
a1_rl_s1,a1_rl,1,1,rl,160,5,0,0,0.0,libero_plus,3342.9050147533417,4b2ef1e7ad404b0099517678a62a618b8f3b92ce,outputs/cp3_eval/a1_rl_s1/shard0
a1_rl_s1,a1_rl,1,1,rl,160,64,0,0,0.0,libero_plus,3342.9050147533417,4b2ef1e7ad404b0099517678a62a618b8f3b92ce,outputs/cp3_eval/a1_rl_s1/shard0
a1_rl_s1,a1_rl,1,1,rl,160,97,0,1,1.0,libero_plus,3342.9050147533417,4b2ef1e7ad404b0099517678a62a618b8f3b92ce,outputs/cp3_eval/a1_rl_s1/shard0
a1_rl_s1,a1_rl,1,1,rl,160,152,0,1,1.0,libero_plus,3342.9050147533417,4b2ef1e7ad404b0099517678a62a618b8f3b92ce,outputs/cp3_eval/a1_rl_s1/shard0
a1_rl_s1,a1_rl,1,1,rl,160,238,0,1,1.0,libero_plus,3342.9050147533417,4b2ef1e7ad404b0099517678a62a618b8f3b92ce,outputs/cp3_eval/a1_rl_s1/shard0
a1_rl_s1,a1_rl,1,1,rl,160,270,0,0,0.0,libero_plus,3342.9050147533417,4b2ef1e7ad404b0099517678a62a618b8f3b92ce,outputs/cp3_eval/a1_rl_s1/shard0
a1_rl_s1,a1_rl,1,1,rl,160,306,0,0,0.0,libero_plus,3342.9050147533417,4b2ef1e7ad404b0099517678a62a618b8f3b92ce,outputs/cp3_eval/a1_rl_s1/shard0
a1_rl_s1,a1_rl,1,1,rl,160,340,0,0,0.0,libero_plus,3342.9050147533417,4b2ef1e7ad404b0099517678a62a618b8f3b92ce,outputs/cp3_eval/a1_rl_s1/shard0
a1_rl_s1,a1_rl,1,1,rl,160,384,0,1,1.0,libero_plus,3342.9050147533417,4b2ef1e7ad404b0099517678a62a618b8f3b92ce,outputs/cp3_eval/a1_rl_s1/shard0
a1_rl_s1,a1_rl,1,1,rl,160,493,0,0,0.0,libero_plus,3342.9050147533417,4b2ef1e7ad404b0099517678a62a618b8f3b92ce,outputs/cp3_eval/a1_rl_s1/shard0
a1_rl_s1,a1_rl,1,1,rl,160,571,0,0,0.0,libero_plus,3342.9050147533417,4b2ef1e7ad404b0099517678a62a618b8f3b92ce,outputs/cp3_eval/a1_rl_s1/shard0
a1_rl_s1,a1_rl,1,1,rl,160,664,0,0,0.0,libero_plus,3342.9050147533417,4b2ef1e7ad404b0099517678a62a618b8f3b92ce,outputs/cp3_eval/a1_rl_s1/shard0
a1_rl_s1,a1_rl,1,1,rl,160,745,0,1,1.0,libero_plus,3342.9050147533417,4b2ef1e7ad404b0099517678a62a618b8f3b92ce,outputs/cp3_eval/a1_rl_s1/shard0
a1_rl_s1,a1_rl,1,1,rl,160,814,0,1,1.0,libero_plus,3342.9050147533417,4b2ef1e7ad404b0099517678a62a618b8f3b92ce,outputs/cp3_eval/a1_rl_s1/shard0
a1_rl_s1,a1_rl,1,1,rl,160,913,0,1,1.0,libero_plus,3342.9050147533417,4b2ef1e7ad404b0099517678a62a618b8f3b92ce,outputs/cp3_eval/a1_rl_s1/shard0
a1_rl_s1,a1_rl,1,1,rl,160,968,0,0,0.0,libero_plus,3342.9050147533417,4b2ef1e7ad404b0099517678a62a618b8f3b92ce,outputs/cp3_eval/a1_rl_s1/shard0
a1_rl_s1,a1_rl,1,1,rl,160,1025,0,0,0.0,libero_plus,3342.9050147533417,4b2ef1e7ad404b0099517678a62a618b8f3b92ce,outputs/cp3_eval/a1_rl_s1/shard0
a1_rl_s1,a1_rl,1,1,rl,160,1126,0,0,0.0,libero_plus,3342.9050147533417,4b2ef1e7ad404b0099517678a62a618b8f3b92ce,outputs/cp3_eval/a1_rl_s1/shard0
a1_rl_s1,a1_rl,1,1,rl,160,1209,0,0,0.0,libero_plus,3342.9050147533417,4b2ef1e7ad404b0099517678a62a618b8f3b92ce,outputs/cp3_eval/a1_rl_s1/shard0
a1_rl_s1,a1_rl,1,1,rl,160,1243,0,0,0.0,libero_plus,3342.9050147533417,4b2ef1e7ad404b0099517678a62a618b8f3b92ce,outputs/cp3_eval/a1_rl_s1/shard0
a1_rl_s1,a1_rl,1,1,rl,160,1304,0,0,0.0,libero_plus,3342.9050147533417,4b2ef1e7ad404b0099517678a62a618b8f3b92ce,outputs/cp3_eval/a1_rl_s1/shard0
a1_rl_s1,a1_rl,1,1,rl,160,1394,0,0,0.0,libero_plus,3342.9050147533417,4b2ef1e7ad404b0099517678a62a618b8f3b92ce,outputs/cp3_eval/a1_rl_s1/shard0
a1_rl_s1,a1_rl,1,1,rl,160,1466,0,0,0.0,libero_plus,3342.9050147533417,4b2ef1e7ad404b0099517678a62a618b8f3b92ce,outputs/cp3_eval/a1_rl_s1/shard0
a1_rl_s1,a1_rl,1,1,rl,160,1591,0,1,1.0,libero_plus,3342.9050147533417,4b2ef1e7ad404b0099517678a62a618b8f3b92ce,outputs/cp3_eval/a1_rl_s1/shard0
a1_rl_s1,a1_rl,1,1,rl,160,1625,0,0,0.0,libero_plus,3342.9050147533417,4b2ef1e7ad404b0099517678a62a618b8f3b92ce,outputs/cp3_eval/a1_rl_s1/shard0
a1_rl_s1,a1_rl,1,1,rl,160,1695,0,0,0.0,libero_plus,3342.9050147533417,4b2ef1e7ad404b0099517678a62a618b8f3b92ce,outputs/cp3_eval/a1_rl_s1/shard0
a1_rl_s1,a1_rl,1,1,rl,160,1759,0,0,0.0,libero_plus,3342.9050147533417,4b2ef1e7ad404b0099517678a62a618b8f3b92ce,outputs/cp3_eval/a1_rl_s1/shard0
a1_rl_s1,a1_rl,1,1,rl,160,1811,0,0,0.0,libero_plus,3342.9050147533417,4b2ef1e7ad404b0099517678a62a618b8f3b92ce,outputs/cp3_eval/a1_rl_s1/shard0
a1_rl_s1,a1_rl,1,1,rl,160,1887,0,1,1.0,libero_plus,3342.9050147533417,4b2ef1e7ad404b0099517678a62a618b8f3b92ce,outputs/cp3_eval/a1_rl_s1/shard0
a1_rl_s1,a1_rl,1,1,rl,160,1995,0,0,0.0,libero_plus,3342.9050147533417,4b2ef1e7ad404b0099517678a62a618b8f3b92ce,outputs/cp3_eval/a1_rl_s1/shard0
a1_rl_s1,a1_rl,1,1,rl,160,2045,0,1,1.0,libero_plus,3342.9050147533417,4b2ef1e7ad404b0099517678a62a618b8f3b92ce,outputs/cp3_eval/a1_rl_s1/shard0
a1_rl_s1,a1_rl,1,1,rl,160,2093,0,0,0.0,libero_plus,3342.9050147533417,4b2ef1e7ad404b0099517678a62a618b8f3b92ce,outputs/cp3_eval/a1_rl_s1/shard0
a1_rl_s1,a1_rl,1,1,rl,160,2180,0,0,0.0,libero_plus,3342.9050147533417,4b2ef1e7ad404b0099517678a62a618b8f3b92ce,outputs/cp3_eval/a1_rl_s1/shard0
a1_rl_s1,a1_rl,1,1,rl,160,2235,0,1,1.0,libero_plus,3342.9050147533417,4b2ef1e7ad404b0099517678a62a618b8f3b92ce,outputs/cp3_eval/a1_rl_s1/shard0
a1_rl_s1,a1_rl,1,1,rl,160,2338,0,1,1.0,libero_plus,3342.9050147533417,4b2ef1e7ad404b0099517678a62a618b8f3b92ce,outputs/cp3_eval/a1_rl_s1/shard0
a1_rl_s1,a1_rl,1,1,rl,160,2377,0,0,0.0,libero_plus,3342.9050147533417,4b2ef1e7ad404b0099517678a62a618b8f3b92ce,outputs/cp3_eval/a1_rl_s1/shard0
a1_rl_s1,a1_rl,1,1,rl,160,2411,0,1,1.0,libero_plus,3342.9050147533417,4b2ef1e7ad404b0099517678a62a618b8f3b92ce,outputs/cp3_eval/a1_rl_s1/shard0
a1_rl_s1,a1_rl,1,1,rl,160,2488,0,1,1.0,libero_plus,3342.9050147533417,4b2ef1e7ad404b0099517678a62a618b8f3b92ce,outputs/cp3_eval/a1_rl_s1/shard0
a1_rl_s1,a1_rl,1,1,rl,160,2513,0,0,0.0,libero_plus,3342.9050147533417,4b2ef1e7ad404b0099517678a62a618b8f3b92ce,outputs/cp3_eval/a1_rl_s1/shard0
a1_rl_s1,a1_rl,1,1,rl,160,2578,0,1,1.0,libero_plus,3342.9050147533417,4b2ef1e7ad404b0099517678a62a618b8f3b92ce,outputs/cp3_eval/a1_rl_s1/shard0
a1_rl_s1,a1_rl,1,1,rl,160,31,0,0,0.0,libero_plus,3342.9050147533417,4b2ef1e7ad404b0099517678a62a618b8f3b92ce,outputs/cp3_eval/a1_rl_s1/shard1
a1_rl_s1,a1_rl,1,1,rl,160,70,0,0,0.0,libero_plus,3342.9050147533417,4b2ef1e7ad404b0099517678a62a618b8f3b92ce,outputs/cp3_eval/a1_rl_s1/shard1
a1_rl_s1,a1_rl,1,1,rl,160,106,0,1,1.0,libero_plus,3342.9050147533417,4b2ef1e7ad404b0099517678a62a618b8f3b92ce,outputs/cp3_eval/a1_rl_s1/shard1
a1_rl_s1,a1_rl,1,1,rl,160,164,0,0,0.0,libero_plus,3342.9050147533417,4b2ef1e7ad404b0099517678a62a618b8f3b92ce,outputs/cp3_eval/a1_rl_s1/shard1
a1_rl_s1,a1_rl,1,1,rl,160,242,0,1,1.0,libero_plus,3342.9050147533417,4b2ef1e7ad404b0099517678a62a618b8f3b92ce,outputs/cp3_eval/a1_rl_s1/shard1
a1_rl_s1,a1_rl,1,1,rl,160,273,0,1,1.0,libero_plus,3342.9050147533417,4b2ef1e7ad404b0099517678a62a618b8f3b92ce,outputs/cp3_eval/a1_rl_s1/shard1
a1_rl_s1,a1_rl,1,1,rl,160,315,0,0,0.0,libero_plus,3342.9050147533417,4b2ef1e7ad404b0099517678a62a618b8f3b92ce,outputs/cp3_eval/a1_rl_s1/shard1
a1_rl_s1,a1_rl,1,1,rl,160,346,0,0,0.0,libero_plus,3342.9050147533417,4b2ef1e7ad404b0099517678a62a618b8f3b92ce,outputs/cp3_eval/a1_rl_s1/shard1
a1_rl_s1,a1_rl,1,1,rl,160,392,0,0,0.0,libero_plus,3342.9050147533417,4b2ef1e7ad404b0099517678a62a618b8f3b92ce,outputs/cp3_eval/a1_rl_s1/shard1
a1_rl_s1,a1_rl,1,1,rl,160,517,0,0,0.0,libero_plus,3342.9050147533417,4b2ef1e7ad404b0099517678a62a618b8f3b92ce,outputs/cp3_eval/a1_rl_s1/shard1
a1_rl_s1,a1_rl,1,1,rl,160,608,0,0,0.0,libero_plus,3342.9050147533417,4b2ef1e7ad404b0099517678a62a618b8f3b92ce,outputs/cp3_eval/a1_rl_s1/shard1
a1_rl_s1,a1_rl,1,1,rl,160,706,0,1,1.0,libero_plus,3342.9050147533417,4b2ef1e7ad404b0099517678a62a618b8f3b92ce,outputs/cp3_eval/a1_rl_s1/shard1
a1_rl_s1,a1_rl,1,1,rl,160,754,0,1,1.0,libero_plus,3342.9050147533417,4b2ef1e7ad404b0099517678a62a618b8f3b92ce,outputs/cp3_eval/a1_rl_s1/shard1
a1_rl_s1,a1_rl,1,1,rl,160,829,0,1,1.0,libero_plus,3342.9050147533417,4b2ef1e7ad404b0099517678a62a618b8f3b92ce,outputs/cp3_eval/a1_rl_s1/shard1
a1_rl_s1,a1_rl,1,1,rl,160,934,0,0,0.0,libero_plus,3342.9050147533417,4b2ef1e7ad404b0099517678a62a618b8f3b92ce,outputs/cp3_eval/a1_rl_s1/shard1
a1_rl_s1,a1_rl,1,1,rl,160,969,0,0,0.0,libero_plus,3342.9050147533417,4b2ef1e7ad404b0099517678a62a618b8f3b92ce,outputs/cp3_eval/a1_rl_s1/shard1
a1_rl_s1,a1_rl,1,1,rl,160,1042,0,1,1.0,libero_plus,3342.9050147533417,4b2ef1e7ad404b0099517678a62a618b8f3b92ce,outputs/cp3_eval/a1_rl_s1/shard1
a1_rl_s1,a1_rl,1,1,rl,160,1139,0,0,0.0,libero_plus,3342.9050147533417,4b2ef1e7ad404b0099517678a62a618b8f3b92ce,outputs/cp3_eval/a1_rl_s1/shard1
a1_rl_s1,a1_rl,1,1,rl,160,1210,0,0,0.0,libero_plus,3342.9050147533417,4b2ef1e7ad404b0099517678a62a618b8f3b92ce,outputs/cp3_eval/a1_rl_s1/shard1
a1_rl_s1,a1_rl,1,1,rl,160,1246,0,0,0.0,libero_plus,3342.9050147533417,4b2ef1e7ad404b0099517678a62a618b8f3b92ce,outputs/cp3_eval/a1_rl_s1/shard1
a1_rl_s1,a1_rl,1,1,rl,160,1308,0,0,0.0,libero_plus,3342.9050147533417,4b2ef1e7ad404b0099517678a62a618b8f3b92ce,outputs/cp3_eval/a1_rl_s1/shard1
a1_rl_s1,a1_rl,1,1,rl,160,1399,0,0,0.0,libero_plus,3342.9050147533417,4b2ef1e7ad404b0099517678a62a618b8f3b92ce,outputs/cp3_eval/a1_rl_s1/shard1
a1_rl_s1,a1_rl,1,1,rl,160,1503,0,0,0.0,libero_plus,3342.9050147533417,4b2ef1e7ad404b0099517678a62a618b8f3b92ce,outputs/cp3_eval/a1_rl_s1/shard1
a1_rl_s1,a1_rl,1,1,rl,160,1592,0,1,1.0,libero_plus,3342.9050147533417,4b2ef1e7ad404b0099517678a62a618b8f3b92ce,outputs/cp3_eval/a1_rl_s1/shard1
a1_rl_s1,a1_rl,1,1,rl,160,1634,0,0,0.0,libero_plus,3342.9050147533417,4b2ef1e7ad404b0099517678a62a618b8f3b92ce,outputs/cp3_eval/a1_rl_s1/shard1
a1_rl_s1,a1_rl,1,1,rl,160,1714,0,1,1.0,libero_plus,3342.9050147533417,4b2ef1e7ad404b0099517678a62a618b8f3b92ce,outputs/cp3_eval/a1_rl_s1/shard1
a1_rl_s1,a1_rl,1,1,rl,160,1770,0,1,1.0,libero_plus,3342.9050147533417,4b2ef1e7ad404b0099517678a62a618b8f3b92ce,outputs/cp3_eval/a1_rl_s1/shard1
a1_rl_s1,a1_rl,1,1,rl,160,1852,0,0,0.0,libero_plus,3342.9050147533417,4b2ef1e7ad404b0099517678a62a618b8f3b92ce,outputs/cp3_eval/a1_rl_s1/shard1
a1_rl_s1,a1_rl,1,1,rl,160,1922,0,0,0.0,libero_plus,3342.9050147533417,4b2ef1e7ad404b0099517678a62a618b8f3b92ce,outputs/cp3_eval/a1_rl_s1/shard1
a1_rl_s1,a1_rl,1,1,rl,160,2016,0,0,0.0,libero_plus,3342.9050147533417,4b2ef1e7ad404b0099517678a62a618b8f3b92ce,outputs/cp3_eval/a1_rl_s1/shard1
a1_rl_s1,a1_rl,1,1,rl,160,2052,0,0,0.0,libero_plus,3342.9050147533417,4b2ef1e7ad404b0099517678a62a618b8f3b92ce,outputs/cp3_eval/a1_rl_s1/shard1
a1_rl_s1,a1_rl,1,1,rl,160,2128,0,0,0.0,libero_plus,3342.9050147533417,4b2ef1e7ad404b0099517678a62a618b8f3b92ce,outputs/cp3_eval/a1_rl_s1/shard1
a1_rl_s1,a1_rl,1,1,rl,160,2185,0,1,1.0,libero_plus,3342.9050147533417,4b2ef1e7ad404b0099517678a62a618b8f3b92ce,outputs/cp3_eval/a1_rl_s1/shard1
a1_rl_s1,a1_rl,1,1,rl,160,2255,0,0,0.0,libero_plus,3342.9050147533417,4b2ef1e7ad404b0099517678a62a618b8f3b92ce,outputs/cp3_eval/a1_rl_s1/shard1
a1_rl_s1,a1_rl,1,1,rl,160,2346,0,1,1.0,libero_plus,3342.9050147533417,4b2ef1e7ad404b0099517678a62a618b8f3b92ce,outputs/cp3_eval/a1_rl_s1/shard1
a1_rl_s1,a1_rl,1,1,rl,160,2382,0,0,0.0,libero_plus,3342.9050147533417,4b2ef1e7ad404b0099517678a62a618b8f3b92ce,outputs/cp3_eval/a1_rl_s1/shard1
a1_rl_s1,a1_rl,1,1,rl,160,2413,0,1,1.0,libero_plus,3342.9050147533417,4b2ef1e7ad404b0099517678a62a618b8f3b92ce,outputs/cp3_eval/a1_rl_s1/shard1
a1_rl_s1,a1_rl,1,1,rl,160,2491,0,0,0.0,libero_plus,3342.9050147533417,4b2ef1e7ad404b0099517678a62a618b8f3b92ce,outputs/cp3_eval/a1_rl_s1/shard1
a1_rl_s1,a1_rl,1,1,rl,160,2516,0,1,1.0,libero_plus,3342.9050147533417,4b2ef1e7ad404b0099517678a62a618b8f3b92ce,outputs/cp3_eval/a1_rl_s1/shard1
a1_rl_s1,a1_rl,1,1,rl,160,39,0,0,0.0,libero_plus,3342.9050147533417,4b2ef1e7ad404b0099517678a62a618b8f3b92ce,outputs/cp3_eval/a1_rl_s1/shard2
a1_rl_s1,a1_rl,1,1,rl,160,74,0,0,0.0,libero_plus,3342.9050147533417,4b2ef1e7ad404b0099517678a62a618b8f3b92ce,outputs/cp3_eval/a1_rl_s1/shard2
a1_rl_s1,a1_rl,1,1,rl,160,117,0,1,1.0,libero_plus,3342.9050147533417,4b2ef1e7ad404b0099517678a62a618b8f3b92ce,outputs/cp3_eval/a1_rl_s1/shard2
a1_rl_s1,a1_rl,1,1,rl,160,173,0,0,0.0,libero_plus,3342.9050147533417,4b2ef1e7ad404b0099517678a62a618b8f3b92ce,outputs/cp3_eval/a1_rl_s1/shard2
a1_rl_s1,a1_rl,1,1,rl,160,250,0,1,1.0,libero_plus,3342.9050147533417,4b2ef1e7ad404b0099517678a62a618b8f3b92ce,outputs/cp3_eval/a1_rl_s1/shard2
a1_rl_s1,a1_rl,1,1,rl,160,277,0,1,1.0,libero_plus,3342.9050147533417,4b2ef1e7ad404b0099517678a62a618b8f3b92ce,outputs/cp3_eval/a1_rl_s1/shard2
a1_rl_s1,a1_rl,1,1,rl,160,332,0,1,1.0,libero_plus,3342.9050147533417,4b2ef1e7ad404b0099517678a62a618b8f3b92ce,outputs/cp3_eval/a1_rl_s1/shard2
a1_rl_s1,a1_rl,1,1,rl,160,352,0,0,0.0,libero_plus,3342.9050147533417,4b2ef1e7ad404b0099517678a62a618b8f3b92ce,outputs/cp3_eval/a1_rl_s1/shard2
a1_rl_s1,a1_rl,1,1,rl,160,484,0,0,0.0,libero_plus,3342.9050147533417,4b2ef1e7ad404b0099517678a62a618b8f3b92ce,outputs/cp3_eval/a1_rl_s1/shard2
a1_rl_s1,a1_rl,1,1,rl,160,523,0,0,0.0,libero_plus,3342.9050147533417,4b2ef1e7ad404b0099517678a62a618b8f3b92ce,outputs/cp3_eval/a1_rl_s1/shard2
a1_rl_s1,a1_rl,1,1,rl,160,611,0,0,0.0,libero_plus,3342.9050147533417,4b2ef1e7ad404b0099517678a62a618b8f3b92ce,outputs/cp3_eval/a1_rl_s1/shard2
a1_rl_s1,a1_rl,1,1,rl,160,734,0,1,1.0,libero_plus,3342.9050147533417,4b2ef1e7ad404b0099517678a62a618b8f3b92ce,outputs/cp3_eval/a1_rl_s1/shard2
a1_rl_s1,a1_rl,1,1,rl,160,758,0,1,1.0,libero_plus,3342.9050147533417,4b2ef1e7ad404b0099517678a62a618b8f3b92ce,outputs/cp3_eval/a1_rl_s1/shard2
a1_rl_s1,a1_rl,1,1,rl,160,836,0,0,0.0,libero_plus,3342.9050147533417,4b2ef1e7ad404b0099517678a62a618b8f3b92ce,outputs/cp3_eval/a1_rl_s1/shard2
a1_rl_s1,a1_rl,1,1,rl,160,950,0,0,0.0,libero_plus,3342.9050147533417,4b2ef1e7ad404b0099517678a62a618b8f3b92ce,outputs/cp3_eval/a1_rl_s1/shard2
a1_rl_s1,a1_rl,1,1,rl,160,973,0,0,0.0,libero_plus,3342.9050147533417,4b2ef1e7ad404b0099517678a62a618b8f3b92ce,outputs/cp3_eval/a1_rl_s1/shard2
a1_rl_s1,a1_rl,1,1,rl,160,1058,0,0,0.0,libero_plus,3342.9050147533417,4b2ef1e7ad404b0099517678a62a618b8f3b92ce,outputs/cp3_eval/a1_rl_s1/shard2
a1_rl_s1,a1_rl,1,1,rl,160,1171,0,0,0.0,libero_plus,3342.9050147533417,4b2ef1e7ad404b0099517678a62a618b8f3b92ce,outputs/cp3_eval/a1_rl_s1/shard2
a1_rl_s1,a1_rl,1,1,rl,160,1211,0,0,0.0,libero_plus,3342.9050147533417,4b2ef1e7ad404b0099517678a62a618b8f3b92ce,outputs/cp3_eval/a1_rl_s1/shard2
a1_rl_s1,a1_rl,1,1,rl,160,1267,0,1,1.0,libero_plus,3342.9050147533417,4b2ef1e7ad404b0099517678a62a618b8f3b92ce,outputs/cp3_eval/a1_rl_s1/shard2
a1_rl_s1,a1_rl,1,1,rl,160,1355,0,0,0.0,libero_plus,3342.9050147533417,4b2ef1e7ad404b0099517678a62a618b8f3b92ce,outputs/cp3_eval/a1_rl_s1/shard2
a1_rl_s1,a1_rl,1,1,rl,160,1422,0,0,0.0,libero_plus,3342.9050147533417,4b2ef1e7ad404b0099517678a62a618b8f3b92ce,outputs/cp3_eval/a1_rl_s1/shard2
a1_rl_s1,a1_rl,1,1,rl,160,1567,0,1,1.0,libero_plus,3342.9050147533417,4b2ef1e7ad404b0099517678a62a618b8f3b92ce,outputs/cp3_eval/a1_rl_s1/shard2
a1_rl_s1,a1_rl,1,1,rl,160,1595,0,0,0.0,libero_plus,3342.9050147533417,4b2ef1e7ad404b0099517678a62a618b8f3b92ce,outputs/cp3_eval/a1_rl_s1/shard2
a1_rl_s1,a1_rl,1,1,rl,160,1642,0,1,1.0,libero_plus,3342.9050147533417,4b2ef1e7ad404b0099517678a62a618b8f3b92ce,outputs/cp3_eval/a1_rl_s1/shard2
a1_rl_s1,a1_rl,1,1,rl,160,1718,0,0,0.0,libero_plus,3342.9050147533417,4b2ef1e7ad404b0099517678a62a618b8f3b92ce,outputs/cp3_eval/a1_rl_s1/shard2
a1_rl_s1,a1_rl,1,1,rl,160,1791,0,0,0.0,libero_plus,3342.9050147533417,4b2ef1e7ad404b0099517678a62a618b8f3b92ce,outputs/cp3_eval/a1_rl_s1/shard2
a1_rl_s1,a1_rl,1,1,rl,160,1860,0,0,0.0,libero_plus,3342.9050147533417,4b2ef1e7ad404b0099517678a62a618b8f3b92ce,outputs/cp3_eval/a1_rl_s1/shard2
a1_rl_s1,a1_rl,1,1,rl,160,1940,0,1,1.0,libero_plus,3342.9050147533417,4b2ef1e7ad404b0099517678a62a618b8f3b92ce,outputs/cp3_eval/a1_rl_s1/shard2
a1_rl_s1,a1_rl,1,1,rl,160,2034,0,1,1.0,libero_plus,3342.9050147533417,4b2ef1e7ad404b0099517678a62a618b8f3b92ce,outputs/cp3_eval/a1_rl_s1/shard2
a1_rl_s1,a1_rl,1,1,rl,160,2056,0,0,0.0,libero_plus,3342.9050147533417,4b2ef1e7ad404b0099517678a62a618b8f3b92ce,outputs/cp3_eval/a1_rl_s1/shard2
a1_rl_s1,a1_rl,1,1,rl,160,2139,0,0,0.0,libero_plus,3342.9050147533417,4b2ef1e7ad404b0099517678a62a618b8f3b92ce,outputs/cp3_eval/a1_rl_s1/shard2
a1_rl_s1,a1_rl,1,1,rl,160,2203,0,0,0.0,libero_plus,3342.9050147533417,4b2ef1e7ad404b0099517678a62a618b8f3b92ce,outputs/cp3_eval/a1_rl_s1/shard2
a1_rl_s1,a1_rl,1,1,rl,160,2262,0,0,0.0,libero_plus,3342.9050147533417,4b2ef1e7ad404b0099517678a62a618b8f3b92ce,outputs/cp3_eval/a1_rl_s1/shard2
a1_rl_s1,a1_rl,1,1,rl,160,2350,0,1,1.0,libero_plus,3342.9050147533417,4b2ef1e7ad404b0099517678a62a618b8f3b92ce,outputs/cp3_eval/a1_rl_s1/shard2
a1_rl_s1,a1_rl,1,1,rl,160,2388,0,0,0.0,libero_plus,3342.9050147533417,4b2ef1e7ad404b0099517678a62a618b8f3b92ce,outputs/cp3_eval/a1_rl_s1/shard2
a1_rl_s1,a1_rl,1,1,rl,160,2446,0,1,1.0,libero_plus,3342.9050147533417,4b2ef1e7ad404b0099517678a62a618b8f3b92ce,outputs/cp3_eval/a1_rl_s1/shard2
a1_rl_s1,a1_rl,1,1,rl,160,2494,0,0,0.0,libero_plus,3342.9050147533417,4b2ef1e7ad404b0099517678a62a618b8f3b92ce,outputs/cp3_eval/a1_rl_s1/shard2
a1_rl_s1,a1_rl,1,1,rl,160,2528,0,0,0.0,libero_plus,3342.9050147533417,4b2ef1e7ad404b0099517678a62a618b8f3b92ce,outputs/cp3_eval/a1_rl_s1/shard2
a1_rl_s1,a1_rl,1,1,rl,160,41,0,0,0.0,libero_plus,3342.9050147533417,4b2ef1e7ad404b0099517678a62a618b8f3b92ce,outputs/cp3_eval/a1_rl_s1/shard3
a1_rl_s1,a1_rl,1,1,rl,160,83,0,1,1.0,libero_plus,3342.9050147533417,4b2ef1e7ad404b0099517678a62a618b8f3b92ce,outputs/cp3_eval/a1_rl_s1/shard3
a1_rl_s1,a1_rl,1,1,rl,160,124,0,1,1.0,libero_plus,3342.9050147533417,4b2ef1e7ad404b0099517678a62a618b8f3b92ce,outputs/cp3_eval/a1_rl_s1/shard3
a1_rl_s1,a1_rl,1,1,rl,160,214,0,0,0.0,libero_plus,3342.9050147533417,4b2ef1e7ad404b0099517678a62a618b8f3b92ce,outputs/cp3_eval/a1_rl_s1/shard3
a1_rl_s1,a1_rl,1,1,rl,160,265,0,1,1.0,libero_plus,3342.9050147533417,4b2ef1e7ad404b0099517678a62a618b8f3b92ce,outputs/cp3_eval/a1_rl_s1/shard3
a1_rl_s1,a1_rl,1,1,rl,160,291,0,0,0.0,libero_plus,3342.9050147533417,4b2ef1e7ad404b0099517678a62a618b8f3b92ce,outputs/cp3_eval/a1_rl_s1/shard3
a1_rl_s1,a1_rl,1,1,rl,160,337,0,1,1.0,libero_plus,3342.9050147533417,4b2ef1e7ad404b0099517678a62a618b8f3b92ce,outputs/cp3_eval/a1_rl_s1/shard3
a1_rl_s1,a1_rl,1,1,rl,160,355,0,0,0.0,libero_plus,3342.9050147533417,4b2ef1e7ad404b0099517678a62a618b8f3b92ce,outputs/cp3_eval/a1_rl_s1/shard3
a1_rl_s1,a1_rl,1,1,rl,160,488,0,0,0.0,libero_plus,3342.9050147533417,4b2ef1e7ad404b0099517678a62a618b8f3b92ce,outputs/cp3_eval/a1_rl_s1/shard3
a1_rl_s1,a1_rl,1,1,rl,160,546,0,0,0.0,libero_plus,3342.9050147533417,4b2ef1e7ad404b0099517678a62a618b8f3b92ce,outputs/cp3_eval/a1_rl_s1/shard3
a1_rl_s1,a1_rl,1,1,rl,160,614,0,1,1.0,libero_plus,3342.9050147533417,4b2ef1e7ad404b0099517678a62a618b8f3b92ce,outputs/cp3_eval/a1_rl_s1/shard3
a1_rl_s1,a1_rl,1,1,rl,160,737,0,1,1.0,libero_plus,3342.9050147533417,4b2ef1e7ad404b0099517678a62a618b8f3b92ce,outputs/cp3_eval/a1_rl_s1/shard3
a1_rl_s1,a1_rl,1,1,rl,160,786,0,1,1.0,libero_plus,3342.9050147533417,4b2ef1e7ad404b0099517678a62a618b8f3b92ce,outputs/cp3_eval/a1_rl_s1/shard3
a1_rl_s1,a1_rl,1,1,rl,160,871,0,0,0.0,libero_plus,3342.9050147533417,4b2ef1e7ad404b0099517678a62a618b8f3b92ce,outputs/cp3_eval/a1_rl_s1/shard3
a1_rl_s1,a1_rl,1,1,rl,160,962,0,0,0.0,libero_plus,3342.9050147533417,4b2ef1e7ad404b0099517678a62a618b8f3b92ce,outputs/cp3_eval/a1_rl_s1/shard3
a1_rl_s1,a1_rl,1,1,rl,160,974,0,0,0.0,libero_plus,3342.9050147533417,4b2ef1e7ad404b0099517678a62a618b8f3b92ce,outputs/cp3_eval/a1_rl_s1/shard3
a1_rl_s1,a1_rl,1,1,rl,160,1069,0,0,0.0,libero_plus,3342.9050147533417,4b2ef1e7ad404b0099517678a62a618b8f3b92ce,outputs/cp3_eval/a1_rl_s1/shard3
a1_rl_s1,a1_rl,1,1,rl,160,1194,0,0,0.0,libero_plus,3342.9050147533417,4b2ef1e7ad404b0099517678a62a618b8f3b92ce,outputs/cp3_eval/a1_rl_s1/shard3
a1_rl_s1,a1_rl,1,1,rl,160,1213,0,0,0.0,libero_plus,3342.9050147533417,4b2ef1e7ad404b0099517678a62a618b8f3b92ce,outputs/cp3_eval/a1_rl_s1/shard3
a1_rl_s1,a1_rl,1,1,rl,160,1279,0,0,0.0,libero_plus,3342.9050147533417,4b2ef1e7ad404b0099517678a62a618b8f3b92ce,outputs/cp3_eval/a1_rl_s1/shard3
a1_rl_s1,a1_rl,1,1,rl,160,1356,0,0,0.0,libero_plus,3342.9050147533417,4b2ef1e7ad404b0099517678a62a618b8f3b92ce,outputs/cp3_eval/a1_rl_s1/shard3
a1_rl_s1,a1_rl,1,1,rl,160,1449,0,0,0.0,libero_plus,3342.9050147533417,4b2ef1e7ad404b0099517678a62a618b8f3b92ce,outputs/cp3_eval/a1_rl_s1/shard3
a1_rl_s1,a1_rl,1,1,rl,160,1572,0,1,1.0,libero_plus,3342.9050147533417,4b2ef1e7ad404b0099517678a62a618b8f3b92ce,outputs/cp3_eval/a1_rl_s1/shard3
a1_rl_s1,a1_rl,1,1,rl,160,1608,0,1,1.0,libero_plus,3342.9050147533417,4b2ef1e7ad404b0099517678a62a618b8f3b92ce,outputs/cp3_eval/a1_rl_s1/shard3
a1_rl_s1,a1_rl,1,1,rl,160,1672,0,0,0.0,libero_plus,3342.9050147533417,4b2ef1e7ad404b0099517678a62a618b8f3b92ce,outputs/cp3_eval/a1_rl_s1/shard3
a1_rl_s1,a1_rl,1,1,rl,160,1727,0,1,1.0,libero_plus,3342.9050147533417,4b2ef1e7ad404b0099517678a62a618b8f3b92ce,outputs/cp3_eval/a1_rl_s1/shard3
a1_rl_s1,a1_rl,1,1,rl,160,1794,0,0,0.0,libero_plus,3342.9050147533417,4b2ef1e7ad404b0099517678a62a618b8f3b92ce,outputs/cp3_eval/a1_rl_s1/shard3
a1_rl_s1,a1_rl,1,1,rl,160,1864,0,0,0.0,libero_plus,3342.9050147533417,4b2ef1e7ad404b0099517678a62a618b8f3b92ce,outputs/cp3_eval/a1_rl_s1/shard3
a1_rl_s1,a1_rl,1,1,rl,160,1945,0,0,0.0,libero_plus,3342.9050147533417,4b2ef1e7ad404b0099517678a62a618b8f3b92ce,outputs/cp3_eval/a1_rl_s1/shard3
a1_rl_s1,a1_rl,1,1,rl,160,2035,0,1,1.0,libero_plus,3342.9050147533417,4b2ef1e7ad404b0099517678a62a618b8f3b92ce,outputs/cp3_eval/a1_rl_s1/shard3
a1_rl_s1,a1_rl,1,1,rl,160,2065,0,0,0.0,libero_plus,3342.9050147533417,4b2ef1e7ad404b0099517678a62a618b8f3b92ce,outputs/cp3_eval/a1_rl_s1/shard3
a1_rl_s1,a1_rl,1,1,rl,160,2153,0,0,0.0,libero_plus,3342.9050147533417,4b2ef1e7ad404b0099517678a62a618b8f3b92ce,outputs/cp3_eval/a1_rl_s1/shard3
a1_rl_s1,a1_rl,1,1,rl,160,2207,0,0,0.0,libero_plus,3342.9050147533417,4b2ef1e7ad404b0099517678a62a618b8f3b92ce,outputs/cp3_eval/a1_rl_s1/shard3
a1_rl_s1,a1_rl,1,1,rl,160,2321,0,1,1.0,libero_plus,3342.9050147533417,4b2ef1e7ad404b0099517678a62a618b8f3b92ce,outputs/cp3_eval/a1_rl_s1/shard3
a1_rl_s1,a1_rl,1,1,rl,160,2359,0,0,0.0,libero_plus,3342.9050147533417,4b2ef1e7ad404b0099517678a62a618b8f3b92ce,outputs/cp3_eval/a1_rl_s1/shard3
a1_rl_s1,a1_rl,1,1,rl,160,2405,0,1,1.0,libero_plus,3342.9050147533417,4b2ef1e7ad404b0099517678a62a618b8f3b92ce,outputs/cp3_eval/a1_rl_s1/shard3
a1_rl_s1,a1_rl,1,1,rl,160,2464,0,1,1.0,libero_plus,3342.9050147533417,4b2ef1e7ad404b0099517678a62a618b8f3b92ce,outputs/cp3_eval/a1_rl_s1/shard3
a1_rl_s1,a1_rl,1,1,rl,160,2497,0,0,0.0,libero_plus,3342.9050147533417,4b2ef1e7ad404b0099517678a62a618b8f3b92ce,outputs/cp3_eval/a1_rl_s1/shard3
a1_rl_s1,a1_rl,1,1,rl,160,2539,0,0,0.0,libero_plus,3342.9050147533417,4b2ef1e7ad404b0099517678a62a618b8f3b92ce,outputs/cp3_eval/a1_rl_s1/shard3
a1_rl_s1,a1_rl,1,1,rl,160,44,0,0,0.0,libero_plus,3342.9050147533417,4b2ef1e7ad404b0099517678a62a618b8f3b92ce,outputs/cp3_eval/a1_rl_s1/shard4
a1_rl_s1,a1_rl,1,1,rl,160,94,0,1,1.0,libero_plus,3342.9050147533417,4b2ef1e7ad404b0099517678a62a618b8f3b92ce,outputs/cp3_eval/a1_rl_s1/shard4
a1_rl_s1,a1_rl,1,1,rl,160,141,0,0,0.0,libero_plus,3342.9050147533417,4b2ef1e7ad404b0099517678a62a618b8f3b92ce,outputs/cp3_eval/a1_rl_s1/shard4
a1_rl_s1,a1_rl,1,1,rl,160,226,0,0,0.0,libero_plus,3342.9050147533417,4b2ef1e7ad404b0099517678a62a618b8f3b92ce,outputs/cp3_eval/a1_rl_s1/shard4
a1_rl_s1,a1_rl,1,1,rl,160,266,0,1,1.0,libero_plus,3342.9050147533417,4b2ef1e7ad404b0099517678a62a618b8f3b92ce,outputs/cp3_eval/a1_rl_s1/shard4
a1_rl_s1,a1_rl,1,1,rl,160,304,0,0,0.0,libero_plus,3342.9050147533417,4b2ef1e7ad404b0099517678a62a618b8f3b92ce,outputs/cp3_eval/a1_rl_s1/shard4
a1_rl_s1,a1_rl,1,1,rl,160,339,0,1,1.0,libero_plus,3342.9050147533417,4b2ef1e7ad404b0099517678a62a618b8f3b92ce,outputs/cp3_eval/a1_rl_s1/shard4
a1_rl_s1,a1_rl,1,1,rl,160,365,0,0,0.0,libero_plus,3342.9050147533417,4b2ef1e7ad404b0099517678a62a618b8f3b92ce,outputs/cp3_eval/a1_rl_s1/shard4
a1_rl_s1,a1_rl,1,1,rl,160,492,0,1,1.0,libero_plus,3342.9050147533417,4b2ef1e7ad404b0099517678a62a618b8f3b92ce,outputs/cp3_eval/a1_rl_s1/shard4
a1_rl_s1,a1_rl,1,1,rl,160,556,0,0,0.0,libero_plus,3342.9050147533417,4b2ef1e7ad404b0099517678a62a618b8f3b92ce,outputs/cp3_eval/a1_rl_s1/shard4
a1_rl_s1,a1_rl,1,1,rl,160,616,0,1,1.0,libero_plus,3342.9050147533417,4b2ef1e7ad404b0099517678a62a618b8f3b92ce,outputs/cp3_eval/a1_rl_s1/shard4
a1_rl_s1,a1_rl,1,1,rl,160,740,0,1,1.0,libero_plus,3342.9050147533417,4b2ef1e7ad404b0099517678a62a618b8f3b92ce,outputs/cp3_eval/a1_rl_s1/shard4
a1_rl_s1,a1_rl,1,1,rl,160,812,0,1,1.0,libero_plus,3342.9050147533417,4b2ef1e7ad404b0099517678a62a618b8f3b92ce,outputs/cp3_eval/a1_rl_s1/shard4
a1_rl_s1,a1_rl,1,1,rl,160,882,0,1,1.0,libero_plus,3342.9050147533417,4b2ef1e7ad404b0099517678a62a618b8f3b92ce,outputs/cp3_eval/a1_rl_s1/shard4
a1_rl_s1,a1_rl,1,1,rl,160,964,0,0,0.0,libero_plus,3342.9050147533417,4b2ef1e7ad404b0099517678a62a618b8f3b92ce,outputs/cp3_eval/a1_rl_s1/shard4
a1_rl_s1,a1_rl,1,1,rl,160,978,0,0,0.0,libero_plus,3342.9050147533417,4b2ef1e7ad404b0099517678a62a618b8f3b92ce,outputs/cp3_eval/a1_rl_s1/shard4
a1_rl_s1,a1_rl,1,1,rl,160,1117,0,0,0.0,libero_plus,3342.9050147533417,4b2ef1e7ad404b0099517678a62a618b8f3b92ce,outputs/cp3_eval/a1_rl_s1/shard4
a1_rl_s1,a1_rl,1,1,rl,160,1196,0,0,0.0,libero_plus,3342.9050147533417,4b2ef1e7ad404b0099517678a62a618b8f3b92ce,outputs/cp3_eval/a1_rl_s1/shard4
a1_rl_s1,a1_rl,1,1,rl,160,1239,0,0,0.0,libero_plus,3342.9050147533417,4b2ef1e7ad404b0099517678a62a618b8f3b92ce,outputs/cp3_eval/a1_rl_s1/shard4
a1_rl_s1,a1_rl,1,1,rl,160,1286,0,0,0.0,libero_plus,3342.9050147533417,4b2ef1e7ad404b0099517678a62a618b8f3b92ce,outputs/cp3_eval/a1_rl_s1/shard4
a1_rl_s1,a1_rl,1,1,rl,160,1378,0,0,0.0,libero_plus,3342.9050147533417,4b2ef1e7ad404b0099517678a62a618b8f3b92ce,outputs/cp3_eval/a1_rl_s1/shard4
a1_rl_s1,a1_rl,1,1,rl,160,1455,0,0,0.0,libero_plus,3342.9050147533417,4b2ef1e7ad404b0099517678a62a618b8f3b92ce,outputs/cp3_eval/a1_rl_s1/shard4
a1_rl_s1,a1_rl,1,1,rl,160,1577,0,1,1.0,libero_plus,3342.9050147533417,4b2ef1e7ad404b0099517678a62a618b8f3b92ce,outputs/cp3_eval/a1_rl_s1/shard4
a1_rl_s1,a1_rl,1,1,rl,160,1621,0,0,0.0,libero_plus,3342.9050147533417,4b2ef1e7ad404b0099517678a62a618b8f3b92ce,outputs/cp3_eval/a1_rl_s1/shard4
a1_rl_s1,a1_rl,1,1,rl,160,1681,0,1,1.0,libero_plus,3342.9050147533417,4b2ef1e7ad404b0099517678a62a618b8f3b92ce,outputs/cp3_eval/a1_rl_s1/shard4
a1_rl_s1,a1_rl,1,1,rl,160,1729,0,1,1.0,libero_plus,3342.9050147533417,4b2ef1e7ad404b0099517678a62a618b8f3b92ce,outputs/cp3_eval/a1_rl_s1/shard4
a1_rl_s1,a1_rl,1,1,rl,160,1803,0,0,0.0,libero_plus,3342.9050147533417,4b2ef1e7ad404b0099517678a62a618b8f3b92ce,outputs/cp3_eval/a1_rl_s1/shard4
a1_rl_s1,a1_rl,1,1,rl,160,1882,0,0,0.0,libero_plus,3342.9050147533417,4b2ef1e7ad404b0099517678a62a618b8f3b92ce,outputs/cp3_eval/a1_rl_s1/shard4
a1_rl_s1,a1_rl,1,1,rl,160,1959,0,0,0.0,libero_plus,3342.9050147533417,4b2ef1e7ad404b0099517678a62a618b8f3b92ce,outputs/cp3_eval/a1_rl_s1/shard4
a1_rl_s1,a1_rl,1,1,rl,160,2037,0,1,1.0,libero_plus,3342.9050147533417,4b2ef1e7ad404b0099517678a62a618b8f3b92ce,outputs/cp3_eval/a1_rl_s1/shard4
a1_rl_s1,a1_rl,1,1,rl,160,2081,0,0,0.0,libero_plus,3342.9050147533417,4b2ef1e7ad404b0099517678a62a618b8f3b92ce,outputs/cp3_eval/a1_rl_s1/shard4
a1_rl_s1,a1_rl,1,1,rl,160,2179,0,1,1.0,libero_plus,3342.9050147533417,4b2ef1e7ad404b0099517678a62a618b8f3b92ce,outputs/cp3_eval/a1_rl_s1/shard4
a1_rl_s1,a1_rl,1,1,rl,160,2222,0,1,1.0,libero_plus,3342.9050147533417,4b2ef1e7ad404b0099517678a62a618b8f3b92ce,outputs/cp3_eval/a1_rl_s1/shard4
a1_rl_s1,a1_rl,1,1,rl,160,2332,0,1,1.0,libero_plus,3342.9050147533417,4b2ef1e7ad404b0099517678a62a618b8f3b92ce,outputs/cp3_eval/a1_rl_s1/shard4
a1_rl_s1,a1_rl,1,1,rl,160,2363,0,0,0.0,libero_plus,3342.9050147533417,4b2ef1e7ad404b0099517678a62a618b8f3b92ce,outputs/cp3_eval/a1_rl_s1/shard4
a1_rl_s1,a1_rl,1,1,rl,160,2406,0,1,1.0,libero_plus,3342.9050147533417,4b2ef1e7ad404b0099517678a62a618b8f3b92ce,outputs/cp3_eval/a1_rl_s1/shard4
a1_rl_s1,a1_rl,1,1,rl,160,2465,0,1,1.0,libero_plus,3342.9050147533417,4b2ef1e7ad404b0099517678a62a618b8f3b92ce,outputs/cp3_eval/a1_rl_s1/shard4
a1_rl_s1,a1_rl,1,1,rl,160,2504,0,0,0.0,libero_plus,3342.9050147533417,4b2ef1e7ad404b0099517678a62a618b8f3b92ce,outputs/cp3_eval/a1_rl_s1/shard4
a1_rl_s1,a1_rl,1,1,rl,160,2569,0,1,1.0,libero_plus,3342.9050147533417,4b2ef1e7ad404b0099517678a62a618b8f3b92ce,outputs/cp3_eval/a1_rl_s1/shard4
a1_rl_s2,a1_rl,1,2,rl,160,5,0,1,1.0,libero_plus,3407.8614871501923,4b2ef1e7ad404b0099517678a62a618b8f3b92ce,outputs/cp3_eval/a1_rl_s2/shard0
a1_rl_s2,a1_rl,1,2,rl,160,64,0,0,0.0,libero_plus,3407.8614871501923,4b2ef1e7ad404b0099517678a62a618b8f3b92ce,outputs/cp3_eval/a1_rl_s2/shard0
a1_rl_s2,a1_rl,1,2,rl,160,97,0,1,1.0,libero_plus,3407.8614871501923,4b2ef1e7ad404b0099517678a62a618b8f3b92ce,outputs/cp3_eval/a1_rl_s2/shard0
a1_rl_s2,a1_rl,1,2,rl,160,152,0,0,0.0,libero_plus,3407.8614871501923,4b2ef1e7ad404b0099517678a62a618b8f3b92ce,outputs/cp3_eval/a1_rl_s2/shard0
a1_rl_s2,a1_rl,1,2,rl,160,238,0,1,1.0,libero_plus,3407.8614871501923,4b2ef1e7ad404b0099517678a62a618b8f3b92ce,outputs/cp3_eval/a1_rl_s2/shard0
a1_rl_s2,a1_rl,1,2,rl,160,270,0,1,1.0,libero_plus,3407.8614871501923,4b2ef1e7ad404b0099517678a62a618b8f3b92ce,outputs/cp3_eval/a1_rl_s2/shard0
a1_rl_s2,a1_rl,1,2,rl,160,306,0,0,0.0,libero_plus,3407.8614871501923,4b2ef1e7ad404b0099517678a62a618b8f3b92ce,outputs/cp3_eval/a1_rl_s2/shard0
a1_rl_s2,a1_rl,1,2,rl,160,340,0,1,1.0,libero_plus,3407.8614871501923,4b2ef1e7ad404b0099517678a62a618b8f3b92ce,outputs/cp3_eval/a1_rl_s2/shard0
a1_rl_s2,a1_rl,1,2,rl,160,384,0,1,1.0,libero_plus,3407.8614871501923,4b2ef1e7ad404b0099517678a62a618b8f3b92ce,outputs/cp3_eval/a1_rl_s2/shard0
a1_rl_s2,a1_rl,1,2,rl,160,493,0,0,0.0,libero_plus,3407.8614871501923,4b2ef1e7ad404b0099517678a62a618b8f3b92ce,outputs/cp3_eval/a1_rl_s2/shard0
a1_rl_s2,a1_rl,1,2,rl,160,571,0,0,0.0,libero_plus,3407.8614871501923,4b2ef1e7ad404b0099517678a62a618b8f3b92ce,outputs/cp3_eval/a1_rl_s2/shard0
a1_rl_s2,a1_rl,1,2,rl,160,664,0,0,0.0,libero_plus,3407.8614871501923,4b2ef1e7ad404b0099517678a62a618b8f3b92ce,outputs/cp3_eval/a1_rl_s2/shard0
a1_rl_s2,a1_rl,1,2,rl,160,745,0,1,1.0,libero_plus,3407.8614871501923,4b2ef1e7ad404b0099517678a62a618b8f3b92ce,outputs/cp3_eval/a1_rl_s2/shard0
a1_rl_s2,a1_rl,1,2,rl,160,814,0,1,1.0,libero_plus,3407.8614871501923,4b2ef1e7ad404b0099517678a62a618b8f3b92ce,outputs/cp3_eval/a1_rl_s2/shard0
a1_rl_s2,a1_rl,1,2,rl,160,913,0,0,0.0,libero_plus,3407.8614871501923,4b2ef1e7ad404b0099517678a62a618b8f3b92ce,outputs/cp3_eval/a1_rl_s2/shard0
a1_rl_s2,a1_rl,1,2,rl,160,968,0,0,0.0,libero_plus,3407.8614871501923,4b2ef1e7ad404b0099517678a62a618b8f3b92ce,outputs/cp3_eval/a1_rl_s2/shard0
a1_rl_s2,a1_rl,1,2,rl,160,1025,0,1,1.0,libero_plus,3407.8614871501923,4b2ef1e7ad404b0099517678a62a618b8f3b92ce,outputs/cp3_eval/a1_rl_s2/shard0
a1_rl_s2,a1_rl,1,2,rl,160,1126,0,0,0.0,libero_plus,3407.8614871501923,4b2ef1e7ad404b0099517678a62a618b8f3b92ce,outputs/cp3_eval/a1_rl_s2/shard0
a1_rl_s2,a1_rl,1,2,rl,160,1209,0,0,0.0,libero_plus,3407.8614871501923,4b2ef1e7ad404b0099517678a62a618b8f3b92ce,outputs/cp3_eval/a1_rl_s2/shard0
a1_rl_s2,a1_rl,1,2,rl,160,1243,0,0,0.0,libero_plus,3407.8614871501923,4b2ef1e7ad404b0099517678a62a618b8f3b92ce,outputs/cp3_eval/a1_rl_s2/shard0
a1_rl_s2,a1_rl,1,2,rl,160,1304,0,0,0.0,libero_plus,3407.8614871501923,4b2ef1e7ad404b0099517678a62a618b8f3b92ce,outputs/cp3_eval/a1_rl_s2/shard0
a1_rl_s2,a1_rl,1,2,rl,160,1394,0,0,0.0,libero_plus,3407.8614871501923,4b2ef1e7ad404b0099517678a62a618b8f3b92ce,outputs/cp3_eval/a1_rl_s2/shard0
a1_rl_s2,a1_rl,1,2,rl,160,1466,0,0,0.0,libero_plus,3407.8614871501923,4b2ef1e7ad404b0099517678a62a618b8f3b92ce,outputs/cp3_eval/a1_rl_s2/shard0
a1_rl_s2,a1_rl,1,2,rl,160,1591,0,0,0.0,libero_plus,3407.8614871501923,4b2ef1e7ad404b0099517678a62a618b8f3b92ce,outputs/cp3_eval/a1_rl_s2/shard0
a1_rl_s2,a1_rl,1,2,rl,160,1625,0,0,0.0,libero_plus,3407.8614871501923,4b2ef1e7ad404b0099517678a62a618b8f3b92ce,outputs/cp3_eval/a1_rl_s2/shard0
a1_rl_s2,a1_rl,1,2,rl,160,1695,0,0,0.0,libero_plus,3407.8614871501923,4b2ef1e7ad404b0099517678a62a618b8f3b92ce,outputs/cp3_eval/a1_rl_s2/shard0
a1_rl_s2,a1_rl,1,2,rl,160,1759,0,0,0.0,libero_plus,3407.8614871501923,4b2ef1e7ad404b0099517678a62a618b8f3b92ce,outputs/cp3_eval/a1_rl_s2/shard0
a1_rl_s2,a1_rl,1,2,rl,160,1811,0,1,1.0,libero_plus,3407.8614871501923,4b2ef1e7ad404b0099517678a62a618b8f3b92ce,outputs/cp3_eval/a1_rl_s2/shard0
a1_rl_s2,a1_rl,1,2,rl,160,1887,0,0,0.0,libero_plus,3407.8614871501923,4b2ef1e7ad404b0099517678a62a618b8f3b92ce,outputs/cp3_eval/a1_rl_s2/shard0
a1_rl_s2,a1_rl,1,2,rl,160,1995,0,0,0.0,libero_plus,3407.8614871501923,4b2ef1e7ad404b0099517678a62a618b8f3b92ce,outputs/cp3_eval/a1_rl_s2/shard0
a1_rl_s2,a1_rl,1,2,rl,160,2045,0,1,1.0,libero_plus,3407.8614871501923,4b2ef1e7ad404b0099517678a62a618b8f3b92ce,outputs/cp3_eval/a1_rl_s2/shard0
a1_rl_s2,a1_rl,1,2,rl,160,2093,0,0,0.0,libero_plus,3407.8614871501923,4b2ef1e7ad404b0099517678a62a618b8f3b92ce,outputs/cp3_eval/a1_rl_s2/shard0
a1_rl_s2,a1_rl,1,2,rl,160,2180,0,1,1.0,libero_plus,3407.8614871501923,4b2ef1e7ad404b0099517678a62a618b8f3b92ce,outputs/cp3_eval/a1_rl_s2/shard0
a1_rl_s2,a1_rl,1,2,rl,160,2235,0,0,0.0,libero_plus,3407.8614871501923,4b2ef1e7ad404b0099517678a62a618b8f3b92ce,outputs/cp3_eval/a1_rl_s2/shard0
a1_rl_s2,a1_rl,1,2,rl,160,2338,0,0,0.0,libero_plus,3407.8614871501923,4b2ef1e7ad404b0099517678a62a618b8f3b92ce,outputs/cp3_eval/a1_rl_s2/shard0
a1_rl_s2,a1_rl,1,2,rl,160,2377,0,0,0.0,libero_plus,3407.8614871501923,4b2ef1e7ad404b0099517678a62a618b8f3b92ce,outputs/cp3_eval/a1_rl_s2/shard0
a1_rl_s2,a1_rl,1,2,rl,160,2411,0,0,0.0,libero_plus,3407.8614871501923,4b2ef1e7ad404b0099517678a62a618b8f3b92ce,outputs/cp3_eval/a1_rl_s2/shard0
a1_rl_s2,a1_rl,1,2,rl,160,2488,0,0,0.0,libero_plus,3407.8614871501923,4b2ef1e7ad404b0099517678a62a618b8f3b92ce,outputs/cp3_eval/a1_rl_s2/shard0
a1_rl_s2,a1_rl,1,2,rl,160,2513,0,0,0.0,libero_plus,3407.8614871501923,4b2ef1e7ad404b0099517678a62a618b8f3b92ce,outputs/cp3_eval/a1_rl_s2/shard0
a1_rl_s2,a1_rl,1,2,rl,160,2578,0,1,1.0,libero_plus,3407.8614871501923,4b2ef1e7ad404b0099517678a62a618b8f3b92ce,outputs/cp3_eval/a1_rl_s2/shard0
a1_rl_s2,a1_rl,1,2,rl,160,31,0,0,0.0,libero_plus,3407.8614871501923,4b2ef1e7ad404b0099517678a62a618b8f3b92ce,outputs/cp3_eval/a1_rl_s2/shard1
a1_rl_s2,a1_rl,1,2,rl,160,70,0,0,0.0,libero_plus,3407.8614871501923,4b2ef1e7ad404b0099517678a62a618b8f3b92ce,outputs/cp3_eval/a1_rl_s2/shard1
a1_rl_s2,a1_rl,1,2,rl,160,106,0,1,1.0,libero_plus,3407.8614871501923,4b2ef1e7ad404b0099517678a62a618b8f3b92ce,outputs/cp3_eval/a1_rl_s2/shard1
a1_rl_s2,a1_rl,1,2,rl,160,164,0,0,0.0,libero_plus,3407.8614871501923,4b2ef1e7ad404b0099517678a62a618b8f3b92ce,outputs/cp3_eval/a1_rl_s2/shard1
a1_rl_s2,a1_rl,1,2,rl,160,242,0,0,0.0,libero_plus,3407.8614871501923,4b2ef1e7ad404b0099517678a62a618b8f3b92ce,outputs/cp3_eval/a1_rl_s2/shard1
a1_rl_s2,a1_rl,1,2,rl,160,273,0,1,1.0,libero_plus,3407.8614871501923,4b2ef1e7ad404b0099517678a62a618b8f3b92ce,outputs/cp3_eval/a1_rl_s2/shard1
a1_rl_s2,a1_rl,1,2,rl,160,315,0,0,0.0,libero_plus,3407.8614871501923,4b2ef1e7ad404b0099517678a62a618b8f3b92ce,outputs/cp3_eval/a1_rl_s2/shard1
a1_rl_s2,a1_rl,1,2,rl,160,346,0,0,0.0,libero_plus,3407.8614871501923,4b2ef1e7ad404b0099517678a62a618b8f3b92ce,outputs/cp3_eval/a1_rl_s2/shard1
a1_rl_s2,a1_rl,1,2,rl,160,392,0,0,0.0,libero_plus,3407.8614871501923,4b2ef1e7ad404b0099517678a62a618b8f3b92ce,outputs/cp3_eval/a1_rl_s2/shard1
a1_rl_s2,a1_rl,1,2,rl,160,517,0,1,1.0,libero_plus,3407.8614871501923,4b2ef1e7ad404b0099517678a62a618b8f3b92ce,outputs/cp3_eval/a1_rl_s2/shard1
a1_rl_s2,a1_rl,1,2,rl,160,608,0,0,0.0,libero_plus,3407.8614871501923,4b2ef1e7ad404b0099517678a62a618b8f3b92ce,outputs/cp3_eval/a1_rl_s2/shard1
a1_rl_s2,a1_rl,1,2,rl,160,706,0,1,1.0,libero_plus,3407.8614871501923,4b2ef1e7ad404b0099517678a62a618b8f3b92ce,outputs/cp3_eval/a1_rl_s2/shard1
a1_rl_s2,a1_rl,1,2,rl,160,754,0,0,0.0,libero_plus,3407.8614871501923,4b2ef1e7ad404b0099517678a62a618b8f3b92ce,outputs/cp3_eval/a1_rl_s2/shard1
a1_rl_s2,a1_rl,1,2,rl,160,829,0,0,0.0,libero_plus,3407.8614871501923,4b2ef1e7ad404b0099517678a62a618b8f3b92ce,outputs/cp3_eval/a1_rl_s2/shard1
a1_rl_s2,a1_rl,1,2,rl,160,934,0,0,0.0,libero_plus,3407.8614871501923,4b2ef1e7ad404b0099517678a62a618b8f3b92ce,outputs/cp3_eval/a1_rl_s2/shard1
a1_rl_s2,a1_rl,1,2,rl,160,969,0,0,0.0,libero_plus,3407.8614871501923,4b2ef1e7ad404b0099517678a62a618b8f3b92ce,outputs/cp3_eval/a1_rl_s2/shard1
a1_rl_s2,a1_rl,1,2,rl,160,1042,0,1,1.0,libero_plus,3407.8614871501923,4b2ef1e7ad404b0099517678a62a618b8f3b92ce,outputs/cp3_eval/a1_rl_s2/shard1
a1_rl_s2,a1_rl,1,2,rl,160,1139,0,0,0.0,libero_plus,3407.8614871501923,4b2ef1e7ad404b0099517678a62a618b8f3b92ce,outputs/cp3_eval/a1_rl_s2/shard1
a1_rl_s2,a1_rl,1,2,rl,160,1210,0,0,0.0,libero_plus,3407.8614871501923,4b2ef1e7ad404b0099517678a62a618b8f3b92ce,outputs/cp3_eval/a1_rl_s2/shard1
a1_rl_s2,a1_rl,1,2,rl,160,1246,0,0,0.0,libero_plus,3407.8614871501923,4b2ef1e7ad404b0099517678a62a618b8f3b92ce,outputs/cp3_eval/a1_rl_s2/shard1
a1_rl_s2,a1_rl,1,2,rl,160,1308,0,0,0.0,libero_plus,3407.8614871501923,4b2ef1e7ad404b0099517678a62a618b8f3b92ce,outputs/cp3_eval/a1_rl_s2/shard1
a1_rl_s2,a1_rl,1,2,rl,160,1399,0,0,0.0,libero_plus,3407.8614871501923,4b2ef1e7ad404b0099517678a62a618b8f3b92ce,outputs/cp3_eval/a1_rl_s2/shard1
a1_rl_s2,a1_rl,1,2,rl,160,1503,0,0,0.0,libero_plus,3407.8614871501923,4b2ef1e7ad404b0099517678a62a618b8f3b92ce,outputs/cp3_eval/a1_rl_s2/shard1
a1_rl_s2,a1_rl,1,2,rl,160,1592,0,0,0.0,libero_plus,3407.8614871501923,4b2ef1e7ad404b0099517678a62a618b8f3b92ce,outputs/cp3_eval/a1_rl_s2/shard1
a1_rl_s2,a1_rl,1,2,rl,160,1634,0,0,0.0,libero_plus,3407.8614871501923,4b2ef1e7ad404b0099517678a62a618b8f3b92ce,outputs/cp3_eval/a1_rl_s2/shard1
a1_rl_s2,a1_rl,1,2,rl,160,1714,0,0,0.0,libero_plus,3407.8614871501923,4b2ef1e7ad404b0099517678a62a618b8f3b92ce,outputs/cp3_eval/a1_rl_s2/shard1
a1_rl_s2,a1_rl,1,2,rl,160,1770,0,0,0.0,libero_plus,3407.8614871501923,4b2ef1e7ad404b0099517678a62a618b8f3b92ce,outputs/cp3_eval/a1_rl_s2/shard1
a1_rl_s2,a1_rl,1,2,rl,160,1852,0,0,0.0,libero_plus,3407.8614871501923,4b2ef1e7ad404b0099517678a62a618b8f3b92ce,outputs/cp3_eval/a1_rl_s2/shard1
a1_rl_s2,a1_rl,1,2,rl,160,1922,0,0,0.0,libero_plus,3407.8614871501923,4b2ef1e7ad404b0099517678a62a618b8f3b92ce,outputs/cp3_eval/a1_rl_s2/shard1
a1_rl_s2,a1_rl,1,2,rl,160,2016,0,0,0.0,libero_plus,3407.8614871501923,4b2ef1e7ad404b0099517678a62a618b8f3b92ce,outputs/cp3_eval/a1_rl_s2/shard1
a1_rl_s2,a1_rl,1,2,rl,160,2052,0,0,0.0,libero_plus,3407.8614871501923,4b2ef1e7ad404b0099517678a62a618b8f3b92ce,outputs/cp3_eval/a1_rl_s2/shard1
a1_rl_s2,a1_rl,1,2,rl,160,2128,0,1,1.0,libero_plus,3407.8614871501923,4b2ef1e7ad404b0099517678a62a618b8f3b92ce,outputs/cp3_eval/a1_rl_s2/shard1
a1_rl_s2,a1_rl,1,2,rl,160,2185,0,1,1.0,libero_plus,3407.8614871501923,4b2ef1e7ad404b0099517678a62a618b8f3b92ce,outputs/cp3_eval/a1_rl_s2/shard1
a1_rl_s2,a1_rl,1,2,rl,160,2255,0,0,0.0,libero_plus,3407.8614871501923,4b2ef1e7ad404b0099517678a62a618b8f3b92ce,outputs/cp3_eval/a1_rl_s2/shard1
a1_rl_s2,a1_rl,1,2,rl,160,2346,0,1,1.0,libero_plus,3407.8614871501923,4b2ef1e7ad404b0099517678a62a618b8f3b92ce,outputs/cp3_eval/a1_rl_s2/shard1
a1_rl_s2,a1_rl,1,2,rl,160,2382,0,0,0.0,libero_plus,3407.8614871501923,4b2ef1e7ad404b0099517678a62a618b8f3b92ce,outputs/cp3_eval/a1_rl_s2/shard1
a1_rl_s2,a1_rl,1,2,rl,160,2413,0,0,0.0,libero_plus,3407.8614871501923,4b2ef1e7ad404b0099517678a62a618b8f3b92ce,outputs/cp3_eval/a1_rl_s2/shard1
a1_rl_s2,a1_rl,1,2,rl,160,2491,0,0,0.0,libero_plus,3407.8614871501923,4b2ef1e7ad404b0099517678a62a618b8f3b92ce,outputs/cp3_eval/a1_rl_s2/shard1
a1_rl_s2,a1_rl,1,2,rl,160,2516,0,0,0.0,libero_plus,3407.8614871501923,4b2ef1e7ad404b0099517678a62a618b8f3b92ce,outputs/cp3_eval/a1_rl_s2/shard1
a1_rl_s2,a1_rl,1,2,rl,160,39,0,0,0.0,libero_plus,3407.8614871501923,4b2ef1e7ad404b0099517678a62a618b8f3b92ce,outputs/cp3_eval/a1_rl_s2/shard2
a1_rl_s2,a1_rl,1,2,rl,160,74,0,0,0.0,libero_plus,3407.8614871501923,4b2ef1e7ad404b0099517678a62a618b8f3b92ce,outputs/cp3_eval/a1_rl_s2/shard2
a1_rl_s2,a1_rl,1,2,rl,160,117,0,1,1.0,libero_plus,3407.8614871501923,4b2ef1e7ad404b0099517678a62a618b8f3b92ce,outputs/cp3_eval/a1_rl_s2/shard2
a1_rl_s2,a1_rl,1,2,rl,160,173,0,0,0.0,libero_plus,3407.8614871501923,4b2ef1e7ad404b0099517678a62a618b8f3b92ce,outputs/cp3_eval/a1_rl_s2/shard2
a1_rl_s2,a1_rl,1,2,rl,160,250,0,0,0.0,libero_plus,3407.8614871501923,4b2ef1e7ad404b0099517678a62a618b8f3b92ce,outputs/cp3_eval/a1_rl_s2/shard2
a1_rl_s2,a1_rl,1,2,rl,160,277,0,1,1.0,libero_plus,3407.8614871501923,4b2ef1e7ad404b0099517678a62a618b8f3b92ce,outputs/cp3_eval/a1_rl_s2/shard2
a1_rl_s2,a1_rl,1,2,rl,160,332,0,0,0.0,libero_plus,3407.8614871501923,4b2ef1e7ad404b0099517678a62a618b8f3b92ce,outputs/cp3_eval/a1_rl_s2/shard2
a1_rl_s2,a1_rl,1,2,rl,160,352,0,0,0.0,libero_plus,3407.8614871501923,4b2ef1e7ad404b0099517678a62a618b8f3b92ce,outputs/cp3_eval/a1_rl_s2/shard2
a1_rl_s2,a1_rl,1,2,rl,160,484,0,0,0.0,libero_plus,3407.8614871501923,4b2ef1e7ad404b0099517678a62a618b8f3b92ce,outputs/cp3_eval/a1_rl_s2/shard2
a1_rl_s2,a1_rl,1,2,rl,160,523,0,0,0.0,libero_plus,3407.8614871501923,4b2ef1e7ad404b0099517678a62a618b8f3b92ce,outputs/cp3_eval/a1_rl_s2/shard2
a1_rl_s2,a1_rl,1,2,rl,160,611,0,1,1.0,libero_plus,3407.8614871501923,4b2ef1e7ad404b0099517678a62a618b8f3b92ce,outputs/cp3_eval/a1_rl_s2/shard2
a1_rl_s2,a1_rl,1,2,rl,160,734,0,1,1.0,libero_plus,3407.8614871501923,4b2ef1e7ad404b0099517678a62a618b8f3b92ce,outputs/cp3_eval/a1_rl_s2/shard2
a1_rl_s2,a1_rl,1,2,rl,160,758,0,0,0.0,libero_plus,3407.8614871501923,4b2ef1e7ad404b0099517678a62a618b8f3b92ce,outputs/cp3_eval/a1_rl_s2/shard2
a1_rl_s2,a1_rl,1,2,rl,160,836,0,1,1.0,libero_plus,3407.8614871501923,4b2ef1e7ad404b0099517678a62a618b8f3b92ce,outputs/cp3_eval/a1_rl_s2/shard2
a1_rl_s2,a1_rl,1,2,rl,160,950,0,0,0.0,libero_plus,3407.8614871501923,4b2ef1e7ad404b0099517678a62a618b8f3b92ce,outputs/cp3_eval/a1_rl_s2/shard2
a1_rl_s2,a1_rl,1,2,rl,160,973,0,0,0.0,libero_plus,3407.8614871501923,4b2ef1e7ad404b0099517678a62a618b8f3b92ce,outputs/cp3_eval/a1_rl_s2/shard2
a1_rl_s2,a1_rl,1,2,rl,160,1058,0,0,0.0,libero_plus,3407.8614871501923,4b2ef1e7ad404b0099517678a62a618b8f3b92ce,outputs/cp3_eval/a1_rl_s2/shard2
a1_rl_s2,a1_rl,1,2,rl,160,1171,0,0,0.0,libero_plus,3407.8614871501923,4b2ef1e7ad404b0099517678a62a618b8f3b92ce,outputs/cp3_eval/a1_rl_s2/shard2
a1_rl_s2,a1_rl,1,2,rl,160,1211,0,0,0.0,libero_plus,3407.8614871501923,4b2ef1e7ad404b0099517678a62a618b8f3b92ce,outputs/cp3_eval/a1_rl_s2/shard2
a1_rl_s2,a1_rl,1,2,rl,160,1267,0,0,0.0,libero_plus,3407.8614871501923,4b2ef1e7ad404b0099517678a62a618b8f3b92ce,outputs/cp3_eval/a1_rl_s2/shard2
a1_rl_s2,a1_rl,1,2,rl,160,1355,0,0,0.0,libero_plus,3407.8614871501923,4b2ef1e7ad404b0099517678a62a618b8f3b92ce,outputs/cp3_eval/a1_rl_s2/shard2
a1_rl_s2,a1_rl,1,2,rl,160,1422,0,0,0.0,libero_plus,3407.8614871501923,4b2ef1e7ad404b0099517678a62a618b8f3b92ce,outputs/cp3_eval/a1_rl_s2/shard2
a1_rl_s2,a1_rl,1,2,rl,160,1567,0,0,0.0,libero_plus,3407.8614871501923,4b2ef1e7ad404b0099517678a62a618b8f3b92ce,outputs/cp3_eval/a1_rl_s2/shard2
a1_rl_s2,a1_rl,1,2,rl,160,1595,0,0,0.0,libero_plus,3407.8614871501923,4b2ef1e7ad404b0099517678a62a618b8f3b92ce,outputs/cp3_eval/a1_rl_s2/shard2
a1_rl_s2,a1_rl,1,2,rl,160,1642,0,0,0.0,libero_plus,3407.8614871501923,4b2ef1e7ad404b0099517678a62a618b8f3b92ce,outputs/cp3_eval/a1_rl_s2/shard2
a1_rl_s2,a1_rl,1,2,rl,160,1718,0,1,1.0,libero_plus,3407.8614871501923,4b2ef1e7ad404b0099517678a62a618b8f3b92ce,outputs/cp3_eval/a1_rl_s2/shard2
a1_rl_s2,a1_rl,1,2,rl,160,1791,0,1,1.0,libero_plus,3407.8614871501923,4b2ef1e7ad404b0099517678a62a618b8f3b92ce,outputs/cp3_eval/a1_rl_s2/shard2
a1_rl_s2,a1_rl,1,2,rl,160,1860,0,0,0.0,libero_plus,3407.8614871501923,4b2ef1e7ad404b0099517678a62a618b8f3b92ce,outputs/cp3_eval/a1_rl_s2/shard2
a1_rl_s2,a1_rl,1,2,rl,160,1940,0,0,0.0,libero_plus,3407.8614871501923,4b2ef1e7ad404b0099517678a62a618b8f3b92ce,outputs/cp3_eval/a1_rl_s2/shard2
a1_rl_s2,a1_rl,1,2,rl,160,2034,0,1,1.0,libero_plus,3407.8614871501923,4b2ef1e7ad404b0099517678a62a618b8f3b92ce,outputs/cp3_eval/a1_rl_s2/shard2
a1_rl_s2,a1_rl,1,2,rl,160,2056,0,0,0.0,libero_plus,3407.8614871501923,4b2ef1e7ad404b0099517678a62a618b8f3b92ce,outputs/cp3_eval/a1_rl_s2/shard2
a1_rl_s2,a1_rl,1,2,rl,160,2139,0,0,0.0,libero_plus,3407.8614871501923,4b2ef1e7ad404b0099517678a62a618b8f3b92ce,outputs/cp3_eval/a1_rl_s2/shard2
a1_rl_s2,a1_rl,1,2,rl,160,2203,0,0,0.0,libero_plus,3407.8614871501923,4b2ef1e7ad404b0099517678a62a618b8f3b92ce,outputs/cp3_eval/a1_rl_s2/shard2
a1_rl_s2,a1_rl,1,2,rl,160,2262,0,0,0.0,libero_plus,3407.8614871501923,4b2ef1e7ad404b0099517678a62a618b8f3b92ce,outputs/cp3_eval/a1_rl_s2/shard2
a1_rl_s2,a1_rl,1,2,rl,160,2350,0,1,1.0,libero_plus,3407.8614871501923,4b2ef1e7ad404b0099517678a62a618b8f3b92ce,outputs/cp3_eval/a1_rl_s2/shard2
a1_rl_s2,a1_rl,1,2,rl,160,2388,0,0,0.0,libero_plus,3407.8614871501923,4b2ef1e7ad404b0099517678a62a618b8f3b92ce,outputs/cp3_eval/a1_rl_s2/shard2
a1_rl_s2,a1_rl,1,2,rl,160,2446,0,0,0.0,libero_plus,3407.8614871501923,4b2ef1e7ad404b0099517678a62a618b8f3b92ce,outputs/cp3_eval/a1_rl_s2/shard2
a1_rl_s2,a1_rl,1,2,rl,160,2494,0,0,0.0,libero_plus,3407.8614871501923,4b2ef1e7ad404b0099517678a62a618b8f3b92ce,outputs/cp3_eval/a1_rl_s2/shard2
a1_rl_s2,a1_rl,1,2,rl,160,2528,0,1,1.0,libero_plus,3407.8614871501923,4b2ef1e7ad404b0099517678a62a618b8f3b92ce,outputs/cp3_eval/a1_rl_s2/shard2
a1_rl_s2,a1_rl,1,2,rl,160,41,0,0,0.0,libero_plus,3407.8614871501923,4b2ef1e7ad404b0099517678a62a618b8f3b92ce,outputs/cp3_eval/a1_rl_s2/shard3
a1_rl_s2,a1_rl,1,2,rl,160,83,0,1,1.0,libero_plus,3407.8614871501923,4b2ef1e7ad404b0099517678a62a618b8f3b92ce,outputs/cp3_eval/a1_rl_s2/shard3
a1_rl_s2,a1_rl,1,2,rl,160,124,0,0,0.0,libero_plus,3407.8614871501923,4b2ef1e7ad404b0099517678a62a618b8f3b92ce,outputs/cp3_eval/a1_rl_s2/shard3
a1_rl_s2,a1_rl,1,2,rl,160,214,0,0,0.0,libero_plus,3407.8614871501923,4b2ef1e7ad404b0099517678a62a618b8f3b92ce,outputs/cp3_eval/a1_rl_s2/shard3
a1_rl_s2,a1_rl,1,2,rl,160,265,0,0,0.0,libero_plus,3407.8614871501923,4b2ef1e7ad404b0099517678a62a618b8f3b92ce,outputs/cp3_eval/a1_rl_s2/shard3
a1_rl_s2,a1_rl,1,2,rl,160,291,0,0,0.0,libero_plus,3407.8614871501923,4b2ef1e7ad404b0099517678a62a618b8f3b92ce,outputs/cp3_eval/a1_rl_s2/shard3
a1_rl_s2,a1_rl,1,2,rl,160,337,0,0,0.0,libero_plus,3407.8614871501923,4b2ef1e7ad404b0099517678a62a618b8f3b92ce,outputs/cp3_eval/a1_rl_s2/shard3
a1_rl_s2,a1_rl,1,2,rl,160,355,0,0,0.0,libero_plus,3407.8614871501923,4b2ef1e7ad404b0099517678a62a618b8f3b92ce,outputs/cp3_eval/a1_rl_s2/shard3
a1_rl_s2,a1_rl,1,2,rl,160,488,0,0,0.0,libero_plus,3407.8614871501923,4b2ef1e7ad404b0099517678a62a618b8f3b92ce,outputs/cp3_eval/a1_rl_s2/shard3
a1_rl_s2,a1_rl,1,2,rl,160,546,0,0,0.0,libero_plus,3407.8614871501923,4b2ef1e7ad404b0099517678a62a618b8f3b92ce,outputs/cp3_eval/a1_rl_s2/shard3
a1_rl_s2,a1_rl,1,2,rl,160,614,0,1,1.0,libero_plus,3407.8614871501923,4b2ef1e7ad404b0099517678a62a618b8f3b92ce,outputs/cp3_eval/a1_rl_s2/shard3
a1_rl_s2,a1_rl,1,2,rl,160,737,0,1,1.0,libero_plus,3407.8614871501923,4b2ef1e7ad404b0099517678a62a618b8f3b92ce,outputs/cp3_eval/a1_rl_s2/shard3
a1_rl_s2,a1_rl,1,2,rl,160,786,0,0,0.0,libero_plus,3407.8614871501923,4b2ef1e7ad404b0099517678a62a618b8f3b92ce,outputs/cp3_eval/a1_rl_s2/shard3
a1_rl_s2,a1_rl,1,2,rl,160,871,0,1,1.0,libero_plus,3407.8614871501923,4b2ef1e7ad404b0099517678a62a618b8f3b92ce,outputs/cp3_eval/a1_rl_s2/shard3
a1_rl_s2,a1_rl,1,2,rl,160,962,0,0,0.0,libero_plus,3407.8614871501923,4b2ef1e7ad404b0099517678a62a618b8f3b92ce,outputs/cp3_eval/a1_rl_s2/shard3
a1_rl_s2,a1_rl,1,2,rl,160,974,0,0,0.0,libero_plus,3407.8614871501923,4b2ef1e7ad404b0099517678a62a618b8f3b92ce,outputs/cp3_eval/a1_rl_s2/shard3
a1_rl_s2,a1_rl,1,2,rl,160,1069,0,0,0.0,libero_plus,3407.8614871501923,4b2ef1e7ad404b0099517678a62a618b8f3b92ce,outputs/cp3_eval/a1_rl_s2/shard3
a1_rl_s2,a1_rl,1,2,rl,160,1194,0,0,0.0,libero_plus,3407.8614871501923,4b2ef1e7ad404b0099517678a62a618b8f3b92ce,outputs/cp3_eval/a1_rl_s2/shard3
a1_rl_s2,a1_rl,1,2,rl,160,1213,0,0,0.0,libero_plus,3407.8614871501923,4b2ef1e7ad404b0099517678a62a618b8f3b92ce,outputs/cp3_eval/a1_rl_s2/shard3
a1_rl_s2,a1_rl,1,2,rl,160,1279,0,0,0.0,libero_plus,3407.8614871501923,4b2ef1e7ad404b0099517678a62a618b8f3b92ce,outputs/cp3_eval/a1_rl_s2/shard3
a1_rl_s2,a1_rl,1,2,rl,160,1356,0,0,0.0,libero_plus,3407.8614871501923,4b2ef1e7ad404b0099517678a62a618b8f3b92ce,outputs/cp3_eval/a1_rl_s2/shard3
a1_rl_s2,a1_rl,1,2,rl,160,1449,0,0,0.0,libero_plus,3407.8614871501923,4b2ef1e7ad404b0099517678a62a618b8f3b92ce,outputs/cp3_eval/a1_rl_s2/shard3
a1_rl_s2,a1_rl,1,2,rl,160,1572,0,1,1.0,libero_plus,3407.8614871501923,4b2ef1e7ad404b0099517678a62a618b8f3b92ce,outputs/cp3_eval/a1_rl_s2/shard3
a1_rl_s2,a1_rl,1,2,rl,160,1608,0,0,0.0,libero_plus,3407.8614871501923,4b2ef1e7ad404b0099517678a62a618b8f3b92ce,outputs/cp3_eval/a1_rl_s2/shard3
a1_rl_s2,a1_rl,1,2,rl,160,1672,0,0,0.0,libero_plus,3407.8614871501923,4b2ef1e7ad404b0099517678a62a618b8f3b92ce,outputs/cp3_eval/a1_rl_s2/shard3
a1_rl_s2,a1_rl,1,2,rl,160,1727,0,0,0.0,libero_plus,3407.8614871501923,4b2ef1e7ad404b0099517678a62a618b8f3b92ce,outputs/cp3_eval/a1_rl_s2/shard3
a1_rl_s2,a1_rl,1,2,rl,160,1794,0,1,1.0,libero_plus,3407.8614871501923,4b2ef1e7ad404b0099517678a62a618b8f3b92ce,outputs/cp3_eval/a1_rl_s2/shard3
a1_rl_s2,a1_rl,1,2,rl,160,1864,0,0,0.0,libero_plus,3407.8614871501923,4b2ef1e7ad404b0099517678a62a618b8f3b92ce,outputs/cp3_eval/a1_rl_s2/shard3
a1_rl_s2,a1_rl,1,2,rl,160,1945,0,0,0.0,libero_plus,3407.8614871501923,4b2ef1e7ad404b0099517678a62a618b8f3b92ce,outputs/cp3_eval/a1_rl_s2/shard3
a1_rl_s2,a1_rl,1,2,rl,160,2035,0,1,1.0,libero_plus,3407.8614871501923,4b2ef1e7ad404b0099517678a62a618b8f3b92ce,outputs/cp3_eval/a1_rl_s2/shard3
a1_rl_s2,a1_rl,1,2,rl,160,2065,0,0,0.0,libero_plus,3407.8614871501923,4b2ef1e7ad404b0099517678a62a618b8f3b92ce,outputs/cp3_eval/a1_rl_s2/shard3
a1_rl_s2,a1_rl,1,2,rl,160,2153,0,0,0.0,libero_plus,3407.8614871501923,4b2ef1e7ad404b0099517678a62a618b8f3b92ce,outputs/cp3_eval/a1_rl_s2/shard3
a1_rl_s2,a1_rl,1,2,rl,160,2207,0,0,0.0,libero_plus,3407.8614871501923,4b2ef1e7ad404b0099517678a62a618b8f3b92ce,outputs/cp3_eval/a1_rl_s2/shard3
a1_rl_s2,a1_rl,1,2,rl,160,2321,0,1,1.0,libero_plus,3407.8614871501923,4b2ef1e7ad404b0099517678a62a618b8f3b92ce,outputs/cp3_eval/a1_rl_s2/shard3
a1_rl_s2,a1_rl,1,2,rl,160,2359,0,0,0.0,libero_plus,3407.8614871501923,4b2ef1e7ad404b0099517678a62a618b8f3b92ce,outputs/cp3_eval/a1_rl_s2/shard3
a1_rl_s2,a1_rl,1,2,rl,160,2405,0,1,1.0,libero_plus,3407.8614871501923,4b2ef1e7ad404b0099517678a62a618b8f3b92ce,outputs/cp3_eval/a1_rl_s2/shard3
a1_rl_s2,a1_rl,1,2,rl,160,2464,0,1,1.0,libero_plus,3407.8614871501923,4b2ef1e7ad404b0099517678a62a618b8f3b92ce,outputs/cp3_eval/a1_rl_s2/shard3
a1_rl_s2,a1_rl,1,2,rl,160,2497,0,0,0.0,libero_plus,3407.8614871501923,4b2ef1e7ad404b0099517678a62a618b8f3b92ce,outputs/cp3_eval/a1_rl_s2/shard3
a1_rl_s2,a1_rl,1,2,rl,160,2539,0,1,1.0,libero_plus,3407.8614871501923,4b2ef1e7ad404b0099517678a62a618b8f3b92ce,outputs/cp3_eval/a1_rl_s2/shard3
a1_rl_s2,a1_rl,1,2,rl,160,44,0,0,0.0,libero_plus,3407.8614871501923,4b2ef1e7ad404b0099517678a62a618b8f3b92ce,outputs/cp3_eval/a1_rl_s2/shard4
a1_rl_s2,a1_rl,1,2,rl,160,94,0,1,1.0,libero_plus,3407.8614871501923,4b2ef1e7ad404b0099517678a62a618b8f3b92ce,outputs/cp3_eval/a1_rl_s2/shard4
a1_rl_s2,a1_rl,1,2,rl,160,141,0,1,1.0,libero_plus,3407.8614871501923,4b2ef1e7ad404b0099517678a62a618b8f3b92ce,outputs/cp3_eval/a1_rl_s2/shard4
a1_rl_s2,a1_rl,1,2,rl,160,226,0,0,0.0,libero_plus,3407.8614871501923,4b2ef1e7ad404b0099517678a62a618b8f3b92ce,outputs/cp3_eval/a1_rl_s2/shard4
a1_rl_s2,a1_rl,1,2,rl,160,266,0,0,0.0,libero_plus,3407.8614871501923,4b2ef1e7ad404b0099517678a62a618b8f3b92ce,outputs/cp3_eval/a1_rl_s2/shard4
a1_rl_s2,a1_rl,1,2,rl,160,304,0,0,0.0,libero_plus,3407.8614871501923,4b2ef1e7ad404b0099517678a62a618b8f3b92ce,outputs/cp3_eval/a1_rl_s2/shard4
a1_rl_s2,a1_rl,1,2,rl,160,339,0,1,1.0,libero_plus,3407.8614871501923,4b2ef1e7ad404b0099517678a62a618b8f3b92ce,outputs/cp3_eval/a1_rl_s2/shard4
a1_rl_s2,a1_rl,1,2,rl,160,365,0,1,1.0,libero_plus,3407.8614871501923,4b2ef1e7ad404b0099517678a62a618b8f3b92ce,outputs/cp3_eval/a1_rl_s2/shard4
a1_rl_s2,a1_rl,1,2,rl,160,492,0,1,1.0,libero_plus,3407.8614871501923,4b2ef1e7ad404b0099517678a62a618b8f3b92ce,outputs/cp3_eval/a1_rl_s2/shard4
a1_rl_s2,a1_rl,1,2,rl,160,556,0,0,0.0,libero_plus,3407.8614871501923,4b2ef1e7ad404b0099517678a62a618b8f3b92ce,outputs/cp3_eval/a1_rl_s2/shard4
a1_rl_s2,a1_rl,1,2,rl,160,616,0,1,1.0,libero_plus,3407.8614871501923,4b2ef1e7ad404b0099517678a62a618b8f3b92ce,outputs/cp3_eval/a1_rl_s2/shard4
a1_rl_s2,a1_rl,1,2,rl,160,740,0,1,1.0,libero_plus,3407.8614871501923,4b2ef1e7ad404b0099517678a62a618b8f3b92ce,outputs/cp3_eval/a1_rl_s2/shard4
a1_rl_s2,a1_rl,1,2,rl,160,812,0,0,0.0,libero_plus,3407.8614871501923,4b2ef1e7ad404b0099517678a62a618b8f3b92ce,outputs/cp3_eval/a1_rl_s2/shard4
a1_rl_s2,a1_rl,1,2,rl,160,882,0,1,1.0,libero_plus,3407.8614871501923,4b2ef1e7ad404b0099517678a62a618b8f3b92ce,outputs/cp3_eval/a1_rl_s2/shard4
a1_rl_s2,a1_rl,1,2,rl,160,964,0,0,0.0,libero_plus,3407.8614871501923,4b2ef1e7ad404b0099517678a62a618b8f3b92ce,outputs/cp3_eval/a1_rl_s2/shard4
a1_rl_s2,a1_rl,1,2,rl,160,978,0,0,0.0,libero_plus,3407.8614871501923,4b2ef1e7ad404b0099517678a62a618b8f3b92ce,outputs/cp3_eval/a1_rl_s2/shard4
a1_rl_s2,a1_rl,1,2,rl,160,1117,0,0,0.0,libero_plus,3407.8614871501923,4b2ef1e7ad404b0099517678a62a618b8f3b92ce,outputs/cp3_eval/a1_rl_s2/shard4
a1_rl_s2,a1_rl,1,2,rl,160,1196,0,0,0.0,libero_plus,3407.8614871501923,4b2ef1e7ad404b0099517678a62a618b8f3b92ce,outputs/cp3_eval/a1_rl_s2/shard4
a1_rl_s2,a1_rl,1,2,rl,160,1239,0,0,0.0,libero_plus,3407.8614871501923,4b2ef1e7ad404b0099517678a62a618b8f3b92ce,outputs/cp3_eval/a1_rl_s2/shard4
a1_rl_s2,a1_rl,1,2,rl,160,1286,0,0,0.0,libero_plus,3407.8614871501923,4b2ef1e7ad404b0099517678a62a618b8f3b92ce,outputs/cp3_eval/a1_rl_s2/shard4
a1_rl_s2,a1_rl,1,2,rl,160,1378,0,0,0.0,libero_plus,3407.8614871501923,4b2ef1e7ad404b0099517678a62a618b8f3b92ce,outputs/cp3_eval/a1_rl_s2/shard4
a1_rl_s2,a1_rl,1,2,rl,160,1455,0,0,0.0,libero_plus,3407.8614871501923,4b2ef1e7ad404b0099517678a62a618b8f3b92ce,outputs/cp3_eval/a1_rl_s2/shard4
a1_rl_s2,a1_rl,1,2,rl,160,1577,0,1,1.0,libero_plus,3407.8614871501923,4b2ef1e7ad404b0099517678a62a618b8f3b92ce,outputs/cp3_eval/a1_rl_s2/shard4
a1_rl_s2,a1_rl,1,2,rl,160,1621,0,0,0.0,libero_plus,3407.8614871501923,4b2ef1e7ad404b0099517678a62a618b8f3b92ce,outputs/cp3_eval/a1_rl_s2/shard4
a1_rl_s2,a1_rl,1,2,rl,160,1681,0,0,0.0,libero_plus,3407.8614871501923,4b2ef1e7ad404b0099517678a62a618b8f3b92ce,outputs/cp3_eval/a1_rl_s2/shard4
a1_rl_s2,a1_rl,1,2,rl,160,1729,0,1,1.0,libero_plus,3407.8614871501923,4b2ef1e7ad404b0099517678a62a618b8f3b92ce,outputs/cp3_eval/a1_rl_s2/shard4
a1_rl_s2,a1_rl,1,2,rl,160,1803,0,1,1.0,libero_plus,3407.8614871501923,4b2ef1e7ad404b0099517678a62a618b8f3b92ce,outputs/cp3_eval/a1_rl_s2/shard4
a1_rl_s2,a1_rl,1,2,rl,160,1882,0,0,0.0,libero_plus,3407.8614871501923,4b2ef1e7ad404b0099517678a62a618b8f3b92ce,outputs/cp3_eval/a1_rl_s2/shard4
a1_rl_s2,a1_rl,1,2,rl,160,1959,0,0,0.0,libero_plus,3407.8614871501923,4b2ef1e7ad404b0099517678a62a618b8f3b92ce,outputs/cp3_eval/a1_rl_s2/shard4
a1_rl_s2,a1_rl,1,2,rl,160,2037,0,1,1.0,libero_plus,3407.8614871501923,4b2ef1e7ad404b0099517678a62a618b8f3b92ce,outputs/cp3_eval/a1_rl_s2/shard4
a1_rl_s2,a1_rl,1,2,rl,160,2081,0,0,0.0,libero_plus,3407.8614871501923,4b2ef1e7ad404b0099517678a62a618b8f3b92ce,outputs/cp3_eval/a1_rl_s2/shard4
a1_rl_s2,a1_rl,1,2,rl,160,2179,0,1,1.0,libero_plus,3407.8614871501923,4b2ef1e7ad404b0099517678a62a618b8f3b92ce,outputs/cp3_eval/a1_rl_s2/shard4
a1_rl_s2,a1_rl,1,2,rl,160,2222,0,0,0.0,libero_plus,3407.8614871501923,4b2ef1e7ad404b0099517678a62a618b8f3b92ce,outputs/cp3_eval/a1_rl_s2/shard4
a1_rl_s2,a1_rl,1,2,rl,160,2332,0,0,0.0,libero_plus,3407.8614871501923,4b2ef1e7ad404b0099517678a62a618b8f3b92ce,outputs/cp3_eval/a1_rl_s2/shard4
a1_rl_s2,a1_rl,1,2,rl,160,2363,0,0,0.0,libero_plus,3407.8614871501923,4b2ef1e7ad404b0099517678a62a618b8f3b92ce,outputs/cp3_eval/a1_rl_s2/shard4
a1_rl_s2,a1_rl,1,2,rl,160,2406,0,0,0.0,libero_plus,3407.8614871501923,4b2ef1e7ad404b0099517678a62a618b8f3b92ce,outputs/cp3_eval/a1_rl_s2/shard4
a1_rl_s2,a1_rl,1,2,rl,160,2465,0,1,1.0,libero_plus,3407.8614871501923,4b2ef1e7ad404b0099517678a62a618b8f3b92ce,outputs/cp3_eval/a1_rl_s2/shard4
a1_rl_s2,a1_rl,1,2,rl,160,2504,0,0,0.0,libero_plus,3407.8614871501923,4b2ef1e7ad404b0099517678a62a618b8f3b92ce,outputs/cp3_eval/a1_rl_s2/shard4
a1_rl_s2,a1_rl,1,2,rl,160,2569,0,1,1.0,libero_plus,3407.8614871501923,4b2ef1e7ad404b0099517678a62a618b8f3b92ce,outputs/cp3_eval/a1_rl_s2/shard4
a1_rl_s3,a1_rl,1,3,rl,160,5,0,1,1.0,libero_plus,3578.957969903946,4b2ef1e7ad404b0099517678a62a618b8f3b92ce,outputs/cp3_eval/a1_rl_s3/shard0
a1_rl_s3,a1_rl,1,3,rl,160,64,0,0,0.0,libero_plus,3578.957969903946,4b2ef1e7ad404b0099517678a62a618b8f3b92ce,outputs/cp3_eval/a1_rl_s3/shard0
a1_rl_s3,a1_rl,1,3,rl,160,97,0,1,1.0,libero_plus,3578.957969903946,4b2ef1e7ad404b0099517678a62a618b8f3b92ce,outputs/cp3_eval/a1_rl_s3/shard0
a1_rl_s3,a1_rl,1,3,rl,160,152,0,0,0.0,libero_plus,3578.957969903946,4b2ef1e7ad404b0099517678a62a618b8f3b92ce,outputs/cp3_eval/a1_rl_s3/shard0
a1_rl_s3,a1_rl,1,3,rl,160,238,0,1,1.0,libero_plus,3578.957969903946,4b2ef1e7ad404b0099517678a62a618b8f3b92ce,outputs/cp3_eval/a1_rl_s3/shard0
a1_rl_s3,a1_rl,1,3,rl,160,270,0,1,1.0,libero_plus,3578.957969903946,4b2ef1e7ad404b0099517678a62a618b8f3b92ce,outputs/cp3_eval/a1_rl_s3/shard0
a1_rl_s3,a1_rl,1,3,rl,160,306,0,0,0.0,libero_plus,3578.957969903946,4b2ef1e7ad404b0099517678a62a618b8f3b92ce,outputs/cp3_eval/a1_rl_s3/shard0
a1_rl_s3,a1_rl,1,3,rl,160,340,0,0,0.0,libero_plus,3578.957969903946,4b2ef1e7ad404b0099517678a62a618b8f3b92ce,outputs/cp3_eval/a1_rl_s3/shard0
a1_rl_s3,a1_rl,1,3,rl,160,384,0,1,1.0,libero_plus,3578.957969903946,4b2ef1e7ad404b0099517678a62a618b8f3b92ce,outputs/cp3_eval/a1_rl_s3/shard0
a1_rl_s3,a1_rl,1,3,rl,160,493,0,0,0.0,libero_plus,3578.957969903946,4b2ef1e7ad404b0099517678a62a618b8f3b92ce,outputs/cp3_eval/a1_rl_s3/shard0
a1_rl_s3,a1_rl,1,3,rl,160,571,0,0,0.0,libero_plus,3578.957969903946,4b2ef1e7ad404b0099517678a62a618b8f3b92ce,outputs/cp3_eval/a1_rl_s3/shard0
a1_rl_s3,a1_rl,1,3,rl,160,664,0,0,0.0,libero_plus,3578.957969903946,4b2ef1e7ad404b0099517678a62a618b8f3b92ce,outputs/cp3_eval/a1_rl_s3/shard0
a1_rl_s3,a1_rl,1,3,rl,160,745,0,0,0.0,libero_plus,3578.957969903946,4b2ef1e7ad404b0099517678a62a618b8f3b92ce,outputs/cp3_eval/a1_rl_s3/shard0
a1_rl_s3,a1_rl,1,3,rl,160,814,0,0,0.0,libero_plus,3578.957969903946,4b2ef1e7ad404b0099517678a62a618b8f3b92ce,outputs/cp3_eval/a1_rl_s3/shard0
a1_rl_s3,a1_rl,1,3,rl,160,913,0,0,0.0,libero_plus,3578.957969903946,4b2ef1e7ad404b0099517678a62a618b8f3b92ce,outputs/cp3_eval/a1_rl_s3/shard0
a1_rl_s3,a1_rl,1,3,rl,160,968,0,0,0.0,libero_plus,3578.957969903946,4b2ef1e7ad404b0099517678a62a618b8f3b92ce,outputs/cp3_eval/a1_rl_s3/shard0
a1_rl_s3,a1_rl,1,3,rl,160,1025,0,1,1.0,libero_plus,3578.957969903946,4b2ef1e7ad404b0099517678a62a618b8f3b92ce,outputs/cp3_eval/a1_rl_s3/shard0
a1_rl_s3,a1_rl,1,3,rl,160,1126,0,0,0.0,libero_plus,3578.957969903946,4b2ef1e7ad404b0099517678a62a618b8f3b92ce,outputs/cp3_eval/a1_rl_s3/shard0
a1_rl_s3,a1_rl,1,3,rl,160,1209,0,0,0.0,libero_plus,3578.957969903946,4b2ef1e7ad404b0099517678a62a618b8f3b92ce,outputs/cp3_eval/a1_rl_s3/shard0
a1_rl_s3,a1_rl,1,3,rl,160,1243,0,0,0.0,libero_plus,3578.957969903946,4b2ef1e7ad404b0099517678a62a618b8f3b92ce,outputs/cp3_eval/a1_rl_s3/shard0
a1_rl_s3,a1_rl,1,3,rl,160,1304,0,0,0.0,libero_plus,3578.957969903946,4b2ef1e7ad404b0099517678a62a618b8f3b92ce,outputs/cp3_eval/a1_rl_s3/shard0
a1_rl_s3,a1_rl,1,3,rl,160,1394,0,0,0.0,libero_plus,3578.957969903946,4b2ef1e7ad404b0099517678a62a618b8f3b92ce,outputs/cp3_eval/a1_rl_s3/shard0
a1_rl_s3,a1_rl,1,3,rl,160,1466,0,0,0.0,libero_plus,3578.957969903946,4b2ef1e7ad404b0099517678a62a618b8f3b92ce,outputs/cp3_eval/a1_rl_s3/shard0
a1_rl_s3,a1_rl,1,3,rl,160,1591,0,0,0.0,libero_plus,3578.957969903946,4b2ef1e7ad404b0099517678a62a618b8f3b92ce,outputs/cp3_eval/a1_rl_s3/shard0
a1_rl_s3,a1_rl,1,3,rl,160,1625,0,1,1.0,libero_plus,3578.957969903946,4b2ef1e7ad404b0099517678a62a618b8f3b92ce,outputs/cp3_eval/a1_rl_s3/shard0
a1_rl_s3,a1_rl,1,3,rl,160,1695,0,0,0.0,libero_plus,3578.957969903946,4b2ef1e7ad404b0099517678a62a618b8f3b92ce,outputs/cp3_eval/a1_rl_s3/shard0
a1_rl_s3,a1_rl,1,3,rl,160,1759,0,0,0.0,libero_plus,3578.957969903946,4b2ef1e7ad404b0099517678a62a618b8f3b92ce,outputs/cp3_eval/a1_rl_s3/shard0
a1_rl_s3,a1_rl,1,3,rl,160,1811,0,1,1.0,libero_plus,3578.957969903946,4b2ef1e7ad404b0099517678a62a618b8f3b92ce,outputs/cp3_eval/a1_rl_s3/shard0
a1_rl_s3,a1_rl,1,3,rl,160,1887,0,0,0.0,libero_plus,3578.957969903946,4b2ef1e7ad404b0099517678a62a618b8f3b92ce,outputs/cp3_eval/a1_rl_s3/shard0
a1_rl_s3,a1_rl,1,3,rl,160,1995,0,0,0.0,libero_plus,3578.957969903946,4b2ef1e7ad404b0099517678a62a618b8f3b92ce,outputs/cp3_eval/a1_rl_s3/shard0
a1_rl_s3,a1_rl,1,3,rl,160,2045,0,1,1.0,libero_plus,3578.957969903946,4b2ef1e7ad404b0099517678a62a618b8f3b92ce,outputs/cp3_eval/a1_rl_s3/shard0
a1_rl_s3,a1_rl,1,3,rl,160,2093,0,0,0.0,libero_plus,3578.957969903946,4b2ef1e7ad404b0099517678a62a618b8f3b92ce,outputs/cp3_eval/a1_rl_s3/shard0
a1_rl_s3,a1_rl,1,3,rl,160,2180,0,0,0.0,libero_plus,3578.957969903946,4b2ef1e7ad404b0099517678a62a618b8f3b92ce,outputs/cp3_eval/a1_rl_s3/shard0
a1_rl_s3,a1_rl,1,3,rl,160,2235,0,1,1.0,libero_plus,3578.957969903946,4b2ef1e7ad404b0099517678a62a618b8f3b92ce,outputs/cp3_eval/a1_rl_s3/shard0
a1_rl_s3,a1_rl,1,3,rl,160,2338,0,0,0.0,libero_plus,3578.957969903946,4b2ef1e7ad404b0099517678a62a618b8f3b92ce,outputs/cp3_eval/a1_rl_s3/shard0
a1_rl_s3,a1_rl,1,3,rl,160,2377,0,0,0.0,libero_plus,3578.957969903946,4b2ef1e7ad404b0099517678a62a618b8f3b92ce,outputs/cp3_eval/a1_rl_s3/shard0
a1_rl_s3,a1_rl,1,3,rl,160,2411,0,1,1.0,libero_plus,3578.957969903946,4b2ef1e7ad404b0099517678a62a618b8f3b92ce,outputs/cp3_eval/a1_rl_s3/shard0
a1_rl_s3,a1_rl,1,3,rl,160,2488,0,0,0.0,libero_plus,3578.957969903946,4b2ef1e7ad404b0099517678a62a618b8f3b92ce,outputs/cp3_eval/a1_rl_s3/shard0
a1_rl_s3,a1_rl,1,3,rl,160,2513,0,0,0.0,libero_plus,3578.957969903946,4b2ef1e7ad404b0099517678a62a618b8f3b92ce,outputs/cp3_eval/a1_rl_s3/shard0
a1_rl_s3,a1_rl,1,3,rl,160,2578,0,1,1.0,libero_plus,3578.957969903946,4b2ef1e7ad404b0099517678a62a618b8f3b92ce,outputs/cp3_eval/a1_rl_s3/shard0
a1_rl_s3,a1_rl,1,3,rl,160,31,0,0,0.0,libero_plus,3578.957969903946,4b2ef1e7ad404b0099517678a62a618b8f3b92ce,outputs/cp3_eval/a1_rl_s3/shard1
a1_rl_s3,a1_rl,1,3,rl,160,70,0,0,0.0,libero_plus,3578.957969903946,4b2ef1e7ad404b0099517678a62a618b8f3b92ce,outputs/cp3_eval/a1_rl_s3/shard1
a1_rl_s3,a1_rl,1,3,rl,160,106,0,1,1.0,libero_plus,3578.957969903946,4b2ef1e7ad404b0099517678a62a618b8f3b92ce,outputs/cp3_eval/a1_rl_s3/shard1
a1_rl_s3,a1_rl,1,3,rl,160,164,0,0,0.0,libero_plus,3578.957969903946,4b2ef1e7ad404b0099517678a62a618b8f3b92ce,outputs/cp3_eval/a1_rl_s3/shard1
a1_rl_s3,a1_rl,1,3,rl,160,242,0,0,0.0,libero_plus,3578.957969903946,4b2ef1e7ad404b0099517678a62a618b8f3b92ce,outputs/cp3_eval/a1_rl_s3/shard1
a1_rl_s3,a1_rl,1,3,rl,160,273,0,1,1.0,libero_plus,3578.957969903946,4b2ef1e7ad404b0099517678a62a618b8f3b92ce,outputs/cp3_eval/a1_rl_s3/shard1
a1_rl_s3,a1_rl,1,3,rl,160,315,0,0,0.0,libero_plus,3578.957969903946,4b2ef1e7ad404b0099517678a62a618b8f3b92ce,outputs/cp3_eval/a1_rl_s3/shard1
a1_rl_s3,a1_rl,1,3,rl,160,346,0,0,0.0,libero_plus,3578.957969903946,4b2ef1e7ad404b0099517678a62a618b8f3b92ce,outputs/cp3_eval/a1_rl_s3/shard1
a1_rl_s3,a1_rl,1,3,rl,160,392,0,0,0.0,libero_plus,3578.957969903946,4b2ef1e7ad404b0099517678a62a618b8f3b92ce,outputs/cp3_eval/a1_rl_s3/shard1
a1_rl_s3,a1_rl,1,3,rl,160,517,0,0,0.0,libero_plus,3578.957969903946,4b2ef1e7ad404b0099517678a62a618b8f3b92ce,outputs/cp3_eval/a1_rl_s3/shard1
a1_rl_s3,a1_rl,1,3,rl,160,608,0,0,0.0,libero_plus,3578.957969903946,4b2ef1e7ad404b0099517678a62a618b8f3b92ce,outputs/cp3_eval/a1_rl_s3/shard1
a1_rl_s3,a1_rl,1,3,rl,160,706,0,0,0.0,libero_plus,3578.957969903946,4b2ef1e7ad404b0099517678a62a618b8f3b92ce,outputs/cp3_eval/a1_rl_s3/shard1
a1_rl_s3,a1_rl,1,3,rl,160,754,0,1,1.0,libero_plus,3578.957969903946,4b2ef1e7ad404b0099517678a62a618b8f3b92ce,outputs/cp3_eval/a1_rl_s3/shard1
a1_rl_s3,a1_rl,1,3,rl,160,829,0,0,0.0,libero_plus,3578.957969903946,4b2ef1e7ad404b0099517678a62a618b8f3b92ce,outputs/cp3_eval/a1_rl_s3/shard1
a1_rl_s3,a1_rl,1,3,rl,160,934,0,0,0.0,libero_plus,3578.957969903946,4b2ef1e7ad404b0099517678a62a618b8f3b92ce,outputs/cp3_eval/a1_rl_s3/shard1
a1_rl_s3,a1_rl,1,3,rl,160,969,0,0,0.0,libero_plus,3578.957969903946,4b2ef1e7ad404b0099517678a62a618b8f3b92ce,outputs/cp3_eval/a1_rl_s3/shard1
a1_rl_s3,a1_rl,1,3,rl,160,1042,0,0,0.0,libero_plus,3578.957969903946,4b2ef1e7ad404b0099517678a62a618b8f3b92ce,outputs/cp3_eval/a1_rl_s3/shard1
a1_rl_s3,a1_rl,1,3,rl,160,1139,0,0,0.0,libero_plus,3578.957969903946,4b2ef1e7ad404b0099517678a62a618b8f3b92ce,outputs/cp3_eval/a1_rl_s3/shard1
a1_rl_s3,a1_rl,1,3,rl,160,1210,0,0,0.0,libero_plus,3578.957969903946,4b2ef1e7ad404b0099517678a62a618b8f3b92ce,outputs/cp3_eval/a1_rl_s3/shard1
a1_rl_s3,a1_rl,1,3,rl,160,1246,0,0,0.0,libero_plus,3578.957969903946,4b2ef1e7ad404b0099517678a62a618b8f3b92ce,outputs/cp3_eval/a1_rl_s3/shard1
a1_rl_s3,a1_rl,1,3,rl,160,1308,0,0,0.0,libero_plus,3578.957969903946,4b2ef1e7ad404b0099517678a62a618b8f3b92ce,outputs/cp3_eval/a1_rl_s3/shard1
a1_rl_s3,a1_rl,1,3,rl,160,1399,0,0,0.0,libero_plus,3578.957969903946,4b2ef1e7ad404b0099517678a62a618b8f3b92ce,outputs/cp3_eval/a1_rl_s3/shard1
a1_rl_s3,a1_rl,1,3,rl,160,1503,0,0,0.0,libero_plus,3578.957969903946,4b2ef1e7ad404b0099517678a62a618b8f3b92ce,outputs/cp3_eval/a1_rl_s3/shard1
a1_rl_s3,a1_rl,1,3,rl,160,1592,0,0,0.0,libero_plus,3578.957969903946,4b2ef1e7ad404b0099517678a62a618b8f3b92ce,outputs/cp3_eval/a1_rl_s3/shard1
a1_rl_s3,a1_rl,1,3,rl,160,1634,0,0,0.0,libero_plus,3578.957969903946,4b2ef1e7ad404b0099517678a62a618b8f3b92ce,outputs/cp3_eval/a1_rl_s3/shard1
a1_rl_s3,a1_rl,1,3,rl,160,1714,0,1,1.0,libero_plus,3578.957969903946,4b2ef1e7ad404b0099517678a62a618b8f3b92ce,outputs/cp3_eval/a1_rl_s3/shard1
a1_rl_s3,a1_rl,1,3,rl,160,1770,0,0,0.0,libero_plus,3578.957969903946,4b2ef1e7ad404b0099517678a62a618b8f3b92ce,outputs/cp3_eval/a1_rl_s3/shard1
a1_rl_s3,a1_rl,1,3,rl,160,1852,0,0,0.0,libero_plus,3578.957969903946,4b2ef1e7ad404b0099517678a62a618b8f3b92ce,outputs/cp3_eval/a1_rl_s3/shard1
a1_rl_s3,a1_rl,1,3,rl,160,1922,0,0,0.0,libero_plus,3578.957969903946,4b2ef1e7ad404b0099517678a62a618b8f3b92ce,outputs/cp3_eval/a1_rl_s3/shard1
a1_rl_s3,a1_rl,1,3,rl,160,2016,0,0,0.0,libero_plus,3578.957969903946,4b2ef1e7ad404b0099517678a62a618b8f3b92ce,outputs/cp3_eval/a1_rl_s3/shard1
a1_rl_s3,a1_rl,1,3,rl,160,2052,0,0,0.0,libero_plus,3578.957969903946,4b2ef1e7ad404b0099517678a62a618b8f3b92ce,outputs/cp3_eval/a1_rl_s3/shard1
a1_rl_s3,a1_rl,1,3,rl,160,2128,0,1,1.0,libero_plus,3578.957969903946,4b2ef1e7ad404b0099517678a62a618b8f3b92ce,outputs/cp3_eval/a1_rl_s3/shard1
a1_rl_s3,a1_rl,1,3,rl,160,2185,0,0,0.0,libero_plus,3578.957969903946,4b2ef1e7ad404b0099517678a62a618b8f3b92ce,outputs/cp3_eval/a1_rl_s3/shard1
a1_rl_s3,a1_rl,1,3,rl,160,2255,0,0,0.0,libero_plus,3578.957969903946,4b2ef1e7ad404b0099517678a62a618b8f3b92ce,outputs/cp3_eval/a1_rl_s3/shard1
a1_rl_s3,a1_rl,1,3,rl,160,2346,0,0,0.0,libero_plus,3578.957969903946,4b2ef1e7ad404b0099517678a62a618b8f3b92ce,outputs/cp3_eval/a1_rl_s3/shard1
a1_rl_s3,a1_rl,1,3,rl,160,2382,0,1,1.0,libero_plus,3578.957969903946,4b2ef1e7ad404b0099517678a62a618b8f3b92ce,outputs/cp3_eval/a1_rl_s3/shard1
a1_rl_s3,a1_rl,1,3,rl,160,2413,0,1,1.0,libero_plus,3578.957969903946,4b2ef1e7ad404b0099517678a62a618b8f3b92ce,outputs/cp3_eval/a1_rl_s3/shard1
a1_rl_s3,a1_rl,1,3,rl,160,2491,0,0,0.0,libero_plus,3578.957969903946,4b2ef1e7ad404b0099517678a62a618b8f3b92ce,outputs/cp3_eval/a1_rl_s3/shard1
a1_rl_s3,a1_rl,1,3,rl,160,2516,0,0,0.0,libero_plus,3578.957969903946,4b2ef1e7ad404b0099517678a62a618b8f3b92ce,outputs/cp3_eval/a1_rl_s3/shard1
a1_rl_s3,a1_rl,1,3,rl,160,39,0,1,1.0,libero_plus,3578.957969903946,4b2ef1e7ad404b0099517678a62a618b8f3b92ce,outputs/cp3_eval/a1_rl_s3/shard2
a1_rl_s3,a1_rl,1,3,rl,160,74,0,0,0.0,libero_plus,3578.957969903946,4b2ef1e7ad404b0099517678a62a618b8f3b92ce,outputs/cp3_eval/a1_rl_s3/shard2
a1_rl_s3,a1_rl,1,3,rl,160,117,0,1,1.0,libero_plus,3578.957969903946,4b2ef1e7ad404b0099517678a62a618b8f3b92ce,outputs/cp3_eval/a1_rl_s3/shard2
a1_rl_s3,a1_rl,1,3,rl,160,173,0,0,0.0,libero_plus,3578.957969903946,4b2ef1e7ad404b0099517678a62a618b8f3b92ce,outputs/cp3_eval/a1_rl_s3/shard2
a1_rl_s3,a1_rl,1,3,rl,160,250,0,1,1.0,libero_plus,3578.957969903946,4b2ef1e7ad404b0099517678a62a618b8f3b92ce,outputs/cp3_eval/a1_rl_s3/shard2
a1_rl_s3,a1_rl,1,3,rl,160,277,0,1,1.0,libero_plus,3578.957969903946,4b2ef1e7ad404b0099517678a62a618b8f3b92ce,outputs/cp3_eval/a1_rl_s3/shard2
a1_rl_s3,a1_rl,1,3,rl,160,332,0,1,1.0,libero_plus,3578.957969903946,4b2ef1e7ad404b0099517678a62a618b8f3b92ce,outputs/cp3_eval/a1_rl_s3/shard2
a1_rl_s3,a1_rl,1,3,rl,160,352,0,0,0.0,libero_plus,3578.957969903946,4b2ef1e7ad404b0099517678a62a618b8f3b92ce,outputs/cp3_eval/a1_rl_s3/shard2
a1_rl_s3,a1_rl,1,3,rl,160,484,0,0,0.0,libero_plus,3578.957969903946,4b2ef1e7ad404b0099517678a62a618b8f3b92ce,outputs/cp3_eval/a1_rl_s3/shard2
a1_rl_s3,a1_rl,1,3,rl,160,523,0,0,0.0,libero_plus,3578.957969903946,4b2ef1e7ad404b0099517678a62a618b8f3b92ce,outputs/cp3_eval/a1_rl_s3/shard2
a1_rl_s3,a1_rl,1,3,rl,160,611,0,1,1.0,libero_plus,3578.957969903946,4b2ef1e7ad404b0099517678a62a618b8f3b92ce,outputs/cp3_eval/a1_rl_s3/shard2
a1_rl_s3,a1_rl,1,3,rl,160,734,0,1,1.0,libero_plus,3578.957969903946,4b2ef1e7ad404b0099517678a62a618b8f3b92ce,outputs/cp3_eval/a1_rl_s3/shard2
a1_rl_s3,a1_rl,1,3,rl,160,758,0,1,1.0,libero_plus,3578.957969903946,4b2ef1e7ad404b0099517678a62a618b8f3b92ce,outputs/cp3_eval/a1_rl_s3/shard2
a1_rl_s3,a1_rl,1,3,rl,160,836,0,0,0.0,libero_plus,3578.957969903946,4b2ef1e7ad404b0099517678a62a618b8f3b92ce,outputs/cp3_eval/a1_rl_s3/shard2
a1_rl_s3,a1_rl,1,3,rl,160,950,0,0,0.0,libero_plus,3578.957969903946,4b2ef1e7ad404b0099517678a62a618b8f3b92ce,outputs/cp3_eval/a1_rl_s3/shard2
a1_rl_s3,a1_rl,1,3,rl,160,973,0,0,0.0,libero_plus,3578.957969903946,4b2ef1e7ad404b0099517678a62a618b8f3b92ce,outputs/cp3_eval/a1_rl_s3/shard2
a1_rl_s3,a1_rl,1,3,rl,160,1058,0,0,0.0,libero_plus,3578.957969903946,4b2ef1e7ad404b0099517678a62a618b8f3b92ce,outputs/cp3_eval/a1_rl_s3/shard2
a1_rl_s3,a1_rl,1,3,rl,160,1171,0,1,1.0,libero_plus,3578.957969903946,4b2ef1e7ad404b0099517678a62a618b8f3b92ce,outputs/cp3_eval/a1_rl_s3/shard2
a1_rl_s3,a1_rl,1,3,rl,160,1211,0,0,0.0,libero_plus,3578.957969903946,4b2ef1e7ad404b0099517678a62a618b8f3b92ce,outputs/cp3_eval/a1_rl_s3/shard2
a1_rl_s3,a1_rl,1,3,rl,160,1267,0,0,0.0,libero_plus,3578.957969903946,4b2ef1e7ad404b0099517678a62a618b8f3b92ce,outputs/cp3_eval/a1_rl_s3/shard2
a1_rl_s3,a1_rl,1,3,rl,160,1355,0,0,0.0,libero_plus,3578.957969903946,4b2ef1e7ad404b0099517678a62a618b8f3b92ce,outputs/cp3_eval/a1_rl_s3/shard2
a1_rl_s3,a1_rl,1,3,rl,160,1422,0,0,0.0,libero_plus,3578.957969903946,4b2ef1e7ad404b0099517678a62a618b8f3b92ce,outputs/cp3_eval/a1_rl_s3/shard2
a1_rl_s3,a1_rl,1,3,rl,160,1567,0,1,1.0,libero_plus,3578.957969903946,4b2ef1e7ad404b0099517678a62a618b8f3b92ce,outputs/cp3_eval/a1_rl_s3/shard2
a1_rl_s3,a1_rl,1,3,rl,160,1595,0,0,0.0,libero_plus,3578.957969903946,4b2ef1e7ad404b0099517678a62a618b8f3b92ce,outputs/cp3_eval/a1_rl_s3/shard2
a1_rl_s3,a1_rl,1,3,rl,160,1642,0,1,1.0,libero_plus,3578.957969903946,4b2ef1e7ad404b0099517678a62a618b8f3b92ce,outputs/cp3_eval/a1_rl_s3/shard2
a1_rl_s3,a1_rl,1,3,rl,160,1718,0,0,0.0,libero_plus,3578.957969903946,4b2ef1e7ad404b0099517678a62a618b8f3b92ce,outputs/cp3_eval/a1_rl_s3/shard2
a1_rl_s3,a1_rl,1,3,rl,160,1791,0,1,1.0,libero_plus,3578.957969903946,4b2ef1e7ad404b0099517678a62a618b8f3b92ce,outputs/cp3_eval/a1_rl_s3/shard2
a1_rl_s3,a1_rl,1,3,rl,160,1860,0,0,0.0,libero_plus,3578.957969903946,4b2ef1e7ad404b0099517678a62a618b8f3b92ce,outputs/cp3_eval/a1_rl_s3/shard2
a1_rl_s3,a1_rl,1,3,rl,160,1940,0,1,1.0,libero_plus,3578.957969903946,4b2ef1e7ad404b0099517678a62a618b8f3b92ce,outputs/cp3_eval/a1_rl_s3/shard2
a1_rl_s3,a1_rl,1,3,rl,160,2034,0,1,1.0,libero_plus,3578.957969903946,4b2ef1e7ad404b0099517678a62a618b8f3b92ce,outputs/cp3_eval/a1_rl_s3/shard2
a1_rl_s3,a1_rl,1,3,rl,160,2056,0,0,0.0,libero_plus,3578.957969903946,4b2ef1e7ad404b0099517678a62a618b8f3b92ce,outputs/cp3_eval/a1_rl_s3/shard2
a1_rl_s3,a1_rl,1,3,rl,160,2139,0,1,1.0,libero_plus,3578.957969903946,4b2ef1e7ad404b0099517678a62a618b8f3b92ce,outputs/cp3_eval/a1_rl_s3/shard2
a1_rl_s3,a1_rl,1,3,rl,160,2203,0,0,0.0,libero_plus,3578.957969903946,4b2ef1e7ad404b0099517678a62a618b8f3b92ce,outputs/cp3_eval/a1_rl_s3/shard2
a1_rl_s3,a1_rl,1,3,rl,160,2262,0,0,0.0,libero_plus,3578.957969903946,4b2ef1e7ad404b0099517678a62a618b8f3b92ce,outputs/cp3_eval/a1_rl_s3/shard2
a1_rl_s3,a1_rl,1,3,rl,160,2350,0,0,0.0,libero_plus,3578.957969903946,4b2ef1e7ad404b0099517678a62a618b8f3b92ce,outputs/cp3_eval/a1_rl_s3/shard2
a1_rl_s3,a1_rl,1,3,rl,160,2388,0,1,1.0,libero_plus,3578.957969903946,4b2ef1e7ad404b0099517678a62a618b8f3b92ce,outputs/cp3_eval/a1_rl_s3/shard2
a1_rl_s3,a1_rl,1,3,rl,160,2446,0,1,1.0,libero_plus,3578.957969903946,4b2ef1e7ad404b0099517678a62a618b8f3b92ce,outputs/cp3_eval/a1_rl_s3/shard2
a1_rl_s3,a1_rl,1,3,rl,160,2494,0,0,0.0,libero_plus,3578.957969903946,4b2ef1e7ad404b0099517678a62a618b8f3b92ce,outputs/cp3_eval/a1_rl_s3/shard2
a1_rl_s3,a1_rl,1,3,rl,160,2528,0,0,0.0,libero_plus,3578.957969903946,4b2ef1e7ad404b0099517678a62a618b8f3b92ce,outputs/cp3_eval/a1_rl_s3/shard2
a1_rl_s3,a1_rl,1,3,rl,160,41,0,1,1.0,libero_plus,3578.957969903946,4b2ef1e7ad404b0099517678a62a618b8f3b92ce,outputs/cp3_eval/a1_rl_s3/shard3
a1_rl_s3,a1_rl,1,3,rl,160,83,0,1,1.0,libero_plus,3578.957969903946,4b2ef1e7ad404b0099517678a62a618b8f3b92ce,outputs/cp3_eval/a1_rl_s3/shard3
a1_rl_s3,a1_rl,1,3,rl,160,124,0,0,0.0,libero_plus,3578.957969903946,4b2ef1e7ad404b0099517678a62a618b8f3b92ce,outputs/cp3_eval/a1_rl_s3/shard3
a1_rl_s3,a1_rl,1,3,rl,160,214,0,0,0.0,libero_plus,3578.957969903946,4b2ef1e7ad404b0099517678a62a618b8f3b92ce,outputs/cp3_eval/a1_rl_s3/shard3
a1_rl_s3,a1_rl,1,3,rl,160,265,0,1,1.0,libero_plus,3578.957969903946,4b2ef1e7ad404b0099517678a62a618b8f3b92ce,outputs/cp3_eval/a1_rl_s3/shard3
a1_rl_s3,a1_rl,1,3,rl,160,291,0,0,0.0,libero_plus,3578.957969903946,4b2ef1e7ad404b0099517678a62a618b8f3b92ce,outputs/cp3_eval/a1_rl_s3/shard3
a1_rl_s3,a1_rl,1,3,rl,160,337,0,0,0.0,libero_plus,3578.957969903946,4b2ef1e7ad404b0099517678a62a618b8f3b92ce,outputs/cp3_eval/a1_rl_s3/shard3
a1_rl_s3,a1_rl,1,3,rl,160,355,0,0,0.0,libero_plus,3578.957969903946,4b2ef1e7ad404b0099517678a62a618b8f3b92ce,outputs/cp3_eval/a1_rl_s3/shard3
a1_rl_s3,a1_rl,1,3,rl,160,488,0,1,1.0,libero_plus,3578.957969903946,4b2ef1e7ad404b0099517678a62a618b8f3b92ce,outputs/cp3_eval/a1_rl_s3/shard3
a1_rl_s3,a1_rl,1,3,rl,160,546,0,0,0.0,libero_plus,3578.957969903946,4b2ef1e7ad404b0099517678a62a618b8f3b92ce,outputs/cp3_eval/a1_rl_s3/shard3
a1_rl_s3,a1_rl,1,3,rl,160,614,0,1,1.0,libero_plus,3578.957969903946,4b2ef1e7ad404b0099517678a62a618b8f3b92ce,outputs/cp3_eval/a1_rl_s3/shard3
a1_rl_s3,a1_rl,1,3,rl,160,737,0,1,1.0,libero_plus,3578.957969903946,4b2ef1e7ad404b0099517678a62a618b8f3b92ce,outputs/cp3_eval/a1_rl_s3/shard3
a1_rl_s3,a1_rl,1,3,rl,160,786,0,0,0.0,libero_plus,3578.957969903946,4b2ef1e7ad404b0099517678a62a618b8f3b92ce,outputs/cp3_eval/a1_rl_s3/shard3
a1_rl_s3,a1_rl,1,3,rl,160,871,0,0,0.0,libero_plus,3578.957969903946,4b2ef1e7ad404b0099517678a62a618b8f3b92ce,outputs/cp3_eval/a1_rl_s3/shard3
a1_rl_s3,a1_rl,1,3,rl,160,962,0,0,0.0,libero_plus,3578.957969903946,4b2ef1e7ad404b0099517678a62a618b8f3b92ce,outputs/cp3_eval/a1_rl_s3/shard3
a1_rl_s3,a1_rl,1,3,rl,160,974,0,0,0.0,libero_plus,3578.957969903946,4b2ef1e7ad404b0099517678a62a618b8f3b92ce,outputs/cp3_eval/a1_rl_s3/shard3
a1_rl_s3,a1_rl,1,3,rl,160,1069,0,0,0.0,libero_plus,3578.957969903946,4b2ef1e7ad404b0099517678a62a618b8f3b92ce,outputs/cp3_eval/a1_rl_s3/shard3
a1_rl_s3,a1_rl,1,3,rl,160,1194,0,0,0.0,libero_plus,3578.957969903946,4b2ef1e7ad404b0099517678a62a618b8f3b92ce,outputs/cp3_eval/a1_rl_s3/shard3
a1_rl_s3,a1_rl,1,3,rl,160,1213,0,0,0.0,libero_plus,3578.957969903946,4b2ef1e7ad404b0099517678a62a618b8f3b92ce,outputs/cp3_eval/a1_rl_s3/shard3
a1_rl_s3,a1_rl,1,3,rl,160,1279,0,0,0.0,libero_plus,3578.957969903946,4b2ef1e7ad404b0099517678a62a618b8f3b92ce,outputs/cp3_eval/a1_rl_s3/shard3
a1_rl_s3,a1_rl,1,3,rl,160,1356,0,0,0.0,libero_plus,3578.957969903946,4b2ef1e7ad404b0099517678a62a618b8f3b92ce,outputs/cp3_eval/a1_rl_s3/shard3
a1_rl_s3,a1_rl,1,3,rl,160,1449,0,0,0.0,libero_plus,3578.957969903946,4b2ef1e7ad404b0099517678a62a618b8f3b92ce,outputs/cp3_eval/a1_rl_s3/shard3
a1_rl_s3,a1_rl,1,3,rl,160,1572,0,1,1.0,libero_plus,3578.957969903946,4b2ef1e7ad404b0099517678a62a618b8f3b92ce,outputs/cp3_eval/a1_rl_s3/shard3
a1_rl_s3,a1_rl,1,3,rl,160,1608,0,1,1.0,libero_plus,3578.957969903946,4b2ef1e7ad404b0099517678a62a618b8f3b92ce,outputs/cp3_eval/a1_rl_s3/shard3
a1_rl_s3,a1_rl,1,3,rl,160,1672,0,0,0.0,libero_plus,3578.957969903946,4b2ef1e7ad404b0099517678a62a618b8f3b92ce,outputs/cp3_eval/a1_rl_s3/shard3
a1_rl_s3,a1_rl,1,3,rl,160,1727,0,1,1.0,libero_plus,3578.957969903946,4b2ef1e7ad404b0099517678a62a618b8f3b92ce,outputs/cp3_eval/a1_rl_s3/shard3
a1_rl_s3,a1_rl,1,3,rl,160,1794,0,0,0.0,libero_plus,3578.957969903946,4b2ef1e7ad404b0099517678a62a618b8f3b92ce,outputs/cp3_eval/a1_rl_s3/shard3
a1_rl_s3,a1_rl,1,3,rl,160,1864,0,0,0.0,libero_plus,3578.957969903946,4b2ef1e7ad404b0099517678a62a618b8f3b92ce,outputs/cp3_eval/a1_rl_s3/shard3
a1_rl_s3,a1_rl,1,3,rl,160,1945,0,0,0.0,libero_plus,3578.957969903946,4b2ef1e7ad404b0099517678a62a618b8f3b92ce,outputs/cp3_eval/a1_rl_s3/shard3
a1_rl_s3,a1_rl,1,3,rl,160,2035,0,0,0.0,libero_plus,3578.957969903946,4b2ef1e7ad404b0099517678a62a618b8f3b92ce,outputs/cp3_eval/a1_rl_s3/shard3
a1_rl_s3,a1_rl,1,3,rl,160,2065,0,0,0.0,libero_plus,3578.957969903946,4b2ef1e7ad404b0099517678a62a618b8f3b92ce,outputs/cp3_eval/a1_rl_s3/shard3
a1_rl_s3,a1_rl,1,3,rl,160,2153,0,0,0.0,libero_plus,3578.957969903946,4b2ef1e7ad404b0099517678a62a618b8f3b92ce,outputs/cp3_eval/a1_rl_s3/shard3
a1_rl_s3,a1_rl,1,3,rl,160,2207,0,0,0.0,libero_plus,3578.957969903946,4b2ef1e7ad404b0099517678a62a618b8f3b92ce,outputs/cp3_eval/a1_rl_s3/shard3
a1_rl_s3,a1_rl,1,3,rl,160,2321,0,0,0.0,libero_plus,3578.957969903946,4b2ef1e7ad404b0099517678a62a618b8f3b92ce,outputs/cp3_eval/a1_rl_s3/shard3
a1_rl_s3,a1_rl,1,3,rl,160,2359,0,1,1.0,libero_plus,3578.957969903946,4b2ef1e7ad404b0099517678a62a618b8f3b92ce,outputs/cp3_eval/a1_rl_s3/shard3
a1_rl_s3,a1_rl,1,3,rl,160,2405,0,1,1.0,libero_plus,3578.957969903946,4b2ef1e7ad404b0099517678a62a618b8f3b92ce,outputs/cp3_eval/a1_rl_s3/shard3
a1_rl_s3,a1_rl,1,3,rl,160,2464,0,1,1.0,libero_plus,3578.957969903946,4b2ef1e7ad404b0099517678a62a618b8f3b92ce,outputs/cp3_eval/a1_rl_s3/shard3
a1_rl_s3,a1_rl,1,3,rl,160,2497,0,0,0.0,libero_plus,3578.957969903946,4b2ef1e7ad404b0099517678a62a618b8f3b92ce,outputs/cp3_eval/a1_rl_s3/shard3
a1_rl_s3,a1_rl,1,3,rl,160,2539,0,0,0.0,libero_plus,3578.957969903946,4b2ef1e7ad404b0099517678a62a618b8f3b92ce,outputs/cp3_eval/a1_rl_s3/shard3
a1_rl_s3,a1_rl,1,3,rl,160,44,0,1,1.0,libero_plus,3578.957969903946,4b2ef1e7ad404b0099517678a62a618b8f3b92ce,outputs/cp3_eval/a1_rl_s3/shard4
a1_rl_s3,a1_rl,1,3,rl,160,94,0,1,1.0,libero_plus,3578.957969903946,4b2ef1e7ad404b0099517678a62a618b8f3b92ce,outputs/cp3_eval/a1_rl_s3/shard4
a1_rl_s3,a1_rl,1,3,rl,160,141,0,0,0.0,libero_plus,3578.957969903946,4b2ef1e7ad404b0099517678a62a618b8f3b92ce,outputs/cp3_eval/a1_rl_s3/shard4
a1_rl_s3,a1_rl,1,3,rl,160,226,0,0,0.0,libero_plus,3578.957969903946,4b2ef1e7ad404b0099517678a62a618b8f3b92ce,outputs/cp3_eval/a1_rl_s3/shard4
a1_rl_s3,a1_rl,1,3,rl,160,266,0,1,1.0,libero_plus,3578.957969903946,4b2ef1e7ad404b0099517678a62a618b8f3b92ce,outputs/cp3_eval/a1_rl_s3/shard4
a1_rl_s3,a1_rl,1,3,rl,160,304,0,0,0.0,libero_plus,3578.957969903946,4b2ef1e7ad404b0099517678a62a618b8f3b92ce,outputs/cp3_eval/a1_rl_s3/shard4
a1_rl_s3,a1_rl,1,3,rl,160,339,0,1,1.0,libero_plus,3578.957969903946,4b2ef1e7ad404b0099517678a62a618b8f3b92ce,outputs/cp3_eval/a1_rl_s3/shard4
a1_rl_s3,a1_rl,1,3,rl,160,365,0,0,0.0,libero_plus,3578.957969903946,4b2ef1e7ad404b0099517678a62a618b8f3b92ce,outputs/cp3_eval/a1_rl_s3/shard4
a1_rl_s3,a1_rl,1,3,rl,160,492,0,1,1.0,libero_plus,3578.957969903946,4b2ef1e7ad404b0099517678a62a618b8f3b92ce,outputs/cp3_eval/a1_rl_s3/shard4
a1_rl_s3,a1_rl,1,3,rl,160,556,0,0,0.0,libero_plus,3578.957969903946,4b2ef1e7ad404b0099517678a62a618b8f3b92ce,outputs/cp3_eval/a1_rl_s3/shard4
a1_rl_s3,a1_rl,1,3,rl,160,616,0,0,0.0,libero_plus,3578.957969903946,4b2ef1e7ad404b0099517678a62a618b8f3b92ce,outputs/cp3_eval/a1_rl_s3/shard4
a1_rl_s3,a1_rl,1,3,rl,160,740,0,1,1.0,libero_plus,3578.957969903946,4b2ef1e7ad404b0099517678a62a618b8f3b92ce,outputs/cp3_eval/a1_rl_s3/shard4
a1_rl_s3,a1_rl,1,3,rl,160,812,0,0,0.0,libero_plus,3578.957969903946,4b2ef1e7ad404b0099517678a62a618b8f3b92ce,outputs/cp3_eval/a1_rl_s3/shard4
a1_rl_s3,a1_rl,1,3,rl,160,882,0,0,0.0,libero_plus,3578.957969903946,4b2ef1e7ad404b0099517678a62a618b8f3b92ce,outputs/cp3_eval/a1_rl_s3/shard4
a1_rl_s3,a1_rl,1,3,rl,160,964,0,0,0.0,libero_plus,3578.957969903946,4b2ef1e7ad404b0099517678a62a618b8f3b92ce,outputs/cp3_eval/a1_rl_s3/shard4
a1_rl_s3,a1_rl,1,3,rl,160,978,0,0,0.0,libero_plus,3578.957969903946,4b2ef1e7ad404b0099517678a62a618b8f3b92ce,outputs/cp3_eval/a1_rl_s3/shard4
a1_rl_s3,a1_rl,1,3,rl,160,1117,0,0,0.0,libero_plus,3578.957969903946,4b2ef1e7ad404b0099517678a62a618b8f3b92ce,outputs/cp3_eval/a1_rl_s3/shard4
a1_rl_s3,a1_rl,1,3,rl,160,1196,0,0,0.0,libero_plus,3578.957969903946,4b2ef1e7ad404b0099517678a62a618b8f3b92ce,outputs/cp3_eval/a1_rl_s3/shard4
a1_rl_s3,a1_rl,1,3,rl,160,1239,0,0,0.0,libero_plus,3578.957969903946,4b2ef1e7ad404b0099517678a62a618b8f3b92ce,outputs/cp3_eval/a1_rl_s3/shard4
a1_rl_s3,a1_rl,1,3,rl,160,1286,0,0,0.0,libero_plus,3578.957969903946,4b2ef1e7ad404b0099517678a62a618b8f3b92ce,outputs/cp3_eval/a1_rl_s3/shard4
a1_rl_s3,a1_rl,1,3,rl,160,1378,0,0,0.0,libero_plus,3578.957969903946,4b2ef1e7ad404b0099517678a62a618b8f3b92ce,outputs/cp3_eval/a1_rl_s3/shard4
a1_rl_s3,a1_rl,1,3,rl,160,1455,0,0,0.0,libero_plus,3578.957969903946,4b2ef1e7ad404b0099517678a62a618b8f3b92ce,outputs/cp3_eval/a1_rl_s3/shard4
a1_rl_s3,a1_rl,1,3,rl,160,1577,0,1,1.0,libero_plus,3578.957969903946,4b2ef1e7ad404b0099517678a62a618b8f3b92ce,outputs/cp3_eval/a1_rl_s3/shard4
a1_rl_s3,a1_rl,1,3,rl,160,1621,0,0,0.0,libero_plus,3578.957969903946,4b2ef1e7ad404b0099517678a62a618b8f3b92ce,outputs/cp3_eval/a1_rl_s3/shard4
a1_rl_s3,a1_rl,1,3,rl,160,1681,0,1,1.0,libero_plus,3578.957969903946,4b2ef1e7ad404b0099517678a62a618b8f3b92ce,outputs/cp3_eval/a1_rl_s3/shard4
a1_rl_s3,a1_rl,1,3,rl,160,1729,0,0,0.0,libero_plus,3578.957969903946,4b2ef1e7ad404b0099517678a62a618b8f3b92ce,outputs/cp3_eval/a1_rl_s3/shard4
a1_rl_s3,a1_rl,1,3,rl,160,1803,0,1,1.0,libero_plus,3578.957969903946,4b2ef1e7ad404b0099517678a62a618b8f3b92ce,outputs/cp3_eval/a1_rl_s3/shard4
a1_rl_s3,a1_rl,1,3,rl,160,1882,0,0,0.0,libero_plus,3578.957969903946,4b2ef1e7ad404b0099517678a62a618b8f3b92ce,outputs/cp3_eval/a1_rl_s3/shard4
a1_rl_s3,a1_rl,1,3,rl,160,1959,0,0,0.0,libero_plus,3578.957969903946,4b2ef1e7ad404b0099517678a62a618b8f3b92ce,outputs/cp3_eval/a1_rl_s3/shard4
a1_rl_s3,a1_rl,1,3,rl,160,2037,0,0,0.0,libero_plus,3578.957969903946,4b2ef1e7ad404b0099517678a62a618b8f3b92ce,outputs/cp3_eval/a1_rl_s3/shard4
a1_rl_s3,a1_rl,1,3,rl,160,2081,0,0,0.0,libero_plus,3578.957969903946,4b2ef1e7ad404b0099517678a62a618b8f3b92ce,outputs/cp3_eval/a1_rl_s3/shard4
a1_rl_s3,a1_rl,1,3,rl,160,2179,0,0,0.0,libero_plus,3578.957969903946,4b2ef1e7ad404b0099517678a62a618b8f3b92ce,outputs/cp3_eval/a1_rl_s3/shard4
a1_rl_s3,a1_rl,1,3,rl,160,2222,0,1,1.0,libero_plus,3578.957969903946,4b2ef1e7ad404b0099517678a62a618b8f3b92ce,outputs/cp3_eval/a1_rl_s3/shard4
a1_rl_s3,a1_rl,1,3,rl,160,2332,0,0,0.0,libero_plus,3578.957969903946,4b2ef1e7ad404b0099517678a62a618b8f3b92ce,outputs/cp3_eval/a1_rl_s3/shard4
a1_rl_s3,a1_rl,1,3,rl,160,2363,0,1,1.0,libero_plus,3578.957969903946,4b2ef1e7ad404b0099517678a62a618b8f3b92ce,outputs/cp3_eval/a1_rl_s3/shard4
a1_rl_s3,a1_rl,1,3,rl,160,2406,0,0,0.0,libero_plus,3578.957969903946,4b2ef1e7ad404b0099517678a62a618b8f3b92ce,outputs/cp3_eval/a1_rl_s3/shard4
a1_rl_s3,a1_rl,1,3,rl,160,2465,0,1,1.0,libero_plus,3578.957969903946,4b2ef1e7ad404b0099517678a62a618b8f3b92ce,outputs/cp3_eval/a1_rl_s3/shard4
a1_rl_s3,a1_rl,1,3,rl,160,2504,0,0,0.0,libero_plus,3578.957969903946,4b2ef1e7ad404b0099517678a62a618b8f3b92ce,outputs/cp3_eval/a1_rl_s3/shard4
a1_rl_s3,a1_rl,1,3,rl,160,2569,0,1,1.0,libero_plus,3578.957969903946,4b2ef1e7ad404b0099517678a62a618b8f3b92ce,outputs/cp3_eval/a1_rl_s3/shard4
a1_rl_s4,a1_rl,1,4,rl,160,5,0,0,0.0,libero_plus,3357.258773088455,4b2ef1e7ad404b0099517678a62a618b8f3b92ce,outputs/cp3_eval/a1_rl_s4/shard0
a1_rl_s4,a1_rl,1,4,rl,160,64,0,0,0.0,libero_plus,3357.258773088455,4b2ef1e7ad404b0099517678a62a618b8f3b92ce,outputs/cp3_eval/a1_rl_s4/shard0
a1_rl_s4,a1_rl,1,4,rl,160,97,0,0,0.0,libero_plus,3357.258773088455,4b2ef1e7ad404b0099517678a62a618b8f3b92ce,outputs/cp3_eval/a1_rl_s4/shard0
a1_rl_s4,a1_rl,1,4,rl,160,152,0,0,0.0,libero_plus,3357.258773088455,4b2ef1e7ad404b0099517678a62a618b8f3b92ce,outputs/cp3_eval/a1_rl_s4/shard0
a1_rl_s4,a1_rl,1,4,rl,160,238,0,1,1.0,libero_plus,3357.258773088455,4b2ef1e7ad404b0099517678a62a618b8f3b92ce,outputs/cp3_eval/a1_rl_s4/shard0
a1_rl_s4,a1_rl,1,4,rl,160,270,0,1,1.0,libero_plus,3357.258773088455,4b2ef1e7ad404b0099517678a62a618b8f3b92ce,outputs/cp3_eval/a1_rl_s4/shard0
a1_rl_s4,a1_rl,1,4,rl,160,306,0,0,0.0,libero_plus,3357.258773088455,4b2ef1e7ad404b0099517678a62a618b8f3b92ce,outputs/cp3_eval/a1_rl_s4/shard0
a1_rl_s4,a1_rl,1,4,rl,160,340,0,1,1.0,libero_plus,3357.258773088455,4b2ef1e7ad404b0099517678a62a618b8f3b92ce,outputs/cp3_eval/a1_rl_s4/shard0
a1_rl_s4,a1_rl,1,4,rl,160,384,0,0,0.0,libero_plus,3357.258773088455,4b2ef1e7ad404b0099517678a62a618b8f3b92ce,outputs/cp3_eval/a1_rl_s4/shard0
a1_rl_s4,a1_rl,1,4,rl,160,493,0,0,0.0,libero_plus,3357.258773088455,4b2ef1e7ad404b0099517678a62a618b8f3b92ce,outputs/cp3_eval/a1_rl_s4/shard0
a1_rl_s4,a1_rl,1,4,rl,160,571,0,0,0.0,libero_plus,3357.258773088455,4b2ef1e7ad404b0099517678a62a618b8f3b92ce,outputs/cp3_eval/a1_rl_s4/shard0
a1_rl_s4,a1_rl,1,4,rl,160,664,0,0,0.0,libero_plus,3357.258773088455,4b2ef1e7ad404b0099517678a62a618b8f3b92ce,outputs/cp3_eval/a1_rl_s4/shard0
a1_rl_s4,a1_rl,1,4,rl,160,745,0,1,1.0,libero_plus,3357.258773088455,4b2ef1e7ad404b0099517678a62a618b8f3b92ce,outputs/cp3_eval/a1_rl_s4/shard0
a1_rl_s4,a1_rl,1,4,rl,160,814,0,0,0.0,libero_plus,3357.258773088455,4b2ef1e7ad404b0099517678a62a618b8f3b92ce,outputs/cp3_eval/a1_rl_s4/shard0
a1_rl_s4,a1_rl,1,4,rl,160,913,0,0,0.0,libero_plus,3357.258773088455,4b2ef1e7ad404b0099517678a62a618b8f3b92ce,outputs/cp3_eval/a1_rl_s4/shard0
a1_rl_s4,a1_rl,1,4,rl,160,968,0,0,0.0,libero_plus,3357.258773088455,4b2ef1e7ad404b0099517678a62a618b8f3b92ce,outputs/cp3_eval/a1_rl_s4/shard0
a1_rl_s4,a1_rl,1,4,rl,160,1025,0,1,1.0,libero_plus,3357.258773088455,4b2ef1e7ad404b0099517678a62a618b8f3b92ce,outputs/cp3_eval/a1_rl_s4/shard0
a1_rl_s4,a1_rl,1,4,rl,160,1126,0,0,0.0,libero_plus,3357.258773088455,4b2ef1e7ad404b0099517678a62a618b8f3b92ce,outputs/cp3_eval/a1_rl_s4/shard0
a1_rl_s4,a1_rl,1,4,rl,160,1209,0,0,0.0,libero_plus,3357.258773088455,4b2ef1e7ad404b0099517678a62a618b8f3b92ce,outputs/cp3_eval/a1_rl_s4/shard0
a1_rl_s4,a1_rl,1,4,rl,160,1243,0,0,0.0,libero_plus,3357.258773088455,4b2ef1e7ad404b0099517678a62a618b8f3b92ce,outputs/cp3_eval/a1_rl_s4/shard0
a1_rl_s4,a1_rl,1,4,rl,160,1304,0,0,0.0,libero_plus,3357.258773088455,4b2ef1e7ad404b0099517678a62a618b8f3b92ce,outputs/cp3_eval/a1_rl_s4/shard0
a1_rl_s4,a1_rl,1,4,rl,160,1394,0,0,0.0,libero_plus,3357.258773088455,4b2ef1e7ad404b0099517678a62a618b8f3b92ce,outputs/cp3_eval/a1_rl_s4/shard0
a1_rl_s4,a1_rl,1,4,rl,160,1466,0,0,0.0,libero_plus,3357.258773088455,4b2ef1e7ad404b0099517678a62a618b8f3b92ce,outputs/cp3_eval/a1_rl_s4/shard0
a1_rl_s4,a1_rl,1,4,rl,160,1591,0,0,0.0,libero_plus,3357.258773088455,4b2ef1e7ad404b0099517678a62a618b8f3b92ce,outputs/cp3_eval/a1_rl_s4/shard0
a1_rl_s4,a1_rl,1,4,rl,160,1625,0,0,0.0,libero_plus,3357.258773088455,4b2ef1e7ad404b0099517678a62a618b8f3b92ce,outputs/cp3_eval/a1_rl_s4/shard0
a1_rl_s4,a1_rl,1,4,rl,160,1695,0,1,1.0,libero_plus,3357.258773088455,4b2ef1e7ad404b0099517678a62a618b8f3b92ce,outputs/cp3_eval/a1_rl_s4/shard0
a1_rl_s4,a1_rl,1,4,rl,160,1759,0,0,0.0,libero_plus,3357.258773088455,4b2ef1e7ad404b0099517678a62a618b8f3b92ce,outputs/cp3_eval/a1_rl_s4/shard0
a1_rl_s4,a1_rl,1,4,rl,160,1811,0,1,1.0,libero_plus,3357.258773088455,4b2ef1e7ad404b0099517678a62a618b8f3b92ce,outputs/cp3_eval/a1_rl_s4/shard0
a1_rl_s4,a1_rl,1,4,rl,160,1887,0,0,0.0,libero_plus,3357.258773088455,4b2ef1e7ad404b0099517678a62a618b8f3b92ce,outputs/cp3_eval/a1_rl_s4/shard0
a1_rl_s4,a1_rl,1,4,rl,160,1995,0,0,0.0,libero_plus,3357.258773088455,4b2ef1e7ad404b0099517678a62a618b8f3b92ce,outputs/cp3_eval/a1_rl_s4/shard0
a1_rl_s4,a1_rl,1,4,rl,160,2045,0,0,0.0,libero_plus,3357.258773088455,4b2ef1e7ad404b0099517678a62a618b8f3b92ce,outputs/cp3_eval/a1_rl_s4/shard0
a1_rl_s4,a1_rl,1,4,rl,160,2093,0,0,0.0,libero_plus,3357.258773088455,4b2ef1e7ad404b0099517678a62a618b8f3b92ce,outputs/cp3_eval/a1_rl_s4/shard0
a1_rl_s4,a1_rl,1,4,rl,160,2180,0,1,1.0,libero_plus,3357.258773088455,4b2ef1e7ad404b0099517678a62a618b8f3b92ce,outputs/cp3_eval/a1_rl_s4/shard0
a1_rl_s4,a1_rl,1,4,rl,160,2235,0,1,1.0,libero_plus,3357.258773088455,4b2ef1e7ad404b0099517678a62a618b8f3b92ce,outputs/cp3_eval/a1_rl_s4/shard0
a1_rl_s4,a1_rl,1,4,rl,160,2338,0,0,0.0,libero_plus,3357.258773088455,4b2ef1e7ad404b0099517678a62a618b8f3b92ce,outputs/cp3_eval/a1_rl_s4/shard0
a1_rl_s4,a1_rl,1,4,rl,160,2377,0,0,0.0,libero_plus,3357.258773088455,4b2ef1e7ad404b0099517678a62a618b8f3b92ce,outputs/cp3_eval/a1_rl_s4/shard0
a1_rl_s4,a1_rl,1,4,rl,160,2411,0,0,0.0,libero_plus,3357.258773088455,4b2ef1e7ad404b0099517678a62a618b8f3b92ce,outputs/cp3_eval/a1_rl_s4/shard0
a1_rl_s4,a1_rl,1,4,rl,160,2488,0,0,0.0,libero_plus,3357.258773088455,4b2ef1e7ad404b0099517678a62a618b8f3b92ce,outputs/cp3_eval/a1_rl_s4/shard0
a1_rl_s4,a1_rl,1,4,rl,160,2513,0,0,0.0,libero_plus,3357.258773088455,4b2ef1e7ad404b0099517678a62a618b8f3b92ce,outputs/cp3_eval/a1_rl_s4/shard0
a1_rl_s4,a1_rl,1,4,rl,160,2578,0,1,1.0,libero_plus,3357.258773088455,4b2ef1e7ad404b0099517678a62a618b8f3b92ce,outputs/cp3_eval/a1_rl_s4/shard0
a1_rl_s4,a1_rl,1,4,rl,160,31,0,1,1.0,libero_plus,3357.258773088455,4b2ef1e7ad404b0099517678a62a618b8f3b92ce,outputs/cp3_eval/a1_rl_s4/shard1
a1_rl_s4,a1_rl,1,4,rl,160,70,0,0,0.0,libero_plus,3357.258773088455,4b2ef1e7ad404b0099517678a62a618b8f3b92ce,outputs/cp3_eval/a1_rl_s4/shard1
a1_rl_s4,a1_rl,1,4,rl,160,106,0,1,1.0,libero_plus,3357.258773088455,4b2ef1e7ad404b0099517678a62a618b8f3b92ce,outputs/cp3_eval/a1_rl_s4/shard1
a1_rl_s4,a1_rl,1,4,rl,160,164,0,0,0.0,libero_plus,3357.258773088455,4b2ef1e7ad404b0099517678a62a618b8f3b92ce,outputs/cp3_eval/a1_rl_s4/shard1
a1_rl_s4,a1_rl,1,4,rl,160,242,0,1,1.0,libero_plus,3357.258773088455,4b2ef1e7ad404b0099517678a62a618b8f3b92ce,outputs/cp3_eval/a1_rl_s4/shard1
a1_rl_s4,a1_rl,1,4,rl,160,273,0,1,1.0,libero_plus,3357.258773088455,4b2ef1e7ad404b0099517678a62a618b8f3b92ce,outputs/cp3_eval/a1_rl_s4/shard1
a1_rl_s4,a1_rl,1,4,rl,160,315,0,0,0.0,libero_plus,3357.258773088455,4b2ef1e7ad404b0099517678a62a618b8f3b92ce,outputs/cp3_eval/a1_rl_s4/shard1
a1_rl_s4,a1_rl,1,4,rl,160,346,0,0,0.0,libero_plus,3357.258773088455,4b2ef1e7ad404b0099517678a62a618b8f3b92ce,outputs/cp3_eval/a1_rl_s4/shard1
a1_rl_s4,a1_rl,1,4,rl,160,392,0,0,0.0,libero_plus,3357.258773088455,4b2ef1e7ad404b0099517678a62a618b8f3b92ce,outputs/cp3_eval/a1_rl_s4/shard1
a1_rl_s4,a1_rl,1,4,rl,160,517,0,0,0.0,libero_plus,3357.258773088455,4b2ef1e7ad404b0099517678a62a618b8f3b92ce,outputs/cp3_eval/a1_rl_s4/shard1
a1_rl_s4,a1_rl,1,4,rl,160,608,0,0,0.0,libero_plus,3357.258773088455,4b2ef1e7ad404b0099517678a62a618b8f3b92ce,outputs/cp3_eval/a1_rl_s4/shard1
a1_rl_s4,a1_rl,1,4,rl,160,706,0,0,0.0,libero_plus,3357.258773088455,4b2ef1e7ad404b0099517678a62a618b8f3b92ce,outputs/cp3_eval/a1_rl_s4/shard1
a1_rl_s4,a1_rl,1,4,rl,160,754,0,1,1.0,libero_plus,3357.258773088455,4b2ef1e7ad404b0099517678a62a618b8f3b92ce,outputs/cp3_eval/a1_rl_s4/shard1
a1_rl_s4,a1_rl,1,4,rl,160,829,0,0,0.0,libero_plus,3357.258773088455,4b2ef1e7ad404b0099517678a62a618b8f3b92ce,outputs/cp3_eval/a1_rl_s4/shard1
a1_rl_s4,a1_rl,1,4,rl,160,934,0,0,0.0,libero_plus,3357.258773088455,4b2ef1e7ad404b0099517678a62a618b8f3b92ce,outputs/cp3_eval/a1_rl_s4/shard1
a1_rl_s4,a1_rl,1,4,rl,160,969,0,0,0.0,libero_plus,3357.258773088455,4b2ef1e7ad404b0099517678a62a618b8f3b92ce,outputs/cp3_eval/a1_rl_s4/shard1
a1_rl_s4,a1_rl,1,4,rl,160,1042,0,0,0.0,libero_plus,3357.258773088455,4b2ef1e7ad404b0099517678a62a618b8f3b92ce,outputs/cp3_eval/a1_rl_s4/shard1
a1_rl_s4,a1_rl,1,4,rl,160,1139,0,0,0.0,libero_plus,3357.258773088455,4b2ef1e7ad404b0099517678a62a618b8f3b92ce,outputs/cp3_eval/a1_rl_s4/shard1
a1_rl_s4,a1_rl,1,4,rl,160,1210,0,0,0.0,libero_plus,3357.258773088455,4b2ef1e7ad404b0099517678a62a618b8f3b92ce,outputs/cp3_eval/a1_rl_s4/shard1
a1_rl_s4,a1_rl,1,4,rl,160,1246,0,0,0.0,libero_plus,3357.258773088455,4b2ef1e7ad404b0099517678a62a618b8f3b92ce,outputs/cp3_eval/a1_rl_s4/shard1
a1_rl_s4,a1_rl,1,4,rl,160,1308,0,0,0.0,libero_plus,3357.258773088455,4b2ef1e7ad404b0099517678a62a618b8f3b92ce,outputs/cp3_eval/a1_rl_s4/shard1
a1_rl_s4,a1_rl,1,4,rl,160,1399,0,0,0.0,libero_plus,3357.258773088455,4b2ef1e7ad404b0099517678a62a618b8f3b92ce,outputs/cp3_eval/a1_rl_s4/shard1
a1_rl_s4,a1_rl,1,4,rl,160,1503,0,0,0.0,libero_plus,3357.258773088455,4b2ef1e7ad404b0099517678a62a618b8f3b92ce,outputs/cp3_eval/a1_rl_s4/shard1
a1_rl_s4,a1_rl,1,4,rl,160,1592,0,0,0.0,libero_plus,3357.258773088455,4b2ef1e7ad404b0099517678a62a618b8f3b92ce,outputs/cp3_eval/a1_rl_s4/shard1
a1_rl_s4,a1_rl,1,4,rl,160,1634,0,1,1.0,libero_plus,3357.258773088455,4b2ef1e7ad404b0099517678a62a618b8f3b92ce,outputs/cp3_eval/a1_rl_s4/shard1
a1_rl_s4,a1_rl,1,4,rl,160,1714,0,0,0.0,libero_plus,3357.258773088455,4b2ef1e7ad404b0099517678a62a618b8f3b92ce,outputs/cp3_eval/a1_rl_s4/shard1
a1_rl_s4,a1_rl,1,4,rl,160,1770,0,0,0.0,libero_plus,3357.258773088455,4b2ef1e7ad404b0099517678a62a618b8f3b92ce,outputs/cp3_eval/a1_rl_s4/shard1
a1_rl_s4,a1_rl,1,4,rl,160,1852,0,0,0.0,libero_plus,3357.258773088455,4b2ef1e7ad404b0099517678a62a618b8f3b92ce,outputs/cp3_eval/a1_rl_s4/shard1
a1_rl_s4,a1_rl,1,4,rl,160,1922,0,0,0.0,libero_plus,3357.258773088455,4b2ef1e7ad404b0099517678a62a618b8f3b92ce,outputs/cp3_eval/a1_rl_s4/shard1
a1_rl_s4,a1_rl,1,4,rl,160,2016,0,0,0.0,libero_plus,3357.258773088455,4b2ef1e7ad404b0099517678a62a618b8f3b92ce,outputs/cp3_eval/a1_rl_s4/shard1
a1_rl_s4,a1_rl,1,4,rl,160,2052,0,0,0.0,libero_plus,3357.258773088455,4b2ef1e7ad404b0099517678a62a618b8f3b92ce,outputs/cp3_eval/a1_rl_s4/shard1
a1_rl_s4,a1_rl,1,4,rl,160,2128,0,1,1.0,libero_plus,3357.258773088455,4b2ef1e7ad404b0099517678a62a618b8f3b92ce,outputs/cp3_eval/a1_rl_s4/shard1
a1_rl_s4,a1_rl,1,4,rl,160,2185,0,1,1.0,libero_plus,3357.258773088455,4b2ef1e7ad404b0099517678a62a618b8f3b92ce,outputs/cp3_eval/a1_rl_s4/shard1
a1_rl_s4,a1_rl,1,4,rl,160,2255,0,0,0.0,libero_plus,3357.258773088455,4b2ef1e7ad404b0099517678a62a618b8f3b92ce,outputs/cp3_eval/a1_rl_s4/shard1
a1_rl_s4,a1_rl,1,4,rl,160,2346,0,0,0.0,libero_plus,3357.258773088455,4b2ef1e7ad404b0099517678a62a618b8f3b92ce,outputs/cp3_eval/a1_rl_s4/shard1
a1_rl_s4,a1_rl,1,4,rl,160,2382,0,1,1.0,libero_plus,3357.258773088455,4b2ef1e7ad404b0099517678a62a618b8f3b92ce,outputs/cp3_eval/a1_rl_s4/shard1
a1_rl_s4,a1_rl,1,4,rl,160,2413,0,0,0.0,libero_plus,3357.258773088455,4b2ef1e7ad404b0099517678a62a618b8f3b92ce,outputs/cp3_eval/a1_rl_s4/shard1
a1_rl_s4,a1_rl,1,4,rl,160,2491,0,0,0.0,libero_plus,3357.258773088455,4b2ef1e7ad404b0099517678a62a618b8f3b92ce,outputs/cp3_eval/a1_rl_s4/shard1
a1_rl_s4,a1_rl,1,4,rl,160,2516,0,0,0.0,libero_plus,3357.258773088455,4b2ef1e7ad404b0099517678a62a618b8f3b92ce,outputs/cp3_eval/a1_rl_s4/shard1
a1_rl_s4,a1_rl,1,4,rl,160,39,0,0,0.0,libero_plus,3357.258773088455,4b2ef1e7ad404b0099517678a62a618b8f3b92ce,outputs/cp3_eval/a1_rl_s4/shard2
a1_rl_s4,a1_rl,1,4,rl,160,74,0,0,0.0,libero_plus,3357.258773088455,4b2ef1e7ad404b0099517678a62a618b8f3b92ce,outputs/cp3_eval/a1_rl_s4/shard2
a1_rl_s4,a1_rl,1,4,rl,160,117,0,1,1.0,libero_plus,3357.258773088455,4b2ef1e7ad404b0099517678a62a618b8f3b92ce,outputs/cp3_eval/a1_rl_s4/shard2
a1_rl_s4,a1_rl,1,4,rl,160,173,0,0,0.0,libero_plus,3357.258773088455,4b2ef1e7ad404b0099517678a62a618b8f3b92ce,outputs/cp3_eval/a1_rl_s4/shard2
a1_rl_s4,a1_rl,1,4,rl,160,250,0,0,0.0,libero_plus,3357.258773088455,4b2ef1e7ad404b0099517678a62a618b8f3b92ce,outputs/cp3_eval/a1_rl_s4/shard2
a1_rl_s4,a1_rl,1,4,rl,160,277,0,1,1.0,libero_plus,3357.258773088455,4b2ef1e7ad404b0099517678a62a618b8f3b92ce,outputs/cp3_eval/a1_rl_s4/shard2
a1_rl_s4,a1_rl,1,4,rl,160,332,0,0,0.0,libero_plus,3357.258773088455,4b2ef1e7ad404b0099517678a62a618b8f3b92ce,outputs/cp3_eval/a1_rl_s4/shard2
a1_rl_s4,a1_rl,1,4,rl,160,352,0,0,0.0,libero_plus,3357.258773088455,4b2ef1e7ad404b0099517678a62a618b8f3b92ce,outputs/cp3_eval/a1_rl_s4/shard2
a1_rl_s4,a1_rl,1,4,rl,160,484,0,1,1.0,libero_plus,3357.258773088455,4b2ef1e7ad404b0099517678a62a618b8f3b92ce,outputs/cp3_eval/a1_rl_s4/shard2
a1_rl_s4,a1_rl,1,4,rl,160,523,0,0,0.0,libero_plus,3357.258773088455,4b2ef1e7ad404b0099517678a62a618b8f3b92ce,outputs/cp3_eval/a1_rl_s4/shard2
a1_rl_s4,a1_rl,1,4,rl,160,611,0,1,1.0,libero_plus,3357.258773088455,4b2ef1e7ad404b0099517678a62a618b8f3b92ce,outputs/cp3_eval/a1_rl_s4/shard2
a1_rl_s4,a1_rl,1,4,rl,160,734,0,0,0.0,libero_plus,3357.258773088455,4b2ef1e7ad404b0099517678a62a618b8f3b92ce,outputs/cp3_eval/a1_rl_s4/shard2
a1_rl_s4,a1_rl,1,4,rl,160,758,0,1,1.0,libero_plus,3357.258773088455,4b2ef1e7ad404b0099517678a62a618b8f3b92ce,outputs/cp3_eval/a1_rl_s4/shard2
a1_rl_s4,a1_rl,1,4,rl,160,836,0,1,1.0,libero_plus,3357.258773088455,4b2ef1e7ad404b0099517678a62a618b8f3b92ce,outputs/cp3_eval/a1_rl_s4/shard2
a1_rl_s4,a1_rl,1,4,rl,160,950,0,0,0.0,libero_plus,3357.258773088455,4b2ef1e7ad404b0099517678a62a618b8f3b92ce,outputs/cp3_eval/a1_rl_s4/shard2
a1_rl_s4,a1_rl,1,4,rl,160,973,0,0,0.0,libero_plus,3357.258773088455,4b2ef1e7ad404b0099517678a62a618b8f3b92ce,outputs/cp3_eval/a1_rl_s4/shard2
a1_rl_s4,a1_rl,1,4,rl,160,1058,0,1,1.0,libero_plus,3357.258773088455,4b2ef1e7ad404b0099517678a62a618b8f3b92ce,outputs/cp3_eval/a1_rl_s4/shard2
a1_rl_s4,a1_rl,1,4,rl,160,1171,0,0,0.0,libero_plus,3357.258773088455,4b2ef1e7ad404b0099517678a62a618b8f3b92ce,outputs/cp3_eval/a1_rl_s4/shard2
a1_rl_s4,a1_rl,1,4,rl,160,1211,0,0,0.0,libero_plus,3357.258773088455,4b2ef1e7ad404b0099517678a62a618b8f3b92ce,outputs/cp3_eval/a1_rl_s4/shard2
a1_rl_s4,a1_rl,1,4,rl,160,1267,0,0,0.0,libero_plus,3357.258773088455,4b2ef1e7ad404b0099517678a62a618b8f3b92ce,outputs/cp3_eval/a1_rl_s4/shard2
a1_rl_s4,a1_rl,1,4,rl,160,1355,0,0,0.0,libero_plus,3357.258773088455,4b2ef1e7ad404b0099517678a62a618b8f3b92ce,outputs/cp3_eval/a1_rl_s4/shard2
a1_rl_s4,a1_rl,1,4,rl,160,1422,0,0,0.0,libero_plus,3357.258773088455,4b2ef1e7ad404b0099517678a62a618b8f3b92ce,outputs/cp3_eval/a1_rl_s4/shard2
a1_rl_s4,a1_rl,1,4,rl,160,1567,0,0,0.0,libero_plus,3357.258773088455,4b2ef1e7ad404b0099517678a62a618b8f3b92ce,outputs/cp3_eval/a1_rl_s4/shard2
a1_rl_s4,a1_rl,1,4,rl,160,1595,0,0,0.0,libero_plus,3357.258773088455,4b2ef1e7ad404b0099517678a62a618b8f3b92ce,outputs/cp3_eval/a1_rl_s4/shard2
a1_rl_s4,a1_rl,1,4,rl,160,1642,0,1,1.0,libero_plus,3357.258773088455,4b2ef1e7ad404b0099517678a62a618b8f3b92ce,outputs/cp3_eval/a1_rl_s4/shard2
a1_rl_s4,a1_rl,1,4,rl,160,1718,0,0,0.0,libero_plus,3357.258773088455,4b2ef1e7ad404b0099517678a62a618b8f3b92ce,outputs/cp3_eval/a1_rl_s4/shard2
a1_rl_s4,a1_rl,1,4,rl,160,1791,0,1,1.0,libero_plus,3357.258773088455,4b2ef1e7ad404b0099517678a62a618b8f3b92ce,outputs/cp3_eval/a1_rl_s4/shard2
a1_rl_s4,a1_rl,1,4,rl,160,1860,0,0,0.0,libero_plus,3357.258773088455,4b2ef1e7ad404b0099517678a62a618b8f3b92ce,outputs/cp3_eval/a1_rl_s4/shard2
a1_rl_s4,a1_rl,1,4,rl,160,1940,0,1,1.0,libero_plus,3357.258773088455,4b2ef1e7ad404b0099517678a62a618b8f3b92ce,outputs/cp3_eval/a1_rl_s4/shard2
a1_rl_s4,a1_rl,1,4,rl,160,2034,0,1,1.0,libero_plus,3357.258773088455,4b2ef1e7ad404b0099517678a62a618b8f3b92ce,outputs/cp3_eval/a1_rl_s4/shard2
a1_rl_s4,a1_rl,1,4,rl,160,2056,0,0,0.0,libero_plus,3357.258773088455,4b2ef1e7ad404b0099517678a62a618b8f3b92ce,outputs/cp3_eval/a1_rl_s4/shard2
a1_rl_s4,a1_rl,1,4,rl,160,2139,0,1,1.0,libero_plus,3357.258773088455,4b2ef1e7ad404b0099517678a62a618b8f3b92ce,outputs/cp3_eval/a1_rl_s4/shard2
a1_rl_s4,a1_rl,1,4,rl,160,2203,0,0,0.0,libero_plus,3357.258773088455,4b2ef1e7ad404b0099517678a62a618b8f3b92ce,outputs/cp3_eval/a1_rl_s4/shard2
a1_rl_s4,a1_rl,1,4,rl,160,2262,0,1,1.0,libero_plus,3357.258773088455,4b2ef1e7ad404b0099517678a62a618b8f3b92ce,outputs/cp3_eval/a1_rl_s4/shard2
a1_rl_s4,a1_rl,1,4,rl,160,2350,0,0,0.0,libero_plus,3357.258773088455,4b2ef1e7ad404b0099517678a62a618b8f3b92ce,outputs/cp3_eval/a1_rl_s4/shard2
a1_rl_s4,a1_rl,1,4,rl,160,2388,0,1,1.0,libero_plus,3357.258773088455,4b2ef1e7ad404b0099517678a62a618b8f3b92ce,outputs/cp3_eval/a1_rl_s4/shard2
a1_rl_s4,a1_rl,1,4,rl,160,2446,0,1,1.0,libero_plus,3357.258773088455,4b2ef1e7ad404b0099517678a62a618b8f3b92ce,outputs/cp3_eval/a1_rl_s4/shard2
a1_rl_s4,a1_rl,1,4,rl,160,2494,0,0,0.0,libero_plus,3357.258773088455,4b2ef1e7ad404b0099517678a62a618b8f3b92ce,outputs/cp3_eval/a1_rl_s4/shard2
a1_rl_s4,a1_rl,1,4,rl,160,2528,0,1,1.0,libero_plus,3357.258773088455,4b2ef1e7ad404b0099517678a62a618b8f3b92ce,outputs/cp3_eval/a1_rl_s4/shard2
a1_rl_s4,a1_rl,1,4,rl,160,41,0,0,0.0,libero_plus,3357.258773088455,4b2ef1e7ad404b0099517678a62a618b8f3b92ce,outputs/cp3_eval/a1_rl_s4/shard3
a1_rl_s4,a1_rl,1,4,rl,160,83,0,0,0.0,libero_plus,3357.258773088455,4b2ef1e7ad404b0099517678a62a618b8f3b92ce,outputs/cp3_eval/a1_rl_s4/shard3
a1_rl_s4,a1_rl,1,4,rl,160,124,0,0,0.0,libero_plus,3357.258773088455,4b2ef1e7ad404b0099517678a62a618b8f3b92ce,outputs/cp3_eval/a1_rl_s4/shard3
a1_rl_s4,a1_rl,1,4,rl,160,214,0,1,1.0,libero_plus,3357.258773088455,4b2ef1e7ad404b0099517678a62a618b8f3b92ce,outputs/cp3_eval/a1_rl_s4/shard3
a1_rl_s4,a1_rl,1,4,rl,160,265,0,1,1.0,libero_plus,3357.258773088455,4b2ef1e7ad404b0099517678a62a618b8f3b92ce,outputs/cp3_eval/a1_rl_s4/shard3
a1_rl_s4,a1_rl,1,4,rl,160,291,0,0,0.0,libero_plus,3357.258773088455,4b2ef1e7ad404b0099517678a62a618b8f3b92ce,outputs/cp3_eval/a1_rl_s4/shard3
a1_rl_s4,a1_rl,1,4,rl,160,337,0,0,0.0,libero_plus,3357.258773088455,4b2ef1e7ad404b0099517678a62a618b8f3b92ce,outputs/cp3_eval/a1_rl_s4/shard3
a1_rl_s4,a1_rl,1,4,rl,160,355,0,0,0.0,libero_plus,3357.258773088455,4b2ef1e7ad404b0099517678a62a618b8f3b92ce,outputs/cp3_eval/a1_rl_s4/shard3
a1_rl_s4,a1_rl,1,4,rl,160,488,0,1,1.0,libero_plus,3357.258773088455,4b2ef1e7ad404b0099517678a62a618b8f3b92ce,outputs/cp3_eval/a1_rl_s4/shard3
a1_rl_s4,a1_rl,1,4,rl,160,546,0,0,0.0,libero_plus,3357.258773088455,4b2ef1e7ad404b0099517678a62a618b8f3b92ce,outputs/cp3_eval/a1_rl_s4/shard3
a1_rl_s4,a1_rl,1,4,rl,160,614,0,0,0.0,libero_plus,3357.258773088455,4b2ef1e7ad404b0099517678a62a618b8f3b92ce,outputs/cp3_eval/a1_rl_s4/shard3
a1_rl_s4,a1_rl,1,4,rl,160,737,0,0,0.0,libero_plus,3357.258773088455,4b2ef1e7ad404b0099517678a62a618b8f3b92ce,outputs/cp3_eval/a1_rl_s4/shard3
a1_rl_s4,a1_rl,1,4,rl,160,786,0,0,0.0,libero_plus,3357.258773088455,4b2ef1e7ad404b0099517678a62a618b8f3b92ce,outputs/cp3_eval/a1_rl_s4/shard3
a1_rl_s4,a1_rl,1,4,rl,160,871,0,1,1.0,libero_plus,3357.258773088455,4b2ef1e7ad404b0099517678a62a618b8f3b92ce,outputs/cp3_eval/a1_rl_s4/shard3
a1_rl_s4,a1_rl,1,4,rl,160,962,0,0,0.0,libero_plus,3357.258773088455,4b2ef1e7ad404b0099517678a62a618b8f3b92ce,outputs/cp3_eval/a1_rl_s4/shard3
a1_rl_s4,a1_rl,1,4,rl,160,974,0,0,0.0,libero_plus,3357.258773088455,4b2ef1e7ad404b0099517678a62a618b8f3b92ce,outputs/cp3_eval/a1_rl_s4/shard3
a1_rl_s4,a1_rl,1,4,rl,160,1069,0,0,0.0,libero_plus,3357.258773088455,4b2ef1e7ad404b0099517678a62a618b8f3b92ce,outputs/cp3_eval/a1_rl_s4/shard3
a1_rl_s4,a1_rl,1,4,rl,160,1194,0,0,0.0,libero_plus,3357.258773088455,4b2ef1e7ad404b0099517678a62a618b8f3b92ce,outputs/cp3_eval/a1_rl_s4/shard3
a1_rl_s4,a1_rl,1,4,rl,160,1213,0,0,0.0,libero_plus,3357.258773088455,4b2ef1e7ad404b0099517678a62a618b8f3b92ce,outputs/cp3_eval/a1_rl_s4/shard3
a1_rl_s4,a1_rl,1,4,rl,160,1279,0,0,0.0,libero_plus,3357.258773088455,4b2ef1e7ad404b0099517678a62a618b8f3b92ce,outputs/cp3_eval/a1_rl_s4/shard3
a1_rl_s4,a1_rl,1,4,rl,160,1356,0,0,0.0,libero_plus,3357.258773088455,4b2ef1e7ad404b0099517678a62a618b8f3b92ce,outputs/cp3_eval/a1_rl_s4/shard3
a1_rl_s4,a1_rl,1,4,rl,160,1449,0,0,0.0,libero_plus,3357.258773088455,4b2ef1e7ad404b0099517678a62a618b8f3b92ce,outputs/cp3_eval/a1_rl_s4/shard3
a1_rl_s4,a1_rl,1,4,rl,160,1572,0,1,1.0,libero_plus,3357.258773088455,4b2ef1e7ad404b0099517678a62a618b8f3b92ce,outputs/cp3_eval/a1_rl_s4/shard3
a1_rl_s4,a1_rl,1,4,rl,160,1608,0,1,1.0,libero_plus,3357.258773088455,4b2ef1e7ad404b0099517678a62a618b8f3b92ce,outputs/cp3_eval/a1_rl_s4/shard3
a1_rl_s4,a1_rl,1,4,rl,160,1672,0,0,0.0,libero_plus,3357.258773088455,4b2ef1e7ad404b0099517678a62a618b8f3b92ce,outputs/cp3_eval/a1_rl_s4/shard3
a1_rl_s4,a1_rl,1,4,rl,160,1727,0,0,0.0,libero_plus,3357.258773088455,4b2ef1e7ad404b0099517678a62a618b8f3b92ce,outputs/cp3_eval/a1_rl_s4/shard3
a1_rl_s4,a1_rl,1,4,rl,160,1794,0,0,0.0,libero_plus,3357.258773088455,4b2ef1e7ad404b0099517678a62a618b8f3b92ce,outputs/cp3_eval/a1_rl_s4/shard3
a1_rl_s4,a1_rl,1,4,rl,160,1864,0,0,0.0,libero_plus,3357.258773088455,4b2ef1e7ad404b0099517678a62a618b8f3b92ce,outputs/cp3_eval/a1_rl_s4/shard3
a1_rl_s4,a1_rl,1,4,rl,160,1945,0,0,0.0,libero_plus,3357.258773088455,4b2ef1e7ad404b0099517678a62a618b8f3b92ce,outputs/cp3_eval/a1_rl_s4/shard3
a1_rl_s4,a1_rl,1,4,rl,160,2035,0,0,0.0,libero_plus,3357.258773088455,4b2ef1e7ad404b0099517678a62a618b8f3b92ce,outputs/cp3_eval/a1_rl_s4/shard3
a1_rl_s4,a1_rl,1,4,rl,160,2065,0,0,0.0,libero_plus,3357.258773088455,4b2ef1e7ad404b0099517678a62a618b8f3b92ce,outputs/cp3_eval/a1_rl_s4/shard3
a1_rl_s4,a1_rl,1,4,rl,160,2153,0,0,0.0,libero_plus,3357.258773088455,4b2ef1e7ad404b0099517678a62a618b8f3b92ce,outputs/cp3_eval/a1_rl_s4/shard3
a1_rl_s4,a1_rl,1,4,rl,160,2207,0,0,0.0,libero_plus,3357.258773088455,4b2ef1e7ad404b0099517678a62a618b8f3b92ce,outputs/cp3_eval/a1_rl_s4/shard3
a1_rl_s4,a1_rl,1,4,rl,160,2321,0,0,0.0,libero_plus,3357.258773088455,4b2ef1e7ad404b0099517678a62a618b8f3b92ce,outputs/cp3_eval/a1_rl_s4/shard3
a1_rl_s4,a1_rl,1,4,rl,160,2359,0,0,0.0,libero_plus,3357.258773088455,4b2ef1e7ad404b0099517678a62a618b8f3b92ce,outputs/cp3_eval/a1_rl_s4/shard3
a1_rl_s4,a1_rl,1,4,rl,160,2405,0,0,0.0,libero_plus,3357.258773088455,4b2ef1e7ad404b0099517678a62a618b8f3b92ce,outputs/cp3_eval/a1_rl_s4/shard3
a1_rl_s4,a1_rl,1,4,rl,160,2464,0,1,1.0,libero_plus,3357.258773088455,4b2ef1e7ad404b0099517678a62a618b8f3b92ce,outputs/cp3_eval/a1_rl_s4/shard3
a1_rl_s4,a1_rl,1,4,rl,160,2497,0,0,0.0,libero_plus,3357.258773088455,4b2ef1e7ad404b0099517678a62a618b8f3b92ce,outputs/cp3_eval/a1_rl_s4/shard3
a1_rl_s4,a1_rl,1,4,rl,160,2539,0,1,1.0,libero_plus,3357.258773088455,4b2ef1e7ad404b0099517678a62a618b8f3b92ce,outputs/cp3_eval/a1_rl_s4/shard3
a1_rl_s4,a1_rl,1,4,rl,160,44,0,0,0.0,libero_plus,3357.258773088455,4b2ef1e7ad404b0099517678a62a618b8f3b92ce,outputs/cp3_eval/a1_rl_s4/shard4
a1_rl_s4,a1_rl,1,4,rl,160,94,0,0,0.0,libero_plus,3357.258773088455,4b2ef1e7ad404b0099517678a62a618b8f3b92ce,outputs/cp3_eval/a1_rl_s4/shard4
a1_rl_s4,a1_rl,1,4,rl,160,141,0,1,1.0,libero_plus,3357.258773088455,4b2ef1e7ad404b0099517678a62a618b8f3b92ce,outputs/cp3_eval/a1_rl_s4/shard4
a1_rl_s4,a1_rl,1,4,rl,160,226,0,1,1.0,libero_plus,3357.258773088455,4b2ef1e7ad404b0099517678a62a618b8f3b92ce,outputs/cp3_eval/a1_rl_s4/shard4
a1_rl_s4,a1_rl,1,4,rl,160,266,0,1,1.0,libero_plus,3357.258773088455,4b2ef1e7ad404b0099517678a62a618b8f3b92ce,outputs/cp3_eval/a1_rl_s4/shard4
a1_rl_s4,a1_rl,1,4,rl,160,304,0,0,0.0,libero_plus,3357.258773088455,4b2ef1e7ad404b0099517678a62a618b8f3b92ce,outputs/cp3_eval/a1_rl_s4/shard4
a1_rl_s4,a1_rl,1,4,rl,160,339,0,0,0.0,libero_plus,3357.258773088455,4b2ef1e7ad404b0099517678a62a618b8f3b92ce,outputs/cp3_eval/a1_rl_s4/shard4
a1_rl_s4,a1_rl,1,4,rl,160,365,0,0,0.0,libero_plus,3357.258773088455,4b2ef1e7ad404b0099517678a62a618b8f3b92ce,outputs/cp3_eval/a1_rl_s4/shard4
a1_rl_s4,a1_rl,1,4,rl,160,492,0,0,0.0,libero_plus,3357.258773088455,4b2ef1e7ad404b0099517678a62a618b8f3b92ce,outputs/cp3_eval/a1_rl_s4/shard4
a1_rl_s4,a1_rl,1,4,rl,160,556,0,0,0.0,libero_plus,3357.258773088455,4b2ef1e7ad404b0099517678a62a618b8f3b92ce,outputs/cp3_eval/a1_rl_s4/shard4
a1_rl_s4,a1_rl,1,4,rl,160,616,0,1,1.0,libero_plus,3357.258773088455,4b2ef1e7ad404b0099517678a62a618b8f3b92ce,outputs/cp3_eval/a1_rl_s4/shard4
a1_rl_s4,a1_rl,1,4,rl,160,740,0,0,0.0,libero_plus,3357.258773088455,4b2ef1e7ad404b0099517678a62a618b8f3b92ce,outputs/cp3_eval/a1_rl_s4/shard4
a1_rl_s4,a1_rl,1,4,rl,160,812,0,0,0.0,libero_plus,3357.258773088455,4b2ef1e7ad404b0099517678a62a618b8f3b92ce,outputs/cp3_eval/a1_rl_s4/shard4
a1_rl_s4,a1_rl,1,4,rl,160,882,0,0,0.0,libero_plus,3357.258773088455,4b2ef1e7ad404b0099517678a62a618b8f3b92ce,outputs/cp3_eval/a1_rl_s4/shard4
a1_rl_s4,a1_rl,1,4,rl,160,964,0,0,0.0,libero_plus,3357.258773088455,4b2ef1e7ad404b0099517678a62a618b8f3b92ce,outputs/cp3_eval/a1_rl_s4/shard4
a1_rl_s4,a1_rl,1,4,rl,160,978,0,0,0.0,libero_plus,3357.258773088455,4b2ef1e7ad404b0099517678a62a618b8f3b92ce,outputs/cp3_eval/a1_rl_s4/shard4
a1_rl_s4,a1_rl,1,4,rl,160,1117,0,0,0.0,libero_plus,3357.258773088455,4b2ef1e7ad404b0099517678a62a618b8f3b92ce,outputs/cp3_eval/a1_rl_s4/shard4
a1_rl_s4,a1_rl,1,4,rl,160,1196,0,0,0.0,libero_plus,3357.258773088455,4b2ef1e7ad404b0099517678a62a618b8f3b92ce,outputs/cp3_eval/a1_rl_s4/shard4
a1_rl_s4,a1_rl,1,4,rl,160,1239,0,0,0.0,libero_plus,3357.258773088455,4b2ef1e7ad404b0099517678a62a618b8f3b92ce,outputs/cp3_eval/a1_rl_s4/shard4
a1_rl_s4,a1_rl,1,4,rl,160,1286,0,0,0.0,libero_plus,3357.258773088455,4b2ef1e7ad404b0099517678a62a618b8f3b92ce,outputs/cp3_eval/a1_rl_s4/shard4
a1_rl_s4,a1_rl,1,4,rl,160,1378,0,0,0.0,libero_plus,3357.258773088455,4b2ef1e7ad404b0099517678a62a618b8f3b92ce,outputs/cp3_eval/a1_rl_s4/shard4
a1_rl_s4,a1_rl,1,4,rl,160,1455,0,0,0.0,libero_plus,3357.258773088455,4b2ef1e7ad404b0099517678a62a618b8f3b92ce,outputs/cp3_eval/a1_rl_s4/shard4
a1_rl_s4,a1_rl,1,4,rl,160,1577,0,1,1.0,libero_plus,3357.258773088455,4b2ef1e7ad404b0099517678a62a618b8f3b92ce,outputs/cp3_eval/a1_rl_s4/shard4
a1_rl_s4,a1_rl,1,4,rl,160,1621,0,0,0.0,libero_plus,3357.258773088455,4b2ef1e7ad404b0099517678a62a618b8f3b92ce,outputs/cp3_eval/a1_rl_s4/shard4
a1_rl_s4,a1_rl,1,4,rl,160,1681,0,1,1.0,libero_plus,3357.258773088455,4b2ef1e7ad404b0099517678a62a618b8f3b92ce,outputs/cp3_eval/a1_rl_s4/shard4
a1_rl_s4,a1_rl,1,4,rl,160,1729,0,1,1.0,libero_plus,3357.258773088455,4b2ef1e7ad404b0099517678a62a618b8f3b92ce,outputs/cp3_eval/a1_rl_s4/shard4
a1_rl_s4,a1_rl,1,4,rl,160,1803,0,1,1.0,libero_plus,3357.258773088455,4b2ef1e7ad404b0099517678a62a618b8f3b92ce,outputs/cp3_eval/a1_rl_s4/shard4
a1_rl_s4,a1_rl,1,4,rl,160,1882,0,1,1.0,libero_plus,3357.258773088455,4b2ef1e7ad404b0099517678a62a618b8f3b92ce,outputs/cp3_eval/a1_rl_s4/shard4
a1_rl_s4,a1_rl,1,4,rl,160,1959,0,0,0.0,libero_plus,3357.258773088455,4b2ef1e7ad404b0099517678a62a618b8f3b92ce,outputs/cp3_eval/a1_rl_s4/shard4
a1_rl_s4,a1_rl,1,4,rl,160,2037,0,0,0.0,libero_plus,3357.258773088455,4b2ef1e7ad404b0099517678a62a618b8f3b92ce,outputs/cp3_eval/a1_rl_s4/shard4
a1_rl_s4,a1_rl,1,4,rl,160,2081,0,0,0.0,libero_plus,3357.258773088455,4b2ef1e7ad404b0099517678a62a618b8f3b92ce,outputs/cp3_eval/a1_rl_s4/shard4
a1_rl_s4,a1_rl,1,4,rl,160,2179,0,1,1.0,libero_plus,3357.258773088455,4b2ef1e7ad404b0099517678a62a618b8f3b92ce,outputs/cp3_eval/a1_rl_s4/shard4
a1_rl_s4,a1_rl,1,4,rl,160,2222,0,1,1.0,libero_plus,3357.258773088455,4b2ef1e7ad404b0099517678a62a618b8f3b92ce,outputs/cp3_eval/a1_rl_s4/shard4
a1_rl_s4,a1_rl,1,4,rl,160,2332,0,0,0.0,libero_plus,3357.258773088455,4b2ef1e7ad404b0099517678a62a618b8f3b92ce,outputs/cp3_eval/a1_rl_s4/shard4
a1_rl_s4,a1_rl,1,4,rl,160,2363,0,0,0.0,libero_plus,3357.258773088455,4b2ef1e7ad404b0099517678a62a618b8f3b92ce,outputs/cp3_eval/a1_rl_s4/shard4
a1_rl_s4,a1_rl,1,4,rl,160,2406,0,0,0.0,libero_plus,3357.258773088455,4b2ef1e7ad404b0099517678a62a618b8f3b92ce,outputs/cp3_eval/a1_rl_s4/shard4
a1_rl_s4,a1_rl,1,4,rl,160,2465,0,0,0.0,libero_plus,3357.258773088455,4b2ef1e7ad404b0099517678a62a618b8f3b92ce,outputs/cp3_eval/a1_rl_s4/shard4
a1_rl_s4,a1_rl,1,4,rl,160,2504,0,0,0.0,libero_plus,3357.258773088455,4b2ef1e7ad404b0099517678a62a618b8f3b92ce,outputs/cp3_eval/a1_rl_s4/shard4
a1_rl_s4,a1_rl,1,4,rl,160,2569,0,1,1.0,libero_plus,3357.258773088455,4b2ef1e7ad404b0099517678a62a618b8f3b92ce,outputs/cp3_eval/a1_rl_s4/shard4
