run_id,condition,demo_budget,seed,stage,step,task_id,episode_idx,success,reward_total,eval_distribution,wallclock_s,git_sha,eval_dir
a1_sft_s0,a1_sft,1,0,sft,8000,0,0,1,1.0,libero_goal,1640.3669075965881,2eec3fc99b5182e63aa6883fca18999ad33baee3,outputs/cp0/eval/a1_sft_s0
a1_sft_s0,a1_sft,1,0,sft,8000,0,1,1,1.0,libero_goal,1640.3669075965881,2eec3fc99b5182e63aa6883fca18999ad33baee3,outputs/cp0/eval/a1_sft_s0
a1_sft_s0,a1_sft,1,0,sft,8000,0,2,0,0.0,libero_goal,1640.3669075965881,2eec3fc99b5182e63aa6883fca18999ad33baee3,outputs/cp0/eval/a1_sft_s0
a1_sft_s0,a1_sft,1,0,sft,8000,0,3,0,0.0,libero_goal,1640.3669075965881,2eec3fc99b5182e63aa6883fca18999ad33baee3,outputs/cp0/eval/a1_sft_s0
a1_sft_s0,a1_sft,1,0,sft,8000,0,4,1,1.0,libero_goal,1640.3669075965881,2eec3fc99b5182e63aa6883fca18999ad33baee3,outputs/cp0/eval/a1_sft_s0
a1_sft_s0,a1_sft,1,0,sft,8000,0,5,1,1.0,libero_goal,1640.3669075965881,2eec3fc99b5182e63aa6883fca18999ad33baee3,outputs/cp0/eval/a1_sft_s0
a1_sft_s0,a1_sft,1,0,sft,8000,0,6,1,1.0,libero_goal,1640.3669075965881,2eec3fc99b5182e63aa6883fca18999ad33baee3,outputs/cp0/eval/a1_sft_s0
a1_sft_s0,a1_sft,1,0,sft,8000,0,7,1,1.0,libero_goal,1640.3669075965881,2eec3fc99b5182e63aa6883fca18999ad33baee3,outputs/cp0/eval/a1_sft_s0
a1_sft_s0,a1_sft,1,0,sft,8000,0,8,1,1.0,libero_goal,1640.3669075965881,2eec3fc99b5182e63aa6883fca18999ad33baee3,outputs/cp0/eval/a1_sft_s0
a1_sft_s0,a1_sft,1,0,sft,8000,0,9,1,1.0,libero_goal,1640.3669075965881,2eec3fc99b5182e63aa6883fca18999ad33baee3,outputs/cp0/eval/a1_sft_s0
a1_sft_s0,a1_sft,1,0,sft,8000,0,10,1,1.0,libero_goal,1640.3669075965881,2eec3fc99b5182e63aa6883fca18999ad33baee3,outputs/cp0/eval/a1_sft_s0
a1_sft_s0,a1_sft,1,0,sft,8000,0,11,1,1.0,libero_goal,1640.3669075965881,2eec3fc99b5182e63aa6883fca18999ad33baee3,outputs/cp0/eval/a1_sft_s0
a1_sft_s0,a1_sft,1,0,sft,8000,0,12,1,1.0,libero_goal,1640.3669075965881,2eec3fc99b5182e63aa6883fca18999ad33baee3,outputs/cp0/eval/a1_sft_s0
a1_sft_s0,a1_sft,1,0,sft,8000,0,13,1,1.0,libero_goal,1640.3669075965881,2eec3fc99b5182e63aa6883fca18999ad33baee3,outputs/cp0/eval/a1_sft_s0
a1_sft_s0,a1_sft,1,0,sft,8000,0,14,1,1.0,libero_goal,1640.3669075965881,2eec3fc99b5182e63aa6883fca18999ad33baee3,outputs/cp0/eval/a1_sft_s0
a1_sft_s0,a1_sft,1,0,sft,8000,0,15,1,1.0,libero_goal,1640.3669075965881,2eec3fc99b5182e63aa6883fca18999ad33baee3,outputs/cp0/eval/a1_sft_s0
a1_sft_s0,a1_sft,1,0,sft,8000,0,16,1,1.0,libero_goal,1640.3669075965881,2eec3fc99b5182e63aa6883fca18999ad33baee3,outputs/cp0/eval/a1_sft_s0
a1_sft_s0,a1_sft,1,0,sft,8000,0,17,0,0.0,libero_goal,1640.3669075965881,2eec3fc99b5182e63aa6883fca18999ad33baee3,outputs/cp0/eval/a1_sft_s0
a1_sft_s0,a1_sft,1,0,sft,8000,0,18,1,1.0,libero_goal,1640.3669075965881,2eec3fc99b5182e63aa6883fca18999ad33baee3,outputs/cp0/eval/a1_sft_s0
a1_sft_s0,a1_sft,1,0,sft,8000,0,19,1,1.0,libero_goal,1640.3669075965881,2eec3fc99b5182e63aa6883fca18999ad33baee3,outputs/cp0/eval/a1_sft_s0
a1_sft_s0,a1_sft,1,0,sft,8000,1,0,1,1.0,libero_goal,1640.3669075965881,2eec3fc99b5182e63aa6883fca18999ad33baee3,outputs/cp0/eval/a1_sft_s0
a1_sft_s0,a1_sft,1,0,sft,8000,1,1,1,1.0,libero_goal,1640.3669075965881,2eec3fc99b5182e63aa6883fca18999ad33baee3,outputs/cp0/eval/a1_sft_s0
a1_sft_s0,a1_sft,1,0,sft,8000,1,2,1,1.0,libero_goal,1640.3669075965881,2eec3fc99b5182e63aa6883fca18999ad33baee3,outputs/cp0/eval/a1_sft_s0
a1_sft_s0,a1_sft,1,0,sft,8000,1,3,1,1.0,libero_goal,1640.3669075965881,2eec3fc99b5182e63aa6883fca18999ad33baee3,outputs/cp0/eval/a1_sft_s0
a1_sft_s0,a1_sft,1,0,sft,8000,1,4,1,1.0,libero_goal,1640.3669075965881,2eec3fc99b5182e63aa6883fca18999ad33baee3,outputs/cp0/eval/a1_sft_s0
a1_sft_s0,a1_sft,1,0,sft,8000,1,5,1,1.0,libero_goal,1640.3669075965881,2eec3fc99b5182e63aa6883fca18999ad33baee3,outputs/cp0/eval/a1_sft_s0
a1_sft_s0,a1_sft,1,0,sft,8000,1,6,1,1.0,libero_goal,1640.3669075965881,2eec3fc99b5182e63aa6883fca18999ad33baee3,outputs/cp0/eval/a1_sft_s0
a1_sft_s0,a1_sft,1,0,sft,8000,1,7,1,1.0,libero_goal,1640.3669075965881,2eec3fc99b5182e63aa6883fca18999ad33baee3,outputs/cp0/eval/a1_sft_s0
a1_sft_s0,a1_sft,1,0,sft,8000,1,8,1,1.0,libero_goal,1640.3669075965881,2eec3fc99b5182e63aa6883fca18999ad33baee3,outputs/cp0/eval/a1_sft_s0
a1_sft_s0,a1_sft,1,0,sft,8000,1,9,1,1.0,libero_goal,1640.3669075965881,2eec3fc99b5182e63aa6883fca18999ad33baee3,outputs/cp0/eval/a1_sft_s0
a1_sft_s0,a1_sft,1,0,sft,8000,1,10,1,1.0,libero_goal,1640.3669075965881,2eec3fc99b5182e63aa6883fca18999ad33baee3,outputs/cp0/eval/a1_sft_s0
a1_sft_s0,a1_sft,1,0,sft,8000,1,11,1,1.0,libero_goal,1640.3669075965881,2eec3fc99b5182e63aa6883fca18999ad33baee3,outputs/cp0/eval/a1_sft_s0
a1_sft_s0,a1_sft,1,0,sft,8000,1,12,1,1.0,libero_goal,1640.3669075965881,2eec3fc99b5182e63aa6883fca18999ad33baee3,outputs/cp0/eval/a1_sft_s0
a1_sft_s0,a1_sft,1,0,sft,8000,1,13,1,1.0,libero_goal,1640.3669075965881,2eec3fc99b5182e63aa6883fca18999ad33baee3,outputs/cp0/eval/a1_sft_s0
a1_sft_s0,a1_sft,1,0,sft,8000,1,14,1,1.0,libero_goal,1640.3669075965881,2eec3fc99b5182e63aa6883fca18999ad33baee3,outputs/cp0/eval/a1_sft_s0
a1_sft_s0,a1_sft,1,0,sft,8000,1,15,1,1.0,libero_goal,1640.3669075965881,2eec3fc99b5182e63aa6883fca18999ad33baee3,outputs/cp0/eval/a1_sft_s0
a1_sft_s0,a1_sft,1,0,sft,8000,1,16,1,1.0,libero_goal,1640.3669075965881,2eec3fc99b5182e63aa6883fca18999ad33baee3,outputs/cp0/eval/a1_sft_s0
a1_sft_s0,a1_sft,1,0,sft,8000,1,17,1,1.0,libero_goal,1640.3669075965881,2eec3fc99b5182e63aa6883fca18999ad33baee3,outputs/cp0/eval/a1_sft_s0
a1_sft_s0,a1_sft,1,0,sft,8000,1,18,1,1.0,libero_goal,1640.3669075965881,2eec3fc99b5182e63aa6883fca18999ad33baee3,outputs/cp0/eval/a1_sft_s0
a1_sft_s0,a1_sft,1,0,sft,8000,1,19,1,1.0,libero_goal,1640.3669075965881,2eec3fc99b5182e63aa6883fca18999ad33baee3,outputs/cp0/eval/a1_sft_s0
a1_sft_s0,a1_sft,1,0,sft,8000,2,0,0,0.0,libero_goal,1640.3669075965881,2eec3fc99b5182e63aa6883fca18999ad33baee3,outputs/cp0/eval/a1_sft_s0
a1_sft_s0,a1_sft,1,0,sft,8000,2,1,0,0.0,libero_goal,1640.3669075965881,2eec3fc99b5182e63aa6883fca18999ad33baee3,outputs/cp0/eval/a1_sft_s0
a1_sft_s0,a1_sft,1,0,sft,8000,2,2,1,1.0,libero_goal,1640.3669075965881,2eec3fc99b5182e63aa6883fca18999ad33baee3,outputs/cp0/eval/a1_sft_s0
a1_sft_s0,a1_sft,1,0,sft,8000,2,3,1,1.0,libero_goal,1640.3669075965881,2eec3fc99b5182e63aa6883fca18999ad33baee3,outputs/cp0/eval/a1_sft_s0
a1_sft_s0,a1_sft,1,0,sft,8000,2,4,1,1.0,libero_goal,1640.3669075965881,2eec3fc99b5182e63aa6883fca18999ad33baee3,outputs/cp0/eval/a1_sft_s0
a1_sft_s0,a1_sft,1,0,sft,8000,2,5,1,1.0,libero_goal,1640.3669075965881,2eec3fc99b5182e63aa6883fca18999ad33baee3,outputs/cp0/eval/a1_sft_s0
a1_sft_s0,a1_sft,1,0,sft,8000,2,6,1,1.0,libero_goal,1640.3669075965881,2eec3fc99b5182e63aa6883fca18999ad33baee3,outputs/cp0/eval/a1_sft_s0
a1_sft_s0,a1_sft,1,0,sft,8000,2,7,0,0.0,libero_goal,1640.3669075965881,2eec3fc99b5182e63aa6883fca18999ad33baee3,outputs/cp0/eval/a1_sft_s0
a1_sft_s0,a1_sft,1,0,sft,8000,2,8,1,1.0,libero_goal,1640.3669075965881,2eec3fc99b5182e63aa6883fca18999ad33baee3,outputs/cp0/eval/a1_sft_s0
a1_sft_s0,a1_sft,1,0,sft,8000,2,9,1,1.0,libero_goal,1640.3669075965881,2eec3fc99b5182e63aa6883fca18999ad33baee3,outputs/cp0/eval/a1_sft_s0
a1_sft_s0,a1_sft,1,0,sft,8000,2,10,0,0.0,libero_goal,1640.3669075965881,2eec3fc99b5182e63aa6883fca18999ad33baee3,outputs/cp0/eval/a1_sft_s0
a1_sft_s0,a1_sft,1,0,sft,8000,2,11,1,1.0,libero_goal,1640.3669075965881,2eec3fc99b5182e63aa6883fca18999ad33baee3,outputs/cp0/eval/a1_sft_s0
a1_sft_s0,a1_sft,1,0,sft,8000,2,12,0,0.0,libero_goal,1640.3669075965881,2eec3fc99b5182e63aa6883fca18999ad33baee3,outputs/cp0/eval/a1_sft_s0
a1_sft_s0,a1_sft,1,0,sft,8000,2,13,1,1.0,libero_goal,1640.3669075965881,2eec3fc99b5182e63aa6883fca18999ad33baee3,outputs/cp0/eval/a1_sft_s0
a1_sft_s0,a1_sft,1,0,sft,8000,2,14,1,1.0,libero_goal,1640.3669075965881,2eec3fc99b5182e63aa6883fca18999ad33baee3,outputs/cp0/eval/a1_sft_s0
a1_sft_s0,a1_sft,1,0,sft,8000,2,15,1,1.0,libero_goal,1640.3669075965881,2eec3fc99b5182e63aa6883fca18999ad33baee3,outputs/cp0/eval/a1_sft_s0
a1_sft_s0,a1_sft,1,0,sft,8000,2,16,1,1.0,libero_goal,1640.3669075965881,2eec3fc99b5182e63aa6883fca18999ad33baee3,outputs/cp0/eval/a1_sft_s0
a1_sft_s0,a1_sft,1,0,sft,8000,2,17,1,1.0,libero_goal,1640.3669075965881,2eec3fc99b5182e63aa6883fca18999ad33baee3,outputs/cp0/eval/a1_sft_s0
a1_sft_s0,a1_sft,1,0,sft,8000,2,18,1,1.0,libero_goal,1640.3669075965881,2eec3fc99b5182e63aa6883fca18999ad33baee3,outputs/cp0/eval/a1_sft_s0
a1_sft_s0,a1_sft,1,0,sft,8000,2,19,1,1.0,libero_goal,1640.3669075965881,2eec3fc99b5182e63aa6883fca18999ad33baee3,outputs/cp0/eval/a1_sft_s0
a1_sft_s0,a1_sft,1,0,sft,8000,3,0,0,0.0,libero_goal,1640.3669075965881,2eec3fc99b5182e63aa6883fca18999ad33baee3,outputs/cp0/eval/a1_sft_s0
a1_sft_s0,a1_sft,1,0,sft,8000,3,1,1,1.0,libero_goal,1640.3669075965881,2eec3fc99b5182e63aa6883fca18999ad33baee3,outputs/cp0/eval/a1_sft_s0
a1_sft_s0,a1_sft,1,0,sft,8000,3,2,0,0.0,libero_goal,1640.3669075965881,2eec3fc99b5182e63aa6883fca18999ad33baee3,outputs/cp0/eval/a1_sft_s0
a1_sft_s0,a1_sft,1,0,sft,8000,3,3,0,0.0,libero_goal,1640.3669075965881,2eec3fc99b5182e63aa6883fca18999ad33baee3,outputs/cp0/eval/a1_sft_s0
a1_sft_s0,a1_sft,1,0,sft,8000,3,4,0,0.0,libero_goal,1640.3669075965881,2eec3fc99b5182e63aa6883fca18999ad33baee3,outputs/cp0/eval/a1_sft_s0
a1_sft_s0,a1_sft,1,0,sft,8000,3,5,1,1.0,libero_goal,1640.3669075965881,2eec3fc99b5182e63aa6883fca18999ad33baee3,outputs/cp0/eval/a1_sft_s0
a1_sft_s0,a1_sft,1,0,sft,8000,3,6,1,1.0,libero_goal,1640.3669075965881,2eec3fc99b5182e63aa6883fca18999ad33baee3,outputs/cp0/eval/a1_sft_s0
a1_sft_s0,a1_sft,1,0,sft,8000,3,7,0,0.0,libero_goal,1640.3669075965881,2eec3fc99b5182e63aa6883fca18999ad33baee3,outputs/cp0/eval/a1_sft_s0
a1_sft_s0,a1_sft,1,0,sft,8000,3,8,0,0.0,libero_goal,1640.3669075965881,2eec3fc99b5182e63aa6883fca18999ad33baee3,outputs/cp0/eval/a1_sft_s0
a1_sft_s0,a1_sft,1,0,sft,8000,3,9,1,1.0,libero_goal,1640.3669075965881,2eec3fc99b5182e63aa6883fca18999ad33baee3,outputs/cp0/eval/a1_sft_s0
a1_sft_s0,a1_sft,1,0,sft,8000,3,10,0,0.0,libero_goal,1640.3669075965881,2eec3fc99b5182e63aa6883fca18999ad33baee3,outputs/cp0/eval/a1_sft_s0
a1_sft_s0,a1_sft,1,0,sft,8000,3,11,0,0.0,libero_goal,1640.3669075965881,2eec3fc99b5182e63aa6883fca18999ad33baee3,outputs/cp0/eval/a1_sft_s0
a1_sft_s0,a1_sft,1,0,sft,8000,3,12,1,1.0,libero_goal,1640.3669075965881,2eec3fc99b5182e63aa6883fca18999ad33baee3,outputs/cp0/eval/a1_sft_s0
a1_sft_s0,a1_sft,1,0,sft,8000,3,13,0,0.0,libero_goal,1640.3669075965881,2eec3fc99b5182e63aa6883fca18999ad33baee3,outputs/cp0/eval/a1_sft_s0
a1_sft_s0,a1_sft,1,0,sft,8000,3,14,0,0.0,libero_goal,1640.3669075965881,2eec3fc99b5182e63aa6883fca18999ad33baee3,outputs/cp0/eval/a1_sft_s0
a1_sft_s0,a1_sft,1,0,sft,8000,3,15,0,0.0,libero_goal,1640.3669075965881,2eec3fc99b5182e63aa6883fca18999ad33baee3,outputs/cp0/eval/a1_sft_s0
a1_sft_s0,a1_sft,1,0,sft,8000,3,16,0,0.0,libero_goal,1640.3669075965881,2eec3fc99b5182e63aa6883fca18999ad33baee3,outputs/cp0/eval/a1_sft_s0
a1_sft_s0,a1_sft,1,0,sft,8000,3,17,0,0.0,libero_goal,1640.3669075965881,2eec3fc99b5182e63aa6883fca18999ad33baee3,outputs/cp0/eval/a1_sft_s0
a1_sft_s0,a1_sft,1,0,sft,8000,3,18,1,1.0,libero_goal,1640.3669075965881,2eec3fc99b5182e63aa6883fca18999ad33baee3,outputs/cp0/eval/a1_sft_s0
a1_sft_s0,a1_sft,1,0,sft,8000,3,19,0,0.0,libero_goal,1640.3669075965881,2eec3fc99b5182e63aa6883fca18999ad33baee3,outputs/cp0/eval/a1_sft_s0
a1_sft_s0,a1_sft,1,0,sft,8000,4,0,0,0.0,libero_goal,1640.3669075965881,2eec3fc99b5182e63aa6883fca18999ad33baee3,outputs/cp0/eval/a1_sft_s0
a1_sft_s0,a1_sft,1,0,sft,8000,4,1,1,1.0,libero_goal,1640.3669075965881,2eec3fc99b5182e63aa6883fca18999ad33baee3,outputs/cp0/eval/a1_sft_s0
a1_sft_s0,a1_sft,1,0,sft,8000,4,2,1,1.0,libero_goal,1640.3669075965881,2eec3fc99b5182e63aa6883fca18999ad33baee3,outputs/cp0/eval/a1_sft_s0
a1_sft_s0,a1_sft,1,0,sft,8000,4,3,0,0.0,libero_goal,1640.3669075965881,2eec3fc99b5182e63aa6883fca18999ad33baee3,outputs/cp0/eval/a1_sft_s0
a1_sft_s0,a1_sft,1,0,sft,8000,4,4,0,0.0,libero_goal,1640.3669075965881,2eec3fc99b5182e63aa6883fca18999ad33baee3,outputs/cp0/eval/a1_sft_s0
a1_sft_s0,a1_sft,1,0,sft,8000,4,5,1,1.0,libero_goal,1640.3669075965881,2eec3fc99b5182e63aa6883fca18999ad33baee3,outputs/cp0/eval/a1_sft_s0
a1_sft_s0,a1_sft,1,0,sft,8000,4,6,0,0.0,libero_goal,1640.3669075965881,2eec3fc99b5182e63aa6883fca18999ad33baee3,outputs/cp0/eval/a1_sft_s0
a1_sft_s0,a1_sft,1,0,sft,8000,4,7,1,1.0,libero_goal,1640.3669075965881,2eec3fc99b5182e63aa6883fca18999ad33baee3,outputs/cp0/eval/a1_sft_s0
a1_sft_s0,a1_sft,1,0,sft,8000,4,8,0,0.0,libero_goal,1640.3669075965881,2eec3fc99b5182e63aa6883fca18999ad33baee3,outputs/cp0/eval/a1_sft_s0
a1_sft_s0,a1_sft,1,0,sft,8000,4,9,1,1.0,libero_goal,1640.3669075965881,2eec3fc99b5182e63aa6883fca18999ad33baee3,outputs/cp0/eval/a1_sft_s0
a1_sft_s0,a1_sft,1,0,sft,8000,4,10,0,0.0,libero_goal,1640.3669075965881,2eec3fc99b5182e63aa6883fca18999ad33baee3,outputs/cp0/eval/a1_sft_s0
a1_sft_s0,a1_sft,1,0,sft,8000,4,11,0,0.0,libero_goal,1640.3669075965881,2eec3fc99b5182e63aa6883fca18999ad33baee3,outputs/cp0/eval/a1_sft_s0
a1_sft_s0,a1_sft,1,0,sft,8000,4,12,1,1.0,libero_goal,1640.3669075965881,2eec3fc99b5182e63aa6883fca18999ad33baee3,outputs/cp0/eval/a1_sft_s0
a1_sft_s0,a1_sft,1,0,sft,8000,4,13,1,1.0,libero_goal,1640.3669075965881,2eec3fc99b5182e63aa6883fca18999ad33baee3,outputs/cp0/eval/a1_sft_s0
a1_sft_s0,a1_sft,1,0,sft,8000,4,14,0,0.0,libero_goal,1640.3669075965881,2eec3fc99b5182e63aa6883fca18999ad33baee3,outputs/cp0/eval/a1_sft_s0
a1_sft_s0,a1_sft,1,0,sft,8000,4,15,1,1.0,libero_goal,1640.3669075965881,2eec3fc99b5182e63aa6883fca18999ad33baee3,outputs/cp0/eval/a1_sft_s0
a1_sft_s0,a1_sft,1,0,sft,8000,4,16,1,1.0,libero_goal,1640.3669075965881,2eec3fc99b5182e63aa6883fca18999ad33baee3,outputs/cp0/eval/a1_sft_s0
a1_sft_s0,a1_sft,1,0,sft,8000,4,17,1,1.0,libero_goal,1640.3669075965881,2eec3fc99b5182e63aa6883fca18999ad33baee3,outputs/cp0/eval/a1_sft_s0
a1_sft_s0,a1_sft,1,0,sft,8000,4,18,0,0.0,libero_goal,1640.3669075965881,2eec3fc99b5182e63aa6883fca18999ad33baee3,outputs/cp0/eval/a1_sft_s0
a1_sft_s0,a1_sft,1,0,sft,8000,4,19,0,0.0,libero_goal,1640.3669075965881,2eec3fc99b5182e63aa6883fca18999ad33baee3,outputs/cp0/eval/a1_sft_s0
a1_sft_s0,a1_sft,1,0,sft,8000,5,0,1,1.0,libero_goal,1640.3669075965881,2eec3fc99b5182e63aa6883fca18999ad33baee3,outputs/cp0/eval/a1_sft_s0
a1_sft_s0,a1_sft,1,0,sft,8000,5,1,1,1.0,libero_goal,1640.3669075965881,2eec3fc99b5182e63aa6883fca18999ad33baee3,outputs/cp0/eval/a1_sft_s0
a1_sft_s0,a1_sft,1,0,sft,8000,5,2,1,1.0,libero_goal,1640.3669075965881,2eec3fc99b5182e63aa6883fca18999ad33baee3,outputs/cp0/eval/a1_sft_s0
a1_sft_s0,a1_sft,1,0,sft,8000,5,3,1,1.0,libero_goal,1640.3669075965881,2eec3fc99b5182e63aa6883fca18999ad33baee3,outputs/cp0/eval/a1_sft_s0
a1_sft_s0,a1_sft,1,0,sft,8000,5,4,1,1.0,libero_goal,1640.3669075965881,2eec3fc99b5182e63aa6883fca18999ad33baee3,outputs/cp0/eval/a1_sft_s0
a1_sft_s0,a1_sft,1,0,sft,8000,5,5,1,1.0,libero_goal,1640.3669075965881,2eec3fc99b5182e63aa6883fca18999ad33baee3,outputs/cp0/eval/a1_sft_s0
a1_sft_s0,a1_sft,1,0,sft,8000,5,6,1,1.0,libero_goal,1640.3669075965881,2eec3fc99b5182e63aa6883fca18999ad33baee3,outputs/cp0/eval/a1_sft_s0
a1_sft_s0,a1_sft,1,0,sft,8000,5,7,1,1.0,libero_goal,1640.3669075965881,2eec3fc99b5182e63aa6883fca18999ad33baee3,outputs/cp0/eval/a1_sft_s0
a1_sft_s0,a1_sft,1,0,sft,8000,5,8,1,1.0,libero_goal,1640.3669075965881,2eec3fc99b5182e63aa6883fca18999ad33baee3,outputs/cp0/eval/a1_sft_s0
a1_sft_s0,a1_sft,1,0,sft,8000,5,9,1,1.0,libero_goal,1640.3669075965881,2eec3fc99b5182e63aa6883fca18999ad33baee3,outputs/cp0/eval/a1_sft_s0
a1_sft_s0,a1_sft,1,0,sft,8000,5,10,1,1.0,libero_goal,1640.3669075965881,2eec3fc99b5182e63aa6883fca18999ad33baee3,outputs/cp0/eval/a1_sft_s0
a1_sft_s0,a1_sft,1,0,sft,8000,5,11,1,1.0,libero_goal,1640.3669075965881,2eec3fc99b5182e63aa6883fca18999ad33baee3,outputs/cp0/eval/a1_sft_s0
a1_sft_s0,a1_sft,1,0,sft,8000,5,12,1,1.0,libero_goal,1640.3669075965881,2eec3fc99b5182e63aa6883fca18999ad33baee3,outputs/cp0/eval/a1_sft_s0
a1_sft_s0,a1_sft,1,0,sft,8000,5,13,1,1.0,libero_goal,1640.3669075965881,2eec3fc99b5182e63aa6883fca18999ad33baee3,outputs/cp0/eval/a1_sft_s0
a1_sft_s0,a1_sft,1,0,sft,8000,5,14,1,1.0,libero_goal,1640.3669075965881,2eec3fc99b5182e63aa6883fca18999ad33baee3,outputs/cp0/eval/a1_sft_s0
a1_sft_s0,a1_sft,1,0,sft,8000,5,15,1,1.0,libero_goal,1640.3669075965881,2eec3fc99b5182e63aa6883fca18999ad33baee3,outputs/cp0/eval/a1_sft_s0
a1_sft_s0,a1_sft,1,0,sft,8000,5,16,1,1.0,libero_goal,1640.3669075965881,2eec3fc99b5182e63aa6883fca18999ad33baee3,outputs/cp0/eval/a1_sft_s0
a1_sft_s0,a1_sft,1,0,sft,8000,5,17,1,1.0,libero_goal,1640.3669075965881,2eec3fc99b5182e63aa6883fca18999ad33baee3,outputs/cp0/eval/a1_sft_s0
a1_sft_s0,a1_sft,1,0,sft,8000,5,18,1,1.0,libero_goal,1640.3669075965881,2eec3fc99b5182e63aa6883fca18999ad33baee3,outputs/cp0/eval/a1_sft_s0
a1_sft_s0,a1_sft,1,0,sft,8000,5,19,1,1.0,libero_goal,1640.3669075965881,2eec3fc99b5182e63aa6883fca18999ad33baee3,outputs/cp0/eval/a1_sft_s0
a1_sft_s0,a1_sft,1,0,sft,8000,6,0,0,0.0,libero_goal,1640.3669075965881,2eec3fc99b5182e63aa6883fca18999ad33baee3,outputs/cp0/eval/a1_sft_s0
a1_sft_s0,a1_sft,1,0,sft,8000,6,1,1,1.0,libero_goal,1640.3669075965881,2eec3fc99b5182e63aa6883fca18999ad33baee3,outputs/cp0/eval/a1_sft_s0
a1_sft_s0,a1_sft,1,0,sft,8000,6,2,1,1.0,libero_goal,1640.3669075965881,2eec3fc99b5182e63aa6883fca18999ad33baee3,outputs/cp0/eval/a1_sft_s0
a1_sft_s0,a1_sft,1,0,sft,8000,6,3,0,0.0,libero_goal,1640.3669075965881,2eec3fc99b5182e63aa6883fca18999ad33baee3,outputs/cp0/eval/a1_sft_s0
a1_sft_s0,a1_sft,1,0,sft,8000,6,4,1,1.0,libero_goal,1640.3669075965881,2eec3fc99b5182e63aa6883fca18999ad33baee3,outputs/cp0/eval/a1_sft_s0
a1_sft_s0,a1_sft,1,0,sft,8000,6,5,1,1.0,libero_goal,1640.3669075965881,2eec3fc99b5182e63aa6883fca18999ad33baee3,outputs/cp0/eval/a1_sft_s0
a1_sft_s0,a1_sft,1,0,sft,8000,6,6,1,1.0,libero_goal,1640.3669075965881,2eec3fc99b5182e63aa6883fca18999ad33baee3,outputs/cp0/eval/a1_sft_s0
a1_sft_s0,a1_sft,1,0,sft,8000,6,7,0,0.0,libero_goal,1640.3669075965881,2eec3fc99b5182e63aa6883fca18999ad33baee3,outputs/cp0/eval/a1_sft_s0
a1_sft_s0,a1_sft,1,0,sft,8000,6,8,1,1.0,libero_goal,1640.3669075965881,2eec3fc99b5182e63aa6883fca18999ad33baee3,outputs/cp0/eval/a1_sft_s0
a1_sft_s0,a1_sft,1,0,sft,8000,6,9,0,0.0,libero_goal,1640.3669075965881,2eec3fc99b5182e63aa6883fca18999ad33baee3,outputs/cp0/eval/a1_sft_s0
a1_sft_s0,a1_sft,1,0,sft,8000,6,10,0,0.0,libero_goal,1640.3669075965881,2eec3fc99b5182e63aa6883fca18999ad33baee3,outputs/cp0/eval/a1_sft_s0
a1_sft_s0,a1_sft,1,0,sft,8000,6,11,1,1.0,libero_goal,1640.3669075965881,2eec3fc99b5182e63aa6883fca18999ad33baee3,outputs/cp0/eval/a1_sft_s0
a1_sft_s0,a1_sft,1,0,sft,8000,6,12,1,1.0,libero_goal,1640.3669075965881,2eec3fc99b5182e63aa6883fca18999ad33baee3,outputs/cp0/eval/a1_sft_s0
a1_sft_s0,a1_sft,1,0,sft,8000,6,13,0,0.0,libero_goal,1640.3669075965881,2eec3fc99b5182e63aa6883fca18999ad33baee3,outputs/cp0/eval/a1_sft_s0
a1_sft_s0,a1_sft,1,0,sft,8000,6,14,1,1.0,libero_goal,1640.3669075965881,2eec3fc99b5182e63aa6883fca18999ad33baee3,outputs/cp0/eval/a1_sft_s0
a1_sft_s0,a1_sft,1,0,sft,8000,6,15,1,1.0,libero_goal,1640.3669075965881,2eec3fc99b5182e63aa6883fca18999ad33baee3,outputs/cp0/eval/a1_sft_s0
a1_sft_s0,a1_sft,1,0,sft,8000,6,16,0,0.0,libero_goal,1640.3669075965881,2eec3fc99b5182e63aa6883fca18999ad33baee3,outputs/cp0/eval/a1_sft_s0
a1_sft_s0,a1_sft,1,0,sft,8000,6,17,1,1.0,libero_goal,1640.3669075965881,2eec3fc99b5182e63aa6883fca18999ad33baee3,outputs/cp0/eval/a1_sft_s0
a1_sft_s0,a1_sft,1,0,sft,8000,6,18,1,1.0,libero_goal,1640.3669075965881,2eec3fc99b5182e63aa6883fca18999ad33baee3,outputs/cp0/eval/a1_sft_s0
a1_sft_s0,a1_sft,1,0,sft,8000,6,19,1,1.0,libero_goal,1640.3669075965881,2eec3fc99b5182e63aa6883fca18999ad33baee3,outputs/cp0/eval/a1_sft_s0
a1_sft_s0,a1_sft,1,0,sft,8000,7,0,0,0.0,libero_goal,1640.3669075965881,2eec3fc99b5182e63aa6883fca18999ad33baee3,outputs/cp0/eval/a1_sft_s0
a1_sft_s0,a1_sft,1,0,sft,8000,7,1,1,1.0,libero_goal,1640.3669075965881,2eec3fc99b5182e63aa6883fca18999ad33baee3,outputs/cp0/eval/a1_sft_s0
a1_sft_s0,a1_sft,1,0,sft,8000,7,2,0,0.0,libero_goal,1640.3669075965881,2eec3fc99b5182e63aa6883fca18999ad33baee3,outputs/cp0/eval/a1_sft_s0
a1_sft_s0,a1_sft,1,0,sft,8000,7,3,1,1.0,libero_goal,1640.3669075965881,2eec3fc99b5182e63aa6883fca18999ad33baee3,outputs/cp0/eval/a1_sft_s0
a1_sft_s0,a1_sft,1,0,sft,8000,7,4,1,1.0,libero_goal,1640.3669075965881,2eec3fc99b5182e63aa6883fca18999ad33baee3,outputs/cp0/eval/a1_sft_s0
a1_sft_s0,a1_sft,1,0,sft,8000,7,5,1,1.0,libero_goal,1640.3669075965881,2eec3fc99b5182e63aa6883fca18999ad33baee3,outputs/cp0/eval/a1_sft_s0
a1_sft_s0,a1_sft,1,0,sft,8000,7,6,1,1.0,libero_goal,1640.3669075965881,2eec3fc99b5182e63aa6883fca18999ad33baee3,outputs/cp0/eval/a1_sft_s0
a1_sft_s0,a1_sft,1,0,sft,8000,7,7,1,1.0,libero_goal,1640.3669075965881,2eec3fc99b5182e63aa6883fca18999ad33baee3,outputs/cp0/eval/a1_sft_s0
a1_sft_s0,a1_sft,1,0,sft,8000,7,8,0,0.0,libero_goal,1640.3669075965881,2eec3fc99b5182e63aa6883fca18999ad33baee3,outputs/cp0/eval/a1_sft_s0
a1_sft_s0,a1_sft,1,0,sft,8000,7,9,0,0.0,libero_goal,1640.3669075965881,2eec3fc99b5182e63aa6883fca18999ad33baee3,outputs/cp0/eval/a1_sft_s0
a1_sft_s0,a1_sft,1,0,sft,8000,7,10,0,0.0,libero_goal,1640.3669075965881,2eec3fc99b5182e63aa6883fca18999ad33baee3,outputs/cp0/eval/a1_sft_s0
a1_sft_s0,a1_sft,1,0,sft,8000,7,11,1,1.0,libero_goal,1640.3669075965881,2eec3fc99b5182e63aa6883fca18999ad33baee3,outputs/cp0/eval/a1_sft_s0
a1_sft_s0,a1_sft,1,0,sft,8000,7,12,0,0.0,libero_goal,1640.3669075965881,2eec3fc99b5182e63aa6883fca18999ad33baee3,outputs/cp0/eval/a1_sft_s0
a1_sft_s0,a1_sft,1,0,sft,8000,7,13,1,1.0,libero_goal,1640.3669075965881,2eec3fc99b5182e63aa6883fca18999ad33baee3,outputs/cp0/eval/a1_sft_s0
a1_sft_s0,a1_sft,1,0,sft,8000,7,14,0,0.0,libero_goal,1640.3669075965881,2eec3fc99b5182e63aa6883fca18999ad33baee3,outputs/cp0/eval/a1_sft_s0
a1_sft_s0,a1_sft,1,0,sft,8000,7,15,0,0.0,libero_goal,1640.3669075965881,2eec3fc99b5182e63aa6883fca18999ad33baee3,outputs/cp0/eval/a1_sft_s0
a1_sft_s0,a1_sft,1,0,sft,8000,7,16,1,1.0,libero_goal,1640.3669075965881,2eec3fc99b5182e63aa6883fca18999ad33baee3,outputs/cp0/eval/a1_sft_s0
a1_sft_s0,a1_sft,1,0,sft,8000,7,17,1,1.0,libero_goal,1640.3669075965881,2eec3fc99b5182e63aa6883fca18999ad33baee3,outputs/cp0/eval/a1_sft_s0
a1_sft_s0,a1_sft,1,0,sft,8000,7,18,0,0.0,libero_goal,1640.3669075965881,2eec3fc99b5182e63aa6883fca18999ad33baee3,outputs/cp0/eval/a1_sft_s0
a1_sft_s0,a1_sft,1,0,sft,8000,7,19,1,1.0,libero_goal,1640.3669075965881,2eec3fc99b5182e63aa6883fca18999ad33baee3,outputs/cp0/eval/a1_sft_s0
a1_sft_s0,a1_sft,1,0,sft,8000,8,0,0,0.0,libero_goal,1640.3669075965881,2eec3fc99b5182e63aa6883fca18999ad33baee3,outputs/cp0/eval/a1_sft_s0
a1_sft_s0,a1_sft,1,0,sft,8000,8,1,1,1.0,libero_goal,1640.3669075965881,2eec3fc99b5182e63aa6883fca18999ad33baee3,outputs/cp0/eval/a1_sft_s0
a1_sft_s0,a1_sft,1,0,sft,8000,8,2,1,1.0,libero_goal,1640.3669075965881,2eec3fc99b5182e63aa6883fca18999ad33baee3,outputs/cp0/eval/a1_sft_s0
a1_sft_s0,a1_sft,1,0,sft,8000,8,3,1,1.0,libero_goal,1640.3669075965881,2eec3fc99b5182e63aa6883fca18999ad33baee3,outputs/cp0/eval/a1_sft_s0
a1_sft_s0,a1_sft,1,0,sft,8000,8,4,1,1.0,libero_goal,1640.3669075965881,2eec3fc99b5182e63aa6883fca18999ad33baee3,outputs/cp0/eval/a1_sft_s0
a1_sft_s0,a1_sft,1,0,sft,8000,8,5,1,1.0,libero_goal,1640.3669075965881,2eec3fc99b5182e63aa6883fca18999ad33baee3,outputs/cp0/eval/a1_sft_s0
a1_sft_s0,a1_sft,1,0,sft,8000,8,6,1,1.0,libero_goal,1640.3669075965881,2eec3fc99b5182e63aa6883fca18999ad33baee3,outputs/cp0/eval/a1_sft_s0
a1_sft_s0,a1_sft,1,0,sft,8000,8,7,1,1.0,libero_goal,1640.3669075965881,2eec3fc99b5182e63aa6883fca18999ad33baee3,outputs/cp0/eval/a1_sft_s0
a1_sft_s0,a1_sft,1,0,sft,8000,8,8,0,0.0,libero_goal,1640.3669075965881,2eec3fc99b5182e63aa6883fca18999ad33baee3,outputs/cp0/eval/a1_sft_s0
a1_sft_s0,a1_sft,1,0,sft,8000,8,9,1,1.0,libero_goal,1640.3669075965881,2eec3fc99b5182e63aa6883fca18999ad33baee3,outputs/cp0/eval/a1_sft_s0
a1_sft_s0,a1_sft,1,0,sft,8000,8,10,1,1.0,libero_goal,1640.3669075965881,2eec3fc99b5182e63aa6883fca18999ad33baee3,outputs/cp0/eval/a1_sft_s0
a1_sft_s0,a1_sft,1,0,sft,8000,8,11,0,0.0,libero_goal,1640.3669075965881,2eec3fc99b5182e63aa6883fca18999ad33baee3,outputs/cp0/eval/a1_sft_s0
a1_sft_s0,a1_sft,1,0,sft,8000,8,12,1,1.0,libero_goal,1640.3669075965881,2eec3fc99b5182e63aa6883fca18999ad33baee3,outputs/cp0/eval/a1_sft_s0
a1_sft_s0,a1_sft,1,0,sft,8000,8,13,0,0.0,libero_goal,1640.3669075965881,2eec3fc99b5182e63aa6883fca18999ad33baee3,outputs/cp0/eval/a1_sft_s0
a1_sft_s0,a1_sft,1,0,sft,8000,8,14,1,1.0,libero_goal,1640.3669075965881,2eec3fc99b5182e63aa6883fca18999ad33baee3,outputs/cp0/eval/a1_sft_s0
a1_sft_s0,a1_sft,1,0,sft,8000,8,15,1,1.0,libero_goal,1640.3669075965881,2eec3fc99b5182e63aa6883fca18999ad33baee3,outputs/cp0/eval/a1_sft_s0
a1_sft_s0,a1_sft,1,0,sft,8000,8,16,1,1.0,libero_goal,1640.3669075965881,2eec3fc99b5182e63aa6883fca18999ad33baee3,outputs/cp0/eval/a1_sft_s0
a1_sft_s0,a1_sft,1,0,sft,8000,8,17,1,1.0,libero_goal,1640.3669075965881,2eec3fc99b5182e63aa6883fca18999ad33baee3,outputs/cp0/eval/a1_sft_s0
a1_sft_s0,a1_sft,1,0,sft,8000,8,18,0,0.0,libero_goal,1640.3669075965881,2eec3fc99b5182e63aa6883fca18999ad33baee3,outputs/cp0/eval/a1_sft_s0
a1_sft_s0,a1_sft,1,0,sft,8000,8,19,1,1.0,libero_goal,1640.3669075965881,2eec3fc99b5182e63aa6883fca18999ad33baee3,outputs/cp0/eval/a1_sft_s0
a1_sft_s0,a1_sft,1,0,sft,8000,9,0,0,0.0,libero_goal,1640.3669075965881,2eec3fc99b5182e63aa6883fca18999ad33baee3,outputs/cp0/eval/a1_sft_s0
a1_sft_s0,a1_sft,1,0,sft,8000,9,1,0,0.0,libero_goal,1640.3669075965881,2eec3fc99b5182e63aa6883fca18999ad33baee3,outputs/cp0/eval/a1_sft_s0
a1_sft_s0,a1_sft,1,0,sft,8000,9,2,0,0.0,libero_goal,1640.3669075965881,2eec3fc99b5182e63aa6883fca18999ad33baee3,outputs/cp0/eval/a1_sft_s0
a1_sft_s0,a1_sft,1,0,sft,8000,9,3,0,0.0,libero_goal,1640.3669075965881,2eec3fc99b5182e63aa6883fca18999ad33baee3,outputs/cp0/eval/a1_sft_s0
a1_sft_s0,a1_sft,1,0,sft,8000,9,4,0,0.0,libero_goal,1640.3669075965881,2eec3fc99b5182e63aa6883fca18999ad33baee3,outputs/cp0/eval/a1_sft_s0
a1_sft_s0,a1_sft,1,0,sft,8000,9,5,0,0.0,libero_goal,1640.3669075965881,2eec3fc99b5182e63aa6883fca18999ad33baee3,outputs/cp0/eval/a1_sft_s0
a1_sft_s0,a1_sft,1,0,sft,8000,9,6,0,0.0,libero_goal,1640.3669075965881,2eec3fc99b5182e63aa6883fca18999ad33baee3,outputs/cp0/eval/a1_sft_s0
a1_sft_s0,a1_sft,1,0,sft,8000,9,7,0,0.0,libero_goal,1640.3669075965881,2eec3fc99b5182e63aa6883fca18999ad33baee3,outputs/cp0/eval/a1_sft_s0
a1_sft_s0,a1_sft,1,0,sft,8000,9,8,0,0.0,libero_goal,1640.3669075965881,2eec3fc99b5182e63aa6883fca18999ad33baee3,outputs/cp0/eval/a1_sft_s0
a1_sft_s0,a1_sft,1,0,sft,8000,9,9,0,0.0,libero_goal,1640.3669075965881,2eec3fc99b5182e63aa6883fca18999ad33baee3,outputs/cp0/eval/a1_sft_s0
a1_sft_s0,a1_sft,1,0,sft,8000,9,10,0,0.0,libero_goal,1640.3669075965881,2eec3fc99b5182e63aa6883fca18999ad33baee3,outputs/cp0/eval/a1_sft_s0
a1_sft_s0,a1_sft,1,0,sft,8000,9,11,0,0.0,libero_goal,1640.3669075965881,2eec3fc99b5182e63aa6883fca18999ad33baee3,outputs/cp0/eval/a1_sft_s0
a1_sft_s0,a1_sft,1,0,sft,8000,9,12,1,1.0,libero_goal,1640.3669075965881,2eec3fc99b5182e63aa6883fca18999ad33baee3,outputs/cp0/eval/a1_sft_s0
a1_sft_s0,a1_sft,1,0,sft,8000,9,13,0,0.0,libero_goal,1640.3669075965881,2eec3fc99b5182e63aa6883fca18999ad33baee3,outputs/cp0/eval/a1_sft_s0
a1_sft_s0,a1_sft,1,0,sft,8000,9,14,0,0.0,libero_goal,1640.3669075965881,2eec3fc99b5182e63aa6883fca18999ad33baee3,outputs/cp0/eval/a1_sft_s0
a1_sft_s0,a1_sft,1,0,sft,8000,9,15,0,0.0,libero_goal,1640.3669075965881,2eec3fc99b5182e63aa6883fca18999ad33baee3,outputs/cp0/eval/a1_sft_s0
a1_sft_s0,a1_sft,1,0,sft,8000,9,16,0,0.0,libero_goal,1640.3669075965881,2eec3fc99b5182e63aa6883fca18999ad33baee3,outputs/cp0/eval/a1_sft_s0
a1_sft_s0,a1_sft,1,0,sft,8000,9,17,0,0.0,libero_goal,1640.3669075965881,2eec3fc99b5182e63aa6883fca18999ad33baee3,outputs/cp0/eval/a1_sft_s0
a1_sft_s0,a1_sft,1,0,sft,8000,9,18,0,0.0,libero_goal,1640.3669075965881,2eec3fc99b5182e63aa6883fca18999ad33baee3,outputs/cp0/eval/a1_sft_s0
a1_sft_s0,a1_sft,1,0,sft,8000,9,19,0,0.0,libero_goal,1640.3669075965881,2eec3fc99b5182e63aa6883fca18999ad33baee3,outputs/cp0/eval/a1_sft_s0
a1_sft_s1,a1_sft,1,1,sft,8000,0,0,1,1.0,libero_goal,1532.9946420192719,2eec3fc99b5182e63aa6883fca18999ad33baee3,outputs/cp0/eval/a1_sft_s1
a1_sft_s1,a1_sft,1,1,sft,8000,0,1,1,1.0,libero_goal,1532.9946420192719,2eec3fc99b5182e63aa6883fca18999ad33baee3,outputs/cp0/eval/a1_sft_s1
a1_sft_s1,a1_sft,1,1,sft,8000,0,2,1,1.0,libero_goal,1532.9946420192719,2eec3fc99b5182e63aa6883fca18999ad33baee3,outputs/cp0/eval/a1_sft_s1
a1_sft_s1,a1_sft,1,1,sft,8000,0,3,1,1.0,libero_goal,1532.9946420192719,2eec3fc99b5182e63aa6883fca18999ad33baee3,outputs/cp0/eval/a1_sft_s1
a1_sft_s1,a1_sft,1,1,sft,8000,0,4,1,1.0,libero_goal,1532.9946420192719,2eec3fc99b5182e63aa6883fca18999ad33baee3,outputs/cp0/eval/a1_sft_s1
a1_sft_s1,a1_sft,1,1,sft,8000,0,5,1,1.0,libero_goal,1532.9946420192719,2eec3fc99b5182e63aa6883fca18999ad33baee3,outputs/cp0/eval/a1_sft_s1
a1_sft_s1,a1_sft,1,1,sft,8000,0,6,1,1.0,libero_goal,1532.9946420192719,2eec3fc99b5182e63aa6883fca18999ad33baee3,outputs/cp0/eval/a1_sft_s1
a1_sft_s1,a1_sft,1,1,sft,8000,0,7,1,1.0,libero_goal,1532.9946420192719,2eec3fc99b5182e63aa6883fca18999ad33baee3,outputs/cp0/eval/a1_sft_s1
a1_sft_s1,a1_sft,1,1,sft,8000,0,8,1,1.0,libero_goal,1532.9946420192719,2eec3fc99b5182e63aa6883fca18999ad33baee3,outputs/cp0/eval/a1_sft_s1
a1_sft_s1,a1_sft,1,1,sft,8000,0,9,1,1.0,libero_goal,1532.9946420192719,2eec3fc99b5182e63aa6883fca18999ad33baee3,outputs/cp0/eval/a1_sft_s1
a1_sft_s1,a1_sft,1,1,sft,8000,0,10,1,1.0,libero_goal,1532.9946420192719,2eec3fc99b5182e63aa6883fca18999ad33baee3,outputs/cp0/eval/a1_sft_s1
a1_sft_s1,a1_sft,1,1,sft,8000,0,11,1,1.0,libero_goal,1532.9946420192719,2eec3fc99b5182e63aa6883fca18999ad33baee3,outputs/cp0/eval/a1_sft_s1
a1_sft_s1,a1_sft,1,1,sft,8000,0,12,1,1.0,libero_goal,1532.9946420192719,2eec3fc99b5182e63aa6883fca18999ad33baee3,outputs/cp0/eval/a1_sft_s1
a1_sft_s1,a1_sft,1,1,sft,8000,0,13,1,1.0,libero_goal,1532.9946420192719,2eec3fc99b5182e63aa6883fca18999ad33baee3,outputs/cp0/eval/a1_sft_s1
a1_sft_s1,a1_sft,1,1,sft,8000,0,14,1,1.0,libero_goal,1532.9946420192719,2eec3fc99b5182e63aa6883fca18999ad33baee3,outputs/cp0/eval/a1_sft_s1
a1_sft_s1,a1_sft,1,1,sft,8000,0,15,1,1.0,libero_goal,1532.9946420192719,2eec3fc99b5182e63aa6883fca18999ad33baee3,outputs/cp0/eval/a1_sft_s1
a1_sft_s1,a1_sft,1,1,sft,8000,0,16,1,1.0,libero_goal,1532.9946420192719,2eec3fc99b5182e63aa6883fca18999ad33baee3,outputs/cp0/eval/a1_sft_s1
a1_sft_s1,a1_sft,1,1,sft,8000,0,17,1,1.0,libero_goal,1532.9946420192719,2eec3fc99b5182e63aa6883fca18999ad33baee3,outputs/cp0/eval/a1_sft_s1
a1_sft_s1,a1_sft,1,1,sft,8000,0,18,1,1.0,libero_goal,1532.9946420192719,2eec3fc99b5182e63aa6883fca18999ad33baee3,outputs/cp0/eval/a1_sft_s1
a1_sft_s1,a1_sft,1,1,sft,8000,0,19,1,1.0,libero_goal,1532.9946420192719,2eec3fc99b5182e63aa6883fca18999ad33baee3,outputs/cp0/eval/a1_sft_s1
a1_sft_s1,a1_sft,1,1,sft,8000,1,0,1,1.0,libero_goal,1532.9946420192719,2eec3fc99b5182e63aa6883fca18999ad33baee3,outputs/cp0/eval/a1_sft_s1
a1_sft_s1,a1_sft,1,1,sft,8000,1,1,1,1.0,libero_goal,1532.9946420192719,2eec3fc99b5182e63aa6883fca18999ad33baee3,outputs/cp0/eval/a1_sft_s1
a1_sft_s1,a1_sft,1,1,sft,8000,1,2,1,1.0,libero_goal,1532.9946420192719,2eec3fc99b5182e63aa6883fca18999ad33baee3,outputs/cp0/eval/a1_sft_s1
a1_sft_s1,a1_sft,1,1,sft,8000,1,3,1,1.0,libero_goal,1532.9946420192719,2eec3fc99b5182e63aa6883fca18999ad33baee3,outputs/cp0/eval/a1_sft_s1
a1_sft_s1,a1_sft,1,1,sft,8000,1,4,1,1.0,libero_goal,1532.9946420192719,2eec3fc99b5182e63aa6883fca18999ad33baee3,outputs/cp0/eval/a1_sft_s1
a1_sft_s1,a1_sft,1,1,sft,8000,1,5,1,1.0,libero_goal,1532.9946420192719,2eec3fc99b5182e63aa6883fca18999ad33baee3,outputs/cp0/eval/a1_sft_s1
a1_sft_s1,a1_sft,1,1,sft,8000,1,6,1,1.0,libero_goal,1532.9946420192719,2eec3fc99b5182e63aa6883fca18999ad33baee3,outputs/cp0/eval/a1_sft_s1
a1_sft_s1,a1_sft,1,1,sft,8000,1,7,1,1.0,libero_goal,1532.9946420192719,2eec3fc99b5182e63aa6883fca18999ad33baee3,outputs/cp0/eval/a1_sft_s1
a1_sft_s1,a1_sft,1,1,sft,8000,1,8,1,1.0,libero_goal,1532.9946420192719,2eec3fc99b5182e63aa6883fca18999ad33baee3,outputs/cp0/eval/a1_sft_s1
a1_sft_s1,a1_sft,1,1,sft,8000,1,9,1,1.0,libero_goal,1532.9946420192719,2eec3fc99b5182e63aa6883fca18999ad33baee3,outputs/cp0/eval/a1_sft_s1
a1_sft_s1,a1_sft,1,1,sft,8000,1,10,1,1.0,libero_goal,1532.9946420192719,2eec3fc99b5182e63aa6883fca18999ad33baee3,outputs/cp0/eval/a1_sft_s1
a1_sft_s1,a1_sft,1,1,sft,8000,1,11,1,1.0,libero_goal,1532.9946420192719,2eec3fc99b5182e63aa6883fca18999ad33baee3,outputs/cp0/eval/a1_sft_s1
a1_sft_s1,a1_sft,1,1,sft,8000,1,12,1,1.0,libero_goal,1532.9946420192719,2eec3fc99b5182e63aa6883fca18999ad33baee3,outputs/cp0/eval/a1_sft_s1
a1_sft_s1,a1_sft,1,1,sft,8000,1,13,1,1.0,libero_goal,1532.9946420192719,2eec3fc99b5182e63aa6883fca18999ad33baee3,outputs/cp0/eval/a1_sft_s1
a1_sft_s1,a1_sft,1,1,sft,8000,1,14,1,1.0,libero_goal,1532.9946420192719,2eec3fc99b5182e63aa6883fca18999ad33baee3,outputs/cp0/eval/a1_sft_s1
a1_sft_s1,a1_sft,1,1,sft,8000,1,15,1,1.0,libero_goal,1532.9946420192719,2eec3fc99b5182e63aa6883fca18999ad33baee3,outputs/cp0/eval/a1_sft_s1
a1_sft_s1,a1_sft,1,1,sft,8000,1,16,1,1.0,libero_goal,1532.9946420192719,2eec3fc99b5182e63aa6883fca18999ad33baee3,outputs/cp0/eval/a1_sft_s1
a1_sft_s1,a1_sft,1,1,sft,8000,1,17,1,1.0,libero_goal,1532.9946420192719,2eec3fc99b5182e63aa6883fca18999ad33baee3,outputs/cp0/eval/a1_sft_s1
a1_sft_s1,a1_sft,1,1,sft,8000,1,18,1,1.0,libero_goal,1532.9946420192719,2eec3fc99b5182e63aa6883fca18999ad33baee3,outputs/cp0/eval/a1_sft_s1
a1_sft_s1,a1_sft,1,1,sft,8000,1,19,1,1.0,libero_goal,1532.9946420192719,2eec3fc99b5182e63aa6883fca18999ad33baee3,outputs/cp0/eval/a1_sft_s1
a1_sft_s1,a1_sft,1,1,sft,8000,2,0,1,1.0,libero_goal,1532.9946420192719,2eec3fc99b5182e63aa6883fca18999ad33baee3,outputs/cp0/eval/a1_sft_s1
a1_sft_s1,a1_sft,1,1,sft,8000,2,1,1,1.0,libero_goal,1532.9946420192719,2eec3fc99b5182e63aa6883fca18999ad33baee3,outputs/cp0/eval/a1_sft_s1
a1_sft_s1,a1_sft,1,1,sft,8000,2,2,0,0.0,libero_goal,1532.9946420192719,2eec3fc99b5182e63aa6883fca18999ad33baee3,outputs/cp0/eval/a1_sft_s1
a1_sft_s1,a1_sft,1,1,sft,8000,2,3,1,1.0,libero_goal,1532.9946420192719,2eec3fc99b5182e63aa6883fca18999ad33baee3,outputs/cp0/eval/a1_sft_s1
a1_sft_s1,a1_sft,1,1,sft,8000,2,4,0,0.0,libero_goal,1532.9946420192719,2eec3fc99b5182e63aa6883fca18999ad33baee3,outputs/cp0/eval/a1_sft_s1
a1_sft_s1,a1_sft,1,1,sft,8000,2,5,1,1.0,libero_goal,1532.9946420192719,2eec3fc99b5182e63aa6883fca18999ad33baee3,outputs/cp0/eval/a1_sft_s1
a1_sft_s1,a1_sft,1,1,sft,8000,2,6,1,1.0,libero_goal,1532.9946420192719,2eec3fc99b5182e63aa6883fca18999ad33baee3,outputs/cp0/eval/a1_sft_s1
a1_sft_s1,a1_sft,1,1,sft,8000,2,7,1,1.0,libero_goal,1532.9946420192719,2eec3fc99b5182e63aa6883fca18999ad33baee3,outputs/cp0/eval/a1_sft_s1
a1_sft_s1,a1_sft,1,1,sft,8000,2,8,0,0.0,libero_goal,1532.9946420192719,2eec3fc99b5182e63aa6883fca18999ad33baee3,outputs/cp0/eval/a1_sft_s1
a1_sft_s1,a1_sft,1,1,sft,8000,2,9,0,0.0,libero_goal,1532.9946420192719,2eec3fc99b5182e63aa6883fca18999ad33baee3,outputs/cp0/eval/a1_sft_s1
a1_sft_s1,a1_sft,1,1,sft,8000,2,10,1,1.0,libero_goal,1532.9946420192719,2eec3fc99b5182e63aa6883fca18999ad33baee3,outputs/cp0/eval/a1_sft_s1
a1_sft_s1,a1_sft,1,1,sft,8000,2,11,1,1.0,libero_goal,1532.9946420192719,2eec3fc99b5182e63aa6883fca18999ad33baee3,outputs/cp0/eval/a1_sft_s1
a1_sft_s1,a1_sft,1,1,sft,8000,2,12,1,1.0,libero_goal,1532.9946420192719,2eec3fc99b5182e63aa6883fca18999ad33baee3,outputs/cp0/eval/a1_sft_s1
a1_sft_s1,a1_sft,1,1,sft,8000,2,13,1,1.0,libero_goal,1532.9946420192719,2eec3fc99b5182e63aa6883fca18999ad33baee3,outputs/cp0/eval/a1_sft_s1
a1_sft_s1,a1_sft,1,1,sft,8000,2,14,1,1.0,libero_goal,1532.9946420192719,2eec3fc99b5182e63aa6883fca18999ad33baee3,outputs/cp0/eval/a1_sft_s1
a1_sft_s1,a1_sft,1,1,sft,8000,2,15,1,1.0,libero_goal,1532.9946420192719,2eec3fc99b5182e63aa6883fca18999ad33baee3,outputs/cp0/eval/a1_sft_s1
a1_sft_s1,a1_sft,1,1,sft,8000,2,16,0,0.0,libero_goal,1532.9946420192719,2eec3fc99b5182e63aa6883fca18999ad33baee3,outputs/cp0/eval/a1_sft_s1
a1_sft_s1,a1_sft,1,1,sft,8000,2,17,1,1.0,libero_goal,1532.9946420192719,2eec3fc99b5182e63aa6883fca18999ad33baee3,outputs/cp0/eval/a1_sft_s1
a1_sft_s1,a1_sft,1,1,sft,8000,2,18,1,1.0,libero_goal,1532.9946420192719,2eec3fc99b5182e63aa6883fca18999ad33baee3,outputs/cp0/eval/a1_sft_s1
a1_sft_s1,a1_sft,1,1,sft,8000,2,19,0,0.0,libero_goal,1532.9946420192719,2eec3fc99b5182e63aa6883fca18999ad33baee3,outputs/cp0/eval/a1_sft_s1
a1_sft_s1,a1_sft,1,1,sft,8000,3,0,0,0.0,libero_goal,1532.9946420192719,2eec3fc99b5182e63aa6883fca18999ad33baee3,outputs/cp0/eval/a1_sft_s1
a1_sft_s1,a1_sft,1,1,sft,8000,3,1,0,0.0,libero_goal,1532.9946420192719,2eec3fc99b5182e63aa6883fca18999ad33baee3,outputs/cp0/eval/a1_sft_s1
a1_sft_s1,a1_sft,1,1,sft,8000,3,2,1,1.0,libero_goal,1532.9946420192719,2eec3fc99b5182e63aa6883fca18999ad33baee3,outputs/cp0/eval/a1_sft_s1
a1_sft_s1,a1_sft,1,1,sft,8000,3,3,1,1.0,libero_goal,1532.9946420192719,2eec3fc99b5182e63aa6883fca18999ad33baee3,outputs/cp0/eval/a1_sft_s1
a1_sft_s1,a1_sft,1,1,sft,8000,3,4,0,0.0,libero_goal,1532.9946420192719,2eec3fc99b5182e63aa6883fca18999ad33baee3,outputs/cp0/eval/a1_sft_s1
a1_sft_s1,a1_sft,1,1,sft,8000,3,5,1,1.0,libero_goal,1532.9946420192719,2eec3fc99b5182e63aa6883fca18999ad33baee3,outputs/cp0/eval/a1_sft_s1
a1_sft_s1,a1_sft,1,1,sft,8000,3,6,0,0.0,libero_goal,1532.9946420192719,2eec3fc99b5182e63aa6883fca18999ad33baee3,outputs/cp0/eval/a1_sft_s1
a1_sft_s1,a1_sft,1,1,sft,8000,3,7,0,0.0,libero_goal,1532.9946420192719,2eec3fc99b5182e63aa6883fca18999ad33baee3,outputs/cp0/eval/a1_sft_s1
a1_sft_s1,a1_sft,1,1,sft,8000,3,8,1,1.0,libero_goal,1532.9946420192719,2eec3fc99b5182e63aa6883fca18999ad33baee3,outputs/cp0/eval/a1_sft_s1
a1_sft_s1,a1_sft,1,1,sft,8000,3,9,0,0.0,libero_goal,1532.9946420192719,2eec3fc99b5182e63aa6883fca18999ad33baee3,outputs/cp0/eval/a1_sft_s1
a1_sft_s1,a1_sft,1,1,sft,8000,3,10,1,1.0,libero_goal,1532.9946420192719,2eec3fc99b5182e63aa6883fca18999ad33baee3,outputs/cp0/eval/a1_sft_s1
a1_sft_s1,a1_sft,1,1,sft,8000,3,11,1,1.0,libero_goal,1532.9946420192719,2eec3fc99b5182e63aa6883fca18999ad33baee3,outputs/cp0/eval/a1_sft_s1
a1_sft_s1,a1_sft,1,1,sft,8000,3,12,1,1.0,libero_goal,1532.9946420192719,2eec3fc99b5182e63aa6883fca18999ad33baee3,outputs/cp0/eval/a1_sft_s1
a1_sft_s1,a1_sft,1,1,sft,8000,3,13,1,1.0,libero_goal,1532.9946420192719,2eec3fc99b5182e63aa6883fca18999ad33baee3,outputs/cp0/eval/a1_sft_s1
a1_sft_s1,a1_sft,1,1,sft,8000,3,14,1,1.0,libero_goal,1532.9946420192719,2eec3fc99b5182e63aa6883fca18999ad33baee3,outputs/cp0/eval/a1_sft_s1
a1_sft_s1,a1_sft,1,1,sft,8000,3,15,1,1.0,libero_goal,1532.9946420192719,2eec3fc99b5182e63aa6883fca18999ad33baee3,outputs/cp0/eval/a1_sft_s1
a1_sft_s1,a1_sft,1,1,sft,8000,3,16,1,1.0,libero_goal,1532.9946420192719,2eec3fc99b5182e63aa6883fca18999ad33baee3,outputs/cp0/eval/a1_sft_s1
a1_sft_s1,a1_sft,1,1,sft,8000,3,17,0,0.0,libero_goal,1532.9946420192719,2eec3fc99b5182e63aa6883fca18999ad33baee3,outputs/cp0/eval/a1_sft_s1
a1_sft_s1,a1_sft,1,1,sft,8000,3,18,1,1.0,libero_goal,1532.9946420192719,2eec3fc99b5182e63aa6883fca18999ad33baee3,outputs/cp0/eval/a1_sft_s1
a1_sft_s1,a1_sft,1,1,sft,8000,3,19,1,1.0,libero_goal,1532.9946420192719,2eec3fc99b5182e63aa6883fca18999ad33baee3,outputs/cp0/eval/a1_sft_s1
a1_sft_s1,a1_sft,1,1,sft,8000,4,0,0,0.0,libero_goal,1532.9946420192719,2eec3fc99b5182e63aa6883fca18999ad33baee3,outputs/cp0/eval/a1_sft_s1
a1_sft_s1,a1_sft,1,1,sft,8000,4,1,0,0.0,libero_goal,1532.9946420192719,2eec3fc99b5182e63aa6883fca18999ad33baee3,outputs/cp0/eval/a1_sft_s1
a1_sft_s1,a1_sft,1,1,sft,8000,4,2,1,1.0,libero_goal,1532.9946420192719,2eec3fc99b5182e63aa6883fca18999ad33baee3,outputs/cp0/eval/a1_sft_s1
a1_sft_s1,a1_sft,1,1,sft,8000,4,3,1,1.0,libero_goal,1532.9946420192719,2eec3fc99b5182e63aa6883fca18999ad33baee3,outputs/cp0/eval/a1_sft_s1
a1_sft_s1,a1_sft,1,1,sft,8000,4,4,1,1.0,libero_goal,1532.9946420192719,2eec3fc99b5182e63aa6883fca18999ad33baee3,outputs/cp0/eval/a1_sft_s1
a1_sft_s1,a1_sft,1,1,sft,8000,4,5,1,1.0,libero_goal,1532.9946420192719,2eec3fc99b5182e63aa6883fca18999ad33baee3,outputs/cp0/eval/a1_sft_s1
a1_sft_s1,a1_sft,1,1,sft,8000,4,6,1,1.0,libero_goal,1532.9946420192719,2eec3fc99b5182e63aa6883fca18999ad33baee3,outputs/cp0/eval/a1_sft_s1
a1_sft_s1,a1_sft,1,1,sft,8000,4,7,1,1.0,libero_goal,1532.9946420192719,2eec3fc99b5182e63aa6883fca18999ad33baee3,outputs/cp0/eval/a1_sft_s1
a1_sft_s1,a1_sft,1,1,sft,8000,4,8,1,1.0,libero_goal,1532.9946420192719,2eec3fc99b5182e63aa6883fca18999ad33baee3,outputs/cp0/eval/a1_sft_s1
a1_sft_s1,a1_sft,1,1,sft,8000,4,9,1,1.0,libero_goal,1532.9946420192719,2eec3fc99b5182e63aa6883fca18999ad33baee3,outputs/cp0/eval/a1_sft_s1
a1_sft_s1,a1_sft,1,1,sft,8000,4,10,1,1.0,libero_goal,1532.9946420192719,2eec3fc99b5182e63aa6883fca18999ad33baee3,outputs/cp0/eval/a1_sft_s1
a1_sft_s1,a1_sft,1,1,sft,8000,4,11,1,1.0,libero_goal,1532.9946420192719,2eec3fc99b5182e63aa6883fca18999ad33baee3,outputs/cp0/eval/a1_sft_s1
a1_sft_s1,a1_sft,1,1,sft,8000,4,12,1,1.0,libero_goal,1532.9946420192719,2eec3fc99b5182e63aa6883fca18999ad33baee3,outputs/cp0/eval/a1_sft_s1
a1_sft_s1,a1_sft,1,1,sft,8000,4,13,1,1.0,libero_goal,1532.9946420192719,2eec3fc99b5182e63aa6883fca18999ad33baee3,outputs/cp0/eval/a1_sft_s1
a1_sft_s1,a1_sft,1,1,sft,8000,4,14,1,1.0,libero_goal,1532.9946420192719,2eec3fc99b5182e63aa6883fca18999ad33baee3,outputs/cp0/eval/a1_sft_s1
a1_sft_s1,a1_sft,1,1,sft,8000,4,15,0,0.0,libero_goal,1532.9946420192719,2eec3fc99b5182e63aa6883fca18999ad33baee3,outputs/cp0/eval/a1_sft_s1
a1_sft_s1,a1_sft,1,1,sft,8000,4,16,1,1.0,libero_goal,1532.9946420192719,2eec3fc99b5182e63aa6883fca18999ad33baee3,outputs/cp0/eval/a1_sft_s1
a1_sft_s1,a1_sft,1,1,sft,8000,4,17,1,1.0,libero_goal,1532.9946420192719,2eec3fc99b5182e63aa6883fca18999ad33baee3,outputs/cp0/eval/a1_sft_s1
a1_sft_s1,a1_sft,1,1,sft,8000,4,18,1,1.0,libero_goal,1532.9946420192719,2eec3fc99b5182e63aa6883fca18999ad33baee3,outputs/cp0/eval/a1_sft_s1
a1_sft_s1,a1_sft,1,1,sft,8000,4,19,1,1.0,libero_goal,1532.9946420192719,2eec3fc99b5182e63aa6883fca18999ad33baee3,outputs/cp0/eval/a1_sft_s1
a1_sft_s1,a1_sft,1,1,sft,8000,5,0,1,1.0,libero_goal,1532.9946420192719,2eec3fc99b5182e63aa6883fca18999ad33baee3,outputs/cp0/eval/a1_sft_s1
a1_sft_s1,a1_sft,1,1,sft,8000,5,1,1,1.0,libero_goal,1532.9946420192719,2eec3fc99b5182e63aa6883fca18999ad33baee3,outputs/cp0/eval/a1_sft_s1
a1_sft_s1,a1_sft,1,1,sft,8000,5,2,1,1.0,libero_goal,1532.9946420192719,2eec3fc99b5182e63aa6883fca18999ad33baee3,outputs/cp0/eval/a1_sft_s1
a1_sft_s1,a1_sft,1,1,sft,8000,5,3,1,1.0,libero_goal,1532.9946420192719,2eec3fc99b5182e63aa6883fca18999ad33baee3,outputs/cp0/eval/a1_sft_s1
a1_sft_s1,a1_sft,1,1,sft,8000,5,4,1,1.0,libero_goal,1532.9946420192719,2eec3fc99b5182e63aa6883fca18999ad33baee3,outputs/cp0/eval/a1_sft_s1
a1_sft_s1,a1_sft,1,1,sft,8000,5,5,1,1.0,libero_goal,1532.9946420192719,2eec3fc99b5182e63aa6883fca18999ad33baee3,outputs/cp0/eval/a1_sft_s1
a1_sft_s1,a1_sft,1,1,sft,8000,5,6,1,1.0,libero_goal,1532.9946420192719,2eec3fc99b5182e63aa6883fca18999ad33baee3,outputs/cp0/eval/a1_sft_s1
a1_sft_s1,a1_sft,1,1,sft,8000,5,7,0,0.0,libero_goal,1532.9946420192719,2eec3fc99b5182e63aa6883fca18999ad33baee3,outputs/cp0/eval/a1_sft_s1
a1_sft_s1,a1_sft,1,1,sft,8000,5,8,1,1.0,libero_goal,1532.9946420192719,2eec3fc99b5182e63aa6883fca18999ad33baee3,outputs/cp0/eval/a1_sft_s1
a1_sft_s1,a1_sft,1,1,sft,8000,5,9,1,1.0,libero_goal,1532.9946420192719,2eec3fc99b5182e63aa6883fca18999ad33baee3,outputs/cp0/eval/a1_sft_s1
a1_sft_s1,a1_sft,1,1,sft,8000,5,10,1,1.0,libero_goal,1532.9946420192719,2eec3fc99b5182e63aa6883fca18999ad33baee3,outputs/cp0/eval/a1_sft_s1
a1_sft_s1,a1_sft,1,1,sft,8000,5,11,1,1.0,libero_goal,1532.9946420192719,2eec3fc99b5182e63aa6883fca18999ad33baee3,outputs/cp0/eval/a1_sft_s1
a1_sft_s1,a1_sft,1,1,sft,8000,5,12,1,1.0,libero_goal,1532.9946420192719,2eec3fc99b5182e63aa6883fca18999ad33baee3,outputs/cp0/eval/a1_sft_s1
a1_sft_s1,a1_sft,1,1,sft,8000,5,13,1,1.0,libero_goal,1532.9946420192719,2eec3fc99b5182e63aa6883fca18999ad33baee3,outputs/cp0/eval/a1_sft_s1
a1_sft_s1,a1_sft,1,1,sft,8000,5,14,1,1.0,libero_goal,1532.9946420192719,2eec3fc99b5182e63aa6883fca18999ad33baee3,outputs/cp0/eval/a1_sft_s1
a1_sft_s1,a1_sft,1,1,sft,8000,5,15,1,1.0,libero_goal,1532.9946420192719,2eec3fc99b5182e63aa6883fca18999ad33baee3,outputs/cp0/eval/a1_sft_s1
a1_sft_s1,a1_sft,1,1,sft,8000,5,16,1,1.0,libero_goal,1532.9946420192719,2eec3fc99b5182e63aa6883fca18999ad33baee3,outputs/cp0/eval/a1_sft_s1
a1_sft_s1,a1_sft,1,1,sft,8000,5,17,1,1.0,libero_goal,1532.9946420192719,2eec3fc99b5182e63aa6883fca18999ad33baee3,outputs/cp0/eval/a1_sft_s1
a1_sft_s1,a1_sft,1,1,sft,8000,5,18,1,1.0,libero_goal,1532.9946420192719,2eec3fc99b5182e63aa6883fca18999ad33baee3,outputs/cp0/eval/a1_sft_s1
a1_sft_s1,a1_sft,1,1,sft,8000,5,19,1,1.0,libero_goal,1532.9946420192719,2eec3fc99b5182e63aa6883fca18999ad33baee3,outputs/cp0/eval/a1_sft_s1
a1_sft_s1,a1_sft,1,1,sft,8000,6,0,0,0.0,libero_goal,1532.9946420192719,2eec3fc99b5182e63aa6883fca18999ad33baee3,outputs/cp0/eval/a1_sft_s1
a1_sft_s1,a1_sft,1,1,sft,8000,6,1,1,1.0,libero_goal,1532.9946420192719,2eec3fc99b5182e63aa6883fca18999ad33baee3,outputs/cp0/eval/a1_sft_s1
a1_sft_s1,a1_sft,1,1,sft,8000,6,2,0,0.0,libero_goal,1532.9946420192719,2eec3fc99b5182e63aa6883fca18999ad33baee3,outputs/cp0/eval/a1_sft_s1
a1_sft_s1,a1_sft,1,1,sft,8000,6,3,0,0.0,libero_goal,1532.9946420192719,2eec3fc99b5182e63aa6883fca18999ad33baee3,outputs/cp0/eval/a1_sft_s1
a1_sft_s1,a1_sft,1,1,sft,8000,6,4,1,1.0,libero_goal,1532.9946420192719,2eec3fc99b5182e63aa6883fca18999ad33baee3,outputs/cp0/eval/a1_sft_s1
a1_sft_s1,a1_sft,1,1,sft,8000,6,5,1,1.0,libero_goal,1532.9946420192719,2eec3fc99b5182e63aa6883fca18999ad33baee3,outputs/cp0/eval/a1_sft_s1
a1_sft_s1,a1_sft,1,1,sft,8000,6,6,1,1.0,libero_goal,1532.9946420192719,2eec3fc99b5182e63aa6883fca18999ad33baee3,outputs/cp0/eval/a1_sft_s1
a1_sft_s1,a1_sft,1,1,sft,8000,6,7,0,0.0,libero_goal,1532.9946420192719,2eec3fc99b5182e63aa6883fca18999ad33baee3,outputs/cp0/eval/a1_sft_s1
a1_sft_s1,a1_sft,1,1,sft,8000,6,8,0,0.0,libero_goal,1532.9946420192719,2eec3fc99b5182e63aa6883fca18999ad33baee3,outputs/cp0/eval/a1_sft_s1
a1_sft_s1,a1_sft,1,1,sft,8000,6,9,0,0.0,libero_goal,1532.9946420192719,2eec3fc99b5182e63aa6883fca18999ad33baee3,outputs/cp0/eval/a1_sft_s1
a1_sft_s1,a1_sft,1,1,sft,8000,6,10,1,1.0,libero_goal,1532.9946420192719,2eec3fc99b5182e63aa6883fca18999ad33baee3,outputs/cp0/eval/a1_sft_s1
a1_sft_s1,a1_sft,1,1,sft,8000,6,11,1,1.0,libero_goal,1532.9946420192719,2eec3fc99b5182e63aa6883fca18999ad33baee3,outputs/cp0/eval/a1_sft_s1
a1_sft_s1,a1_sft,1,1,sft,8000,6,12,1,1.0,libero_goal,1532.9946420192719,2eec3fc99b5182e63aa6883fca18999ad33baee3,outputs/cp0/eval/a1_sft_s1
a1_sft_s1,a1_sft,1,1,sft,8000,6,13,1,1.0,libero_goal,1532.9946420192719,2eec3fc99b5182e63aa6883fca18999ad33baee3,outputs/cp0/eval/a1_sft_s1
a1_sft_s1,a1_sft,1,1,sft,8000,6,14,1,1.0,libero_goal,1532.9946420192719,2eec3fc99b5182e63aa6883fca18999ad33baee3,outputs/cp0/eval/a1_sft_s1
a1_sft_s1,a1_sft,1,1,sft,8000,6,15,1,1.0,libero_goal,1532.9946420192719,2eec3fc99b5182e63aa6883fca18999ad33baee3,outputs/cp0/eval/a1_sft_s1
a1_sft_s1,a1_sft,1,1,sft,8000,6,16,0,0.0,libero_goal,1532.9946420192719,2eec3fc99b5182e63aa6883fca18999ad33baee3,outputs/cp0/eval/a1_sft_s1
a1_sft_s1,a1_sft,1,1,sft,8000,6,17,0,0.0,libero_goal,1532.9946420192719,2eec3fc99b5182e63aa6883fca18999ad33baee3,outputs/cp0/eval/a1_sft_s1
a1_sft_s1,a1_sft,1,1,sft,8000,6,18,1,1.0,libero_goal,1532.9946420192719,2eec3fc99b5182e63aa6883fca18999ad33baee3,outputs/cp0/eval/a1_sft_s1
a1_sft_s1,a1_sft,1,1,sft,8000,6,19,1,1.0,libero_goal,1532.9946420192719,2eec3fc99b5182e63aa6883fca18999ad33baee3,outputs/cp0/eval/a1_sft_s1
a1_sft_s1,a1_sft,1,1,sft,8000,7,0,1,1.0,libero_goal,1532.9946420192719,2eec3fc99b5182e63aa6883fca18999ad33baee3,outputs/cp0/eval/a1_sft_s1
a1_sft_s1,a1_sft,1,1,sft,8000,7,1,1,1.0,libero_goal,1532.9946420192719,2eec3fc99b5182e63aa6883fca18999ad33baee3,outputs/cp0/eval/a1_sft_s1
a1_sft_s1,a1_sft,1,1,sft,8000,7,2,1,1.0,libero_goal,1532.9946420192719,2eec3fc99b5182e63aa6883fca18999ad33baee3,outputs/cp0/eval/a1_sft_s1
a1_sft_s1,a1_sft,1,1,sft,8000,7,3,1,1.0,libero_goal,1532.9946420192719,2eec3fc99b5182e63aa6883fca18999ad33baee3,outputs/cp0/eval/a1_sft_s1
a1_sft_s1,a1_sft,1,1,sft,8000,7,4,1,1.0,libero_goal,1532.9946420192719,2eec3fc99b5182e63aa6883fca18999ad33baee3,outputs/cp0/eval/a1_sft_s1
a1_sft_s1,a1_sft,1,1,sft,8000,7,5,1,1.0,libero_goal,1532.9946420192719,2eec3fc99b5182e63aa6883fca18999ad33baee3,outputs/cp0/eval/a1_sft_s1
a1_sft_s1,a1_sft,1,1,sft,8000,7,6,1,1.0,libero_goal,1532.9946420192719,2eec3fc99b5182e63aa6883fca18999ad33baee3,outputs/cp0/eval/a1_sft_s1
a1_sft_s1,a1_sft,1,1,sft,8000,7,7,1,1.0,libero_goal,1532.9946420192719,2eec3fc99b5182e63aa6883fca18999ad33baee3,outputs/cp0/eval/a1_sft_s1
a1_sft_s1,a1_sft,1,1,sft,8000,7,8,1,1.0,libero_goal,1532.9946420192719,2eec3fc99b5182e63aa6883fca18999ad33baee3,outputs/cp0/eval/a1_sft_s1
a1_sft_s1,a1_sft,1,1,sft,8000,7,9,1,1.0,libero_goal,1532.9946420192719,2eec3fc99b5182e63aa6883fca18999ad33baee3,outputs/cp0/eval/a1_sft_s1
a1_sft_s1,a1_sft,1,1,sft,8000,7,10,1,1.0,libero_goal,1532.9946420192719,2eec3fc99b5182e63aa6883fca18999ad33baee3,outputs/cp0/eval/a1_sft_s1
a1_sft_s1,a1_sft,1,1,sft,8000,7,11,1,1.0,libero_goal,1532.9946420192719,2eec3fc99b5182e63aa6883fca18999ad33baee3,outputs/cp0/eval/a1_sft_s1
a1_sft_s1,a1_sft,1,1,sft,8000,7,12,1,1.0,libero_goal,1532.9946420192719,2eec3fc99b5182e63aa6883fca18999ad33baee3,outputs/cp0/eval/a1_sft_s1
a1_sft_s1,a1_sft,1,1,sft,8000,7,13,1,1.0,libero_goal,1532.9946420192719,2eec3fc99b5182e63aa6883fca18999ad33baee3,outputs/cp0/eval/a1_sft_s1
a1_sft_s1,a1_sft,1,1,sft,8000,7,14,1,1.0,libero_goal,1532.9946420192719,2eec3fc99b5182e63aa6883fca18999ad33baee3,outputs/cp0/eval/a1_sft_s1
a1_sft_s1,a1_sft,1,1,sft,8000,7,15,1,1.0,libero_goal,1532.9946420192719,2eec3fc99b5182e63aa6883fca18999ad33baee3,outputs/cp0/eval/a1_sft_s1
a1_sft_s1,a1_sft,1,1,sft,8000,7,16,1,1.0,libero_goal,1532.9946420192719,2eec3fc99b5182e63aa6883fca18999ad33baee3,outputs/cp0/eval/a1_sft_s1
a1_sft_s1,a1_sft,1,1,sft,8000,7,17,1,1.0,libero_goal,1532.9946420192719,2eec3fc99b5182e63aa6883fca18999ad33baee3,outputs/cp0/eval/a1_sft_s1
a1_sft_s1,a1_sft,1,1,sft,8000,7,18,1,1.0,libero_goal,1532.9946420192719,2eec3fc99b5182e63aa6883fca18999ad33baee3,outputs/cp0/eval/a1_sft_s1
a1_sft_s1,a1_sft,1,1,sft,8000,7,19,1,1.0,libero_goal,1532.9946420192719,2eec3fc99b5182e63aa6883fca18999ad33baee3,outputs/cp0/eval/a1_sft_s1
a1_sft_s1,a1_sft,1,1,sft,8000,8,0,1,1.0,libero_goal,1532.9946420192719,2eec3fc99b5182e63aa6883fca18999ad33baee3,outputs/cp0/eval/a1_sft_s1
a1_sft_s1,a1_sft,1,1,sft,8000,8,1,0,0.0,libero_goal,1532.9946420192719,2eec3fc99b5182e63aa6883fca18999ad33baee3,outputs/cp0/eval/a1_sft_s1
a1_sft_s1,a1_sft,1,1,sft,8000,8,2,1,1.0,libero_goal,1532.9946420192719,2eec3fc99b5182e63aa6883fca18999ad33baee3,outputs/cp0/eval/a1_sft_s1
a1_sft_s1,a1_sft,1,1,sft,8000,8,3,1,1.0,libero_goal,1532.9946420192719,2eec3fc99b5182e63aa6883fca18999ad33baee3,outputs/cp0/eval/a1_sft_s1
a1_sft_s1,a1_sft,1,1,sft,8000,8,4,1,1.0,libero_goal,1532.9946420192719,2eec3fc99b5182e63aa6883fca18999ad33baee3,outputs/cp0/eval/a1_sft_s1
a1_sft_s1,a1_sft,1,1,sft,8000,8,5,1,1.0,libero_goal,1532.9946420192719,2eec3fc99b5182e63aa6883fca18999ad33baee3,outputs/cp0/eval/a1_sft_s1
a1_sft_s1,a1_sft,1,1,sft,8000,8,6,1,1.0,libero_goal,1532.9946420192719,2eec3fc99b5182e63aa6883fca18999ad33baee3,outputs/cp0/eval/a1_sft_s1
a1_sft_s1,a1_sft,1,1,sft,8000,8,7,1,1.0,libero_goal,1532.9946420192719,2eec3fc99b5182e63aa6883fca18999ad33baee3,outputs/cp0/eval/a1_sft_s1
a1_sft_s1,a1_sft,1,1,sft,8000,8,8,1,1.0,libero_goal,1532.9946420192719,2eec3fc99b5182e63aa6883fca18999ad33baee3,outputs/cp0/eval/a1_sft_s1
a1_sft_s1,a1_sft,1,1,sft,8000,8,9,1,1.0,libero_goal,1532.9946420192719,2eec3fc99b5182e63aa6883fca18999ad33baee3,outputs/cp0/eval/a1_sft_s1
a1_sft_s1,a1_sft,1,1,sft,8000,8,10,1,1.0,libero_goal,1532.9946420192719,2eec3fc99b5182e63aa6883fca18999ad33baee3,outputs/cp0/eval/a1_sft_s1
a1_sft_s1,a1_sft,1,1,sft,8000,8,11,1,1.0,libero_goal,1532.9946420192719,2eec3fc99b5182e63aa6883fca18999ad33baee3,outputs/cp0/eval/a1_sft_s1
a1_sft_s1,a1_sft,1,1,sft,8000,8,12,1,1.0,libero_goal,1532.9946420192719,2eec3fc99b5182e63aa6883fca18999ad33baee3,outputs/cp0/eval/a1_sft_s1
a1_sft_s1,a1_sft,1,1,sft,8000,8,13,1,1.0,libero_goal,1532.9946420192719,2eec3fc99b5182e63aa6883fca18999ad33baee3,outputs/cp0/eval/a1_sft_s1
a1_sft_s1,a1_sft,1,1,sft,8000,8,14,1,1.0,libero_goal,1532.9946420192719,2eec3fc99b5182e63aa6883fca18999ad33baee3,outputs/cp0/eval/a1_sft_s1
a1_sft_s1,a1_sft,1,1,sft,8000,8,15,1,1.0,libero_goal,1532.9946420192719,2eec3fc99b5182e63aa6883fca18999ad33baee3,outputs/cp0/eval/a1_sft_s1
a1_sft_s1,a1_sft,1,1,sft,8000,8,16,0,0.0,libero_goal,1532.9946420192719,2eec3fc99b5182e63aa6883fca18999ad33baee3,outputs/cp0/eval/a1_sft_s1
a1_sft_s1,a1_sft,1,1,sft,8000,8,17,0,0.0,libero_goal,1532.9946420192719,2eec3fc99b5182e63aa6883fca18999ad33baee3,outputs/cp0/eval/a1_sft_s1
a1_sft_s1,a1_sft,1,1,sft,8000,8,18,1,1.0,libero_goal,1532.9946420192719,2eec3fc99b5182e63aa6883fca18999ad33baee3,outputs/cp0/eval/a1_sft_s1
a1_sft_s1,a1_sft,1,1,sft,8000,8,19,1,1.0,libero_goal,1532.9946420192719,2eec3fc99b5182e63aa6883fca18999ad33baee3,outputs/cp0/eval/a1_sft_s1
a1_sft_s1,a1_sft,1,1,sft,8000,9,0,1,1.0,libero_goal,1532.9946420192719,2eec3fc99b5182e63aa6883fca18999ad33baee3,outputs/cp0/eval/a1_sft_s1
a1_sft_s1,a1_sft,1,1,sft,8000,9,1,0,0.0,libero_goal,1532.9946420192719,2eec3fc99b5182e63aa6883fca18999ad33baee3,outputs/cp0/eval/a1_sft_s1
a1_sft_s1,a1_sft,1,1,sft,8000,9,2,0,0.0,libero_goal,1532.9946420192719,2eec3fc99b5182e63aa6883fca18999ad33baee3,outputs/cp0/eval/a1_sft_s1
a1_sft_s1,a1_sft,1,1,sft,8000,9,3,0,0.0,libero_goal,1532.9946420192719,2eec3fc99b5182e63aa6883fca18999ad33baee3,outputs/cp0/eval/a1_sft_s1
a1_sft_s1,a1_sft,1,1,sft,8000,9,4,0,0.0,libero_goal,1532.9946420192719,2eec3fc99b5182e63aa6883fca18999ad33baee3,outputs/cp0/eval/a1_sft_s1
a1_sft_s1,a1_sft,1,1,sft,8000,9,5,0,0.0,libero_goal,1532.9946420192719,2eec3fc99b5182e63aa6883fca18999ad33baee3,outputs/cp0/eval/a1_sft_s1
a1_sft_s1,a1_sft,1,1,sft,8000,9,6,0,0.0,libero_goal,1532.9946420192719,2eec3fc99b5182e63aa6883fca18999ad33baee3,outputs/cp0/eval/a1_sft_s1
a1_sft_s1,a1_sft,1,1,sft,8000,9,7,1,1.0,libero_goal,1532.9946420192719,2eec3fc99b5182e63aa6883fca18999ad33baee3,outputs/cp0/eval/a1_sft_s1
a1_sft_s1,a1_sft,1,1,sft,8000,9,8,1,1.0,libero_goal,1532.9946420192719,2eec3fc99b5182e63aa6883fca18999ad33baee3,outputs/cp0/eval/a1_sft_s1
a1_sft_s1,a1_sft,1,1,sft,8000,9,9,0,0.0,libero_goal,1532.9946420192719,2eec3fc99b5182e63aa6883fca18999ad33baee3,outputs/cp0/eval/a1_sft_s1
a1_sft_s1,a1_sft,1,1,sft,8000,9,10,1,1.0,libero_goal,1532.9946420192719,2eec3fc99b5182e63aa6883fca18999ad33baee3,outputs/cp0/eval/a1_sft_s1
a1_sft_s1,a1_sft,1,1,sft,8000,9,11,1,1.0,libero_goal,1532.9946420192719,2eec3fc99b5182e63aa6883fca18999ad33baee3,outputs/cp0/eval/a1_sft_s1
a1_sft_s1,a1_sft,1,1,sft,8000,9,12,0,0.0,libero_goal,1532.9946420192719,2eec3fc99b5182e63aa6883fca18999ad33baee3,outputs/cp0/eval/a1_sft_s1
a1_sft_s1,a1_sft,1,1,sft,8000,9,13,0,0.0,libero_goal,1532.9946420192719,2eec3fc99b5182e63aa6883fca18999ad33baee3,outputs/cp0/eval/a1_sft_s1
a1_sft_s1,a1_sft,1,1,sft,8000,9,14,1,1.0,libero_goal,1532.9946420192719,2eec3fc99b5182e63aa6883fca18999ad33baee3,outputs/cp0/eval/a1_sft_s1
a1_sft_s1,a1_sft,1,1,sft,8000,9,15,0,0.0,libero_goal,1532.9946420192719,2eec3fc99b5182e63aa6883fca18999ad33baee3,outputs/cp0/eval/a1_sft_s1
a1_sft_s1,a1_sft,1,1,sft,8000,9,16,0,0.0,libero_goal,1532.9946420192719,2eec3fc99b5182e63aa6883fca18999ad33baee3,outputs/cp0/eval/a1_sft_s1
a1_sft_s1,a1_sft,1,1,sft,8000,9,17,1,1.0,libero_goal,1532.9946420192719,2eec3fc99b5182e63aa6883fca18999ad33baee3,outputs/cp0/eval/a1_sft_s1
a1_sft_s1,a1_sft,1,1,sft,8000,9,18,1,1.0,libero_goal,1532.9946420192719,2eec3fc99b5182e63aa6883fca18999ad33baee3,outputs/cp0/eval/a1_sft_s1
a1_sft_s1,a1_sft,1,1,sft,8000,9,19,0,0.0,libero_goal,1532.9946420192719,2eec3fc99b5182e63aa6883fca18999ad33baee3,outputs/cp0/eval/a1_sft_s1
a1_sft_s2,a1_sft,1,2,sft,8000,0,0,1,1.0,libero_goal,1770.4363067150116,2eec3fc99b5182e63aa6883fca18999ad33baee3,outputs/cp0/eval/a1_sft_s2
a1_sft_s2,a1_sft,1,2,sft,8000,0,1,1,1.0,libero_goal,1770.4363067150116,2eec3fc99b5182e63aa6883fca18999ad33baee3,outputs/cp0/eval/a1_sft_s2
a1_sft_s2,a1_sft,1,2,sft,8000,0,2,1,1.0,libero_goal,1770.4363067150116,2eec3fc99b5182e63aa6883fca18999ad33baee3,outputs/cp0/eval/a1_sft_s2
a1_sft_s2,a1_sft,1,2,sft,8000,0,3,1,1.0,libero_goal,1770.4363067150116,2eec3fc99b5182e63aa6883fca18999ad33baee3,outputs/cp0/eval/a1_sft_s2
a1_sft_s2,a1_sft,1,2,sft,8000,0,4,1,1.0,libero_goal,1770.4363067150116,2eec3fc99b5182e63aa6883fca18999ad33baee3,outputs/cp0/eval/a1_sft_s2
a1_sft_s2,a1_sft,1,2,sft,8000,0,5,1,1.0,libero_goal,1770.4363067150116,2eec3fc99b5182e63aa6883fca18999ad33baee3,outputs/cp0/eval/a1_sft_s2
a1_sft_s2,a1_sft,1,2,sft,8000,0,6,1,1.0,libero_goal,1770.4363067150116,2eec3fc99b5182e63aa6883fca18999ad33baee3,outputs/cp0/eval/a1_sft_s2
a1_sft_s2,a1_sft,1,2,sft,8000,0,7,1,1.0,libero_goal,1770.4363067150116,2eec3fc99b5182e63aa6883fca18999ad33baee3,outputs/cp0/eval/a1_sft_s2
a1_sft_s2,a1_sft,1,2,sft,8000,0,8,1,1.0,libero_goal,1770.4363067150116,2eec3fc99b5182e63aa6883fca18999ad33baee3,outputs/cp0/eval/a1_sft_s2
a1_sft_s2,a1_sft,1,2,sft,8000,0,9,1,1.0,libero_goal,1770.4363067150116,2eec3fc99b5182e63aa6883fca18999ad33baee3,outputs/cp0/eval/a1_sft_s2
a1_sft_s2,a1_sft,1,2,sft,8000,0,10,0,0.0,libero_goal,1770.4363067150116,2eec3fc99b5182e63aa6883fca18999ad33baee3,outputs/cp0/eval/a1_sft_s2
a1_sft_s2,a1_sft,1,2,sft,8000,0,11,0,0.0,libero_goal,1770.4363067150116,2eec3fc99b5182e63aa6883fca18999ad33baee3,outputs/cp0/eval/a1_sft_s2
a1_sft_s2,a1_sft,1,2,sft,8000,0,12,1,1.0,libero_goal,1770.4363067150116,2eec3fc99b5182e63aa6883fca18999ad33baee3,outputs/cp0/eval/a1_sft_s2
a1_sft_s2,a1_sft,1,2,sft,8000,0,13,1,1.0,libero_goal,1770.4363067150116,2eec3fc99b5182e63aa6883fca18999ad33baee3,outputs/cp0/eval/a1_sft_s2
a1_sft_s2,a1_sft,1,2,sft,8000,0,14,1,1.0,libero_goal,1770.4363067150116,2eec3fc99b5182e63aa6883fca18999ad33baee3,outputs/cp0/eval/a1_sft_s2
a1_sft_s2,a1_sft,1,2,sft,8000,0,15,1,1.0,libero_goal,1770.4363067150116,2eec3fc99b5182e63aa6883fca18999ad33baee3,outputs/cp0/eval/a1_sft_s2
a1_sft_s2,a1_sft,1,2,sft,8000,0,16,1,1.0,libero_goal,1770.4363067150116,2eec3fc99b5182e63aa6883fca18999ad33baee3,outputs/cp0/eval/a1_sft_s2
a1_sft_s2,a1_sft,1,2,sft,8000,0,17,1,1.0,libero_goal,1770.4363067150116,2eec3fc99b5182e63aa6883fca18999ad33baee3,outputs/cp0/eval/a1_sft_s2
a1_sft_s2,a1_sft,1,2,sft,8000,0,18,1,1.0,libero_goal,1770.4363067150116,2eec3fc99b5182e63aa6883fca18999ad33baee3,outputs/cp0/eval/a1_sft_s2
a1_sft_s2,a1_sft,1,2,sft,8000,0,19,1,1.0,libero_goal,1770.4363067150116,2eec3fc99b5182e63aa6883fca18999ad33baee3,outputs/cp0/eval/a1_sft_s2
a1_sft_s2,a1_sft,1,2,sft,8000,1,0,1,1.0,libero_goal,1770.4363067150116,2eec3fc99b5182e63aa6883fca18999ad33baee3,outputs/cp0/eval/a1_sft_s2
a1_sft_s2,a1_sft,1,2,sft,8000,1,1,1,1.0,libero_goal,1770.4363067150116,2eec3fc99b5182e63aa6883fca18999ad33baee3,outputs/cp0/eval/a1_sft_s2
a1_sft_s2,a1_sft,1,2,sft,8000,1,2,0,0.0,libero_goal,1770.4363067150116,2eec3fc99b5182e63aa6883fca18999ad33baee3,outputs/cp0/eval/a1_sft_s2
a1_sft_s2,a1_sft,1,2,sft,8000,1,3,1,1.0,libero_goal,1770.4363067150116,2eec3fc99b5182e63aa6883fca18999ad33baee3,outputs/cp0/eval/a1_sft_s2
a1_sft_s2,a1_sft,1,2,sft,8000,1,4,1,1.0,libero_goal,1770.4363067150116,2eec3fc99b5182e63aa6883fca18999ad33baee3,outputs/cp0/eval/a1_sft_s2
a1_sft_s2,a1_sft,1,2,sft,8000,1,5,1,1.0,libero_goal,1770.4363067150116,2eec3fc99b5182e63aa6883fca18999ad33baee3,outputs/cp0/eval/a1_sft_s2
a1_sft_s2,a1_sft,1,2,sft,8000,1,6,1,1.0,libero_goal,1770.4363067150116,2eec3fc99b5182e63aa6883fca18999ad33baee3,outputs/cp0/eval/a1_sft_s2
a1_sft_s2,a1_sft,1,2,sft,8000,1,7,1,1.0,libero_goal,1770.4363067150116,2eec3fc99b5182e63aa6883fca18999ad33baee3,outputs/cp0/eval/a1_sft_s2
a1_sft_s2,a1_sft,1,2,sft,8000,1,8,1,1.0,libero_goal,1770.4363067150116,2eec3fc99b5182e63aa6883fca18999ad33baee3,outputs/cp0/eval/a1_sft_s2
a1_sft_s2,a1_sft,1,2,sft,8000,1,9,1,1.0,libero_goal,1770.4363067150116,2eec3fc99b5182e63aa6883fca18999ad33baee3,outputs/cp0/eval/a1_sft_s2
a1_sft_s2,a1_sft,1,2,sft,8000,1,10,1,1.0,libero_goal,1770.4363067150116,2eec3fc99b5182e63aa6883fca18999ad33baee3,outputs/cp0/eval/a1_sft_s2
a1_sft_s2,a1_sft,1,2,sft,8000,1,11,1,1.0,libero_goal,1770.4363067150116,2eec3fc99b5182e63aa6883fca18999ad33baee3,outputs/cp0/eval/a1_sft_s2
a1_sft_s2,a1_sft,1,2,sft,8000,1,12,1,1.0,libero_goal,1770.4363067150116,2eec3fc99b5182e63aa6883fca18999ad33baee3,outputs/cp0/eval/a1_sft_s2
a1_sft_s2,a1_sft,1,2,sft,8000,1,13,1,1.0,libero_goal,1770.4363067150116,2eec3fc99b5182e63aa6883fca18999ad33baee3,outputs/cp0/eval/a1_sft_s2
a1_sft_s2,a1_sft,1,2,sft,8000,1,14,1,1.0,libero_goal,1770.4363067150116,2eec3fc99b5182e63aa6883fca18999ad33baee3,outputs/cp0/eval/a1_sft_s2
a1_sft_s2,a1_sft,1,2,sft,8000,1,15,1,1.0,libero_goal,1770.4363067150116,2eec3fc99b5182e63aa6883fca18999ad33baee3,outputs/cp0/eval/a1_sft_s2
a1_sft_s2,a1_sft,1,2,sft,8000,1,16,1,1.0,libero_goal,1770.4363067150116,2eec3fc99b5182e63aa6883fca18999ad33baee3,outputs/cp0/eval/a1_sft_s2
a1_sft_s2,a1_sft,1,2,sft,8000,1,17,0,0.0,libero_goal,1770.4363067150116,2eec3fc99b5182e63aa6883fca18999ad33baee3,outputs/cp0/eval/a1_sft_s2
a1_sft_s2,a1_sft,1,2,sft,8000,1,18,1,1.0,libero_goal,1770.4363067150116,2eec3fc99b5182e63aa6883fca18999ad33baee3,outputs/cp0/eval/a1_sft_s2
a1_sft_s2,a1_sft,1,2,sft,8000,1,19,1,1.0,libero_goal,1770.4363067150116,2eec3fc99b5182e63aa6883fca18999ad33baee3,outputs/cp0/eval/a1_sft_s2
a1_sft_s2,a1_sft,1,2,sft,8000,2,0,1,1.0,libero_goal,1770.4363067150116,2eec3fc99b5182e63aa6883fca18999ad33baee3,outputs/cp0/eval/a1_sft_s2
a1_sft_s2,a1_sft,1,2,sft,8000,2,1,1,1.0,libero_goal,1770.4363067150116,2eec3fc99b5182e63aa6883fca18999ad33baee3,outputs/cp0/eval/a1_sft_s2
a1_sft_s2,a1_sft,1,2,sft,8000,2,2,1,1.0,libero_goal,1770.4363067150116,2eec3fc99b5182e63aa6883fca18999ad33baee3,outputs/cp0/eval/a1_sft_s2
a1_sft_s2,a1_sft,1,2,sft,8000,2,3,1,1.0,libero_goal,1770.4363067150116,2eec3fc99b5182e63aa6883fca18999ad33baee3,outputs/cp0/eval/a1_sft_s2
a1_sft_s2,a1_sft,1,2,sft,8000,2,4,0,0.0,libero_goal,1770.4363067150116,2eec3fc99b5182e63aa6883fca18999ad33baee3,outputs/cp0/eval/a1_sft_s2
a1_sft_s2,a1_sft,1,2,sft,8000,2,5,1,1.0,libero_goal,1770.4363067150116,2eec3fc99b5182e63aa6883fca18999ad33baee3,outputs/cp0/eval/a1_sft_s2
a1_sft_s2,a1_sft,1,2,sft,8000,2,6,0,0.0,libero_goal,1770.4363067150116,2eec3fc99b5182e63aa6883fca18999ad33baee3,outputs/cp0/eval/a1_sft_s2
a1_sft_s2,a1_sft,1,2,sft,8000,2,7,0,0.0,libero_goal,1770.4363067150116,2eec3fc99b5182e63aa6883fca18999ad33baee3,outputs/cp0/eval/a1_sft_s2
a1_sft_s2,a1_sft,1,2,sft,8000,2,8,1,1.0,libero_goal,1770.4363067150116,2eec3fc99b5182e63aa6883fca18999ad33baee3,outputs/cp0/eval/a1_sft_s2
a1_sft_s2,a1_sft,1,2,sft,8000,2,9,1,1.0,libero_goal,1770.4363067150116,2eec3fc99b5182e63aa6883fca18999ad33baee3,outputs/cp0/eval/a1_sft_s2
a1_sft_s2,a1_sft,1,2,sft,8000,2,10,1,1.0,libero_goal,1770.4363067150116,2eec3fc99b5182e63aa6883fca18999ad33baee3,outputs/cp0/eval/a1_sft_s2
a1_sft_s2,a1_sft,1,2,sft,8000,2,11,0,0.0,libero_goal,1770.4363067150116,2eec3fc99b5182e63aa6883fca18999ad33baee3,outputs/cp0/eval/a1_sft_s2
a1_sft_s2,a1_sft,1,2,sft,8000,2,12,0,0.0,libero_goal,1770.4363067150116,2eec3fc99b5182e63aa6883fca18999ad33baee3,outputs/cp0/eval/a1_sft_s2
a1_sft_s2,a1_sft,1,2,sft,8000,2,13,0,0.0,libero_goal,1770.4363067150116,2eec3fc99b5182e63aa6883fca18999ad33baee3,outputs/cp0/eval/a1_sft_s2
a1_sft_s2,a1_sft,1,2,sft,8000,2,14,1,1.0,libero_goal,1770.4363067150116,2eec3fc99b5182e63aa6883fca18999ad33baee3,outputs/cp0/eval/a1_sft_s2
a1_sft_s2,a1_sft,1,2,sft,8000,2,15,0,0.0,libero_goal,1770.4363067150116,2eec3fc99b5182e63aa6883fca18999ad33baee3,outputs/cp0/eval/a1_sft_s2
a1_sft_s2,a1_sft,1,2,sft,8000,2,16,1,1.0,libero_goal,1770.4363067150116,2eec3fc99b5182e63aa6883fca18999ad33baee3,outputs/cp0/eval/a1_sft_s2
a1_sft_s2,a1_sft,1,2,sft,8000,2,17,0,0.0,libero_goal,1770.4363067150116,2eec3fc99b5182e63aa6883fca18999ad33baee3,outputs/cp0/eval/a1_sft_s2
a1_sft_s2,a1_sft,1,2,sft,8000,2,18,1,1.0,libero_goal,1770.4363067150116,2eec3fc99b5182e63aa6883fca18999ad33baee3,outputs/cp0/eval/a1_sft_s2
a1_sft_s2,a1_sft,1,2,sft,8000,2,19,1,1.0,libero_goal,1770.4363067150116,2eec3fc99b5182e63aa6883fca18999ad33baee3,outputs/cp0/eval/a1_sft_s2
a1_sft_s2,a1_sft,1,2,sft,8000,3,0,0,0.0,libero_goal,1770.4363067150116,2eec3fc99b5182e63aa6883fca18999ad33baee3,outputs/cp0/eval/a1_sft_s2
a1_sft_s2,a1_sft,1,2,sft,8000,3,1,0,0.0,libero_goal,1770.4363067150116,2eec3fc99b5182e63aa6883fca18999ad33baee3,outputs/cp0/eval/a1_sft_s2
a1_sft_s2,a1_sft,1,2,sft,8000,3,2,0,0.0,libero_goal,1770.4363067150116,2eec3fc99b5182e63aa6883fca18999ad33baee3,outputs/cp0/eval/a1_sft_s2
a1_sft_s2,a1_sft,1,2,sft,8000,3,3,0,0.0,libero_goal,1770.4363067150116,2eec3fc99b5182e63aa6883fca18999ad33baee3,outputs/cp0/eval/a1_sft_s2
a1_sft_s2,a1_sft,1,2,sft,8000,3,4,0,0.0,libero_goal,1770.4363067150116,2eec3fc99b5182e63aa6883fca18999ad33baee3,outputs/cp0/eval/a1_sft_s2
a1_sft_s2,a1_sft,1,2,sft,8000,3,5,0,0.0,libero_goal,1770.4363067150116,2eec3fc99b5182e63aa6883fca18999ad33baee3,outputs/cp0/eval/a1_sft_s2
a1_sft_s2,a1_sft,1,2,sft,8000,3,6,0,0.0,libero_goal,1770.4363067150116,2eec3fc99b5182e63aa6883fca18999ad33baee3,outputs/cp0/eval/a1_sft_s2
a1_sft_s2,a1_sft,1,2,sft,8000,3,7,0,0.0,libero_goal,1770.4363067150116,2eec3fc99b5182e63aa6883fca18999ad33baee3,outputs/cp0/eval/a1_sft_s2
a1_sft_s2,a1_sft,1,2,sft,8000,3,8,0,0.0,libero_goal,1770.4363067150116,2eec3fc99b5182e63aa6883fca18999ad33baee3,outputs/cp0/eval/a1_sft_s2
a1_sft_s2,a1_sft,1,2,sft,8000,3,9,0,0.0,libero_goal,1770.4363067150116,2eec3fc99b5182e63aa6883fca18999ad33baee3,outputs/cp0/eval/a1_sft_s2
a1_sft_s2,a1_sft,1,2,sft,8000,3,10,0,0.0,libero_goal,1770.4363067150116,2eec3fc99b5182e63aa6883fca18999ad33baee3,outputs/cp0/eval/a1_sft_s2
a1_sft_s2,a1_sft,1,2,sft,8000,3,11,0,0.0,libero_goal,1770.4363067150116,2eec3fc99b5182e63aa6883fca18999ad33baee3,outputs/cp0/eval/a1_sft_s2
a1_sft_s2,a1_sft,1,2,sft,8000,3,12,1,1.0,libero_goal,1770.4363067150116,2eec3fc99b5182e63aa6883fca18999ad33baee3,outputs/cp0/eval/a1_sft_s2
a1_sft_s2,a1_sft,1,2,sft,8000,3,13,1,1.0,libero_goal,1770.4363067150116,2eec3fc99b5182e63aa6883fca18999ad33baee3,outputs/cp0/eval/a1_sft_s2
a1_sft_s2,a1_sft,1,2,sft,8000,3,14,0,0.0,libero_goal,1770.4363067150116,2eec3fc99b5182e63aa6883fca18999ad33baee3,outputs/cp0/eval/a1_sft_s2
a1_sft_s2,a1_sft,1,2,sft,8000,3,15,1,1.0,libero_goal,1770.4363067150116,2eec3fc99b5182e63aa6883fca18999ad33baee3,outputs/cp0/eval/a1_sft_s2
a1_sft_s2,a1_sft,1,2,sft,8000,3,16,0,0.0,libero_goal,1770.4363067150116,2eec3fc99b5182e63aa6883fca18999ad33baee3,outputs/cp0/eval/a1_sft_s2
a1_sft_s2,a1_sft,1,2,sft,8000,3,17,1,1.0,libero_goal,1770.4363067150116,2eec3fc99b5182e63aa6883fca18999ad33baee3,outputs/cp0/eval/a1_sft_s2
a1_sft_s2,a1_sft,1,2,sft,8000,3,18,0,0.0,libero_goal,1770.4363067150116,2eec3fc99b5182e63aa6883fca18999ad33baee3,outputs/cp0/eval/a1_sft_s2
a1_sft_s2,a1_sft,1,2,sft,8000,3,19,0,0.0,libero_goal,1770.4363067150116,2eec3fc99b5182e63aa6883fca18999ad33baee3,outputs/cp0/eval/a1_sft_s2
a1_sft_s2,a1_sft,1,2,sft,8000,4,0,0,0.0,libero_goal,1770.4363067150116,2eec3fc99b5182e63aa6883fca18999ad33baee3,outputs/cp0/eval/a1_sft_s2
a1_sft_s2,a1_sft,1,2,sft,8000,4,1,0,0.0,libero_goal,1770.4363067150116,2eec3fc99b5182e63aa6883fca18999ad33baee3,outputs/cp0/eval/a1_sft_s2
a1_sft_s2,a1_sft,1,2,sft,8000,4,2,1,1.0,libero_goal,1770.4363067150116,2eec3fc99b5182e63aa6883fca18999ad33baee3,outputs/cp0/eval/a1_sft_s2
a1_sft_s2,a1_sft,1,2,sft,8000,4,3,0,0.0,libero_goal,1770.4363067150116,2eec3fc99b5182e63aa6883fca18999ad33baee3,outputs/cp0/eval/a1_sft_s2
a1_sft_s2,a1_sft,1,2,sft,8000,4,4,0,0.0,libero_goal,1770.4363067150116,2eec3fc99b5182e63aa6883fca18999ad33baee3,outputs/cp0/eval/a1_sft_s2
a1_sft_s2,a1_sft,1,2,sft,8000,4,5,0,0.0,libero_goal,1770.4363067150116,2eec3fc99b5182e63aa6883fca18999ad33baee3,outputs/cp0/eval/a1_sft_s2
a1_sft_s2,a1_sft,1,2,sft,8000,4,6,1,1.0,libero_goal,1770.4363067150116,2eec3fc99b5182e63aa6883fca18999ad33baee3,outputs/cp0/eval/a1_sft_s2
a1_sft_s2,a1_sft,1,2,sft,8000,4,7,0,0.0,libero_goal,1770.4363067150116,2eec3fc99b5182e63aa6883fca18999ad33baee3,outputs/cp0/eval/a1_sft_s2
a1_sft_s2,a1_sft,1,2,sft,8000,4,8,0,0.0,libero_goal,1770.4363067150116,2eec3fc99b5182e63aa6883fca18999ad33baee3,outputs/cp0/eval/a1_sft_s2
a1_sft_s2,a1_sft,1,2,sft,8000,4,9,0,0.0,libero_goal,1770.4363067150116,2eec3fc99b5182e63aa6883fca18999ad33baee3,outputs/cp0/eval/a1_sft_s2
a1_sft_s2,a1_sft,1,2,sft,8000,4,10,0,0.0,libero_goal,1770.4363067150116,2eec3fc99b5182e63aa6883fca18999ad33baee3,outputs/cp0/eval/a1_sft_s2
a1_sft_s2,a1_sft,1,2,sft,8000,4,11,1,1.0,libero_goal,1770.4363067150116,2eec3fc99b5182e63aa6883fca18999ad33baee3,outputs/cp0/eval/a1_sft_s2
a1_sft_s2,a1_sft,1,2,sft,8000,4,12,1,1.0,libero_goal,1770.4363067150116,2eec3fc99b5182e63aa6883fca18999ad33baee3,outputs/cp0/eval/a1_sft_s2
a1_sft_s2,a1_sft,1,2,sft,8000,4,13,1,1.0,libero_goal,1770.4363067150116,2eec3fc99b5182e63aa6883fca18999ad33baee3,outputs/cp0/eval/a1_sft_s2
a1_sft_s2,a1_sft,1,2,sft,8000,4,14,0,0.0,libero_goal,1770.4363067150116,2eec3fc99b5182e63aa6883fca18999ad33baee3,outputs/cp0/eval/a1_sft_s2
a1_sft_s2,a1_sft,1,2,sft,8000,4,15,0,0.0,libero_goal,1770.4363067150116,2eec3fc99b5182e63aa6883fca18999ad33baee3,outputs/cp0/eval/a1_sft_s2
a1_sft_s2,a1_sft,1,2,sft,8000,4,16,0,0.0,libero_goal,1770.4363067150116,2eec3fc99b5182e63aa6883fca18999ad33baee3,outputs/cp0/eval/a1_sft_s2
a1_sft_s2,a1_sft,1,2,sft,8000,4,17,0,0.0,libero_goal,1770.4363067150116,2eec3fc99b5182e63aa6883fca18999ad33baee3,outputs/cp0/eval/a1_sft_s2
a1_sft_s2,a1_sft,1,2,sft,8000,4,18,0,0.0,libero_goal,1770.4363067150116,2eec3fc99b5182e63aa6883fca18999ad33baee3,outputs/cp0/eval/a1_sft_s2
a1_sft_s2,a1_sft,1,2,sft,8000,4,19,0,0.0,libero_goal,1770.4363067150116,2eec3fc99b5182e63aa6883fca18999ad33baee3,outputs/cp0/eval/a1_sft_s2
a1_sft_s2,a1_sft,1,2,sft,8000,5,0,1,1.0,libero_goal,1770.4363067150116,2eec3fc99b5182e63aa6883fca18999ad33baee3,outputs/cp0/eval/a1_sft_s2
a1_sft_s2,a1_sft,1,2,sft,8000,5,1,1,1.0,libero_goal,1770.4363067150116,2eec3fc99b5182e63aa6883fca18999ad33baee3,outputs/cp0/eval/a1_sft_s2
a1_sft_s2,a1_sft,1,2,sft,8000,5,2,1,1.0,libero_goal,1770.4363067150116,2eec3fc99b5182e63aa6883fca18999ad33baee3,outputs/cp0/eval/a1_sft_s2
a1_sft_s2,a1_sft,1,2,sft,8000,5,3,0,0.0,libero_goal,1770.4363067150116,2eec3fc99b5182e63aa6883fca18999ad33baee3,outputs/cp0/eval/a1_sft_s2
a1_sft_s2,a1_sft,1,2,sft,8000,5,4,1,1.0,libero_goal,1770.4363067150116,2eec3fc99b5182e63aa6883fca18999ad33baee3,outputs/cp0/eval/a1_sft_s2
a1_sft_s2,a1_sft,1,2,sft,8000,5,5,1,1.0,libero_goal,1770.4363067150116,2eec3fc99b5182e63aa6883fca18999ad33baee3,outputs/cp0/eval/a1_sft_s2
a1_sft_s2,a1_sft,1,2,sft,8000,5,6,0,0.0,libero_goal,1770.4363067150116,2eec3fc99b5182e63aa6883fca18999ad33baee3,outputs/cp0/eval/a1_sft_s2
a1_sft_s2,a1_sft,1,2,sft,8000,5,7,0,0.0,libero_goal,1770.4363067150116,2eec3fc99b5182e63aa6883fca18999ad33baee3,outputs/cp0/eval/a1_sft_s2
a1_sft_s2,a1_sft,1,2,sft,8000,5,8,1,1.0,libero_goal,1770.4363067150116,2eec3fc99b5182e63aa6883fca18999ad33baee3,outputs/cp0/eval/a1_sft_s2
a1_sft_s2,a1_sft,1,2,sft,8000,5,9,1,1.0,libero_goal,1770.4363067150116,2eec3fc99b5182e63aa6883fca18999ad33baee3,outputs/cp0/eval/a1_sft_s2
a1_sft_s2,a1_sft,1,2,sft,8000,5,10,1,1.0,libero_goal,1770.4363067150116,2eec3fc99b5182e63aa6883fca18999ad33baee3,outputs/cp0/eval/a1_sft_s2
a1_sft_s2,a1_sft,1,2,sft,8000,5,11,1,1.0,libero_goal,1770.4363067150116,2eec3fc99b5182e63aa6883fca18999ad33baee3,outputs/cp0/eval/a1_sft_s2
a1_sft_s2,a1_sft,1,2,sft,8000,5,12,0,0.0,libero_goal,1770.4363067150116,2eec3fc99b5182e63aa6883fca18999ad33baee3,outputs/cp0/eval/a1_sft_s2
a1_sft_s2,a1_sft,1,2,sft,8000,5,13,0,0.0,libero_goal,1770.4363067150116,2eec3fc99b5182e63aa6883fca18999ad33baee3,outputs/cp0/eval/a1_sft_s2
a1_sft_s2,a1_sft,1,2,sft,8000,5,14,0,0.0,libero_goal,1770.4363067150116,2eec3fc99b5182e63aa6883fca18999ad33baee3,outputs/cp0/eval/a1_sft_s2
a1_sft_s2,a1_sft,1,2,sft,8000,5,15,1,1.0,libero_goal,1770.4363067150116,2eec3fc99b5182e63aa6883fca18999ad33baee3,outputs/cp0/eval/a1_sft_s2
a1_sft_s2,a1_sft,1,2,sft,8000,5,16,0,0.0,libero_goal,1770.4363067150116,2eec3fc99b5182e63aa6883fca18999ad33baee3,outputs/cp0/eval/a1_sft_s2
a1_sft_s2,a1_sft,1,2,sft,8000,5,17,1,1.0,libero_goal,1770.4363067150116,2eec3fc99b5182e63aa6883fca18999ad33baee3,outputs/cp0/eval/a1_sft_s2
a1_sft_s2,a1_sft,1,2,sft,8000,5,18,1,1.0,libero_goal,1770.4363067150116,2eec3fc99b5182e63aa6883fca18999ad33baee3,outputs/cp0/eval/a1_sft_s2
a1_sft_s2,a1_sft,1,2,sft,8000,5,19,1,1.0,libero_goal,1770.4363067150116,2eec3fc99b5182e63aa6883fca18999ad33baee3,outputs/cp0/eval/a1_sft_s2
a1_sft_s2,a1_sft,1,2,sft,8000,6,0,0,0.0,libero_goal,1770.4363067150116,2eec3fc99b5182e63aa6883fca18999ad33baee3,outputs/cp0/eval/a1_sft_s2
a1_sft_s2,a1_sft,1,2,sft,8000,6,1,1,1.0,libero_goal,1770.4363067150116,2eec3fc99b5182e63aa6883fca18999ad33baee3,outputs/cp0/eval/a1_sft_s2
a1_sft_s2,a1_sft,1,2,sft,8000,6,2,1,1.0,libero_goal,1770.4363067150116,2eec3fc99b5182e63aa6883fca18999ad33baee3,outputs/cp0/eval/a1_sft_s2
a1_sft_s2,a1_sft,1,2,sft,8000,6,3,0,0.0,libero_goal,1770.4363067150116,2eec3fc99b5182e63aa6883fca18999ad33baee3,outputs/cp0/eval/a1_sft_s2
a1_sft_s2,a1_sft,1,2,sft,8000,6,4,1,1.0,libero_goal,1770.4363067150116,2eec3fc99b5182e63aa6883fca18999ad33baee3,outputs/cp0/eval/a1_sft_s2
a1_sft_s2,a1_sft,1,2,sft,8000,6,5,0,0.0,libero_goal,1770.4363067150116,2eec3fc99b5182e63aa6883fca18999ad33baee3,outputs/cp0/eval/a1_sft_s2
a1_sft_s2,a1_sft,1,2,sft,8000,6,6,1,1.0,libero_goal,1770.4363067150116,2eec3fc99b5182e63aa6883fca18999ad33baee3,outputs/cp0/eval/a1_sft_s2
a1_sft_s2,a1_sft,1,2,sft,8000,6,7,0,0.0,libero_goal,1770.4363067150116,2eec3fc99b5182e63aa6883fca18999ad33baee3,outputs/cp0/eval/a1_sft_s2
a1_sft_s2,a1_sft,1,2,sft,8000,6,8,1,1.0,libero_goal,1770.4363067150116,2eec3fc99b5182e63aa6883fca18999ad33baee3,outputs/cp0/eval/a1_sft_s2
a1_sft_s2,a1_sft,1,2,sft,8000,6,9,0,0.0,libero_goal,1770.4363067150116,2eec3fc99b5182e63aa6883fca18999ad33baee3,outputs/cp0/eval/a1_sft_s2
a1_sft_s2,a1_sft,1,2,sft,8000,6,10,1,1.0,libero_goal,1770.4363067150116,2eec3fc99b5182e63aa6883fca18999ad33baee3,outputs/cp0/eval/a1_sft_s2
a1_sft_s2,a1_sft,1,2,sft,8000,6,11,1,1.0,libero_goal,1770.4363067150116,2eec3fc99b5182e63aa6883fca18999ad33baee3,outputs/cp0/eval/a1_sft_s2
a1_sft_s2,a1_sft,1,2,sft,8000,6,12,1,1.0,libero_goal,1770.4363067150116,2eec3fc99b5182e63aa6883fca18999ad33baee3,outputs/cp0/eval/a1_sft_s2
a1_sft_s2,a1_sft,1,2,sft,8000,6,13,0,0.0,libero_goal,1770.4363067150116,2eec3fc99b5182e63aa6883fca18999ad33baee3,outputs/cp0/eval/a1_sft_s2
a1_sft_s2,a1_sft,1,2,sft,8000,6,14,1,1.0,libero_goal,1770.4363067150116,2eec3fc99b5182e63aa6883fca18999ad33baee3,outputs/cp0/eval/a1_sft_s2
a1_sft_s2,a1_sft,1,2,sft,8000,6,15,1,1.0,libero_goal,1770.4363067150116,2eec3fc99b5182e63aa6883fca18999ad33baee3,outputs/cp0/eval/a1_sft_s2
a1_sft_s2,a1_sft,1,2,sft,8000,6,16,0,0.0,libero_goal,1770.4363067150116,2eec3fc99b5182e63aa6883fca18999ad33baee3,outputs/cp0/eval/a1_sft_s2
a1_sft_s2,a1_sft,1,2,sft,8000,6,17,0,0.0,libero_goal,1770.4363067150116,2eec3fc99b5182e63aa6883fca18999ad33baee3,outputs/cp0/eval/a1_sft_s2
a1_sft_s2,a1_sft,1,2,sft,8000,6,18,1,1.0,libero_goal,1770.4363067150116,2eec3fc99b5182e63aa6883fca18999ad33baee3,outputs/cp0/eval/a1_sft_s2
a1_sft_s2,a1_sft,1,2,sft,8000,6,19,1,1.0,libero_goal,1770.4363067150116,2eec3fc99b5182e63aa6883fca18999ad33baee3,outputs/cp0/eval/a1_sft_s2
a1_sft_s2,a1_sft,1,2,sft,8000,7,0,1,1.0,libero_goal,1770.4363067150116,2eec3fc99b5182e63aa6883fca18999ad33baee3,outputs/cp0/eval/a1_sft_s2
a1_sft_s2,a1_sft,1,2,sft,8000,7,1,1,1.0,libero_goal,1770.4363067150116,2eec3fc99b5182e63aa6883fca18999ad33baee3,outputs/cp0/eval/a1_sft_s2
a1_sft_s2,a1_sft,1,2,sft,8000,7,2,0,0.0,libero_goal,1770.4363067150116,2eec3fc99b5182e63aa6883fca18999ad33baee3,outputs/cp0/eval/a1_sft_s2
a1_sft_s2,a1_sft,1,2,sft,8000,7,3,1,1.0,libero_goal,1770.4363067150116,2eec3fc99b5182e63aa6883fca18999ad33baee3,outputs/cp0/eval/a1_sft_s2
a1_sft_s2,a1_sft,1,2,sft,8000,7,4,1,1.0,libero_goal,1770.4363067150116,2eec3fc99b5182e63aa6883fca18999ad33baee3,outputs/cp0/eval/a1_sft_s2
a1_sft_s2,a1_sft,1,2,sft,8000,7,5,1,1.0,libero_goal,1770.4363067150116,2eec3fc99b5182e63aa6883fca18999ad33baee3,outputs/cp0/eval/a1_sft_s2
a1_sft_s2,a1_sft,1,2,sft,8000,7,6,1,1.0,libero_goal,1770.4363067150116,2eec3fc99b5182e63aa6883fca18999ad33baee3,outputs/cp0/eval/a1_sft_s2
a1_sft_s2,a1_sft,1,2,sft,8000,7,7,1,1.0,libero_goal,1770.4363067150116,2eec3fc99b5182e63aa6883fca18999ad33baee3,outputs/cp0/eval/a1_sft_s2
a1_sft_s2,a1_sft,1,2,sft,8000,7,8,1,1.0,libero_goal,1770.4363067150116,2eec3fc99b5182e63aa6883fca18999ad33baee3,outputs/cp0/eval/a1_sft_s2
a1_sft_s2,a1_sft,1,2,sft,8000,7,9,0,0.0,libero_goal,1770.4363067150116,2eec3fc99b5182e63aa6883fca18999ad33baee3,outputs/cp0/eval/a1_sft_s2
a1_sft_s2,a1_sft,1,2,sft,8000,7,10,1,1.0,libero_goal,1770.4363067150116,2eec3fc99b5182e63aa6883fca18999ad33baee3,outputs/cp0/eval/a1_sft_s2
a1_sft_s2,a1_sft,1,2,sft,8000,7,11,1,1.0,libero_goal,1770.4363067150116,2eec3fc99b5182e63aa6883fca18999ad33baee3,outputs/cp0/eval/a1_sft_s2
a1_sft_s2,a1_sft,1,2,sft,8000,7,12,0,0.0,libero_goal,1770.4363067150116,2eec3fc99b5182e63aa6883fca18999ad33baee3,outputs/cp0/eval/a1_sft_s2
a1_sft_s2,a1_sft,1,2,sft,8000,7,13,1,1.0,libero_goal,1770.4363067150116,2eec3fc99b5182e63aa6883fca18999ad33baee3,outputs/cp0/eval/a1_sft_s2
a1_sft_s2,a1_sft,1,2,sft,8000,7,14,0,0.0,libero_goal,1770.4363067150116,2eec3fc99b5182e63aa6883fca18999ad33baee3,outputs/cp0/eval/a1_sft_s2
a1_sft_s2,a1_sft,1,2,sft,8000,7,15,0,0.0,libero_goal,1770.4363067150116,2eec3fc99b5182e63aa6883fca18999ad33baee3,outputs/cp0/eval/a1_sft_s2
a1_sft_s2,a1_sft,1,2,sft,8000,7,16,1,1.0,libero_goal,1770.4363067150116,2eec3fc99b5182e63aa6883fca18999ad33baee3,outputs/cp0/eval/a1_sft_s2
a1_sft_s2,a1_sft,1,2,sft,8000,7,17,0,0.0,libero_goal,1770.4363067150116,2eec3fc99b5182e63aa6883fca18999ad33baee3,outputs/cp0/eval/a1_sft_s2
a1_sft_s2,a1_sft,1,2,sft,8000,7,18,0,0.0,libero_goal,1770.4363067150116,2eec3fc99b5182e63aa6883fca18999ad33baee3,outputs/cp0/eval/a1_sft_s2
a1_sft_s2,a1_sft,1,2,sft,8000,7,19,0,0.0,libero_goal,1770.4363067150116,2eec3fc99b5182e63aa6883fca18999ad33baee3,outputs/cp0/eval/a1_sft_s2
a1_sft_s2,a1_sft,1,2,sft,8000,8,0,1,1.0,libero_goal,1770.4363067150116,2eec3fc99b5182e63aa6883fca18999ad33baee3,outputs/cp0/eval/a1_sft_s2
a1_sft_s2,a1_sft,1,2,sft,8000,8,1,1,1.0,libero_goal,1770.4363067150116,2eec3fc99b5182e63aa6883fca18999ad33baee3,outputs/cp0/eval/a1_sft_s2
a1_sft_s2,a1_sft,1,2,sft,8000,8,2,1,1.0,libero_goal,1770.4363067150116,2eec3fc99b5182e63aa6883fca18999ad33baee3,outputs/cp0/eval/a1_sft_s2
a1_sft_s2,a1_sft,1,2,sft,8000,8,3,1,1.0,libero_goal,1770.4363067150116,2eec3fc99b5182e63aa6883fca18999ad33baee3,outputs/cp0/eval/a1_sft_s2
a1_sft_s2,a1_sft,1,2,sft,8000,8,4,1,1.0,libero_goal,1770.4363067150116,2eec3fc99b5182e63aa6883fca18999ad33baee3,outputs/cp0/eval/a1_sft_s2
a1_sft_s2,a1_sft,1,2,sft,8000,8,5,1,1.0,libero_goal,1770.4363067150116,2eec3fc99b5182e63aa6883fca18999ad33baee3,outputs/cp0/eval/a1_sft_s2
a1_sft_s2,a1_sft,1,2,sft,8000,8,6,1,1.0,libero_goal,1770.4363067150116,2eec3fc99b5182e63aa6883fca18999ad33baee3,outputs/cp0/eval/a1_sft_s2
a1_sft_s2,a1_sft,1,2,sft,8000,8,7,1,1.0,libero_goal,1770.4363067150116,2eec3fc99b5182e63aa6883fca18999ad33baee3,outputs/cp0/eval/a1_sft_s2
a1_sft_s2,a1_sft,1,2,sft,8000,8,8,0,0.0,libero_goal,1770.4363067150116,2eec3fc99b5182e63aa6883fca18999ad33baee3,outputs/cp0/eval/a1_sft_s2
a1_sft_s2,a1_sft,1,2,sft,8000,8,9,1,1.0,libero_goal,1770.4363067150116,2eec3fc99b5182e63aa6883fca18999ad33baee3,outputs/cp0/eval/a1_sft_s2
a1_sft_s2,a1_sft,1,2,sft,8000,8,10,0,0.0,libero_goal,1770.4363067150116,2eec3fc99b5182e63aa6883fca18999ad33baee3,outputs/cp0/eval/a1_sft_s2
a1_sft_s2,a1_sft,1,2,sft,8000,8,11,1,1.0,libero_goal,1770.4363067150116,2eec3fc99b5182e63aa6883fca18999ad33baee3,outputs/cp0/eval/a1_sft_s2
a1_sft_s2,a1_sft,1,2,sft,8000,8,12,1,1.0,libero_goal,1770.4363067150116,2eec3fc99b5182e63aa6883fca18999ad33baee3,outputs/cp0/eval/a1_sft_s2
a1_sft_s2,a1_sft,1,2,sft,8000,8,13,0,0.0,libero_goal,1770.4363067150116,2eec3fc99b5182e63aa6883fca18999ad33baee3,outputs/cp0/eval/a1_sft_s2
a1_sft_s2,a1_sft,1,2,sft,8000,8,14,1,1.0,libero_goal,1770.4363067150116,2eec3fc99b5182e63aa6883fca18999ad33baee3,outputs/cp0/eval/a1_sft_s2
a1_sft_s2,a1_sft,1,2,sft,8000,8,15,1,1.0,libero_goal,1770.4363067150116,2eec3fc99b5182e63aa6883fca18999ad33baee3,outputs/cp0/eval/a1_sft_s2
a1_sft_s2,a1_sft,1,2,sft,8000,8,16,1,1.0,libero_goal,1770.4363067150116,2eec3fc99b5182e63aa6883fca18999ad33baee3,outputs/cp0/eval/a1_sft_s2
a1_sft_s2,a1_sft,1,2,sft,8000,8,17,1,1.0,libero_goal,1770.4363067150116,2eec3fc99b5182e63aa6883fca18999ad33baee3,outputs/cp0/eval/a1_sft_s2
a1_sft_s2,a1_sft,1,2,sft,8000,8,18,1,1.0,libero_goal,1770.4363067150116,2eec3fc99b5182e63aa6883fca18999ad33baee3,outputs/cp0/eval/a1_sft_s2
a1_sft_s2,a1_sft,1,2,sft,8000,8,19,1,1.0,libero_goal,1770.4363067150116,2eec3fc99b5182e63aa6883fca18999ad33baee3,outputs/cp0/eval/a1_sft_s2
a1_sft_s2,a1_sft,1,2,sft,8000,9,0,0,0.0,libero_goal,1770.4363067150116,2eec3fc99b5182e63aa6883fca18999ad33baee3,outputs/cp0/eval/a1_sft_s2
a1_sft_s2,a1_sft,1,2,sft,8000,9,1,0,0.0,libero_goal,1770.4363067150116,2eec3fc99b5182e63aa6883fca18999ad33baee3,outputs/cp0/eval/a1_sft_s2
a1_sft_s2,a1_sft,1,2,sft,8000,9,2,1,1.0,libero_goal,1770.4363067150116,2eec3fc99b5182e63aa6883fca18999ad33baee3,outputs/cp0/eval/a1_sft_s2
a1_sft_s2,a1_sft,1,2,sft,8000,9,3,0,0.0,libero_goal,1770.4363067150116,2eec3fc99b5182e63aa6883fca18999ad33baee3,outputs/cp0/eval/a1_sft_s2
a1_sft_s2,a1_sft,1,2,sft,8000,9,4,1,1.0,libero_goal,1770.4363067150116,2eec3fc99b5182e63aa6883fca18999ad33baee3,outputs/cp0/eval/a1_sft_s2
a1_sft_s2,a1_sft,1,2,sft,8000,9,5,0,0.0,libero_goal,1770.4363067150116,2eec3fc99b5182e63aa6883fca18999ad33baee3,outputs/cp0/eval/a1_sft_s2
a1_sft_s2,a1_sft,1,2,sft,8000,9,6,0,0.0,libero_goal,1770.4363067150116,2eec3fc99b5182e63aa6883fca18999ad33baee3,outputs/cp0/eval/a1_sft_s2
a1_sft_s2,a1_sft,1,2,sft,8000,9,7,0,0.0,libero_goal,1770.4363067150116,2eec3fc99b5182e63aa6883fca18999ad33baee3,outputs/cp0/eval/a1_sft_s2
a1_sft_s2,a1_sft,1,2,sft,8000,9,8,1,1.0,libero_goal,1770.4363067150116,2eec3fc99b5182e63aa6883fca18999ad33baee3,outputs/cp0/eval/a1_sft_s2
a1_sft_s2,a1_sft,1,2,sft,8000,9,9,1,1.0,libero_goal,1770.4363067150116,2eec3fc99b5182e63aa6883fca18999ad33baee3,outputs/cp0/eval/a1_sft_s2
a1_sft_s2,a1_sft,1,2,sft,8000,9,10,1,1.0,libero_goal,1770.4363067150116,2eec3fc99b5182e63aa6883fca18999ad33baee3,outputs/cp0/eval/a1_sft_s2
a1_sft_s2,a1_sft,1,2,sft,8000,9,11,1,1.0,libero_goal,1770.4363067150116,2eec3fc99b5182e63aa6883fca18999ad33baee3,outputs/cp0/eval/a1_sft_s2
a1_sft_s2,a1_sft,1,2,sft,8000,9,12,1,1.0,libero_goal,1770.4363067150116,2eec3fc99b5182e63aa6883fca18999ad33baee3,outputs/cp0/eval/a1_sft_s2
a1_sft_s2,a1_sft,1,2,sft,8000,9,13,1,1.0,libero_goal,1770.4363067150116,2eec3fc99b5182e63aa6883fca18999ad33baee3,outputs/cp0/eval/a1_sft_s2
a1_sft_s2,a1_sft,1,2,sft,8000,9,14,0,0.0,libero_goal,1770.4363067150116,2eec3fc99b5182e63aa6883fca18999ad33baee3,outputs/cp0/eval/a1_sft_s2
a1_sft_s2,a1_sft,1,2,sft,8000,9,15,0,0.0,libero_goal,1770.4363067150116,2eec3fc99b5182e63aa6883fca18999ad33baee3,outputs/cp0/eval/a1_sft_s2
a1_sft_s2,a1_sft,1,2,sft,8000,9,16,0,0.0,libero_goal,1770.4363067150116,2eec3fc99b5182e63aa6883fca18999ad33baee3,outputs/cp0/eval/a1_sft_s2
a1_sft_s2,a1_sft,1,2,sft,8000,9,17,0,0.0,libero_goal,1770.4363067150116,2eec3fc99b5182e63aa6883fca18999ad33baee3,outputs/cp0/eval/a1_sft_s2
a1_sft_s2,a1_sft,1,2,sft,8000,9,18,1,1.0,libero_goal,1770.4363067150116,2eec3fc99b5182e63aa6883fca18999ad33baee3,outputs/cp0/eval/a1_sft_s2
a1_sft_s2,a1_sft,1,2,sft,8000,9,19,0,0.0,libero_goal,1770.4363067150116,2eec3fc99b5182e63aa6883fca18999ad33baee3,outputs/cp0/eval/a1_sft_s2
a25_sft_s0,a25_sft,25,0,sft,8000,0,0,1,1.0,libero_goal,1551.2799298763275,2eec3fc99b5182e63aa6883fca18999ad33baee3,outputs/cp0/eval/a25_sft_s0
a25_sft_s0,a25_sft,25,0,sft,8000,0,1,1,1.0,libero_goal,1551.2799298763275,2eec3fc99b5182e63aa6883fca18999ad33baee3,outputs/cp0/eval/a25_sft_s0
a25_sft_s0,a25_sft,25,0,sft,8000,0,2,1,1.0,libero_goal,1551.2799298763275,2eec3fc99b5182e63aa6883fca18999ad33baee3,outputs/cp0/eval/a25_sft_s0
a25_sft_s0,a25_sft,25,0,sft,8000,0,3,1,1.0,libero_goal,1551.2799298763275,2eec3fc99b5182e63aa6883fca18999ad33baee3,outputs/cp0/eval/a25_sft_s0
a25_sft_s0,a25_sft,25,0,sft,8000,0,4,1,1.0,libero_goal,1551.2799298763275,2eec3fc99b5182e63aa6883fca18999ad33baee3,outputs/cp0/eval/a25_sft_s0
a25_sft_s0,a25_sft,25,0,sft,8000,0,5,1,1.0,libero_goal,1551.2799298763275,2eec3fc99b5182e63aa6883fca18999ad33baee3,outputs/cp0/eval/a25_sft_s0
a25_sft_s0,a25_sft,25,0,sft,8000,0,6,1,1.0,libero_goal,1551.2799298763275,2eec3fc99b5182e63aa6883fca18999ad33baee3,outputs/cp0/eval/a25_sft_s0
a25_sft_s0,a25_sft,25,0,sft,8000,0,7,1,1.0,libero_goal,1551.2799298763275,2eec3fc99b5182e63aa6883fca18999ad33baee3,outputs/cp0/eval/a25_sft_s0
a25_sft_s0,a25_sft,25,0,sft,8000,0,8,1,1.0,libero_goal,1551.2799298763275,2eec3fc99b5182e63aa6883fca18999ad33baee3,outputs/cp0/eval/a25_sft_s0
a25_sft_s0,a25_sft,25,0,sft,8000,0,9,1,1.0,libero_goal,1551.2799298763275,2eec3fc99b5182e63aa6883fca18999ad33baee3,outputs/cp0/eval/a25_sft_s0
a25_sft_s0,a25_sft,25,0,sft,8000,0,10,1,1.0,libero_goal,1551.2799298763275,2eec3fc99b5182e63aa6883fca18999ad33baee3,outputs/cp0/eval/a25_sft_s0
a25_sft_s0,a25_sft,25,0,sft,8000,0,11,1,1.0,libero_goal,1551.2799298763275,2eec3fc99b5182e63aa6883fca18999ad33baee3,outputs/cp0/eval/a25_sft_s0
a25_sft_s0,a25_sft,25,0,sft,8000,0,12,1,1.0,libero_goal,1551.2799298763275,2eec3fc99b5182e63aa6883fca18999ad33baee3,outputs/cp0/eval/a25_sft_s0
a25_sft_s0,a25_sft,25,0,sft,8000,0,13,1,1.0,libero_goal,1551.2799298763275,2eec3fc99b5182e63aa6883fca18999ad33baee3,outputs/cp0/eval/a25_sft_s0
a25_sft_s0,a25_sft,25,0,sft,8000,0,14,1,1.0,libero_goal,1551.2799298763275,2eec3fc99b5182e63aa6883fca18999ad33baee3,outputs/cp0/eval/a25_sft_s0
a25_sft_s0,a25_sft,25,0,sft,8000,0,15,1,1.0,libero_goal,1551.2799298763275,2eec3fc99b5182e63aa6883fca18999ad33baee3,outputs/cp0/eval/a25_sft_s0
a25_sft_s0,a25_sft,25,0,sft,8000,0,16,1,1.0,libero_goal,1551.2799298763275,2eec3fc99b5182e63aa6883fca18999ad33baee3,outputs/cp0/eval/a25_sft_s0
a25_sft_s0,a25_sft,25,0,sft,8000,0,17,1,1.0,libero_goal,1551.2799298763275,2eec3fc99b5182e63aa6883fca18999ad33baee3,outputs/cp0/eval/a25_sft_s0
a25_sft_s0,a25_sft,25,0,sft,8000,0,18,1,1.0,libero_goal,1551.2799298763275,2eec3fc99b5182e63aa6883fca18999ad33baee3,outputs/cp0/eval/a25_sft_s0
a25_sft_s0,a25_sft,25,0,sft,8000,0,19,1,1.0,libero_goal,1551.2799298763275,2eec3fc99b5182e63aa6883fca18999ad33baee3,outputs/cp0/eval/a25_sft_s0
a25_sft_s0,a25_sft,25,0,sft,8000,1,0,1,1.0,libero_goal,1551.2799298763275,2eec3fc99b5182e63aa6883fca18999ad33baee3,outputs/cp0/eval/a25_sft_s0
a25_sft_s0,a25_sft,25,0,sft,8000,1,1,1,1.0,libero_goal,1551.2799298763275,2eec3fc99b5182e63aa6883fca18999ad33baee3,outputs/cp0/eval/a25_sft_s0
a25_sft_s0,a25_sft,25,0,sft,8000,1,2,1,1.0,libero_goal,1551.2799298763275,2eec3fc99b5182e63aa6883fca18999ad33baee3,outputs/cp0/eval/a25_sft_s0
a25_sft_s0,a25_sft,25,0,sft,8000,1,3,1,1.0,libero_goal,1551.2799298763275,2eec3fc99b5182e63aa6883fca18999ad33baee3,outputs/cp0/eval/a25_sft_s0
a25_sft_s0,a25_sft,25,0,sft,8000,1,4,1,1.0,libero_goal,1551.2799298763275,2eec3fc99b5182e63aa6883fca18999ad33baee3,outputs/cp0/eval/a25_sft_s0
a25_sft_s0,a25_sft,25,0,sft,8000,1,5,1,1.0,libero_goal,1551.2799298763275,2eec3fc99b5182e63aa6883fca18999ad33baee3,outputs/cp0/eval/a25_sft_s0
a25_sft_s0,a25_sft,25,0,sft,8000,1,6,1,1.0,libero_goal,1551.2799298763275,2eec3fc99b5182e63aa6883fca18999ad33baee3,outputs/cp0/eval/a25_sft_s0
a25_sft_s0,a25_sft,25,0,sft,8000,1,7,1,1.0,libero_goal,1551.2799298763275,2eec3fc99b5182e63aa6883fca18999ad33baee3,outputs/cp0/eval/a25_sft_s0
a25_sft_s0,a25_sft,25,0,sft,8000,1,8,1,1.0,libero_goal,1551.2799298763275,2eec3fc99b5182e63aa6883fca18999ad33baee3,outputs/cp0/eval/a25_sft_s0
a25_sft_s0,a25_sft,25,0,sft,8000,1,9,1,1.0,libero_goal,1551.2799298763275,2eec3fc99b5182e63aa6883fca18999ad33baee3,outputs/cp0/eval/a25_sft_s0
a25_sft_s0,a25_sft,25,0,sft,8000,1,10,1,1.0,libero_goal,1551.2799298763275,2eec3fc99b5182e63aa6883fca18999ad33baee3,outputs/cp0/eval/a25_sft_s0
a25_sft_s0,a25_sft,25,0,sft,8000,1,11,1,1.0,libero_goal,1551.2799298763275,2eec3fc99b5182e63aa6883fca18999ad33baee3,outputs/cp0/eval/a25_sft_s0
a25_sft_s0,a25_sft,25,0,sft,8000,1,12,1,1.0,libero_goal,1551.2799298763275,2eec3fc99b5182e63aa6883fca18999ad33baee3,outputs/cp0/eval/a25_sft_s0
a25_sft_s0,a25_sft,25,0,sft,8000,1,13,1,1.0,libero_goal,1551.2799298763275,2eec3fc99b5182e63aa6883fca18999ad33baee3,outputs/cp0/eval/a25_sft_s0
a25_sft_s0,a25_sft,25,0,sft,8000,1,14,1,1.0,libero_goal,1551.2799298763275,2eec3fc99b5182e63aa6883fca18999ad33baee3,outputs/cp0/eval/a25_sft_s0
a25_sft_s0,a25_sft,25,0,sft,8000,1,15,0,0.0,libero_goal,1551.2799298763275,2eec3fc99b5182e63aa6883fca18999ad33baee3,outputs/cp0/eval/a25_sft_s0
a25_sft_s0,a25_sft,25,0,sft,8000,1,16,1,1.0,libero_goal,1551.2799298763275,2eec3fc99b5182e63aa6883fca18999ad33baee3,outputs/cp0/eval/a25_sft_s0
a25_sft_s0,a25_sft,25,0,sft,8000,1,17,1,1.0,libero_goal,1551.2799298763275,2eec3fc99b5182e63aa6883fca18999ad33baee3,outputs/cp0/eval/a25_sft_s0
a25_sft_s0,a25_sft,25,0,sft,8000,1,18,1,1.0,libero_goal,1551.2799298763275,2eec3fc99b5182e63aa6883fca18999ad33baee3,outputs/cp0/eval/a25_sft_s0
a25_sft_s0,a25_sft,25,0,sft,8000,1,19,1,1.0,libero_goal,1551.2799298763275,2eec3fc99b5182e63aa6883fca18999ad33baee3,outputs/cp0/eval/a25_sft_s0
a25_sft_s0,a25_sft,25,0,sft,8000,2,0,1,1.0,libero_goal,1551.2799298763275,2eec3fc99b5182e63aa6883fca18999ad33baee3,outputs/cp0/eval/a25_sft_s0
a25_sft_s0,a25_sft,25,0,sft,8000,2,1,0,0.0,libero_goal,1551.2799298763275,2eec3fc99b5182e63aa6883fca18999ad33baee3,outputs/cp0/eval/a25_sft_s0
a25_sft_s0,a25_sft,25,0,sft,8000,2,2,0,0.0,libero_goal,1551.2799298763275,2eec3fc99b5182e63aa6883fca18999ad33baee3,outputs/cp0/eval/a25_sft_s0
a25_sft_s0,a25_sft,25,0,sft,8000,2,3,1,1.0,libero_goal,1551.2799298763275,2eec3fc99b5182e63aa6883fca18999ad33baee3,outputs/cp0/eval/a25_sft_s0
a25_sft_s0,a25_sft,25,0,sft,8000,2,4,0,0.0,libero_goal,1551.2799298763275,2eec3fc99b5182e63aa6883fca18999ad33baee3,outputs/cp0/eval/a25_sft_s0
a25_sft_s0,a25_sft,25,0,sft,8000,2,5,1,1.0,libero_goal,1551.2799298763275,2eec3fc99b5182e63aa6883fca18999ad33baee3,outputs/cp0/eval/a25_sft_s0
a25_sft_s0,a25_sft,25,0,sft,8000,2,6,1,1.0,libero_goal,1551.2799298763275,2eec3fc99b5182e63aa6883fca18999ad33baee3,outputs/cp0/eval/a25_sft_s0
a25_sft_s0,a25_sft,25,0,sft,8000,2,7,1,1.0,libero_goal,1551.2799298763275,2eec3fc99b5182e63aa6883fca18999ad33baee3,outputs/cp0/eval/a25_sft_s0
a25_sft_s0,a25_sft,25,0,sft,8000,2,8,1,1.0,libero_goal,1551.2799298763275,2eec3fc99b5182e63aa6883fca18999ad33baee3,outputs/cp0/eval/a25_sft_s0
a25_sft_s0,a25_sft,25,0,sft,8000,2,9,1,1.0,libero_goal,1551.2799298763275,2eec3fc99b5182e63aa6883fca18999ad33baee3,outputs/cp0/eval/a25_sft_s0
a25_sft_s0,a25_sft,25,0,sft,8000,2,10,1,1.0,libero_goal,1551.2799298763275,2eec3fc99b5182e63aa6883fca18999ad33baee3,outputs/cp0/eval/a25_sft_s0
a25_sft_s0,a25_sft,25,0,sft,8000,2,11,1,1.0,libero_goal,1551.2799298763275,2eec3fc99b5182e63aa6883fca18999ad33baee3,outputs/cp0/eval/a25_sft_s0
a25_sft_s0,a25_sft,25,0,sft,8000,2,12,1,1.0,libero_goal,1551.2799298763275,2eec3fc99b5182e63aa6883fca18999ad33baee3,outputs/cp0/eval/a25_sft_s0
a25_sft_s0,a25_sft,25,0,sft,8000,2,13,0,0.0,libero_goal,1551.2799298763275,2eec3fc99b5182e63aa6883fca18999ad33baee3,outputs/cp0/eval/a25_sft_s0
a25_sft_s0,a25_sft,25,0,sft,8000,2,14,0,0.0,libero_goal,1551.2799298763275,2eec3fc99b5182e63aa6883fca18999ad33baee3,outputs/cp0/eval/a25_sft_s0
a25_sft_s0,a25_sft,25,0,sft,8000,2,15,1,1.0,libero_goal,1551.2799298763275,2eec3fc99b5182e63aa6883fca18999ad33baee3,outputs/cp0/eval/a25_sft_s0
a25_sft_s0,a25_sft,25,0,sft,8000,2,16,1,1.0,libero_goal,1551.2799298763275,2eec3fc99b5182e63aa6883fca18999ad33baee3,outputs/cp0/eval/a25_sft_s0
a25_sft_s0,a25_sft,25,0,sft,8000,2,17,1,1.0,libero_goal,1551.2799298763275,2eec3fc99b5182e63aa6883fca18999ad33baee3,outputs/cp0/eval/a25_sft_s0
a25_sft_s0,a25_sft,25,0,sft,8000,2,18,1,1.0,libero_goal,1551.2799298763275,2eec3fc99b5182e63aa6883fca18999ad33baee3,outputs/cp0/eval/a25_sft_s0
a25_sft_s0,a25_sft,25,0,sft,8000,2,19,1,1.0,libero_goal,1551.2799298763275,2eec3fc99b5182e63aa6883fca18999ad33baee3,outputs/cp0/eval/a25_sft_s0
a25_sft_s0,a25_sft,25,0,sft,8000,3,0,1,1.0,libero_goal,1551.2799298763275,2eec3fc99b5182e63aa6883fca18999ad33baee3,outputs/cp0/eval/a25_sft_s0
a25_sft_s0,a25_sft,25,0,sft,8000,3,1,1,1.0,libero_goal,1551.2799298763275,2eec3fc99b5182e63aa6883fca18999ad33baee3,outputs/cp0/eval/a25_sft_s0
a25_sft_s0,a25_sft,25,0,sft,8000,3,2,1,1.0,libero_goal,1551.2799298763275,2eec3fc99b5182e63aa6883fca18999ad33baee3,outputs/cp0/eval/a25_sft_s0
a25_sft_s0,a25_sft,25,0,sft,8000,3,3,1,1.0,libero_goal,1551.2799298763275,2eec3fc99b5182e63aa6883fca18999ad33baee3,outputs/cp0/eval/a25_sft_s0
a25_sft_s0,a25_sft,25,0,sft,8000,3,4,0,0.0,libero_goal,1551.2799298763275,2eec3fc99b5182e63aa6883fca18999ad33baee3,outputs/cp0/eval/a25_sft_s0
a25_sft_s0,a25_sft,25,0,sft,8000,3,5,0,0.0,libero_goal,1551.2799298763275,2eec3fc99b5182e63aa6883fca18999ad33baee3,outputs/cp0/eval/a25_sft_s0
a25_sft_s0,a25_sft,25,0,sft,8000,3,6,1,1.0,libero_goal,1551.2799298763275,2eec3fc99b5182e63aa6883fca18999ad33baee3,outputs/cp0/eval/a25_sft_s0
a25_sft_s0,a25_sft,25,0,sft,8000,3,7,0,0.0,libero_goal,1551.2799298763275,2eec3fc99b5182e63aa6883fca18999ad33baee3,outputs/cp0/eval/a25_sft_s0
a25_sft_s0,a25_sft,25,0,sft,8000,3,8,1,1.0,libero_goal,1551.2799298763275,2eec3fc99b5182e63aa6883fca18999ad33baee3,outputs/cp0/eval/a25_sft_s0
a25_sft_s0,a25_sft,25,0,sft,8000,3,9,0,0.0,libero_goal,1551.2799298763275,2eec3fc99b5182e63aa6883fca18999ad33baee3,outputs/cp0/eval/a25_sft_s0
a25_sft_s0,a25_sft,25,0,sft,8000,3,10,1,1.0,libero_goal,1551.2799298763275,2eec3fc99b5182e63aa6883fca18999ad33baee3,outputs/cp0/eval/a25_sft_s0
a25_sft_s0,a25_sft,25,0,sft,8000,3,11,0,0.0,libero_goal,1551.2799298763275,2eec3fc99b5182e63aa6883fca18999ad33baee3,outputs/cp0/eval/a25_sft_s0
a25_sft_s0,a25_sft,25,0,sft,8000,3,12,1,1.0,libero_goal,1551.2799298763275,2eec3fc99b5182e63aa6883fca18999ad33baee3,outputs/cp0/eval/a25_sft_s0
a25_sft_s0,a25_sft,25,0,sft,8000,3,13,1,1.0,libero_goal,1551.2799298763275,2eec3fc99b5182e63aa6883fca18999ad33baee3,outputs/cp0/eval/a25_sft_s0
a25_sft_s0,a25_sft,25,0,sft,8000,3,14,1,1.0,libero_goal,1551.2799298763275,2eec3fc99b5182e63aa6883fca18999ad33baee3,outputs/cp0/eval/a25_sft_s0
a25_sft_s0,a25_sft,25,0,sft,8000,3,15,0,0.0,libero_goal,1551.2799298763275,2eec3fc99b5182e63aa6883fca18999ad33baee3,outputs/cp0/eval/a25_sft_s0
a25_sft_s0,a25_sft,25,0,sft,8000,3,16,1,1.0,libero_goal,1551.2799298763275,2eec3fc99b5182e63aa6883fca18999ad33baee3,outputs/cp0/eval/a25_sft_s0
a25_sft_s0,a25_sft,25,0,sft,8000,3,17,0,0.0,libero_goal,1551.2799298763275,2eec3fc99b5182e63aa6883fca18999ad33baee3,outputs/cp0/eval/a25_sft_s0
a25_sft_s0,a25_sft,25,0,sft,8000,3,18,1,1.0,libero_goal,1551.2799298763275,2eec3fc99b5182e63aa6883fca18999ad33baee3,outputs/cp0/eval/a25_sft_s0
a25_sft_s0,a25_sft,25,0,sft,8000,3,19,0,0.0,libero_goal,1551.2799298763275,2eec3fc99b5182e63aa6883fca18999ad33baee3,outputs/cp0/eval/a25_sft_s0
a25_sft_s0,a25_sft,25,0,sft,8000,4,0,1,1.0,libero_goal,1551.2799298763275,2eec3fc99b5182e63aa6883fca18999ad33baee3,outputs/cp0/eval/a25_sft_s0
a25_sft_s0,a25_sft,25,0,sft,8000,4,1,1,1.0,libero_goal,1551.2799298763275,2eec3fc99b5182e63aa6883fca18999ad33baee3,outputs/cp0/eval/a25_sft_s0
a25_sft_s0,a25_sft,25,0,sft,8000,4,2,1,1.0,libero_goal,1551.2799298763275,2eec3fc99b5182e63aa6883fca18999ad33baee3,outputs/cp0/eval/a25_sft_s0
a25_sft_s0,a25_sft,25,0,sft,8000,4,3,1,1.0,libero_goal,1551.2799298763275,2eec3fc99b5182e63aa6883fca18999ad33baee3,outputs/cp0/eval/a25_sft_s0
a25_sft_s0,a25_sft,25,0,sft,8000,4,4,1,1.0,libero_goal,1551.2799298763275,2eec3fc99b5182e63aa6883fca18999ad33baee3,outputs/cp0/eval/a25_sft_s0
a25_sft_s0,a25_sft,25,0,sft,8000,4,5,1,1.0,libero_goal,1551.2799298763275,2eec3fc99b5182e63aa6883fca18999ad33baee3,outputs/cp0/eval/a25_sft_s0
a25_sft_s0,a25_sft,25,0,sft,8000,4,6,1,1.0,libero_goal,1551.2799298763275,2eec3fc99b5182e63aa6883fca18999ad33baee3,outputs/cp0/eval/a25_sft_s0
a25_sft_s0,a25_sft,25,0,sft,8000,4,7,1,1.0,libero_goal,1551.2799298763275,2eec3fc99b5182e63aa6883fca18999ad33baee3,outputs/cp0/eval/a25_sft_s0
a25_sft_s0,a25_sft,25,0,sft,8000,4,8,1,1.0,libero_goal,1551.2799298763275,2eec3fc99b5182e63aa6883fca18999ad33baee3,outputs/cp0/eval/a25_sft_s0
a25_sft_s0,a25_sft,25,0,sft,8000,4,9,1,1.0,libero_goal,1551.2799298763275,2eec3fc99b5182e63aa6883fca18999ad33baee3,outputs/cp0/eval/a25_sft_s0
a25_sft_s0,a25_sft,25,0,sft,8000,4,10,1,1.0,libero_goal,1551.2799298763275,2eec3fc99b5182e63aa6883fca18999ad33baee3,outputs/cp0/eval/a25_sft_s0
a25_sft_s0,a25_sft,25,0,sft,8000,4,11,1,1.0,libero_goal,1551.2799298763275,2eec3fc99b5182e63aa6883fca18999ad33baee3,outputs/cp0/eval/a25_sft_s0
a25_sft_s0,a25_sft,25,0,sft,8000,4,12,1,1.0,libero_goal,1551.2799298763275,2eec3fc99b5182e63aa6883fca18999ad33baee3,outputs/cp0/eval/a25_sft_s0
a25_sft_s0,a25_sft,25,0,sft,8000,4,13,1,1.0,libero_goal,1551.2799298763275,2eec3fc99b5182e63aa6883fca18999ad33baee3,outputs/cp0/eval/a25_sft_s0
a25_sft_s0,a25_sft,25,0,sft,8000,4,14,1,1.0,libero_goal,1551.2799298763275,2eec3fc99b5182e63aa6883fca18999ad33baee3,outputs/cp0/eval/a25_sft_s0
a25_sft_s0,a25_sft,25,0,sft,8000,4,15,1,1.0,libero_goal,1551.2799298763275,2eec3fc99b5182e63aa6883fca18999ad33baee3,outputs/cp0/eval/a25_sft_s0
a25_sft_s0,a25_sft,25,0,sft,8000,4,16,1,1.0,libero_goal,1551.2799298763275,2eec3fc99b5182e63aa6883fca18999ad33baee3,outputs/cp0/eval/a25_sft_s0
a25_sft_s0,a25_sft,25,0,sft,8000,4,17,0,0.0,libero_goal,1551.2799298763275,2eec3fc99b5182e63aa6883fca18999ad33baee3,outputs/cp0/eval/a25_sft_s0
a25_sft_s0,a25_sft,25,0,sft,8000,4,18,1,1.0,libero_goal,1551.2799298763275,2eec3fc99b5182e63aa6883fca18999ad33baee3,outputs/cp0/eval/a25_sft_s0
a25_sft_s0,a25_sft,25,0,sft,8000,4,19,1,1.0,libero_goal,1551.2799298763275,2eec3fc99b5182e63aa6883fca18999ad33baee3,outputs/cp0/eval/a25_sft_s0
a25_sft_s0,a25_sft,25,0,sft,8000,5,0,1,1.0,libero_goal,1551.2799298763275,2eec3fc99b5182e63aa6883fca18999ad33baee3,outputs/cp0/eval/a25_sft_s0
a25_sft_s0,a25_sft,25,0,sft,8000,5,1,1,1.0,libero_goal,1551.2799298763275,2eec3fc99b5182e63aa6883fca18999ad33baee3,outputs/cp0/eval/a25_sft_s0
a25_sft_s0,a25_sft,25,0,sft,8000,5,2,1,1.0,libero_goal,1551.2799298763275,2eec3fc99b5182e63aa6883fca18999ad33baee3,outputs/cp0/eval/a25_sft_s0
a25_sft_s0,a25_sft,25,0,sft,8000,5,3,0,0.0,libero_goal,1551.2799298763275,2eec3fc99b5182e63aa6883fca18999ad33baee3,outputs/cp0/eval/a25_sft_s0
a25_sft_s0,a25_sft,25,0,sft,8000,5,4,1,1.0,libero_goal,1551.2799298763275,2eec3fc99b5182e63aa6883fca18999ad33baee3,outputs/cp0/eval/a25_sft_s0
a25_sft_s0,a25_sft,25,0,sft,8000,5,5,1,1.0,libero_goal,1551.2799298763275,2eec3fc99b5182e63aa6883fca18999ad33baee3,outputs/cp0/eval/a25_sft_s0
a25_sft_s0,a25_sft,25,0,sft,8000,5,6,1,1.0,libero_goal,1551.2799298763275,2eec3fc99b5182e63aa6883fca18999ad33baee3,outputs/cp0/eval/a25_sft_s0
a25_sft_s0,a25_sft,25,0,sft,8000,5,7,1,1.0,libero_goal,1551.2799298763275,2eec3fc99b5182e63aa6883fca18999ad33baee3,outputs/cp0/eval/a25_sft_s0
a25_sft_s0,a25_sft,25,0,sft,8000,5,8,1,1.0,libero_goal,1551.2799298763275,2eec3fc99b5182e63aa6883fca18999ad33baee3,outputs/cp0/eval/a25_sft_s0
a25_sft_s0,a25_sft,25,0,sft,8000,5,9,1,1.0,libero_goal,1551.2799298763275,2eec3fc99b5182e63aa6883fca18999ad33baee3,outputs/cp0/eval/a25_sft_s0
a25_sft_s0,a25_sft,25,0,sft,8000,5,10,1,1.0,libero_goal,1551.2799298763275,2eec3fc99b5182e63aa6883fca18999ad33baee3,outputs/cp0/eval/a25_sft_s0
a25_sft_s0,a25_sft,25,0,sft,8000,5,11,1,1.0,libero_goal,1551.2799298763275,2eec3fc99b5182e63aa6883fca18999ad33baee3,outputs/cp0/eval/a25_sft_s0
a25_sft_s0,a25_sft,25,0,sft,8000,5,12,1,1.0,libero_goal,1551.2799298763275,2eec3fc99b5182e63aa6883fca18999ad33baee3,outputs/cp0/eval/a25_sft_s0
a25_sft_s0,a25_sft,25,0,sft,8000,5,13,1,1.0,libero_goal,1551.2799298763275,2eec3fc99b5182e63aa6883fca18999ad33baee3,outputs/cp0/eval/a25_sft_s0
a25_sft_s0,a25_sft,25,0,sft,8000,5,14,1,1.0,libero_goal,1551.2799298763275,2eec3fc99b5182e63aa6883fca18999ad33baee3,outputs/cp0/eval/a25_sft_s0
a25_sft_s0,a25_sft,25,0,sft,8000,5,15,1,1.0,libero_goal,1551.2799298763275,2eec3fc99b5182e63aa6883fca18999ad33baee3,outputs/cp0/eval/a25_sft_s0
a25_sft_s0,a25_sft,25,0,sft,8000,5,16,1,1.0,libero_goal,1551.2799298763275,2eec3fc99b5182e63aa6883fca18999ad33baee3,outputs/cp0/eval/a25_sft_s0
a25_sft_s0,a25_sft,25,0,sft,8000,5,17,1,1.0,libero_goal,1551.2799298763275,2eec3fc99b5182e63aa6883fca18999ad33baee3,outputs/cp0/eval/a25_sft_s0
a25_sft_s0,a25_sft,25,0,sft,8000,5,18,1,1.0,libero_goal,1551.2799298763275,2eec3fc99b5182e63aa6883fca18999ad33baee3,outputs/cp0/eval/a25_sft_s0
a25_sft_s0,a25_sft,25,0,sft,8000,5,19,1,1.0,libero_goal,1551.2799298763275,2eec3fc99b5182e63aa6883fca18999ad33baee3,outputs/cp0/eval/a25_sft_s0
a25_sft_s0,a25_sft,25,0,sft,8000,6,0,1,1.0,libero_goal,1551.2799298763275,2eec3fc99b5182e63aa6883fca18999ad33baee3,outputs/cp0/eval/a25_sft_s0
a25_sft_s0,a25_sft,25,0,sft,8000,6,1,1,1.0,libero_goal,1551.2799298763275,2eec3fc99b5182e63aa6883fca18999ad33baee3,outputs/cp0/eval/a25_sft_s0
a25_sft_s0,a25_sft,25,0,sft,8000,6,2,1,1.0,libero_goal,1551.2799298763275,2eec3fc99b5182e63aa6883fca18999ad33baee3,outputs/cp0/eval/a25_sft_s0
a25_sft_s0,a25_sft,25,0,sft,8000,6,3,1,1.0,libero_goal,1551.2799298763275,2eec3fc99b5182e63aa6883fca18999ad33baee3,outputs/cp0/eval/a25_sft_s0
a25_sft_s0,a25_sft,25,0,sft,8000,6,4,0,0.0,libero_goal,1551.2799298763275,2eec3fc99b5182e63aa6883fca18999ad33baee3,outputs/cp0/eval/a25_sft_s0
a25_sft_s0,a25_sft,25,0,sft,8000,6,5,0,0.0,libero_goal,1551.2799298763275,2eec3fc99b5182e63aa6883fca18999ad33baee3,outputs/cp0/eval/a25_sft_s0
a25_sft_s0,a25_sft,25,0,sft,8000,6,6,1,1.0,libero_goal,1551.2799298763275,2eec3fc99b5182e63aa6883fca18999ad33baee3,outputs/cp0/eval/a25_sft_s0
a25_sft_s0,a25_sft,25,0,sft,8000,6,7,1,1.0,libero_goal,1551.2799298763275,2eec3fc99b5182e63aa6883fca18999ad33baee3,outputs/cp0/eval/a25_sft_s0
a25_sft_s0,a25_sft,25,0,sft,8000,6,8,1,1.0,libero_goal,1551.2799298763275,2eec3fc99b5182e63aa6883fca18999ad33baee3,outputs/cp0/eval/a25_sft_s0
a25_sft_s0,a25_sft,25,0,sft,8000,6,9,1,1.0,libero_goal,1551.2799298763275,2eec3fc99b5182e63aa6883fca18999ad33baee3,outputs/cp0/eval/a25_sft_s0
a25_sft_s0,a25_sft,25,0,sft,8000,6,10,0,0.0,libero_goal,1551.2799298763275,2eec3fc99b5182e63aa6883fca18999ad33baee3,outputs/cp0/eval/a25_sft_s0
a25_sft_s0,a25_sft,25,0,sft,8000,6,11,1,1.0,libero_goal,1551.2799298763275,2eec3fc99b5182e63aa6883fca18999ad33baee3,outputs/cp0/eval/a25_sft_s0
a25_sft_s0,a25_sft,25,0,sft,8000,6,12,0,0.0,libero_goal,1551.2799298763275,2eec3fc99b5182e63aa6883fca18999ad33baee3,outputs/cp0/eval/a25_sft_s0
a25_sft_s0,a25_sft,25,0,sft,8000,6,13,1,1.0,libero_goal,1551.2799298763275,2eec3fc99b5182e63aa6883fca18999ad33baee3,outputs/cp0/eval/a25_sft_s0
a25_sft_s0,a25_sft,25,0,sft,8000,6,14,0,0.0,libero_goal,1551.2799298763275,2eec3fc99b5182e63aa6883fca18999ad33baee3,outputs/cp0/eval/a25_sft_s0
a25_sft_s0,a25_sft,25,0,sft,8000,6,15,1,1.0,libero_goal,1551.2799298763275,2eec3fc99b5182e63aa6883fca18999ad33baee3,outputs/cp0/eval/a25_sft_s0
a25_sft_s0,a25_sft,25,0,sft,8000,6,16,0,0.0,libero_goal,1551.2799298763275,2eec3fc99b5182e63aa6883fca18999ad33baee3,outputs/cp0/eval/a25_sft_s0
a25_sft_s0,a25_sft,25,0,sft,8000,6,17,1,1.0,libero_goal,1551.2799298763275,2eec3fc99b5182e63aa6883fca18999ad33baee3,outputs/cp0/eval/a25_sft_s0
a25_sft_s0,a25_sft,25,0,sft,8000,6,18,1,1.0,libero_goal,1551.2799298763275,2eec3fc99b5182e63aa6883fca18999ad33baee3,outputs/cp0/eval/a25_sft_s0
a25_sft_s0,a25_sft,25,0,sft,8000,6,19,1,1.0,libero_goal,1551.2799298763275,2eec3fc99b5182e63aa6883fca18999ad33baee3,outputs/cp0/eval/a25_sft_s0
a25_sft_s0,a25_sft,25,0,sft,8000,7,0,1,1.0,libero_goal,1551.2799298763275,2eec3fc99b5182e63aa6883fca18999ad33baee3,outputs/cp0/eval/a25_sft_s0
a25_sft_s0,a25_sft,25,0,sft,8000,7,1,1,1.0,libero_goal,1551.2799298763275,2eec3fc99b5182e63aa6883fca18999ad33baee3,outputs/cp0/eval/a25_sft_s0
a25_sft_s0,a25_sft,25,0,sft,8000,7,2,1,1.0,libero_goal,1551.2799298763275,2eec3fc99b5182e63aa6883fca18999ad33baee3,outputs/cp0/eval/a25_sft_s0
a25_sft_s0,a25_sft,25,0,sft,8000,7,3,1,1.0,libero_goal,1551.2799298763275,2eec3fc99b5182e63aa6883fca18999ad33baee3,outputs/cp0/eval/a25_sft_s0
a25_sft_s0,a25_sft,25,0,sft,8000,7,4,1,1.0,libero_goal,1551.2799298763275,2eec3fc99b5182e63aa6883fca18999ad33baee3,outputs/cp0/eval/a25_sft_s0
a25_sft_s0,a25_sft,25,0,sft,8000,7,5,1,1.0,libero_goal,1551.2799298763275,2eec3fc99b5182e63aa6883fca18999ad33baee3,outputs/cp0/eval/a25_sft_s0
a25_sft_s0,a25_sft,25,0,sft,8000,7,6,1,1.0,libero_goal,1551.2799298763275,2eec3fc99b5182e63aa6883fca18999ad33baee3,outputs/cp0/eval/a25_sft_s0
a25_sft_s0,a25_sft,25,0,sft,8000,7,7,1,1.0,libero_goal,1551.2799298763275,2eec3fc99b5182e63aa6883fca18999ad33baee3,outputs/cp0/eval/a25_sft_s0
a25_sft_s0,a25_sft,25,0,sft,8000,7,8,1,1.0,libero_goal,1551.2799298763275,2eec3fc99b5182e63aa6883fca18999ad33baee3,outputs/cp0/eval/a25_sft_s0
a25_sft_s0,a25_sft,25,0,sft,8000,7,9,1,1.0,libero_goal,1551.2799298763275,2eec3fc99b5182e63aa6883fca18999ad33baee3,outputs/cp0/eval/a25_sft_s0
a25_sft_s0,a25_sft,25,0,sft,8000,7,10,1,1.0,libero_goal,1551.2799298763275,2eec3fc99b5182e63aa6883fca18999ad33baee3,outputs/cp0/eval/a25_sft_s0
a25_sft_s0,a25_sft,25,0,sft,8000,7,11,1,1.0,libero_goal,1551.2799298763275,2eec3fc99b5182e63aa6883fca18999ad33baee3,outputs/cp0/eval/a25_sft_s0
a25_sft_s0,a25_sft,25,0,sft,8000,7,12,1,1.0,libero_goal,1551.2799298763275,2eec3fc99b5182e63aa6883fca18999ad33baee3,outputs/cp0/eval/a25_sft_s0
a25_sft_s0,a25_sft,25,0,sft,8000,7,13,1,1.0,libero_goal,1551.2799298763275,2eec3fc99b5182e63aa6883fca18999ad33baee3,outputs/cp0/eval/a25_sft_s0
a25_sft_s0,a25_sft,25,0,sft,8000,7,14,1,1.0,libero_goal,1551.2799298763275,2eec3fc99b5182e63aa6883fca18999ad33baee3,outputs/cp0/eval/a25_sft_s0
a25_sft_s0,a25_sft,25,0,sft,8000,7,15,1,1.0,libero_goal,1551.2799298763275,2eec3fc99b5182e63aa6883fca18999ad33baee3,outputs/cp0/eval/a25_sft_s0
a25_sft_s0,a25_sft,25,0,sft,8000,7,16,1,1.0,libero_goal,1551.2799298763275,2eec3fc99b5182e63aa6883fca18999ad33baee3,outputs/cp0/eval/a25_sft_s0
a25_sft_s0,a25_sft,25,0,sft,8000,7,17,1,1.0,libero_goal,1551.2799298763275,2eec3fc99b5182e63aa6883fca18999ad33baee3,outputs/cp0/eval/a25_sft_s0
a25_sft_s0,a25_sft,25,0,sft,8000,7,18,1,1.0,libero_goal,1551.2799298763275,2eec3fc99b5182e63aa6883fca18999ad33baee3,outputs/cp0/eval/a25_sft_s0
a25_sft_s0,a25_sft,25,0,sft,8000,7,19,1,1.0,libero_goal,1551.2799298763275,2eec3fc99b5182e63aa6883fca18999ad33baee3,outputs/cp0/eval/a25_sft_s0
a25_sft_s0,a25_sft,25,0,sft,8000,8,0,1,1.0,libero_goal,1551.2799298763275,2eec3fc99b5182e63aa6883fca18999ad33baee3,outputs/cp0/eval/a25_sft_s0
a25_sft_s0,a25_sft,25,0,sft,8000,8,1,1,1.0,libero_goal,1551.2799298763275,2eec3fc99b5182e63aa6883fca18999ad33baee3,outputs/cp0/eval/a25_sft_s0
a25_sft_s0,a25_sft,25,0,sft,8000,8,2,1,1.0,libero_goal,1551.2799298763275,2eec3fc99b5182e63aa6883fca18999ad33baee3,outputs/cp0/eval/a25_sft_s0
a25_sft_s0,a25_sft,25,0,sft,8000,8,3,1,1.0,libero_goal,1551.2799298763275,2eec3fc99b5182e63aa6883fca18999ad33baee3,outputs/cp0/eval/a25_sft_s0
a25_sft_s0,a25_sft,25,0,sft,8000,8,4,1,1.0,libero_goal,1551.2799298763275,2eec3fc99b5182e63aa6883fca18999ad33baee3,outputs/cp0/eval/a25_sft_s0
a25_sft_s0,a25_sft,25,0,sft,8000,8,5,1,1.0,libero_goal,1551.2799298763275,2eec3fc99b5182e63aa6883fca18999ad33baee3,outputs/cp0/eval/a25_sft_s0
a25_sft_s0,a25_sft,25,0,sft,8000,8,6,1,1.0,libero_goal,1551.2799298763275,2eec3fc99b5182e63aa6883fca18999ad33baee3,outputs/cp0/eval/a25_sft_s0
a25_sft_s0,a25_sft,25,0,sft,8000,8,7,0,0.0,libero_goal,1551.2799298763275,2eec3fc99b5182e63aa6883fca18999ad33baee3,outputs/cp0/eval/a25_sft_s0
a25_sft_s0,a25_sft,25,0,sft,8000,8,8,1,1.0,libero_goal,1551.2799298763275,2eec3fc99b5182e63aa6883fca18999ad33baee3,outputs/cp0/eval/a25_sft_s0
a25_sft_s0,a25_sft,25,0,sft,8000,8,9,1,1.0,libero_goal,1551.2799298763275,2eec3fc99b5182e63aa6883fca18999ad33baee3,outputs/cp0/eval/a25_sft_s0
a25_sft_s0,a25_sft,25,0,sft,8000,8,10,1,1.0,libero_goal,1551.2799298763275,2eec3fc99b5182e63aa6883fca18999ad33baee3,outputs/cp0/eval/a25_sft_s0
a25_sft_s0,a25_sft,25,0,sft,8000,8,11,1,1.0,libero_goal,1551.2799298763275,2eec3fc99b5182e63aa6883fca18999ad33baee3,outputs/cp0/eval/a25_sft_s0
a25_sft_s0,a25_sft,25,0,sft,8000,8,12,1,1.0,libero_goal,1551.2799298763275,2eec3fc99b5182e63aa6883fca18999ad33baee3,outputs/cp0/eval/a25_sft_s0
a25_sft_s0,a25_sft,25,0,sft,8000,8,13,1,1.0,libero_goal,1551.2799298763275,2eec3fc99b5182e63aa6883fca18999ad33baee3,outputs/cp0/eval/a25_sft_s0
a25_sft_s0,a25_sft,25,0,sft,8000,8,14,1,1.0,libero_goal,1551.2799298763275,2eec3fc99b5182e63aa6883fca18999ad33baee3,outputs/cp0/eval/a25_sft_s0
a25_sft_s0,a25_sft,25,0,sft,8000,8,15,1,1.0,libero_goal,1551.2799298763275,2eec3fc99b5182e63aa6883fca18999ad33baee3,outputs/cp0/eval/a25_sft_s0
a25_sft_s0,a25_sft,25,0,sft,8000,8,16,1,1.0,libero_goal,1551.2799298763275,2eec3fc99b5182e63aa6883fca18999ad33baee3,outputs/cp0/eval/a25_sft_s0
a25_sft_s0,a25_sft,25,0,sft,8000,8,17,1,1.0,libero_goal,1551.2799298763275,2eec3fc99b5182e63aa6883fca18999ad33baee3,outputs/cp0/eval/a25_sft_s0
a25_sft_s0,a25_sft,25,0,sft,8000,8,18,1,1.0,libero_goal,1551.2799298763275,2eec3fc99b5182e63aa6883fca18999ad33baee3,outputs/cp0/eval/a25_sft_s0
a25_sft_s0,a25_sft,25,0,sft,8000,8,19,1,1.0,libero_goal,1551.2799298763275,2eec3fc99b5182e63aa6883fca18999ad33baee3,outputs/cp0/eval/a25_sft_s0
a25_sft_s0,a25_sft,25,0,sft,8000,9,0,1,1.0,libero_goal,1551.2799298763275,2eec3fc99b5182e63aa6883fca18999ad33baee3,outputs/cp0/eval/a25_sft_s0
a25_sft_s0,a25_sft,25,0,sft,8000,9,1,1,1.0,libero_goal,1551.2799298763275,2eec3fc99b5182e63aa6883fca18999ad33baee3,outputs/cp0/eval/a25_sft_s0
a25_sft_s0,a25_sft,25,0,sft,8000,9,2,1,1.0,libero_goal,1551.2799298763275,2eec3fc99b5182e63aa6883fca18999ad33baee3,outputs/cp0/eval/a25_sft_s0
a25_sft_s0,a25_sft,25,0,sft,8000,9,3,0,0.0,libero_goal,1551.2799298763275,2eec3fc99b5182e63aa6883fca18999ad33baee3,outputs/cp0/eval/a25_sft_s0
a25_sft_s0,a25_sft,25,0,sft,8000,9,4,1,1.0,libero_goal,1551.2799298763275,2eec3fc99b5182e63aa6883fca18999ad33baee3,outputs/cp0/eval/a25_sft_s0
a25_sft_s0,a25_sft,25,0,sft,8000,9,5,1,1.0,libero_goal,1551.2799298763275,2eec3fc99b5182e63aa6883fca18999ad33baee3,outputs/cp0/eval/a25_sft_s0
a25_sft_s0,a25_sft,25,0,sft,8000,9,6,1,1.0,libero_goal,1551.2799298763275,2eec3fc99b5182e63aa6883fca18999ad33baee3,outputs/cp0/eval/a25_sft_s0
a25_sft_s0,a25_sft,25,0,sft,8000,9,7,1,1.0,libero_goal,1551.2799298763275,2eec3fc99b5182e63aa6883fca18999ad33baee3,outputs/cp0/eval/a25_sft_s0
a25_sft_s0,a25_sft,25,0,sft,8000,9,8,1,1.0,libero_goal,1551.2799298763275,2eec3fc99b5182e63aa6883fca18999ad33baee3,outputs/cp0/eval/a25_sft_s0
a25_sft_s0,a25_sft,25,0,sft,8000,9,9,1,1.0,libero_goal,1551.2799298763275,2eec3fc99b5182e63aa6883fca18999ad33baee3,outputs/cp0/eval/a25_sft_s0
a25_sft_s0,a25_sft,25,0,sft,8000,9,10,1,1.0,libero_goal,1551.2799298763275,2eec3fc99b5182e63aa6883fca18999ad33baee3,outputs/cp0/eval/a25_sft_s0
a25_sft_s0,a25_sft,25,0,sft,8000,9,11,1,1.0,libero_goal,1551.2799298763275,2eec3fc99b5182e63aa6883fca18999ad33baee3,outputs/cp0/eval/a25_sft_s0
a25_sft_s0,a25_sft,25,0,sft,8000,9,12,1,1.0,libero_goal,1551.2799298763275,2eec3fc99b5182e63aa6883fca18999ad33baee3,outputs/cp0/eval/a25_sft_s0
a25_sft_s0,a25_sft,25,0,sft,8000,9,13,1,1.0,libero_goal,1551.2799298763275,2eec3fc99b5182e63aa6883fca18999ad33baee3,outputs/cp0/eval/a25_sft_s0
a25_sft_s0,a25_sft,25,0,sft,8000,9,14,1,1.0,libero_goal,1551.2799298763275,2eec3fc99b5182e63aa6883fca18999ad33baee3,outputs/cp0/eval/a25_sft_s0
a25_sft_s0,a25_sft,25,0,sft,8000,9,15,1,1.0,libero_goal,1551.2799298763275,2eec3fc99b5182e63aa6883fca18999ad33baee3,outputs/cp0/eval/a25_sft_s0
a25_sft_s0,a25_sft,25,0,sft,8000,9,16,1,1.0,libero_goal,1551.2799298763275,2eec3fc99b5182e63aa6883fca18999ad33baee3,outputs/cp0/eval/a25_sft_s0
a25_sft_s0,a25_sft,25,0,sft,8000,9,17,1,1.0,libero_goal,1551.2799298763275,2eec3fc99b5182e63aa6883fca18999ad33baee3,outputs/cp0/eval/a25_sft_s0
a25_sft_s0,a25_sft,25,0,sft,8000,9,18,1,1.0,libero_goal,1551.2799298763275,2eec3fc99b5182e63aa6883fca18999ad33baee3,outputs/cp0/eval/a25_sft_s0
a25_sft_s0,a25_sft,25,0,sft,8000,9,19,1,1.0,libero_goal,1551.2799298763275,2eec3fc99b5182e63aa6883fca18999ad33baee3,outputs/cp0/eval/a25_sft_s0
a25_sft_s1,a25_sft,25,1,sft,8000,0,0,1,1.0,libero_goal,1592.4366118907928,2eec3fc99b5182e63aa6883fca18999ad33baee3,outputs/cp0/eval/a25_sft_s1
a25_sft_s1,a25_sft,25,1,sft,8000,0,1,1,1.0,libero_goal,1592.4366118907928,2eec3fc99b5182e63aa6883fca18999ad33baee3,outputs/cp0/eval/a25_sft_s1
a25_sft_s1,a25_sft,25,1,sft,8000,0,2,0,0.0,libero_goal,1592.4366118907928,2eec3fc99b5182e63aa6883fca18999ad33baee3,outputs/cp0/eval/a25_sft_s1
a25_sft_s1,a25_sft,25,1,sft,8000,0,3,1,1.0,libero_goal,1592.4366118907928,2eec3fc99b5182e63aa6883fca18999ad33baee3,outputs/cp0/eval/a25_sft_s1
a25_sft_s1,a25_sft,25,1,sft,8000,0,4,1,1.0,libero_goal,1592.4366118907928,2eec3fc99b5182e63aa6883fca18999ad33baee3,outputs/cp0/eval/a25_sft_s1
a25_sft_s1,a25_sft,25,1,sft,8000,0,5,1,1.0,libero_goal,1592.4366118907928,2eec3fc99b5182e63aa6883fca18999ad33baee3,outputs/cp0/eval/a25_sft_s1
a25_sft_s1,a25_sft,25,1,sft,8000,0,6,1,1.0,libero_goal,1592.4366118907928,2eec3fc99b5182e63aa6883fca18999ad33baee3,outputs/cp0/eval/a25_sft_s1
a25_sft_s1,a25_sft,25,1,sft,8000,0,7,1,1.0,libero_goal,1592.4366118907928,2eec3fc99b5182e63aa6883fca18999ad33baee3,outputs/cp0/eval/a25_sft_s1
a25_sft_s1,a25_sft,25,1,sft,8000,0,8,1,1.0,libero_goal,1592.4366118907928,2eec3fc99b5182e63aa6883fca18999ad33baee3,outputs/cp0/eval/a25_sft_s1
a25_sft_s1,a25_sft,25,1,sft,8000,0,9,1,1.0,libero_goal,1592.4366118907928,2eec3fc99b5182e63aa6883fca18999ad33baee3,outputs/cp0/eval/a25_sft_s1
a25_sft_s1,a25_sft,25,1,sft,8000,0,10,1,1.0,libero_goal,1592.4366118907928,2eec3fc99b5182e63aa6883fca18999ad33baee3,outputs/cp0/eval/a25_sft_s1
a25_sft_s1,a25_sft,25,1,sft,8000,0,11,1,1.0,libero_goal,1592.4366118907928,2eec3fc99b5182e63aa6883fca18999ad33baee3,outputs/cp0/eval/a25_sft_s1
a25_sft_s1,a25_sft,25,1,sft,8000,0,12,1,1.0,libero_goal,1592.4366118907928,2eec3fc99b5182e63aa6883fca18999ad33baee3,outputs/cp0/eval/a25_sft_s1
a25_sft_s1,a25_sft,25,1,sft,8000,0,13,1,1.0,libero_goal,1592.4366118907928,2eec3fc99b5182e63aa6883fca18999ad33baee3,outputs/cp0/eval/a25_sft_s1
a25_sft_s1,a25_sft,25,1,sft,8000,0,14,1,1.0,libero_goal,1592.4366118907928,2eec3fc99b5182e63aa6883fca18999ad33baee3,outputs/cp0/eval/a25_sft_s1
a25_sft_s1,a25_sft,25,1,sft,8000,0,15,1,1.0,libero_goal,1592.4366118907928,2eec3fc99b5182e63aa6883fca18999ad33baee3,outputs/cp0/eval/a25_sft_s1
a25_sft_s1,a25_sft,25,1,sft,8000,0,16,1,1.0,libero_goal,1592.4366118907928,2eec3fc99b5182e63aa6883fca18999ad33baee3,outputs/cp0/eval/a25_sft_s1
a25_sft_s1,a25_sft,25,1,sft,8000,0,17,1,1.0,libero_goal,1592.4366118907928,2eec3fc99b5182e63aa6883fca18999ad33baee3,outputs/cp0/eval/a25_sft_s1
a25_sft_s1,a25_sft,25,1,sft,8000,0,18,0,0.0,libero_goal,1592.4366118907928,2eec3fc99b5182e63aa6883fca18999ad33baee3,outputs/cp0/eval/a25_sft_s1
a25_sft_s1,a25_sft,25,1,sft,8000,0,19,0,0.0,libero_goal,1592.4366118907928,2eec3fc99b5182e63aa6883fca18999ad33baee3,outputs/cp0/eval/a25_sft_s1
a25_sft_s1,a25_sft,25,1,sft,8000,1,0,1,1.0,libero_goal,1592.4366118907928,2eec3fc99b5182e63aa6883fca18999ad33baee3,outputs/cp0/eval/a25_sft_s1
a25_sft_s1,a25_sft,25,1,sft,8000,1,1,1,1.0,libero_goal,1592.4366118907928,2eec3fc99b5182e63aa6883fca18999ad33baee3,outputs/cp0/eval/a25_sft_s1
a25_sft_s1,a25_sft,25,1,sft,8000,1,2,1,1.0,libero_goal,1592.4366118907928,2eec3fc99b5182e63aa6883fca18999ad33baee3,outputs/cp0/eval/a25_sft_s1
a25_sft_s1,a25_sft,25,1,sft,8000,1,3,1,1.0,libero_goal,1592.4366118907928,2eec3fc99b5182e63aa6883fca18999ad33baee3,outputs/cp0/eval/a25_sft_s1
a25_sft_s1,a25_sft,25,1,sft,8000,1,4,1,1.0,libero_goal,1592.4366118907928,2eec3fc99b5182e63aa6883fca18999ad33baee3,outputs/cp0/eval/a25_sft_s1
a25_sft_s1,a25_sft,25,1,sft,8000,1,5,1,1.0,libero_goal,1592.4366118907928,2eec3fc99b5182e63aa6883fca18999ad33baee3,outputs/cp0/eval/a25_sft_s1
a25_sft_s1,a25_sft,25,1,sft,8000,1,6,1,1.0,libero_goal,1592.4366118907928,2eec3fc99b5182e63aa6883fca18999ad33baee3,outputs/cp0/eval/a25_sft_s1
a25_sft_s1,a25_sft,25,1,sft,8000,1,7,1,1.0,libero_goal,1592.4366118907928,2eec3fc99b5182e63aa6883fca18999ad33baee3,outputs/cp0/eval/a25_sft_s1
a25_sft_s1,a25_sft,25,1,sft,8000,1,8,1,1.0,libero_goal,1592.4366118907928,2eec3fc99b5182e63aa6883fca18999ad33baee3,outputs/cp0/eval/a25_sft_s1
a25_sft_s1,a25_sft,25,1,sft,8000,1,9,1,1.0,libero_goal,1592.4366118907928,2eec3fc99b5182e63aa6883fca18999ad33baee3,outputs/cp0/eval/a25_sft_s1
a25_sft_s1,a25_sft,25,1,sft,8000,1,10,1,1.0,libero_goal,1592.4366118907928,2eec3fc99b5182e63aa6883fca18999ad33baee3,outputs/cp0/eval/a25_sft_s1
a25_sft_s1,a25_sft,25,1,sft,8000,1,11,1,1.0,libero_goal,1592.4366118907928,2eec3fc99b5182e63aa6883fca18999ad33baee3,outputs/cp0/eval/a25_sft_s1
a25_sft_s1,a25_sft,25,1,sft,8000,1,12,1,1.0,libero_goal,1592.4366118907928,2eec3fc99b5182e63aa6883fca18999ad33baee3,outputs/cp0/eval/a25_sft_s1
a25_sft_s1,a25_sft,25,1,sft,8000,1,13,1,1.0,libero_goal,1592.4366118907928,2eec3fc99b5182e63aa6883fca18999ad33baee3,outputs/cp0/eval/a25_sft_s1
a25_sft_s1,a25_sft,25,1,sft,8000,1,14,1,1.0,libero_goal,1592.4366118907928,2eec3fc99b5182e63aa6883fca18999ad33baee3,outputs/cp0/eval/a25_sft_s1
a25_sft_s1,a25_sft,25,1,sft,8000,1,15,1,1.0,libero_goal,1592.4366118907928,2eec3fc99b5182e63aa6883fca18999ad33baee3,outputs/cp0/eval/a25_sft_s1
a25_sft_s1,a25_sft,25,1,sft,8000,1,16,1,1.0,libero_goal,1592.4366118907928,2eec3fc99b5182e63aa6883fca18999ad33baee3,outputs/cp0/eval/a25_sft_s1
a25_sft_s1,a25_sft,25,1,sft,8000,1,17,1,1.0,libero_goal,1592.4366118907928,2eec3fc99b5182e63aa6883fca18999ad33baee3,outputs/cp0/eval/a25_sft_s1
a25_sft_s1,a25_sft,25,1,sft,8000,1,18,1,1.0,libero_goal,1592.4366118907928,2eec3fc99b5182e63aa6883fca18999ad33baee3,outputs/cp0/eval/a25_sft_s1
a25_sft_s1,a25_sft,25,1,sft,8000,1,19,1,1.0,libero_goal,1592.4366118907928,2eec3fc99b5182e63aa6883fca18999ad33baee3,outputs/cp0/eval/a25_sft_s1
a25_sft_s1,a25_sft,25,1,sft,8000,2,0,0,0.0,libero_goal,1592.4366118907928,2eec3fc99b5182e63aa6883fca18999ad33baee3,outputs/cp0/eval/a25_sft_s1
a25_sft_s1,a25_sft,25,1,sft,8000,2,1,1,1.0,libero_goal,1592.4366118907928,2eec3fc99b5182e63aa6883fca18999ad33baee3,outputs/cp0/eval/a25_sft_s1
a25_sft_s1,a25_sft,25,1,sft,8000,2,2,1,1.0,libero_goal,1592.4366118907928,2eec3fc99b5182e63aa6883fca18999ad33baee3,outputs/cp0/eval/a25_sft_s1
a25_sft_s1,a25_sft,25,1,sft,8000,2,3,1,1.0,libero_goal,1592.4366118907928,2eec3fc99b5182e63aa6883fca18999ad33baee3,outputs/cp0/eval/a25_sft_s1
a25_sft_s1,a25_sft,25,1,sft,8000,2,4,1,1.0,libero_goal,1592.4366118907928,2eec3fc99b5182e63aa6883fca18999ad33baee3,outputs/cp0/eval/a25_sft_s1
a25_sft_s1,a25_sft,25,1,sft,8000,2,5,1,1.0,libero_goal,1592.4366118907928,2eec3fc99b5182e63aa6883fca18999ad33baee3,outputs/cp0/eval/a25_sft_s1
a25_sft_s1,a25_sft,25,1,sft,8000,2,6,1,1.0,libero_goal,1592.4366118907928,2eec3fc99b5182e63aa6883fca18999ad33baee3,outputs/cp0/eval/a25_sft_s1
a25_sft_s1,a25_sft,25,1,sft,8000,2,7,1,1.0,libero_goal,1592.4366118907928,2eec3fc99b5182e63aa6883fca18999ad33baee3,outputs/cp0/eval/a25_sft_s1
a25_sft_s1,a25_sft,25,1,sft,8000,2,8,1,1.0,libero_goal,1592.4366118907928,2eec3fc99b5182e63aa6883fca18999ad33baee3,outputs/cp0/eval/a25_sft_s1
a25_sft_s1,a25_sft,25,1,sft,8000,2,9,0,0.0,libero_goal,1592.4366118907928,2eec3fc99b5182e63aa6883fca18999ad33baee3,outputs/cp0/eval/a25_sft_s1
a25_sft_s1,a25_sft,25,1,sft,8000,2,10,1,1.0,libero_goal,1592.4366118907928,2eec3fc99b5182e63aa6883fca18999ad33baee3,outputs/cp0/eval/a25_sft_s1
a25_sft_s1,a25_sft,25,1,sft,8000,2,11,1,1.0,libero_goal,1592.4366118907928,2eec3fc99b5182e63aa6883fca18999ad33baee3,outputs/cp0/eval/a25_sft_s1
a25_sft_s1,a25_sft,25,1,sft,8000,2,12,1,1.0,libero_goal,1592.4366118907928,2eec3fc99b5182e63aa6883fca18999ad33baee3,outputs/cp0/eval/a25_sft_s1
a25_sft_s1,a25_sft,25,1,sft,8000,2,13,1,1.0,libero_goal,1592.4366118907928,2eec3fc99b5182e63aa6883fca18999ad33baee3,outputs/cp0/eval/a25_sft_s1
a25_sft_s1,a25_sft,25,1,sft,8000,2,14,1,1.0,libero_goal,1592.4366118907928,2eec3fc99b5182e63aa6883fca18999ad33baee3,outputs/cp0/eval/a25_sft_s1
a25_sft_s1,a25_sft,25,1,sft,8000,2,15,1,1.0,libero_goal,1592.4366118907928,2eec3fc99b5182e63aa6883fca18999ad33baee3,outputs/cp0/eval/a25_sft_s1
a25_sft_s1,a25_sft,25,1,sft,8000,2,16,1,1.0,libero_goal,1592.4366118907928,2eec3fc99b5182e63aa6883fca18999ad33baee3,outputs/cp0/eval/a25_sft_s1
a25_sft_s1,a25_sft,25,1,sft,8000,2,17,0,0.0,libero_goal,1592.4366118907928,2eec3fc99b5182e63aa6883fca18999ad33baee3,outputs/cp0/eval/a25_sft_s1
a25_sft_s1,a25_sft,25,1,sft,8000,2,18,1,1.0,libero_goal,1592.4366118907928,2eec3fc99b5182e63aa6883fca18999ad33baee3,outputs/cp0/eval/a25_sft_s1
a25_sft_s1,a25_sft,25,1,sft,8000,2,19,1,1.0,libero_goal,1592.4366118907928,2eec3fc99b5182e63aa6883fca18999ad33baee3,outputs/cp0/eval/a25_sft_s1
a25_sft_s1,a25_sft,25,1,sft,8000,3,0,1,1.0,libero_goal,1592.4366118907928,2eec3fc99b5182e63aa6883fca18999ad33baee3,outputs/cp0/eval/a25_sft_s1
a25_sft_s1,a25_sft,25,1,sft,8000,3,1,0,0.0,libero_goal,1592.4366118907928,2eec3fc99b5182e63aa6883fca18999ad33baee3,outputs/cp0/eval/a25_sft_s1
a25_sft_s1,a25_sft,25,1,sft,8000,3,2,1,1.0,libero_goal,1592.4366118907928,2eec3fc99b5182e63aa6883fca18999ad33baee3,outputs/cp0/eval/a25_sft_s1
a25_sft_s1,a25_sft,25,1,sft,8000,3,3,0,0.0,libero_goal,1592.4366118907928,2eec3fc99b5182e63aa6883fca18999ad33baee3,outputs/cp0/eval/a25_sft_s1
a25_sft_s1,a25_sft,25,1,sft,8000,3,4,1,1.0,libero_goal,1592.4366118907928,2eec3fc99b5182e63aa6883fca18999ad33baee3,outputs/cp0/eval/a25_sft_s1
a25_sft_s1,a25_sft,25,1,sft,8000,3,5,1,1.0,libero_goal,1592.4366118907928,2eec3fc99b5182e63aa6883fca18999ad33baee3,outputs/cp0/eval/a25_sft_s1
a25_sft_s1,a25_sft,25,1,sft,8000,3,6,1,1.0,libero_goal,1592.4366118907928,2eec3fc99b5182e63aa6883fca18999ad33baee3,outputs/cp0/eval/a25_sft_s1
a25_sft_s1,a25_sft,25,1,sft,8000,3,7,1,1.0,libero_goal,1592.4366118907928,2eec3fc99b5182e63aa6883fca18999ad33baee3,outputs/cp0/eval/a25_sft_s1
a25_sft_s1,a25_sft,25,1,sft,8000,3,8,1,1.0,libero_goal,1592.4366118907928,2eec3fc99b5182e63aa6883fca18999ad33baee3,outputs/cp0/eval/a25_sft_s1
a25_sft_s1,a25_sft,25,1,sft,8000,3,9,1,1.0,libero_goal,1592.4366118907928,2eec3fc99b5182e63aa6883fca18999ad33baee3,outputs/cp0/eval/a25_sft_s1
a25_sft_s1,a25_sft,25,1,sft,8000,3,10,0,0.0,libero_goal,1592.4366118907928,2eec3fc99b5182e63aa6883fca18999ad33baee3,outputs/cp0/eval/a25_sft_s1
a25_sft_s1,a25_sft,25,1,sft,8000,3,11,1,1.0,libero_goal,1592.4366118907928,2eec3fc99b5182e63aa6883fca18999ad33baee3,outputs/cp0/eval/a25_sft_s1
a25_sft_s1,a25_sft,25,1,sft,8000,3,12,0,0.0,libero_goal,1592.4366118907928,2eec3fc99b5182e63aa6883fca18999ad33baee3,outputs/cp0/eval/a25_sft_s1
a25_sft_s1,a25_sft,25,1,sft,8000,3,13,1,1.0,libero_goal,1592.4366118907928,2eec3fc99b5182e63aa6883fca18999ad33baee3,outputs/cp0/eval/a25_sft_s1
a25_sft_s1,a25_sft,25,1,sft,8000,3,14,1,1.0,libero_goal,1592.4366118907928,2eec3fc99b5182e63aa6883fca18999ad33baee3,outputs/cp0/eval/a25_sft_s1
a25_sft_s1,a25_sft,25,1,sft,8000,3,15,1,1.0,libero_goal,1592.4366118907928,2eec3fc99b5182e63aa6883fca18999ad33baee3,outputs/cp0/eval/a25_sft_s1
a25_sft_s1,a25_sft,25,1,sft,8000,3,16,0,0.0,libero_goal,1592.4366118907928,2eec3fc99b5182e63aa6883fca18999ad33baee3,outputs/cp0/eval/a25_sft_s1
a25_sft_s1,a25_sft,25,1,sft,8000,3,17,0,0.0,libero_goal,1592.4366118907928,2eec3fc99b5182e63aa6883fca18999ad33baee3,outputs/cp0/eval/a25_sft_s1
a25_sft_s1,a25_sft,25,1,sft,8000,3,18,1,1.0,libero_goal,1592.4366118907928,2eec3fc99b5182e63aa6883fca18999ad33baee3,outputs/cp0/eval/a25_sft_s1
a25_sft_s1,a25_sft,25,1,sft,8000,3,19,1,1.0,libero_goal,1592.4366118907928,2eec3fc99b5182e63aa6883fca18999ad33baee3,outputs/cp0/eval/a25_sft_s1
a25_sft_s1,a25_sft,25,1,sft,8000,4,0,1,1.0,libero_goal,1592.4366118907928,2eec3fc99b5182e63aa6883fca18999ad33baee3,outputs/cp0/eval/a25_sft_s1
a25_sft_s1,a25_sft,25,1,sft,8000,4,1,1,1.0,libero_goal,1592.4366118907928,2eec3fc99b5182e63aa6883fca18999ad33baee3,outputs/cp0/eval/a25_sft_s1
a25_sft_s1,a25_sft,25,1,sft,8000,4,2,1,1.0,libero_goal,1592.4366118907928,2eec3fc99b5182e63aa6883fca18999ad33baee3,outputs/cp0/eval/a25_sft_s1
a25_sft_s1,a25_sft,25,1,sft,8000,4,3,1,1.0,libero_goal,1592.4366118907928,2eec3fc99b5182e63aa6883fca18999ad33baee3,outputs/cp0/eval/a25_sft_s1
a25_sft_s1,a25_sft,25,1,sft,8000,4,4,1,1.0,libero_goal,1592.4366118907928,2eec3fc99b5182e63aa6883fca18999ad33baee3,outputs/cp0/eval/a25_sft_s1
a25_sft_s1,a25_sft,25,1,sft,8000,4,5,1,1.0,libero_goal,1592.4366118907928,2eec3fc99b5182e63aa6883fca18999ad33baee3,outputs/cp0/eval/a25_sft_s1
a25_sft_s1,a25_sft,25,1,sft,8000,4,6,1,1.0,libero_goal,1592.4366118907928,2eec3fc99b5182e63aa6883fca18999ad33baee3,outputs/cp0/eval/a25_sft_s1
a25_sft_s1,a25_sft,25,1,sft,8000,4,7,1,1.0,libero_goal,1592.4366118907928,2eec3fc99b5182e63aa6883fca18999ad33baee3,outputs/cp0/eval/a25_sft_s1
a25_sft_s1,a25_sft,25,1,sft,8000,4,8,0,0.0,libero_goal,1592.4366118907928,2eec3fc99b5182e63aa6883fca18999ad33baee3,outputs/cp0/eval/a25_sft_s1
a25_sft_s1,a25_sft,25,1,sft,8000,4,9,1,1.0,libero_goal,1592.4366118907928,2eec3fc99b5182e63aa6883fca18999ad33baee3,outputs/cp0/eval/a25_sft_s1
a25_sft_s1,a25_sft,25,1,sft,8000,4,10,1,1.0,libero_goal,1592.4366118907928,2eec3fc99b5182e63aa6883fca18999ad33baee3,outputs/cp0/eval/a25_sft_s1
a25_sft_s1,a25_sft,25,1,sft,8000,4,11,1,1.0,libero_goal,1592.4366118907928,2eec3fc99b5182e63aa6883fca18999ad33baee3,outputs/cp0/eval/a25_sft_s1
a25_sft_s1,a25_sft,25,1,sft,8000,4,12,1,1.0,libero_goal,1592.4366118907928,2eec3fc99b5182e63aa6883fca18999ad33baee3,outputs/cp0/eval/a25_sft_s1
a25_sft_s1,a25_sft,25,1,sft,8000,4,13,1,1.0,libero_goal,1592.4366118907928,2eec3fc99b5182e63aa6883fca18999ad33baee3,outputs/cp0/eval/a25_sft_s1
a25_sft_s1,a25_sft,25,1,sft,8000,4,14,1,1.0,libero_goal,1592.4366118907928,2eec3fc99b5182e63aa6883fca18999ad33baee3,outputs/cp0/eval/a25_sft_s1
a25_sft_s1,a25_sft,25,1,sft,8000,4,15,1,1.0,libero_goal,1592.4366118907928,2eec3fc99b5182e63aa6883fca18999ad33baee3,outputs/cp0/eval/a25_sft_s1
a25_sft_s1,a25_sft,25,1,sft,8000,4,16,1,1.0,libero_goal,1592.4366118907928,2eec3fc99b5182e63aa6883fca18999ad33baee3,outputs/cp0/eval/a25_sft_s1
a25_sft_s1,a25_sft,25,1,sft,8000,4,17,1,1.0,libero_goal,1592.4366118907928,2eec3fc99b5182e63aa6883fca18999ad33baee3,outputs/cp0/eval/a25_sft_s1
a25_sft_s1,a25_sft,25,1,sft,8000,4,18,0,0.0,libero_goal,1592.4366118907928,2eec3fc99b5182e63aa6883fca18999ad33baee3,outputs/cp0/eval/a25_sft_s1
a25_sft_s1,a25_sft,25,1,sft,8000,4,19,1,1.0,libero_goal,1592.4366118907928,2eec3fc99b5182e63aa6883fca18999ad33baee3,outputs/cp0/eval/a25_sft_s1
a25_sft_s1,a25_sft,25,1,sft,8000,5,0,1,1.0,libero_goal,1592.4366118907928,2eec3fc99b5182e63aa6883fca18999ad33baee3,outputs/cp0/eval/a25_sft_s1
a25_sft_s1,a25_sft,25,1,sft,8000,5,1,1,1.0,libero_goal,1592.4366118907928,2eec3fc99b5182e63aa6883fca18999ad33baee3,outputs/cp0/eval/a25_sft_s1
a25_sft_s1,a25_sft,25,1,sft,8000,5,2,1,1.0,libero_goal,1592.4366118907928,2eec3fc99b5182e63aa6883fca18999ad33baee3,outputs/cp0/eval/a25_sft_s1
a25_sft_s1,a25_sft,25,1,sft,8000,5,3,0,0.0,libero_goal,1592.4366118907928,2eec3fc99b5182e63aa6883fca18999ad33baee3,outputs/cp0/eval/a25_sft_s1
a25_sft_s1,a25_sft,25,1,sft,8000,5,4,1,1.0,libero_goal,1592.4366118907928,2eec3fc99b5182e63aa6883fca18999ad33baee3,outputs/cp0/eval/a25_sft_s1
a25_sft_s1,a25_sft,25,1,sft,8000,5,5,0,0.0,libero_goal,1592.4366118907928,2eec3fc99b5182e63aa6883fca18999ad33baee3,outputs/cp0/eval/a25_sft_s1
a25_sft_s1,a25_sft,25,1,sft,8000,5,6,1,1.0,libero_goal,1592.4366118907928,2eec3fc99b5182e63aa6883fca18999ad33baee3,outputs/cp0/eval/a25_sft_s1
a25_sft_s1,a25_sft,25,1,sft,8000,5,7,1,1.0,libero_goal,1592.4366118907928,2eec3fc99b5182e63aa6883fca18999ad33baee3,outputs/cp0/eval/a25_sft_s1
a25_sft_s1,a25_sft,25,1,sft,8000,5,8,1,1.0,libero_goal,1592.4366118907928,2eec3fc99b5182e63aa6883fca18999ad33baee3,outputs/cp0/eval/a25_sft_s1
a25_sft_s1,a25_sft,25,1,sft,8000,5,9,1,1.0,libero_goal,1592.4366118907928,2eec3fc99b5182e63aa6883fca18999ad33baee3,outputs/cp0/eval/a25_sft_s1
a25_sft_s1,a25_sft,25,1,sft,8000,5,10,1,1.0,libero_goal,1592.4366118907928,2eec3fc99b5182e63aa6883fca18999ad33baee3,outputs/cp0/eval/a25_sft_s1
a25_sft_s1,a25_sft,25,1,sft,8000,5,11,1,1.0,libero_goal,1592.4366118907928,2eec3fc99b5182e63aa6883fca18999ad33baee3,outputs/cp0/eval/a25_sft_s1
a25_sft_s1,a25_sft,25,1,sft,8000,5,12,1,1.0,libero_goal,1592.4366118907928,2eec3fc99b5182e63aa6883fca18999ad33baee3,outputs/cp0/eval/a25_sft_s1
a25_sft_s1,a25_sft,25,1,sft,8000,5,13,1,1.0,libero_goal,1592.4366118907928,2eec3fc99b5182e63aa6883fca18999ad33baee3,outputs/cp0/eval/a25_sft_s1
a25_sft_s1,a25_sft,25,1,sft,8000,5,14,1,1.0,libero_goal,1592.4366118907928,2eec3fc99b5182e63aa6883fca18999ad33baee3,outputs/cp0/eval/a25_sft_s1
a25_sft_s1,a25_sft,25,1,sft,8000,5,15,1,1.0,libero_goal,1592.4366118907928,2eec3fc99b5182e63aa6883fca18999ad33baee3,outputs/cp0/eval/a25_sft_s1
a25_sft_s1,a25_sft,25,1,sft,8000,5,16,1,1.0,libero_goal,1592.4366118907928,2eec3fc99b5182e63aa6883fca18999ad33baee3,outputs/cp0/eval/a25_sft_s1
a25_sft_s1,a25_sft,25,1,sft,8000,5,17,1,1.0,libero_goal,1592.4366118907928,2eec3fc99b5182e63aa6883fca18999ad33baee3,outputs/cp0/eval/a25_sft_s1
a25_sft_s1,a25_sft,25,1,sft,8000,5,18,1,1.0,libero_goal,1592.4366118907928,2eec3fc99b5182e63aa6883fca18999ad33baee3,outputs/cp0/eval/a25_sft_s1
a25_sft_s1,a25_sft,25,1,sft,8000,5,19,1,1.0,libero_goal,1592.4366118907928,2eec3fc99b5182e63aa6883fca18999ad33baee3,outputs/cp0/eval/a25_sft_s1
a25_sft_s1,a25_sft,25,1,sft,8000,6,0,1,1.0,libero_goal,1592.4366118907928,2eec3fc99b5182e63aa6883fca18999ad33baee3,outputs/cp0/eval/a25_sft_s1
a25_sft_s1,a25_sft,25,1,sft,8000,6,1,1,1.0,libero_goal,1592.4366118907928,2eec3fc99b5182e63aa6883fca18999ad33baee3,outputs/cp0/eval/a25_sft_s1
a25_sft_s1,a25_sft,25,1,sft,8000,6,2,1,1.0,libero_goal,1592.4366118907928,2eec3fc99b5182e63aa6883fca18999ad33baee3,outputs/cp0/eval/a25_sft_s1
a25_sft_s1,a25_sft,25,1,sft,8000,6,3,1,1.0,libero_goal,1592.4366118907928,2eec3fc99b5182e63aa6883fca18999ad33baee3,outputs/cp0/eval/a25_sft_s1
a25_sft_s1,a25_sft,25,1,sft,8000,6,4,0,0.0,libero_goal,1592.4366118907928,2eec3fc99b5182e63aa6883fca18999ad33baee3,outputs/cp0/eval/a25_sft_s1
a25_sft_s1,a25_sft,25,1,sft,8000,6,5,1,1.0,libero_goal,1592.4366118907928,2eec3fc99b5182e63aa6883fca18999ad33baee3,outputs/cp0/eval/a25_sft_s1
a25_sft_s1,a25_sft,25,1,sft,8000,6,6,1,1.0,libero_goal,1592.4366118907928,2eec3fc99b5182e63aa6883fca18999ad33baee3,outputs/cp0/eval/a25_sft_s1
a25_sft_s1,a25_sft,25,1,sft,8000,6,7,0,0.0,libero_goal,1592.4366118907928,2eec3fc99b5182e63aa6883fca18999ad33baee3,outputs/cp0/eval/a25_sft_s1
a25_sft_s1,a25_sft,25,1,sft,8000,6,8,1,1.0,libero_goal,1592.4366118907928,2eec3fc99b5182e63aa6883fca18999ad33baee3,outputs/cp0/eval/a25_sft_s1
a25_sft_s1,a25_sft,25,1,sft,8000,6,9,1,1.0,libero_goal,1592.4366118907928,2eec3fc99b5182e63aa6883fca18999ad33baee3,outputs/cp0/eval/a25_sft_s1
a25_sft_s1,a25_sft,25,1,sft,8000,6,10,1,1.0,libero_goal,1592.4366118907928,2eec3fc99b5182e63aa6883fca18999ad33baee3,outputs/cp0/eval/a25_sft_s1
a25_sft_s1,a25_sft,25,1,sft,8000,6,11,1,1.0,libero_goal,1592.4366118907928,2eec3fc99b5182e63aa6883fca18999ad33baee3,outputs/cp0/eval/a25_sft_s1
a25_sft_s1,a25_sft,25,1,sft,8000,6,12,1,1.0,libero_goal,1592.4366118907928,2eec3fc99b5182e63aa6883fca18999ad33baee3,outputs/cp0/eval/a25_sft_s1
a25_sft_s1,a25_sft,25,1,sft,8000,6,13,1,1.0,libero_goal,1592.4366118907928,2eec3fc99b5182e63aa6883fca18999ad33baee3,outputs/cp0/eval/a25_sft_s1
a25_sft_s1,a25_sft,25,1,sft,8000,6,14,1,1.0,libero_goal,1592.4366118907928,2eec3fc99b5182e63aa6883fca18999ad33baee3,outputs/cp0/eval/a25_sft_s1
a25_sft_s1,a25_sft,25,1,sft,8000,6,15,1,1.0,libero_goal,1592.4366118907928,2eec3fc99b5182e63aa6883fca18999ad33baee3,outputs/cp0/eval/a25_sft_s1
a25_sft_s1,a25_sft,25,1,sft,8000,6,16,1,1.0,libero_goal,1592.4366118907928,2eec3fc99b5182e63aa6883fca18999ad33baee3,outputs/cp0/eval/a25_sft_s1
a25_sft_s1,a25_sft,25,1,sft,8000,6,17,0,0.0,libero_goal,1592.4366118907928,2eec3fc99b5182e63aa6883fca18999ad33baee3,outputs/cp0/eval/a25_sft_s1
a25_sft_s1,a25_sft,25,1,sft,8000,6,18,1,1.0,libero_goal,1592.4366118907928,2eec3fc99b5182e63aa6883fca18999ad33baee3,outputs/cp0/eval/a25_sft_s1
a25_sft_s1,a25_sft,25,1,sft,8000,6,19,1,1.0,libero_goal,1592.4366118907928,2eec3fc99b5182e63aa6883fca18999ad33baee3,outputs/cp0/eval/a25_sft_s1
a25_sft_s1,a25_sft,25,1,sft,8000,7,0,1,1.0,libero_goal,1592.4366118907928,2eec3fc99b5182e63aa6883fca18999ad33baee3,outputs/cp0/eval/a25_sft_s1
a25_sft_s1,a25_sft,25,1,sft,8000,7,1,1,1.0,libero_goal,1592.4366118907928,2eec3fc99b5182e63aa6883fca18999ad33baee3,outputs/cp0/eval/a25_sft_s1
a25_sft_s1,a25_sft,25,1,sft,8000,7,2,1,1.0,libero_goal,1592.4366118907928,2eec3fc99b5182e63aa6883fca18999ad33baee3,outputs/cp0/eval/a25_sft_s1
a25_sft_s1,a25_sft,25,1,sft,8000,7,3,1,1.0,libero_goal,1592.4366118907928,2eec3fc99b5182e63aa6883fca18999ad33baee3,outputs/cp0/eval/a25_sft_s1
a25_sft_s1,a25_sft,25,1,sft,8000,7,4,1,1.0,libero_goal,1592.4366118907928,2eec3fc99b5182e63aa6883fca18999ad33baee3,outputs/cp0/eval/a25_sft_s1
a25_sft_s1,a25_sft,25,1,sft,8000,7,5,1,1.0,libero_goal,1592.4366118907928,2eec3fc99b5182e63aa6883fca18999ad33baee3,outputs/cp0/eval/a25_sft_s1
a25_sft_s1,a25_sft,25,1,sft,8000,7,6,1,1.0,libero_goal,1592.4366118907928,2eec3fc99b5182e63aa6883fca18999ad33baee3,outputs/cp0/eval/a25_sft_s1
a25_sft_s1,a25_sft,25,1,sft,8000,7,7,1,1.0,libero_goal,1592.4366118907928,2eec3fc99b5182e63aa6883fca18999ad33baee3,outputs/cp0/eval/a25_sft_s1
a25_sft_s1,a25_sft,25,1,sft,8000,7,8,1,1.0,libero_goal,1592.4366118907928,2eec3fc99b5182e63aa6883fca18999ad33baee3,outputs/cp0/eval/a25_sft_s1
a25_sft_s1,a25_sft,25,1,sft,8000,7,9,1,1.0,libero_goal,1592.4366118907928,2eec3fc99b5182e63aa6883fca18999ad33baee3,outputs/cp0/eval/a25_sft_s1
a25_sft_s1,a25_sft,25,1,sft,8000,7,10,1,1.0,libero_goal,1592.4366118907928,2eec3fc99b5182e63aa6883fca18999ad33baee3,outputs/cp0/eval/a25_sft_s1
a25_sft_s1,a25_sft,25,1,sft,8000,7,11,1,1.0,libero_goal,1592.4366118907928,2eec3fc99b5182e63aa6883fca18999ad33baee3,outputs/cp0/eval/a25_sft_s1
a25_sft_s1,a25_sft,25,1,sft,8000,7,12,1,1.0,libero_goal,1592.4366118907928,2eec3fc99b5182e63aa6883fca18999ad33baee3,outputs/cp0/eval/a25_sft_s1
a25_sft_s1,a25_sft,25,1,sft,8000,7,13,1,1.0,libero_goal,1592.4366118907928,2eec3fc99b5182e63aa6883fca18999ad33baee3,outputs/cp0/eval/a25_sft_s1
a25_sft_s1,a25_sft,25,1,sft,8000,7,14,1,1.0,libero_goal,1592.4366118907928,2eec3fc99b5182e63aa6883fca18999ad33baee3,outputs/cp0/eval/a25_sft_s1
a25_sft_s1,a25_sft,25,1,sft,8000,7,15,1,1.0,libero_goal,1592.4366118907928,2eec3fc99b5182e63aa6883fca18999ad33baee3,outputs/cp0/eval/a25_sft_s1
a25_sft_s1,a25_sft,25,1,sft,8000,7,16,1,1.0,libero_goal,1592.4366118907928,2eec3fc99b5182e63aa6883fca18999ad33baee3,outputs/cp0/eval/a25_sft_s1
a25_sft_s1,a25_sft,25,1,sft,8000,7,17,1,1.0,libero_goal,1592.4366118907928,2eec3fc99b5182e63aa6883fca18999ad33baee3,outputs/cp0/eval/a25_sft_s1
a25_sft_s1,a25_sft,25,1,sft,8000,7,18,1,1.0,libero_goal,1592.4366118907928,2eec3fc99b5182e63aa6883fca18999ad33baee3,outputs/cp0/eval/a25_sft_s1
a25_sft_s1,a25_sft,25,1,sft,8000,7,19,1,1.0,libero_goal,1592.4366118907928,2eec3fc99b5182e63aa6883fca18999ad33baee3,outputs/cp0/eval/a25_sft_s1
a25_sft_s1,a25_sft,25,1,sft,8000,8,0,1,1.0,libero_goal,1592.4366118907928,2eec3fc99b5182e63aa6883fca18999ad33baee3,outputs/cp0/eval/a25_sft_s1
a25_sft_s1,a25_sft,25,1,sft,8000,8,1,1,1.0,libero_goal,1592.4366118907928,2eec3fc99b5182e63aa6883fca18999ad33baee3,outputs/cp0/eval/a25_sft_s1
a25_sft_s1,a25_sft,25,1,sft,8000,8,2,1,1.0,libero_goal,1592.4366118907928,2eec3fc99b5182e63aa6883fca18999ad33baee3,outputs/cp0/eval/a25_sft_s1
a25_sft_s1,a25_sft,25,1,sft,8000,8,3,1,1.0,libero_goal,1592.4366118907928,2eec3fc99b5182e63aa6883fca18999ad33baee3,outputs/cp0/eval/a25_sft_s1
a25_sft_s1,a25_sft,25,1,sft,8000,8,4,0,0.0,libero_goal,1592.4366118907928,2eec3fc99b5182e63aa6883fca18999ad33baee3,outputs/cp0/eval/a25_sft_s1
a25_sft_s1,a25_sft,25,1,sft,8000,8,5,1,1.0,libero_goal,1592.4366118907928,2eec3fc99b5182e63aa6883fca18999ad33baee3,outputs/cp0/eval/a25_sft_s1
a25_sft_s1,a25_sft,25,1,sft,8000,8,6,1,1.0,libero_goal,1592.4366118907928,2eec3fc99b5182e63aa6883fca18999ad33baee3,outputs/cp0/eval/a25_sft_s1
a25_sft_s1,a25_sft,25,1,sft,8000,8,7,0,0.0,libero_goal,1592.4366118907928,2eec3fc99b5182e63aa6883fca18999ad33baee3,outputs/cp0/eval/a25_sft_s1
a25_sft_s1,a25_sft,25,1,sft,8000,8,8,1,1.0,libero_goal,1592.4366118907928,2eec3fc99b5182e63aa6883fca18999ad33baee3,outputs/cp0/eval/a25_sft_s1
a25_sft_s1,a25_sft,25,1,sft,8000,8,9,1,1.0,libero_goal,1592.4366118907928,2eec3fc99b5182e63aa6883fca18999ad33baee3,outputs/cp0/eval/a25_sft_s1
a25_sft_s1,a25_sft,25,1,sft,8000,8,10,1,1.0,libero_goal,1592.4366118907928,2eec3fc99b5182e63aa6883fca18999ad33baee3,outputs/cp0/eval/a25_sft_s1
a25_sft_s1,a25_sft,25,1,sft,8000,8,11,1,1.0,libero_goal,1592.4366118907928,2eec3fc99b5182e63aa6883fca18999ad33baee3,outputs/cp0/eval/a25_sft_s1
a25_sft_s1,a25_sft,25,1,sft,8000,8,12,1,1.0,libero_goal,1592.4366118907928,2eec3fc99b5182e63aa6883fca18999ad33baee3,outputs/cp0/eval/a25_sft_s1
a25_sft_s1,a25_sft,25,1,sft,8000,8,13,1,1.0,libero_goal,1592.4366118907928,2eec3fc99b5182e63aa6883fca18999ad33baee3,outputs/cp0/eval/a25_sft_s1
a25_sft_s1,a25_sft,25,1,sft,8000,8,14,1,1.0,libero_goal,1592.4366118907928,2eec3fc99b5182e63aa6883fca18999ad33baee3,outputs/cp0/eval/a25_sft_s1
a25_sft_s1,a25_sft,25,1,sft,8000,8,15,1,1.0,libero_goal,1592.4366118907928,2eec3fc99b5182e63aa6883fca18999ad33baee3,outputs/cp0/eval/a25_sft_s1
a25_sft_s1,a25_sft,25,1,sft,8000,8,16,1,1.0,libero_goal,1592.4366118907928,2eec3fc99b5182e63aa6883fca18999ad33baee3,outputs/cp0/eval/a25_sft_s1
a25_sft_s1,a25_sft,25,1,sft,8000,8,17,1,1.0,libero_goal,1592.4366118907928,2eec3fc99b5182e63aa6883fca18999ad33baee3,outputs/cp0/eval/a25_sft_s1
a25_sft_s1,a25_sft,25,1,sft,8000,8,18,0,0.0,libero_goal,1592.4366118907928,2eec3fc99b5182e63aa6883fca18999ad33baee3,outputs/cp0/eval/a25_sft_s1
a25_sft_s1,a25_sft,25,1,sft,8000,8,19,1,1.0,libero_goal,1592.4366118907928,2eec3fc99b5182e63aa6883fca18999ad33baee3,outputs/cp0/eval/a25_sft_s1
a25_sft_s1,a25_sft,25,1,sft,8000,9,0,0,0.0,libero_goal,1592.4366118907928,2eec3fc99b5182e63aa6883fca18999ad33baee3,outputs/cp0/eval/a25_sft_s1
a25_sft_s1,a25_sft,25,1,sft,8000,9,1,0,0.0,libero_goal,1592.4366118907928,2eec3fc99b5182e63aa6883fca18999ad33baee3,outputs/cp0/eval/a25_sft_s1
a25_sft_s1,a25_sft,25,1,sft,8000,9,2,0,0.0,libero_goal,1592.4366118907928,2eec3fc99b5182e63aa6883fca18999ad33baee3,outputs/cp0/eval/a25_sft_s1
a25_sft_s1,a25_sft,25,1,sft,8000,9,3,0,0.0,libero_goal,1592.4366118907928,2eec3fc99b5182e63aa6883fca18999ad33baee3,outputs/cp0/eval/a25_sft_s1
a25_sft_s1,a25_sft,25,1,sft,8000,9,4,1,1.0,libero_goal,1592.4366118907928,2eec3fc99b5182e63aa6883fca18999ad33baee3,outputs/cp0/eval/a25_sft_s1
a25_sft_s1,a25_sft,25,1,sft,8000,9,5,1,1.0,libero_goal,1592.4366118907928,2eec3fc99b5182e63aa6883fca18999ad33baee3,outputs/cp0/eval/a25_sft_s1
a25_sft_s1,a25_sft,25,1,sft,8000,9,6,0,0.0,libero_goal,1592.4366118907928,2eec3fc99b5182e63aa6883fca18999ad33baee3,outputs/cp0/eval/a25_sft_s1
a25_sft_s1,a25_sft,25,1,sft,8000,9,7,0,0.0,libero_goal,1592.4366118907928,2eec3fc99b5182e63aa6883fca18999ad33baee3,outputs/cp0/eval/a25_sft_s1
a25_sft_s1,a25_sft,25,1,sft,8000,9,8,0,0.0,libero_goal,1592.4366118907928,2eec3fc99b5182e63aa6883fca18999ad33baee3,outputs/cp0/eval/a25_sft_s1
a25_sft_s1,a25_sft,25,1,sft,8000,9,9,1,1.0,libero_goal,1592.4366118907928,2eec3fc99b5182e63aa6883fca18999ad33baee3,outputs/cp0/eval/a25_sft_s1
a25_sft_s1,a25_sft,25,1,sft,8000,9,10,0,0.0,libero_goal,1592.4366118907928,2eec3fc99b5182e63aa6883fca18999ad33baee3,outputs/cp0/eval/a25_sft_s1
a25_sft_s1,a25_sft,25,1,sft,8000,9,11,0,0.0,libero_goal,1592.4366118907928,2eec3fc99b5182e63aa6883fca18999ad33baee3,outputs/cp0/eval/a25_sft_s1
a25_sft_s1,a25_sft,25,1,sft,8000,9,12,1,1.0,libero_goal,1592.4366118907928,2eec3fc99b5182e63aa6883fca18999ad33baee3,outputs/cp0/eval/a25_sft_s1
a25_sft_s1,a25_sft,25,1,sft,8000,9,13,0,0.0,libero_goal,1592.4366118907928,2eec3fc99b5182e63aa6883fca18999ad33baee3,outputs/cp0/eval/a25_sft_s1
a25_sft_s1,a25_sft,25,1,sft,8000,9,14,0,0.0,libero_goal,1592.4366118907928,2eec3fc99b5182e63aa6883fca18999ad33baee3,outputs/cp0/eval/a25_sft_s1
a25_sft_s1,a25_sft,25,1,sft,8000,9,15,1,1.0,libero_goal,1592.4366118907928,2eec3fc99b5182e63aa6883fca18999ad33baee3,outputs/cp0/eval/a25_sft_s1
a25_sft_s1,a25_sft,25,1,sft,8000,9,16,0,0.0,libero_goal,1592.4366118907928,2eec3fc99b5182e63aa6883fca18999ad33baee3,outputs/cp0/eval/a25_sft_s1
a25_sft_s1,a25_sft,25,1,sft,8000,9,17,0,0.0,libero_goal,1592.4366118907928,2eec3fc99b5182e63aa6883fca18999ad33baee3,outputs/cp0/eval/a25_sft_s1
a25_sft_s1,a25_sft,25,1,sft,8000,9,18,0,0.0,libero_goal,1592.4366118907928,2eec3fc99b5182e63aa6883fca18999ad33baee3,outputs/cp0/eval/a25_sft_s1
a25_sft_s1,a25_sft,25,1,sft,8000,9,19,0,0.0,libero_goal,1592.4366118907928,2eec3fc99b5182e63aa6883fca18999ad33baee3,outputs/cp0/eval/a25_sft_s1
a25_sft_s2,a25_sft,25,2,sft,8000,0,0,0,0.0,libero_goal,1566.8306663036346,2eec3fc99b5182e63aa6883fca18999ad33baee3,outputs/cp0/eval/a25_sft_s2
a25_sft_s2,a25_sft,25,2,sft,8000,0,1,1,1.0,libero_goal,1566.8306663036346,2eec3fc99b5182e63aa6883fca18999ad33baee3,outputs/cp0/eval/a25_sft_s2
a25_sft_s2,a25_sft,25,2,sft,8000,0,2,1,1.0,libero_goal,1566.8306663036346,2eec3fc99b5182e63aa6883fca18999ad33baee3,outputs/cp0/eval/a25_sft_s2
a25_sft_s2,a25_sft,25,2,sft,8000,0,3,1,1.0,libero_goal,1566.8306663036346,2eec3fc99b5182e63aa6883fca18999ad33baee3,outputs/cp0/eval/a25_sft_s2
a25_sft_s2,a25_sft,25,2,sft,8000,0,4,1,1.0,libero_goal,1566.8306663036346,2eec3fc99b5182e63aa6883fca18999ad33baee3,outputs/cp0/eval/a25_sft_s2
a25_sft_s2,a25_sft,25,2,sft,8000,0,5,1,1.0,libero_goal,1566.8306663036346,2eec3fc99b5182e63aa6883fca18999ad33baee3,outputs/cp0/eval/a25_sft_s2
a25_sft_s2,a25_sft,25,2,sft,8000,0,6,1,1.0,libero_goal,1566.8306663036346,2eec3fc99b5182e63aa6883fca18999ad33baee3,outputs/cp0/eval/a25_sft_s2
a25_sft_s2,a25_sft,25,2,sft,8000,0,7,1,1.0,libero_goal,1566.8306663036346,2eec3fc99b5182e63aa6883fca18999ad33baee3,outputs/cp0/eval/a25_sft_s2
a25_sft_s2,a25_sft,25,2,sft,8000,0,8,1,1.0,libero_goal,1566.8306663036346,2eec3fc99b5182e63aa6883fca18999ad33baee3,outputs/cp0/eval/a25_sft_s2
a25_sft_s2,a25_sft,25,2,sft,8000,0,9,1,1.0,libero_goal,1566.8306663036346,2eec3fc99b5182e63aa6883fca18999ad33baee3,outputs/cp0/eval/a25_sft_s2
a25_sft_s2,a25_sft,25,2,sft,8000,0,10,1,1.0,libero_goal,1566.8306663036346,2eec3fc99b5182e63aa6883fca18999ad33baee3,outputs/cp0/eval/a25_sft_s2
a25_sft_s2,a25_sft,25,2,sft,8000,0,11,1,1.0,libero_goal,1566.8306663036346,2eec3fc99b5182e63aa6883fca18999ad33baee3,outputs/cp0/eval/a25_sft_s2
a25_sft_s2,a25_sft,25,2,sft,8000,0,12,0,0.0,libero_goal,1566.8306663036346,2eec3fc99b5182e63aa6883fca18999ad33baee3,outputs/cp0/eval/a25_sft_s2
a25_sft_s2,a25_sft,25,2,sft,8000,0,13,1,1.0,libero_goal,1566.8306663036346,2eec3fc99b5182e63aa6883fca18999ad33baee3,outputs/cp0/eval/a25_sft_s2
a25_sft_s2,a25_sft,25,2,sft,8000,0,14,1,1.0,libero_goal,1566.8306663036346,2eec3fc99b5182e63aa6883fca18999ad33baee3,outputs/cp0/eval/a25_sft_s2
a25_sft_s2,a25_sft,25,2,sft,8000,0,15,0,0.0,libero_goal,1566.8306663036346,2eec3fc99b5182e63aa6883fca18999ad33baee3,outputs/cp0/eval/a25_sft_s2
a25_sft_s2,a25_sft,25,2,sft,8000,0,16,1,1.0,libero_goal,1566.8306663036346,2eec3fc99b5182e63aa6883fca18999ad33baee3,outputs/cp0/eval/a25_sft_s2
a25_sft_s2,a25_sft,25,2,sft,8000,0,17,1,1.0,libero_goal,1566.8306663036346,2eec3fc99b5182e63aa6883fca18999ad33baee3,outputs/cp0/eval/a25_sft_s2
a25_sft_s2,a25_sft,25,2,sft,8000,0,18,0,0.0,libero_goal,1566.8306663036346,2eec3fc99b5182e63aa6883fca18999ad33baee3,outputs/cp0/eval/a25_sft_s2
a25_sft_s2,a25_sft,25,2,sft,8000,0,19,1,1.0,libero_goal,1566.8306663036346,2eec3fc99b5182e63aa6883fca18999ad33baee3,outputs/cp0/eval/a25_sft_s2
a25_sft_s2,a25_sft,25,2,sft,8000,1,0,1,1.0,libero_goal,1566.8306663036346,2eec3fc99b5182e63aa6883fca18999ad33baee3,outputs/cp0/eval/a25_sft_s2
a25_sft_s2,a25_sft,25,2,sft,8000,1,1,1,1.0,libero_goal,1566.8306663036346,2eec3fc99b5182e63aa6883fca18999ad33baee3,outputs/cp0/eval/a25_sft_s2
a25_sft_s2,a25_sft,25,2,sft,8000,1,2,1,1.0,libero_goal,1566.8306663036346,2eec3fc99b5182e63aa6883fca18999ad33baee3,outputs/cp0/eval/a25_sft_s2
a25_sft_s2,a25_sft,25,2,sft,8000,1,3,1,1.0,libero_goal,1566.8306663036346,2eec3fc99b5182e63aa6883fca18999ad33baee3,outputs/cp0/eval/a25_sft_s2
a25_sft_s2,a25_sft,25,2,sft,8000,1,4,1,1.0,libero_goal,1566.8306663036346,2eec3fc99b5182e63aa6883fca18999ad33baee3,outputs/cp0/eval/a25_sft_s2
a25_sft_s2,a25_sft,25,2,sft,8000,1,5,0,0.0,libero_goal,1566.8306663036346,2eec3fc99b5182e63aa6883fca18999ad33baee3,outputs/cp0/eval/a25_sft_s2
a25_sft_s2,a25_sft,25,2,sft,8000,1,6,1,1.0,libero_goal,1566.8306663036346,2eec3fc99b5182e63aa6883fca18999ad33baee3,outputs/cp0/eval/a25_sft_s2
a25_sft_s2,a25_sft,25,2,sft,8000,1,7,1,1.0,libero_goal,1566.8306663036346,2eec3fc99b5182e63aa6883fca18999ad33baee3,outputs/cp0/eval/a25_sft_s2
a25_sft_s2,a25_sft,25,2,sft,8000,1,8,1,1.0,libero_goal,1566.8306663036346,2eec3fc99b5182e63aa6883fca18999ad33baee3,outputs/cp0/eval/a25_sft_s2
a25_sft_s2,a25_sft,25,2,sft,8000,1,9,1,1.0,libero_goal,1566.8306663036346,2eec3fc99b5182e63aa6883fca18999ad33baee3,outputs/cp0/eval/a25_sft_s2
a25_sft_s2,a25_sft,25,2,sft,8000,1,10,1,1.0,libero_goal,1566.8306663036346,2eec3fc99b5182e63aa6883fca18999ad33baee3,outputs/cp0/eval/a25_sft_s2
a25_sft_s2,a25_sft,25,2,sft,8000,1,11,1,1.0,libero_goal,1566.8306663036346,2eec3fc99b5182e63aa6883fca18999ad33baee3,outputs/cp0/eval/a25_sft_s2
a25_sft_s2,a25_sft,25,2,sft,8000,1,12,1,1.0,libero_goal,1566.8306663036346,2eec3fc99b5182e63aa6883fca18999ad33baee3,outputs/cp0/eval/a25_sft_s2
a25_sft_s2,a25_sft,25,2,sft,8000,1,13,1,1.0,libero_goal,1566.8306663036346,2eec3fc99b5182e63aa6883fca18999ad33baee3,outputs/cp0/eval/a25_sft_s2
a25_sft_s2,a25_sft,25,2,sft,8000,1,14,1,1.0,libero_goal,1566.8306663036346,2eec3fc99b5182e63aa6883fca18999ad33baee3,outputs/cp0/eval/a25_sft_s2
a25_sft_s2,a25_sft,25,2,sft,8000,1,15,1,1.0,libero_goal,1566.8306663036346,2eec3fc99b5182e63aa6883fca18999ad33baee3,outputs/cp0/eval/a25_sft_s2
a25_sft_s2,a25_sft,25,2,sft,8000,1,16,1,1.0,libero_goal,1566.8306663036346,2eec3fc99b5182e63aa6883fca18999ad33baee3,outputs/cp0/eval/a25_sft_s2
a25_sft_s2,a25_sft,25,2,sft,8000,1,17,1,1.0,libero_goal,1566.8306663036346,2eec3fc99b5182e63aa6883fca18999ad33baee3,outputs/cp0/eval/a25_sft_s2
a25_sft_s2,a25_sft,25,2,sft,8000,1,18,1,1.0,libero_goal,1566.8306663036346,2eec3fc99b5182e63aa6883fca18999ad33baee3,outputs/cp0/eval/a25_sft_s2
a25_sft_s2,a25_sft,25,2,sft,8000,1,19,1,1.0,libero_goal,1566.8306663036346,2eec3fc99b5182e63aa6883fca18999ad33baee3,outputs/cp0/eval/a25_sft_s2
a25_sft_s2,a25_sft,25,2,sft,8000,2,0,1,1.0,libero_goal,1566.8306663036346,2eec3fc99b5182e63aa6883fca18999ad33baee3,outputs/cp0/eval/a25_sft_s2
a25_sft_s2,a25_sft,25,2,sft,8000,2,1,1,1.0,libero_goal,1566.8306663036346,2eec3fc99b5182e63aa6883fca18999ad33baee3,outputs/cp0/eval/a25_sft_s2
a25_sft_s2,a25_sft,25,2,sft,8000,2,2,1,1.0,libero_goal,1566.8306663036346,2eec3fc99b5182e63aa6883fca18999ad33baee3,outputs/cp0/eval/a25_sft_s2
a25_sft_s2,a25_sft,25,2,sft,8000,2,3,1,1.0,libero_goal,1566.8306663036346,2eec3fc99b5182e63aa6883fca18999ad33baee3,outputs/cp0/eval/a25_sft_s2
a25_sft_s2,a25_sft,25,2,sft,8000,2,4,1,1.0,libero_goal,1566.8306663036346,2eec3fc99b5182e63aa6883fca18999ad33baee3,outputs/cp0/eval/a25_sft_s2
a25_sft_s2,a25_sft,25,2,sft,8000,2,5,1,1.0,libero_goal,1566.8306663036346,2eec3fc99b5182e63aa6883fca18999ad33baee3,outputs/cp0/eval/a25_sft_s2
a25_sft_s2,a25_sft,25,2,sft,8000,2,6,1,1.0,libero_goal,1566.8306663036346,2eec3fc99b5182e63aa6883fca18999ad33baee3,outputs/cp0/eval/a25_sft_s2
a25_sft_s2,a25_sft,25,2,sft,8000,2,7,1,1.0,libero_goal,1566.8306663036346,2eec3fc99b5182e63aa6883fca18999ad33baee3,outputs/cp0/eval/a25_sft_s2
a25_sft_s2,a25_sft,25,2,sft,8000,2,8,1,1.0,libero_goal,1566.8306663036346,2eec3fc99b5182e63aa6883fca18999ad33baee3,outputs/cp0/eval/a25_sft_s2
a25_sft_s2,a25_sft,25,2,sft,8000,2,9,1,1.0,libero_goal,1566.8306663036346,2eec3fc99b5182e63aa6883fca18999ad33baee3,outputs/cp0/eval/a25_sft_s2
a25_sft_s2,a25_sft,25,2,sft,8000,2,10,1,1.0,libero_goal,1566.8306663036346,2eec3fc99b5182e63aa6883fca18999ad33baee3,outputs/cp0/eval/a25_sft_s2
a25_sft_s2,a25_sft,25,2,sft,8000,2,11,1,1.0,libero_goal,1566.8306663036346,2eec3fc99b5182e63aa6883fca18999ad33baee3,outputs/cp0/eval/a25_sft_s2
a25_sft_s2,a25_sft,25,2,sft,8000,2,12,1,1.0,libero_goal,1566.8306663036346,2eec3fc99b5182e63aa6883fca18999ad33baee3,outputs/cp0/eval/a25_sft_s2
a25_sft_s2,a25_sft,25,2,sft,8000,2,13,1,1.0,libero_goal,1566.8306663036346,2eec3fc99b5182e63aa6883fca18999ad33baee3,outputs/cp0/eval/a25_sft_s2
a25_sft_s2,a25_sft,25,2,sft,8000,2,14,1,1.0,libero_goal,1566.8306663036346,2eec3fc99b5182e63aa6883fca18999ad33baee3,outputs/cp0/eval/a25_sft_s2
a25_sft_s2,a25_sft,25,2,sft,8000,2,15,0,0.0,libero_goal,1566.8306663036346,2eec3fc99b5182e63aa6883fca18999ad33baee3,outputs/cp0/eval/a25_sft_s2
a25_sft_s2,a25_sft,25,2,sft,8000,2,16,1,1.0,libero_goal,1566.8306663036346,2eec3fc99b5182e63aa6883fca18999ad33baee3,outputs/cp0/eval/a25_sft_s2
a25_sft_s2,a25_sft,25,2,sft,8000,2,17,1,1.0,libero_goal,1566.8306663036346,2eec3fc99b5182e63aa6883fca18999ad33baee3,outputs/cp0/eval/a25_sft_s2
a25_sft_s2,a25_sft,25,2,sft,8000,2,18,1,1.0,libero_goal,1566.8306663036346,2eec3fc99b5182e63aa6883fca18999ad33baee3,outputs/cp0/eval/a25_sft_s2
a25_sft_s2,a25_sft,25,2,sft,8000,2,19,1,1.0,libero_goal,1566.8306663036346,2eec3fc99b5182e63aa6883fca18999ad33baee3,outputs/cp0/eval/a25_sft_s2
a25_sft_s2,a25_sft,25,2,sft,8000,3,0,1,1.0,libero_goal,1566.8306663036346,2eec3fc99b5182e63aa6883fca18999ad33baee3,outputs/cp0/eval/a25_sft_s2
a25_sft_s2,a25_sft,25,2,sft,8000,3,1,1,1.0,libero_goal,1566.8306663036346,2eec3fc99b5182e63aa6883fca18999ad33baee3,outputs/cp0/eval/a25_sft_s2
a25_sft_s2,a25_sft,25,2,sft,8000,3,2,1,1.0,libero_goal,1566.8306663036346,2eec3fc99b5182e63aa6883fca18999ad33baee3,outputs/cp0/eval/a25_sft_s2
a25_sft_s2,a25_sft,25,2,sft,8000,3,3,1,1.0,libero_goal,1566.8306663036346,2eec3fc99b5182e63aa6883fca18999ad33baee3,outputs/cp0/eval/a25_sft_s2
a25_sft_s2,a25_sft,25,2,sft,8000,3,4,1,1.0,libero_goal,1566.8306663036346,2eec3fc99b5182e63aa6883fca18999ad33baee3,outputs/cp0/eval/a25_sft_s2
a25_sft_s2,a25_sft,25,2,sft,8000,3,5,0,0.0,libero_goal,1566.8306663036346,2eec3fc99b5182e63aa6883fca18999ad33baee3,outputs/cp0/eval/a25_sft_s2
a25_sft_s2,a25_sft,25,2,sft,8000,3,6,1,1.0,libero_goal,1566.8306663036346,2eec3fc99b5182e63aa6883fca18999ad33baee3,outputs/cp0/eval/a25_sft_s2
a25_sft_s2,a25_sft,25,2,sft,8000,3,7,1,1.0,libero_goal,1566.8306663036346,2eec3fc99b5182e63aa6883fca18999ad33baee3,outputs/cp0/eval/a25_sft_s2
a25_sft_s2,a25_sft,25,2,sft,8000,3,8,0,0.0,libero_goal,1566.8306663036346,2eec3fc99b5182e63aa6883fca18999ad33baee3,outputs/cp0/eval/a25_sft_s2
a25_sft_s2,a25_sft,25,2,sft,8000,3,9,1,1.0,libero_goal,1566.8306663036346,2eec3fc99b5182e63aa6883fca18999ad33baee3,outputs/cp0/eval/a25_sft_s2
a25_sft_s2,a25_sft,25,2,sft,8000,3,10,1,1.0,libero_goal,1566.8306663036346,2eec3fc99b5182e63aa6883fca18999ad33baee3,outputs/cp0/eval/a25_sft_s2
a25_sft_s2,a25_sft,25,2,sft,8000,3,11,1,1.0,libero_goal,1566.8306663036346,2eec3fc99b5182e63aa6883fca18999ad33baee3,outputs/cp0/eval/a25_sft_s2
a25_sft_s2,a25_sft,25,2,sft,8000,3,12,1,1.0,libero_goal,1566.8306663036346,2eec3fc99b5182e63aa6883fca18999ad33baee3,outputs/cp0/eval/a25_sft_s2
a25_sft_s2,a25_sft,25,2,sft,8000,3,13,0,0.0,libero_goal,1566.8306663036346,2eec3fc99b5182e63aa6883fca18999ad33baee3,outputs/cp0/eval/a25_sft_s2
a25_sft_s2,a25_sft,25,2,sft,8000,3,14,1,1.0,libero_goal,1566.8306663036346,2eec3fc99b5182e63aa6883fca18999ad33baee3,outputs/cp0/eval/a25_sft_s2
a25_sft_s2,a25_sft,25,2,sft,8000,3,15,1,1.0,libero_goal,1566.8306663036346,2eec3fc99b5182e63aa6883fca18999ad33baee3,outputs/cp0/eval/a25_sft_s2
a25_sft_s2,a25_sft,25,2,sft,8000,3,16,0,0.0,libero_goal,1566.8306663036346,2eec3fc99b5182e63aa6883fca18999ad33baee3,outputs/cp0/eval/a25_sft_s2
a25_sft_s2,a25_sft,25,2,sft,8000,3,17,1,1.0,libero_goal,1566.8306663036346,2eec3fc99b5182e63aa6883fca18999ad33baee3,outputs/cp0/eval/a25_sft_s2
a25_sft_s2,a25_sft,25,2,sft,8000,3,18,1,1.0,libero_goal,1566.8306663036346,2eec3fc99b5182e63aa6883fca18999ad33baee3,outputs/cp0/eval/a25_sft_s2
a25_sft_s2,a25_sft,25,2,sft,8000,3,19,1,1.0,libero_goal,1566.8306663036346,2eec3fc99b5182e63aa6883fca18999ad33baee3,outputs/cp0/eval/a25_sft_s2
a25_sft_s2,a25_sft,25,2,sft,8000,4,0,1,1.0,libero_goal,1566.8306663036346,2eec3fc99b5182e63aa6883fca18999ad33baee3,outputs/cp0/eval/a25_sft_s2
a25_sft_s2,a25_sft,25,2,sft,8000,4,1,1,1.0,libero_goal,1566.8306663036346,2eec3fc99b5182e63aa6883fca18999ad33baee3,outputs/cp0/eval/a25_sft_s2
a25_sft_s2,a25_sft,25,2,sft,8000,4,2,1,1.0,libero_goal,1566.8306663036346,2eec3fc99b5182e63aa6883fca18999ad33baee3,outputs/cp0/eval/a25_sft_s2
a25_sft_s2,a25_sft,25,2,sft,8000,4,3,1,1.0,libero_goal,1566.8306663036346,2eec3fc99b5182e63aa6883fca18999ad33baee3,outputs/cp0/eval/a25_sft_s2
a25_sft_s2,a25_sft,25,2,sft,8000,4,4,1,1.0,libero_goal,1566.8306663036346,2eec3fc99b5182e63aa6883fca18999ad33baee3,outputs/cp0/eval/a25_sft_s2
a25_sft_s2,a25_sft,25,2,sft,8000,4,5,1,1.0,libero_goal,1566.8306663036346,2eec3fc99b5182e63aa6883fca18999ad33baee3,outputs/cp0/eval/a25_sft_s2
a25_sft_s2,a25_sft,25,2,sft,8000,4,6,1,1.0,libero_goal,1566.8306663036346,2eec3fc99b5182e63aa6883fca18999ad33baee3,outputs/cp0/eval/a25_sft_s2
a25_sft_s2,a25_sft,25,2,sft,8000,4,7,1,1.0,libero_goal,1566.8306663036346,2eec3fc99b5182e63aa6883fca18999ad33baee3,outputs/cp0/eval/a25_sft_s2
a25_sft_s2,a25_sft,25,2,sft,8000,4,8,1,1.0,libero_goal,1566.8306663036346,2eec3fc99b5182e63aa6883fca18999ad33baee3,outputs/cp0/eval/a25_sft_s2
a25_sft_s2,a25_sft,25,2,sft,8000,4,9,1,1.0,libero_goal,1566.8306663036346,2eec3fc99b5182e63aa6883fca18999ad33baee3,outputs/cp0/eval/a25_sft_s2
a25_sft_s2,a25_sft,25,2,sft,8000,4,10,1,1.0,libero_goal,1566.8306663036346,2eec3fc99b5182e63aa6883fca18999ad33baee3,outputs/cp0/eval/a25_sft_s2
a25_sft_s2,a25_sft,25,2,sft,8000,4,11,1,1.0,libero_goal,1566.8306663036346,2eec3fc99b5182e63aa6883fca18999ad33baee3,outputs/cp0/eval/a25_sft_s2
a25_sft_s2,a25_sft,25,2,sft,8000,4,12,1,1.0,libero_goal,1566.8306663036346,2eec3fc99b5182e63aa6883fca18999ad33baee3,outputs/cp0/eval/a25_sft_s2
a25_sft_s2,a25_sft,25,2,sft,8000,4,13,1,1.0,libero_goal,1566.8306663036346,2eec3fc99b5182e63aa6883fca18999ad33baee3,outputs/cp0/eval/a25_sft_s2
a25_sft_s2,a25_sft,25,2,sft,8000,4,14,1,1.0,libero_goal,1566.8306663036346,2eec3fc99b5182e63aa6883fca18999ad33baee3,outputs/cp0/eval/a25_sft_s2
a25_sft_s2,a25_sft,25,2,sft,8000,4,15,1,1.0,libero_goal,1566.8306663036346,2eec3fc99b5182e63aa6883fca18999ad33baee3,outputs/cp0/eval/a25_sft_s2
a25_sft_s2,a25_sft,25,2,sft,8000,4,16,1,1.0,libero_goal,1566.8306663036346,2eec3fc99b5182e63aa6883fca18999ad33baee3,outputs/cp0/eval/a25_sft_s2
a25_sft_s2,a25_sft,25,2,sft,8000,4,17,1,1.0,libero_goal,1566.8306663036346,2eec3fc99b5182e63aa6883fca18999ad33baee3,outputs/cp0/eval/a25_sft_s2
a25_sft_s2,a25_sft,25,2,sft,8000,4,18,0,0.0,libero_goal,1566.8306663036346,2eec3fc99b5182e63aa6883fca18999ad33baee3,outputs/cp0/eval/a25_sft_s2
a25_sft_s2,a25_sft,25,2,sft,8000,4,19,1,1.0,libero_goal,1566.8306663036346,2eec3fc99b5182e63aa6883fca18999ad33baee3,outputs/cp0/eval/a25_sft_s2
a25_sft_s2,a25_sft,25,2,sft,8000,5,0,1,1.0,libero_goal,1566.8306663036346,2eec3fc99b5182e63aa6883fca18999ad33baee3,outputs/cp0/eval/a25_sft_s2
a25_sft_s2,a25_sft,25,2,sft,8000,5,1,0,0.0,libero_goal,1566.8306663036346,2eec3fc99b5182e63aa6883fca18999ad33baee3,outputs/cp0/eval/a25_sft_s2
a25_sft_s2,a25_sft,25,2,sft,8000,5,2,1,1.0,libero_goal,1566.8306663036346,2eec3fc99b5182e63aa6883fca18999ad33baee3,outputs/cp0/eval/a25_sft_s2
a25_sft_s2,a25_sft,25,2,sft,8000,5,3,0,0.0,libero_goal,1566.8306663036346,2eec3fc99b5182e63aa6883fca18999ad33baee3,outputs/cp0/eval/a25_sft_s2
a25_sft_s2,a25_sft,25,2,sft,8000,5,4,0,0.0,libero_goal,1566.8306663036346,2eec3fc99b5182e63aa6883fca18999ad33baee3,outputs/cp0/eval/a25_sft_s2
a25_sft_s2,a25_sft,25,2,sft,8000,5,5,0,0.0,libero_goal,1566.8306663036346,2eec3fc99b5182e63aa6883fca18999ad33baee3,outputs/cp0/eval/a25_sft_s2
a25_sft_s2,a25_sft,25,2,sft,8000,5,6,1,1.0,libero_goal,1566.8306663036346,2eec3fc99b5182e63aa6883fca18999ad33baee3,outputs/cp0/eval/a25_sft_s2
a25_sft_s2,a25_sft,25,2,sft,8000,5,7,1,1.0,libero_goal,1566.8306663036346,2eec3fc99b5182e63aa6883fca18999ad33baee3,outputs/cp0/eval/a25_sft_s2
a25_sft_s2,a25_sft,25,2,sft,8000,5,8,1,1.0,libero_goal,1566.8306663036346,2eec3fc99b5182e63aa6883fca18999ad33baee3,outputs/cp0/eval/a25_sft_s2
a25_sft_s2,a25_sft,25,2,sft,8000,5,9,1,1.0,libero_goal,1566.8306663036346,2eec3fc99b5182e63aa6883fca18999ad33baee3,outputs/cp0/eval/a25_sft_s2
a25_sft_s2,a25_sft,25,2,sft,8000,5,10,1,1.0,libero_goal,1566.8306663036346,2eec3fc99b5182e63aa6883fca18999ad33baee3,outputs/cp0/eval/a25_sft_s2
a25_sft_s2,a25_sft,25,2,sft,8000,5,11,0,0.0,libero_goal,1566.8306663036346,2eec3fc99b5182e63aa6883fca18999ad33baee3,outputs/cp0/eval/a25_sft_s2
a25_sft_s2,a25_sft,25,2,sft,8000,5,12,1,1.0,libero_goal,1566.8306663036346,2eec3fc99b5182e63aa6883fca18999ad33baee3,outputs/cp0/eval/a25_sft_s2
a25_sft_s2,a25_sft,25,2,sft,8000,5,13,1,1.0,libero_goal,1566.8306663036346,2eec3fc99b5182e63aa6883fca18999ad33baee3,outputs/cp0/eval/a25_sft_s2
a25_sft_s2,a25_sft,25,2,sft,8000,5,14,1,1.0,libero_goal,1566.8306663036346,2eec3fc99b5182e63aa6883fca18999ad33baee3,outputs/cp0/eval/a25_sft_s2
a25_sft_s2,a25_sft,25,2,sft,8000,5,15,1,1.0,libero_goal,1566.8306663036346,2eec3fc99b5182e63aa6883fca18999ad33baee3,outputs/cp0/eval/a25_sft_s2
a25_sft_s2,a25_sft,25,2,sft,8000,5,16,1,1.0,libero_goal,1566.8306663036346,2eec3fc99b5182e63aa6883fca18999ad33baee3,outputs/cp0/eval/a25_sft_s2
a25_sft_s2,a25_sft,25,2,sft,8000,5,17,1,1.0,libero_goal,1566.8306663036346,2eec3fc99b5182e63aa6883fca18999ad33baee3,outputs/cp0/eval/a25_sft_s2
a25_sft_s2,a25_sft,25,2,sft,8000,5,18,1,1.0,libero_goal,1566.8306663036346,2eec3fc99b5182e63aa6883fca18999ad33baee3,outputs/cp0/eval/a25_sft_s2
a25_sft_s2,a25_sft,25,2,sft,8000,5,19,1,1.0,libero_goal,1566.8306663036346,2eec3fc99b5182e63aa6883fca18999ad33baee3,outputs/cp0/eval/a25_sft_s2
a25_sft_s2,a25_sft,25,2,sft,8000,6,0,1,1.0,libero_goal,1566.8306663036346,2eec3fc99b5182e63aa6883fca18999ad33baee3,outputs/cp0/eval/a25_sft_s2
a25_sft_s2,a25_sft,25,2,sft,8000,6,1,1,1.0,libero_goal,1566.8306663036346,2eec3fc99b5182e63aa6883fca18999ad33baee3,outputs/cp0/eval/a25_sft_s2
a25_sft_s2,a25_sft,25,2,sft,8000,6,2,1,1.0,libero_goal,1566.8306663036346,2eec3fc99b5182e63aa6883fca18999ad33baee3,outputs/cp0/eval/a25_sft_s2
a25_sft_s2,a25_sft,25,2,sft,8000,6,3,0,0.0,libero_goal,1566.8306663036346,2eec3fc99b5182e63aa6883fca18999ad33baee3,outputs/cp0/eval/a25_sft_s2
a25_sft_s2,a25_sft,25,2,sft,8000,6,4,1,1.0,libero_goal,1566.8306663036346,2eec3fc99b5182e63aa6883fca18999ad33baee3,outputs/cp0/eval/a25_sft_s2
a25_sft_s2,a25_sft,25,2,sft,8000,6,5,1,1.0,libero_goal,1566.8306663036346,2eec3fc99b5182e63aa6883fca18999ad33baee3,outputs/cp0/eval/a25_sft_s2
a25_sft_s2,a25_sft,25,2,sft,8000,6,6,1,1.0,libero_goal,1566.8306663036346,2eec3fc99b5182e63aa6883fca18999ad33baee3,outputs/cp0/eval/a25_sft_s2
a25_sft_s2,a25_sft,25,2,sft,8000,6,7,1,1.0,libero_goal,1566.8306663036346,2eec3fc99b5182e63aa6883fca18999ad33baee3,outputs/cp0/eval/a25_sft_s2
a25_sft_s2,a25_sft,25,2,sft,8000,6,8,1,1.0,libero_goal,1566.8306663036346,2eec3fc99b5182e63aa6883fca18999ad33baee3,outputs/cp0/eval/a25_sft_s2
a25_sft_s2,a25_sft,25,2,sft,8000,6,9,1,1.0,libero_goal,1566.8306663036346,2eec3fc99b5182e63aa6883fca18999ad33baee3,outputs/cp0/eval/a25_sft_s2
a25_sft_s2,a25_sft,25,2,sft,8000,6,10,1,1.0,libero_goal,1566.8306663036346,2eec3fc99b5182e63aa6883fca18999ad33baee3,outputs/cp0/eval/a25_sft_s2
a25_sft_s2,a25_sft,25,2,sft,8000,6,11,1,1.0,libero_goal,1566.8306663036346,2eec3fc99b5182e63aa6883fca18999ad33baee3,outputs/cp0/eval/a25_sft_s2
a25_sft_s2,a25_sft,25,2,sft,8000,6,12,1,1.0,libero_goal,1566.8306663036346,2eec3fc99b5182e63aa6883fca18999ad33baee3,outputs/cp0/eval/a25_sft_s2
a25_sft_s2,a25_sft,25,2,sft,8000,6,13,0,0.0,libero_goal,1566.8306663036346,2eec3fc99b5182e63aa6883fca18999ad33baee3,outputs/cp0/eval/a25_sft_s2
a25_sft_s2,a25_sft,25,2,sft,8000,6,14,1,1.0,libero_goal,1566.8306663036346,2eec3fc99b5182e63aa6883fca18999ad33baee3,outputs/cp0/eval/a25_sft_s2
a25_sft_s2,a25_sft,25,2,sft,8000,6,15,1,1.0,libero_goal,1566.8306663036346,2eec3fc99b5182e63aa6883fca18999ad33baee3,outputs/cp0/eval/a25_sft_s2
a25_sft_s2,a25_sft,25,2,sft,8000,6,16,1,1.0,libero_goal,1566.8306663036346,2eec3fc99b5182e63aa6883fca18999ad33baee3,outputs/cp0/eval/a25_sft_s2
a25_sft_s2,a25_sft,25,2,sft,8000,6,17,1,1.0,libero_goal,1566.8306663036346,2eec3fc99b5182e63aa6883fca18999ad33baee3,outputs/cp0/eval/a25_sft_s2
a25_sft_s2,a25_sft,25,2,sft,8000,6,18,1,1.0,libero_goal,1566.8306663036346,2eec3fc99b5182e63aa6883fca18999ad33baee3,outputs/cp0/eval/a25_sft_s2
a25_sft_s2,a25_sft,25,2,sft,8000,6,19,1,1.0,libero_goal,1566.8306663036346,2eec3fc99b5182e63aa6883fca18999ad33baee3,outputs/cp0/eval/a25_sft_s2
a25_sft_s2,a25_sft,25,2,sft,8000,7,0,1,1.0,libero_goal,1566.8306663036346,2eec3fc99b5182e63aa6883fca18999ad33baee3,outputs/cp0/eval/a25_sft_s2
a25_sft_s2,a25_sft,25,2,sft,8000,7,1,1,1.0,libero_goal,1566.8306663036346,2eec3fc99b5182e63aa6883fca18999ad33baee3,outputs/cp0/eval/a25_sft_s2
a25_sft_s2,a25_sft,25,2,sft,8000,7,2,1,1.0,libero_goal,1566.8306663036346,2eec3fc99b5182e63aa6883fca18999ad33baee3,outputs/cp0/eval/a25_sft_s2
a25_sft_s2,a25_sft,25,2,sft,8000,7,3,1,1.0,libero_goal,1566.8306663036346,2eec3fc99b5182e63aa6883fca18999ad33baee3,outputs/cp0/eval/a25_sft_s2
a25_sft_s2,a25_sft,25,2,sft,8000,7,4,1,1.0,libero_goal,1566.8306663036346,2eec3fc99b5182e63aa6883fca18999ad33baee3,outputs/cp0/eval/a25_sft_s2
a25_sft_s2,a25_sft,25,2,sft,8000,7,5,1,1.0,libero_goal,1566.8306663036346,2eec3fc99b5182e63aa6883fca18999ad33baee3,outputs/cp0/eval/a25_sft_s2
a25_sft_s2,a25_sft,25,2,sft,8000,7,6,1,1.0,libero_goal,1566.8306663036346,2eec3fc99b5182e63aa6883fca18999ad33baee3,outputs/cp0/eval/a25_sft_s2
a25_sft_s2,a25_sft,25,2,sft,8000,7,7,1,1.0,libero_goal,1566.8306663036346,2eec3fc99b5182e63aa6883fca18999ad33baee3,outputs/cp0/eval/a25_sft_s2
a25_sft_s2,a25_sft,25,2,sft,8000,7,8,1,1.0,libero_goal,1566.8306663036346,2eec3fc99b5182e63aa6883fca18999ad33baee3,outputs/cp0/eval/a25_sft_s2
a25_sft_s2,a25_sft,25,2,sft,8000,7,9,0,0.0,libero_goal,1566.8306663036346,2eec3fc99b5182e63aa6883fca18999ad33baee3,outputs/cp0/eval/a25_sft_s2
a25_sft_s2,a25_sft,25,2,sft,8000,7,10,1,1.0,libero_goal,1566.8306663036346,2eec3fc99b5182e63aa6883fca18999ad33baee3,outputs/cp0/eval/a25_sft_s2
a25_sft_s2,a25_sft,25,2,sft,8000,7,11,1,1.0,libero_goal,1566.8306663036346,2eec3fc99b5182e63aa6883fca18999ad33baee3,outputs/cp0/eval/a25_sft_s2
a25_sft_s2,a25_sft,25,2,sft,8000,7,12,1,1.0,libero_goal,1566.8306663036346,2eec3fc99b5182e63aa6883fca18999ad33baee3,outputs/cp0/eval/a25_sft_s2
a25_sft_s2,a25_sft,25,2,sft,8000,7,13,1,1.0,libero_goal,1566.8306663036346,2eec3fc99b5182e63aa6883fca18999ad33baee3,outputs/cp0/eval/a25_sft_s2
a25_sft_s2,a25_sft,25,2,sft,8000,7,14,1,1.0,libero_goal,1566.8306663036346,2eec3fc99b5182e63aa6883fca18999ad33baee3,outputs/cp0/eval/a25_sft_s2
a25_sft_s2,a25_sft,25,2,sft,8000,7,15,1,1.0,libero_goal,1566.8306663036346,2eec3fc99b5182e63aa6883fca18999ad33baee3,outputs/cp0/eval/a25_sft_s2
a25_sft_s2,a25_sft,25,2,sft,8000,7,16,1,1.0,libero_goal,1566.8306663036346,2eec3fc99b5182e63aa6883fca18999ad33baee3,outputs/cp0/eval/a25_sft_s2
a25_sft_s2,a25_sft,25,2,sft,8000,7,17,1,1.0,libero_goal,1566.8306663036346,2eec3fc99b5182e63aa6883fca18999ad33baee3,outputs/cp0/eval/a25_sft_s2
a25_sft_s2,a25_sft,25,2,sft,8000,7,18,1,1.0,libero_goal,1566.8306663036346,2eec3fc99b5182e63aa6883fca18999ad33baee3,outputs/cp0/eval/a25_sft_s2
a25_sft_s2,a25_sft,25,2,sft,8000,7,19,1,1.0,libero_goal,1566.8306663036346,2eec3fc99b5182e63aa6883fca18999ad33baee3,outputs/cp0/eval/a25_sft_s2
a25_sft_s2,a25_sft,25,2,sft,8000,8,0,1,1.0,libero_goal,1566.8306663036346,2eec3fc99b5182e63aa6883fca18999ad33baee3,outputs/cp0/eval/a25_sft_s2
a25_sft_s2,a25_sft,25,2,sft,8000,8,1,1,1.0,libero_goal,1566.8306663036346,2eec3fc99b5182e63aa6883fca18999ad33baee3,outputs/cp0/eval/a25_sft_s2
a25_sft_s2,a25_sft,25,2,sft,8000,8,2,1,1.0,libero_goal,1566.8306663036346,2eec3fc99b5182e63aa6883fca18999ad33baee3,outputs/cp0/eval/a25_sft_s2
a25_sft_s2,a25_sft,25,2,sft,8000,8,3,1,1.0,libero_goal,1566.8306663036346,2eec3fc99b5182e63aa6883fca18999ad33baee3,outputs/cp0/eval/a25_sft_s2
a25_sft_s2,a25_sft,25,2,sft,8000,8,4,1,1.0,libero_goal,1566.8306663036346,2eec3fc99b5182e63aa6883fca18999ad33baee3,outputs/cp0/eval/a25_sft_s2
a25_sft_s2,a25_sft,25,2,sft,8000,8,5,1,1.0,libero_goal,1566.8306663036346,2eec3fc99b5182e63aa6883fca18999ad33baee3,outputs/cp0/eval/a25_sft_s2
a25_sft_s2,a25_sft,25,2,sft,8000,8,6,1,1.0,libero_goal,1566.8306663036346,2eec3fc99b5182e63aa6883fca18999ad33baee3,outputs/cp0/eval/a25_sft_s2
a25_sft_s2,a25_sft,25,2,sft,8000,8,7,1,1.0,libero_goal,1566.8306663036346,2eec3fc99b5182e63aa6883fca18999ad33baee3,outputs/cp0/eval/a25_sft_s2
a25_sft_s2,a25_sft,25,2,sft,8000,8,8,1,1.0,libero_goal,1566.8306663036346,2eec3fc99b5182e63aa6883fca18999ad33baee3,outputs/cp0/eval/a25_sft_s2
a25_sft_s2,a25_sft,25,2,sft,8000,8,9,1,1.0,libero_goal,1566.8306663036346,2eec3fc99b5182e63aa6883fca18999ad33baee3,outputs/cp0/eval/a25_sft_s2
a25_sft_s2,a25_sft,25,2,sft,8000,8,10,1,1.0,libero_goal,1566.8306663036346,2eec3fc99b5182e63aa6883fca18999ad33baee3,outputs/cp0/eval/a25_sft_s2
a25_sft_s2,a25_sft,25,2,sft,8000,8,11,1,1.0,libero_goal,1566.8306663036346,2eec3fc99b5182e63aa6883fca18999ad33baee3,outputs/cp0/eval/a25_sft_s2
a25_sft_s2,a25_sft,25,2,sft,8000,8,12,1,1.0,libero_goal,1566.8306663036346,2eec3fc99b5182e63aa6883fca18999ad33baee3,outputs/cp0/eval/a25_sft_s2
a25_sft_s2,a25_sft,25,2,sft,8000,8,13,1,1.0,libero_goal,1566.8306663036346,2eec3fc99b5182e63aa6883fca18999ad33baee3,outputs/cp0/eval/a25_sft_s2
a25_sft_s2,a25_sft,25,2,sft,8000,8,14,1,1.0,libero_goal,1566.8306663036346,2eec3fc99b5182e63aa6883fca18999ad33baee3,outputs/cp0/eval/a25_sft_s2
a25_sft_s2,a25_sft,25,2,sft,8000,8,15,1,1.0,libero_goal,1566.8306663036346,2eec3fc99b5182e63aa6883fca18999ad33baee3,outputs/cp0/eval/a25_sft_s2
a25_sft_s2,a25_sft,25,2,sft,8000,8,16,1,1.0,libero_goal,1566.8306663036346,2eec3fc99b5182e63aa6883fca18999ad33baee3,outputs/cp0/eval/a25_sft_s2
a25_sft_s2,a25_sft,25,2,sft,8000,8,17,0,0.0,libero_goal,1566.8306663036346,2eec3fc99b5182e63aa6883fca18999ad33baee3,outputs/cp0/eval/a25_sft_s2
a25_sft_s2,a25_sft,25,2,sft,8000,8,18,0,0.0,libero_goal,1566.8306663036346,2eec3fc99b5182e63aa6883fca18999ad33baee3,outputs/cp0/eval/a25_sft_s2
a25_sft_s2,a25_sft,25,2,sft,8000,8,19,1,1.0,libero_goal,1566.8306663036346,2eec3fc99b5182e63aa6883fca18999ad33baee3,outputs/cp0/eval/a25_sft_s2
a25_sft_s2,a25_sft,25,2,sft,8000,9,0,1,1.0,libero_goal,1566.8306663036346,2eec3fc99b5182e63aa6883fca18999ad33baee3,outputs/cp0/eval/a25_sft_s2
a25_sft_s2,a25_sft,25,2,sft,8000,9,1,1,1.0,libero_goal,1566.8306663036346,2eec3fc99b5182e63aa6883fca18999ad33baee3,outputs/cp0/eval/a25_sft_s2
a25_sft_s2,a25_sft,25,2,sft,8000,9,2,0,0.0,libero_goal,1566.8306663036346,2eec3fc99b5182e63aa6883fca18999ad33baee3,outputs/cp0/eval/a25_sft_s2
a25_sft_s2,a25_sft,25,2,sft,8000,9,3,0,0.0,libero_goal,1566.8306663036346,2eec3fc99b5182e63aa6883fca18999ad33baee3,outputs/cp0/eval/a25_sft_s2
a25_sft_s2,a25_sft,25,2,sft,8000,9,4,0,0.0,libero_goal,1566.8306663036346,2eec3fc99b5182e63aa6883fca18999ad33baee3,outputs/cp0/eval/a25_sft_s2
a25_sft_s2,a25_sft,25,2,sft,8000,9,5,1,1.0,libero_goal,1566.8306663036346,2eec3fc99b5182e63aa6883fca18999ad33baee3,outputs/cp0/eval/a25_sft_s2
a25_sft_s2,a25_sft,25,2,sft,8000,9,6,0,0.0,libero_goal,1566.8306663036346,2eec3fc99b5182e63aa6883fca18999ad33baee3,outputs/cp0/eval/a25_sft_s2
a25_sft_s2,a25_sft,25,2,sft,8000,9,7,1,1.0,libero_goal,1566.8306663036346,2eec3fc99b5182e63aa6883fca18999ad33baee3,outputs/cp0/eval/a25_sft_s2
a25_sft_s2,a25_sft,25,2,sft,8000,9,8,0,0.0,libero_goal,1566.8306663036346,2eec3fc99b5182e63aa6883fca18999ad33baee3,outputs/cp0/eval/a25_sft_s2
a25_sft_s2,a25_sft,25,2,sft,8000,9,9,1,1.0,libero_goal,1566.8306663036346,2eec3fc99b5182e63aa6883fca18999ad33baee3,outputs/cp0/eval/a25_sft_s2
a25_sft_s2,a25_sft,25,2,sft,8000,9,10,0,0.0,libero_goal,1566.8306663036346,2eec3fc99b5182e63aa6883fca18999ad33baee3,outputs/cp0/eval/a25_sft_s2
a25_sft_s2,a25_sft,25,2,sft,8000,9,11,0,0.0,libero_goal,1566.8306663036346,2eec3fc99b5182e63aa6883fca18999ad33baee3,outputs/cp0/eval/a25_sft_s2
a25_sft_s2,a25_sft,25,2,sft,8000,9,12,1,1.0,libero_goal,1566.8306663036346,2eec3fc99b5182e63aa6883fca18999ad33baee3,outputs/cp0/eval/a25_sft_s2
a25_sft_s2,a25_sft,25,2,sft,8000,9,13,0,0.0,libero_goal,1566.8306663036346,2eec3fc99b5182e63aa6883fca18999ad33baee3,outputs/cp0/eval/a25_sft_s2
a25_sft_s2,a25_sft,25,2,sft,8000,9,14,1,1.0,libero_goal,1566.8306663036346,2eec3fc99b5182e63aa6883fca18999ad33baee3,outputs/cp0/eval/a25_sft_s2
a25_sft_s2,a25_sft,25,2,sft,8000,9,15,1,1.0,libero_goal,1566.8306663036346,2eec3fc99b5182e63aa6883fca18999ad33baee3,outputs/cp0/eval/a25_sft_s2
a25_sft_s2,a25_sft,25,2,sft,8000,9,16,0,0.0,libero_goal,1566.8306663036346,2eec3fc99b5182e63aa6883fca18999ad33baee3,outputs/cp0/eval/a25_sft_s2
a25_sft_s2,a25_sft,25,2,sft,8000,9,17,1,1.0,libero_goal,1566.8306663036346,2eec3fc99b5182e63aa6883fca18999ad33baee3,outputs/cp0/eval/a25_sft_s2
a25_sft_s2,a25_sft,25,2,sft,8000,9,18,1,1.0,libero_goal,1566.8306663036346,2eec3fc99b5182e63aa6883fca18999ad33baee3,outputs/cp0/eval/a25_sft_s2
a25_sft_s2,a25_sft,25,2,sft,8000,9,19,0,0.0,libero_goal,1566.8306663036346,2eec3fc99b5182e63aa6883fca18999ad33baee3,outputs/cp0/eval/a25_sft_s2
a1_sft_s3,a1_sft,1,3,sft,8000,0,0,0,0.0,libero_goal,1645.4736666679382,5bc1b3ae471a6650fc1d4e1a510b92a253ffcca7,outputs/cp0/eval/a1_sft_s3
a1_sft_s3,a1_sft,1,3,sft,8000,0,1,0,0.0,libero_goal,1645.4736666679382,5bc1b3ae471a6650fc1d4e1a510b92a253ffcca7,outputs/cp0/eval/a1_sft_s3
a1_sft_s3,a1_sft,1,3,sft,8000,0,2,0,0.0,libero_goal,1645.4736666679382,5bc1b3ae471a6650fc1d4e1a510b92a253ffcca7,outputs/cp0/eval/a1_sft_s3
a1_sft_s3,a1_sft,1,3,sft,8000,0,3,0,0.0,libero_goal,1645.4736666679382,5bc1b3ae471a6650fc1d4e1a510b92a253ffcca7,outputs/cp0/eval/a1_sft_s3
a1_sft_s3,a1_sft,1,3,sft,8000,0,4,1,1.0,libero_goal,1645.4736666679382,5bc1b3ae471a6650fc1d4e1a510b92a253ffcca7,outputs/cp0/eval/a1_sft_s3
a1_sft_s3,a1_sft,1,3,sft,8000,0,5,1,1.0,libero_goal,1645.4736666679382,5bc1b3ae471a6650fc1d4e1a510b92a253ffcca7,outputs/cp0/eval/a1_sft_s3
a1_sft_s3,a1_sft,1,3,sft,8000,0,6,1,1.0,libero_goal,1645.4736666679382,5bc1b3ae471a6650fc1d4e1a510b92a253ffcca7,outputs/cp0/eval/a1_sft_s3
a1_sft_s3,a1_sft,1,3,sft,8000,0,7,1,1.0,libero_goal,1645.4736666679382,5bc1b3ae471a6650fc1d4e1a510b92a253ffcca7,outputs/cp0/eval/a1_sft_s3
a1_sft_s3,a1_sft,1,3,sft,8000,0,8,1,1.0,libero_goal,1645.4736666679382,5bc1b3ae471a6650fc1d4e1a510b92a253ffcca7,outputs/cp0/eval/a1_sft_s3
a1_sft_s3,a1_sft,1,3,sft,8000,0,9,0,0.0,libero_goal,1645.4736666679382,5bc1b3ae471a6650fc1d4e1a510b92a253ffcca7,outputs/cp0/eval/a1_sft_s3
a1_sft_s3,a1_sft,1,3,sft,8000,0,10,1,1.0,libero_goal,1645.4736666679382,5bc1b3ae471a6650fc1d4e1a510b92a253ffcca7,outputs/cp0/eval/a1_sft_s3
a1_sft_s3,a1_sft,1,3,sft,8000,0,11,0,0.0,libero_goal,1645.4736666679382,5bc1b3ae471a6650fc1d4e1a510b92a253ffcca7,outputs/cp0/eval/a1_sft_s3
a1_sft_s3,a1_sft,1,3,sft,8000,0,12,1,1.0,libero_goal,1645.4736666679382,5bc1b3ae471a6650fc1d4e1a510b92a253ffcca7,outputs/cp0/eval/a1_sft_s3
a1_sft_s3,a1_sft,1,3,sft,8000,0,13,1,1.0,libero_goal,1645.4736666679382,5bc1b3ae471a6650fc1d4e1a510b92a253ffcca7,outputs/cp0/eval/a1_sft_s3
a1_sft_s3,a1_sft,1,3,sft,8000,0,14,0,0.0,libero_goal,1645.4736666679382,5bc1b3ae471a6650fc1d4e1a510b92a253ffcca7,outputs/cp0/eval/a1_sft_s3
a1_sft_s3,a1_sft,1,3,sft,8000,0,15,1,1.0,libero_goal,1645.4736666679382,5bc1b3ae471a6650fc1d4e1a510b92a253ffcca7,outputs/cp0/eval/a1_sft_s3
a1_sft_s3,a1_sft,1,3,sft,8000,0,16,0,0.0,libero_goal,1645.4736666679382,5bc1b3ae471a6650fc1d4e1a510b92a253ffcca7,outputs/cp0/eval/a1_sft_s3
a1_sft_s3,a1_sft,1,3,sft,8000,0,17,0,0.0,libero_goal,1645.4736666679382,5bc1b3ae471a6650fc1d4e1a510b92a253ffcca7,outputs/cp0/eval/a1_sft_s3
a1_sft_s3,a1_sft,1,3,sft,8000,0,18,0,0.0,libero_goal,1645.4736666679382,5bc1b3ae471a6650fc1d4e1a510b92a253ffcca7,outputs/cp0/eval/a1_sft_s3
a1_sft_s3,a1_sft,1,3,sft,8000,0,19,0,0.0,libero_goal,1645.4736666679382,5bc1b3ae471a6650fc1d4e1a510b92a253ffcca7,outputs/cp0/eval/a1_sft_s3
a1_sft_s3,a1_sft,1,3,sft,8000,1,0,1,1.0,libero_goal,1645.4736666679382,5bc1b3ae471a6650fc1d4e1a510b92a253ffcca7,outputs/cp0/eval/a1_sft_s3
a1_sft_s3,a1_sft,1,3,sft,8000,1,1,1,1.0,libero_goal,1645.4736666679382,5bc1b3ae471a6650fc1d4e1a510b92a253ffcca7,outputs/cp0/eval/a1_sft_s3
a1_sft_s3,a1_sft,1,3,sft,8000,1,2,1,1.0,libero_goal,1645.4736666679382,5bc1b3ae471a6650fc1d4e1a510b92a253ffcca7,outputs/cp0/eval/a1_sft_s3
a1_sft_s3,a1_sft,1,3,sft,8000,1,3,1,1.0,libero_goal,1645.4736666679382,5bc1b3ae471a6650fc1d4e1a510b92a253ffcca7,outputs/cp0/eval/a1_sft_s3
a1_sft_s3,a1_sft,1,3,sft,8000,1,4,1,1.0,libero_goal,1645.4736666679382,5bc1b3ae471a6650fc1d4e1a510b92a253ffcca7,outputs/cp0/eval/a1_sft_s3
a1_sft_s3,a1_sft,1,3,sft,8000,1,5,1,1.0,libero_goal,1645.4736666679382,5bc1b3ae471a6650fc1d4e1a510b92a253ffcca7,outputs/cp0/eval/a1_sft_s3
a1_sft_s3,a1_sft,1,3,sft,8000,1,6,1,1.0,libero_goal,1645.4736666679382,5bc1b3ae471a6650fc1d4e1a510b92a253ffcca7,outputs/cp0/eval/a1_sft_s3
a1_sft_s3,a1_sft,1,3,sft,8000,1,7,1,1.0,libero_goal,1645.4736666679382,5bc1b3ae471a6650fc1d4e1a510b92a253ffcca7,outputs/cp0/eval/a1_sft_s3
a1_sft_s3,a1_sft,1,3,sft,8000,1,8,1,1.0,libero_goal,1645.4736666679382,5bc1b3ae471a6650fc1d4e1a510b92a253ffcca7,outputs/cp0/eval/a1_sft_s3
a1_sft_s3,a1_sft,1,3,sft,8000,1,9,1,1.0,libero_goal,1645.4736666679382,5bc1b3ae471a6650fc1d4e1a510b92a253ffcca7,outputs/cp0/eval/a1_sft_s3
a1_sft_s3,a1_sft,1,3,sft,8000,1,10,1,1.0,libero_goal,1645.4736666679382,5bc1b3ae471a6650fc1d4e1a510b92a253ffcca7,outputs/cp0/eval/a1_sft_s3
a1_sft_s3,a1_sft,1,3,sft,8000,1,11,1,1.0,libero_goal,1645.4736666679382,5bc1b3ae471a6650fc1d4e1a510b92a253ffcca7,outputs/cp0/eval/a1_sft_s3
a1_sft_s3,a1_sft,1,3,sft,8000,1,12,1,1.0,libero_goal,1645.4736666679382,5bc1b3ae471a6650fc1d4e1a510b92a253ffcca7,outputs/cp0/eval/a1_sft_s3
a1_sft_s3,a1_sft,1,3,sft,8000,1,13,1,1.0,libero_goal,1645.4736666679382,5bc1b3ae471a6650fc1d4e1a510b92a253ffcca7,outputs/cp0/eval/a1_sft_s3
a1_sft_s3,a1_sft,1,3,sft,8000,1,14,1,1.0,libero_goal,1645.4736666679382,5bc1b3ae471a6650fc1d4e1a510b92a253ffcca7,outputs/cp0/eval/a1_sft_s3
a1_sft_s3,a1_sft,1,3,sft,8000,1,15,1,1.0,libero_goal,1645.4736666679382,5bc1b3ae471a6650fc1d4e1a510b92a253ffcca7,outputs/cp0/eval/a1_sft_s3
a1_sft_s3,a1_sft,1,3,sft,8000,1,16,1,1.0,libero_goal,1645.4736666679382,5bc1b3ae471a6650fc1d4e1a510b92a253ffcca7,outputs/cp0/eval/a1_sft_s3
a1_sft_s3,a1_sft,1,3,sft,8000,1,17,1,1.0,libero_goal,1645.4736666679382,5bc1b3ae471a6650fc1d4e1a510b92a253ffcca7,outputs/cp0/eval/a1_sft_s3
a1_sft_s3,a1_sft,1,3,sft,8000,1,18,1,1.0,libero_goal,1645.4736666679382,5bc1b3ae471a6650fc1d4e1a510b92a253ffcca7,outputs/cp0/eval/a1_sft_s3
a1_sft_s3,a1_sft,1,3,sft,8000,1,19,1,1.0,libero_goal,1645.4736666679382,5bc1b3ae471a6650fc1d4e1a510b92a253ffcca7,outputs/cp0/eval/a1_sft_s3
a1_sft_s3,a1_sft,1,3,sft,8000,2,0,1,1.0,libero_goal,1645.4736666679382,5bc1b3ae471a6650fc1d4e1a510b92a253ffcca7,outputs/cp0/eval/a1_sft_s3
a1_sft_s3,a1_sft,1,3,sft,8000,2,1,1,1.0,libero_goal,1645.4736666679382,5bc1b3ae471a6650fc1d4e1a510b92a253ffcca7,outputs/cp0/eval/a1_sft_s3
a1_sft_s3,a1_sft,1,3,sft,8000,2,2,0,0.0,libero_goal,1645.4736666679382,5bc1b3ae471a6650fc1d4e1a510b92a253ffcca7,outputs/cp0/eval/a1_sft_s3
a1_sft_s3,a1_sft,1,3,sft,8000,2,3,1,1.0,libero_goal,1645.4736666679382,5bc1b3ae471a6650fc1d4e1a510b92a253ffcca7,outputs/cp0/eval/a1_sft_s3
a1_sft_s3,a1_sft,1,3,sft,8000,2,4,0,0.0,libero_goal,1645.4736666679382,5bc1b3ae471a6650fc1d4e1a510b92a253ffcca7,outputs/cp0/eval/a1_sft_s3
a1_sft_s3,a1_sft,1,3,sft,8000,2,5,0,0.0,libero_goal,1645.4736666679382,5bc1b3ae471a6650fc1d4e1a510b92a253ffcca7,outputs/cp0/eval/a1_sft_s3
a1_sft_s3,a1_sft,1,3,sft,8000,2,6,1,1.0,libero_goal,1645.4736666679382,5bc1b3ae471a6650fc1d4e1a510b92a253ffcca7,outputs/cp0/eval/a1_sft_s3
a1_sft_s3,a1_sft,1,3,sft,8000,2,7,1,1.0,libero_goal,1645.4736666679382,5bc1b3ae471a6650fc1d4e1a510b92a253ffcca7,outputs/cp0/eval/a1_sft_s3
a1_sft_s3,a1_sft,1,3,sft,8000,2,8,1,1.0,libero_goal,1645.4736666679382,5bc1b3ae471a6650fc1d4e1a510b92a253ffcca7,outputs/cp0/eval/a1_sft_s3
a1_sft_s3,a1_sft,1,3,sft,8000,2,9,1,1.0,libero_goal,1645.4736666679382,5bc1b3ae471a6650fc1d4e1a510b92a253ffcca7,outputs/cp0/eval/a1_sft_s3
a1_sft_s3,a1_sft,1,3,sft,8000,2,10,1,1.0,libero_goal,1645.4736666679382,5bc1b3ae471a6650fc1d4e1a510b92a253ffcca7,outputs/cp0/eval/a1_sft_s3
a1_sft_s3,a1_sft,1,3,sft,8000,2,11,1,1.0,libero_goal,1645.4736666679382,5bc1b3ae471a6650fc1d4e1a510b92a253ffcca7,outputs/cp0/eval/a1_sft_s3
a1_sft_s3,a1_sft,1,3,sft,8000,2,12,0,0.0,libero_goal,1645.4736666679382,5bc1b3ae471a6650fc1d4e1a510b92a253ffcca7,outputs/cp0/eval/a1_sft_s3
a1_sft_s3,a1_sft,1,3,sft,8000,2,13,1,1.0,libero_goal,1645.4736666679382,5bc1b3ae471a6650fc1d4e1a510b92a253ffcca7,outputs/cp0/eval/a1_sft_s3
a1_sft_s3,a1_sft,1,3,sft,8000,2,14,1,1.0,libero_goal,1645.4736666679382,5bc1b3ae471a6650fc1d4e1a510b92a253ffcca7,outputs/cp0/eval/a1_sft_s3
a1_sft_s3,a1_sft,1,3,sft,8000,2,15,1,1.0,libero_goal,1645.4736666679382,5bc1b3ae471a6650fc1d4e1a510b92a253ffcca7,outputs/cp0/eval/a1_sft_s3
a1_sft_s3,a1_sft,1,3,sft,8000,2,16,0,0.0,libero_goal,1645.4736666679382,5bc1b3ae471a6650fc1d4e1a510b92a253ffcca7,outputs/cp0/eval/a1_sft_s3
a1_sft_s3,a1_sft,1,3,sft,8000,2,17,1,1.0,libero_goal,1645.4736666679382,5bc1b3ae471a6650fc1d4e1a510b92a253ffcca7,outputs/cp0/eval/a1_sft_s3
a1_sft_s3,a1_sft,1,3,sft,8000,2,18,0,0.0,libero_goal,1645.4736666679382,5bc1b3ae471a6650fc1d4e1a510b92a253ffcca7,outputs/cp0/eval/a1_sft_s3
a1_sft_s3,a1_sft,1,3,sft,8000,2,19,1,1.0,libero_goal,1645.4736666679382,5bc1b3ae471a6650fc1d4e1a510b92a253ffcca7,outputs/cp0/eval/a1_sft_s3
a1_sft_s3,a1_sft,1,3,sft,8000,3,0,1,1.0,libero_goal,1645.4736666679382,5bc1b3ae471a6650fc1d4e1a510b92a253ffcca7,outputs/cp0/eval/a1_sft_s3
a1_sft_s3,a1_sft,1,3,sft,8000,3,1,1,1.0,libero_goal,1645.4736666679382,5bc1b3ae471a6650fc1d4e1a510b92a253ffcca7,outputs/cp0/eval/a1_sft_s3
a1_sft_s3,a1_sft,1,3,sft,8000,3,2,1,1.0,libero_goal,1645.4736666679382,5bc1b3ae471a6650fc1d4e1a510b92a253ffcca7,outputs/cp0/eval/a1_sft_s3
a1_sft_s3,a1_sft,1,3,sft,8000,3,3,0,0.0,libero_goal,1645.4736666679382,5bc1b3ae471a6650fc1d4e1a510b92a253ffcca7,outputs/cp0/eval/a1_sft_s3
a1_sft_s3,a1_sft,1,3,sft,8000,3,4,1,1.0,libero_goal,1645.4736666679382,5bc1b3ae471a6650fc1d4e1a510b92a253ffcca7,outputs/cp0/eval/a1_sft_s3
a1_sft_s3,a1_sft,1,3,sft,8000,3,5,1,1.0,libero_goal,1645.4736666679382,5bc1b3ae471a6650fc1d4e1a510b92a253ffcca7,outputs/cp0/eval/a1_sft_s3
a1_sft_s3,a1_sft,1,3,sft,8000,3,6,1,1.0,libero_goal,1645.4736666679382,5bc1b3ae471a6650fc1d4e1a510b92a253ffcca7,outputs/cp0/eval/a1_sft_s3
a1_sft_s3,a1_sft,1,3,sft,8000,3,7,0,0.0,libero_goal,1645.4736666679382,5bc1b3ae471a6650fc1d4e1a510b92a253ffcca7,outputs/cp0/eval/a1_sft_s3
a1_sft_s3,a1_sft,1,3,sft,8000,3,8,0,0.0,libero_goal,1645.4736666679382,5bc1b3ae471a6650fc1d4e1a510b92a253ffcca7,outputs/cp0/eval/a1_sft_s3
a1_sft_s3,a1_sft,1,3,sft,8000,3,9,1,1.0,libero_goal,1645.4736666679382,5bc1b3ae471a6650fc1d4e1a510b92a253ffcca7,outputs/cp0/eval/a1_sft_s3
a1_sft_s3,a1_sft,1,3,sft,8000,3,10,1,1.0,libero_goal,1645.4736666679382,5bc1b3ae471a6650fc1d4e1a510b92a253ffcca7,outputs/cp0/eval/a1_sft_s3
a1_sft_s3,a1_sft,1,3,sft,8000,3,11,1,1.0,libero_goal,1645.4736666679382,5bc1b3ae471a6650fc1d4e1a510b92a253ffcca7,outputs/cp0/eval/a1_sft_s3
a1_sft_s3,a1_sft,1,3,sft,8000,3,12,0,0.0,libero_goal,1645.4736666679382,5bc1b3ae471a6650fc1d4e1a510b92a253ffcca7,outputs/cp0/eval/a1_sft_s3
a1_sft_s3,a1_sft,1,3,sft,8000,3,13,1,1.0,libero_goal,1645.4736666679382,5bc1b3ae471a6650fc1d4e1a510b92a253ffcca7,outputs/cp0/eval/a1_sft_s3
a1_sft_s3,a1_sft,1,3,sft,8000,3,14,1,1.0,libero_goal,1645.4736666679382,5bc1b3ae471a6650fc1d4e1a510b92a253ffcca7,outputs/cp0/eval/a1_sft_s3
a1_sft_s3,a1_sft,1,3,sft,8000,3,15,0,0.0,libero_goal,1645.4736666679382,5bc1b3ae471a6650fc1d4e1a510b92a253ffcca7,outputs/cp0/eval/a1_sft_s3
a1_sft_s3,a1_sft,1,3,sft,8000,3,16,0,0.0,libero_goal,1645.4736666679382,5bc1b3ae471a6650fc1d4e1a510b92a253ffcca7,outputs/cp0/eval/a1_sft_s3
a1_sft_s3,a1_sft,1,3,sft,8000,3,17,0,0.0,libero_goal,1645.4736666679382,5bc1b3ae471a6650fc1d4e1a510b92a253ffcca7,outputs/cp0/eval/a1_sft_s3
a1_sft_s3,a1_sft,1,3,sft,8000,3,18,1,1.0,libero_goal,1645.4736666679382,5bc1b3ae471a6650fc1d4e1a510b92a253ffcca7,outputs/cp0/eval/a1_sft_s3
a1_sft_s3,a1_sft,1,3,sft,8000,3,19,0,0.0,libero_goal,1645.4736666679382,5bc1b3ae471a6650fc1d4e1a510b92a253ffcca7,outputs/cp0/eval/a1_sft_s3
a1_sft_s3,a1_sft,1,3,sft,8000,4,0,0,0.0,libero_goal,1645.4736666679382,5bc1b3ae471a6650fc1d4e1a510b92a253ffcca7,outputs/cp0/eval/a1_sft_s3
a1_sft_s3,a1_sft,1,3,sft,8000,4,1,1,1.0,libero_goal,1645.4736666679382,5bc1b3ae471a6650fc1d4e1a510b92a253ffcca7,outputs/cp0/eval/a1_sft_s3
a1_sft_s3,a1_sft,1,3,sft,8000,4,2,1,1.0,libero_goal,1645.4736666679382,5bc1b3ae471a6650fc1d4e1a510b92a253ffcca7,outputs/cp0/eval/a1_sft_s3
a1_sft_s3,a1_sft,1,3,sft,8000,4,3,1,1.0,libero_goal,1645.4736666679382,5bc1b3ae471a6650fc1d4e1a510b92a253ffcca7,outputs/cp0/eval/a1_sft_s3
a1_sft_s3,a1_sft,1,3,sft,8000,4,4,1,1.0,libero_goal,1645.4736666679382,5bc1b3ae471a6650fc1d4e1a510b92a253ffcca7,outputs/cp0/eval/a1_sft_s3
a1_sft_s3,a1_sft,1,3,sft,8000,4,5,1,1.0,libero_goal,1645.4736666679382,5bc1b3ae471a6650fc1d4e1a510b92a253ffcca7,outputs/cp0/eval/a1_sft_s3
a1_sft_s3,a1_sft,1,3,sft,8000,4,6,0,0.0,libero_goal,1645.4736666679382,5bc1b3ae471a6650fc1d4e1a510b92a253ffcca7,outputs/cp0/eval/a1_sft_s3
a1_sft_s3,a1_sft,1,3,sft,8000,4,7,1,1.0,libero_goal,1645.4736666679382,5bc1b3ae471a6650fc1d4e1a510b92a253ffcca7,outputs/cp0/eval/a1_sft_s3
a1_sft_s3,a1_sft,1,3,sft,8000,4,8,1,1.0,libero_goal,1645.4736666679382,5bc1b3ae471a6650fc1d4e1a510b92a253ffcca7,outputs/cp0/eval/a1_sft_s3
a1_sft_s3,a1_sft,1,3,sft,8000,4,9,1,1.0,libero_goal,1645.4736666679382,5bc1b3ae471a6650fc1d4e1a510b92a253ffcca7,outputs/cp0/eval/a1_sft_s3
a1_sft_s3,a1_sft,1,3,sft,8000,4,10,1,1.0,libero_goal,1645.4736666679382,5bc1b3ae471a6650fc1d4e1a510b92a253ffcca7,outputs/cp0/eval/a1_sft_s3
a1_sft_s3,a1_sft,1,3,sft,8000,4,11,0,0.0,libero_goal,1645.4736666679382,5bc1b3ae471a6650fc1d4e1a510b92a253ffcca7,outputs/cp0/eval/a1_sft_s3
a1_sft_s3,a1_sft,1,3,sft,8000,4,12,1,1.0,libero_goal,1645.4736666679382,5bc1b3ae471a6650fc1d4e1a510b92a253ffcca7,outputs/cp0/eval/a1_sft_s3
a1_sft_s3,a1_sft,1,3,sft,8000,4,13,1,1.0,libero_goal,1645.4736666679382,5bc1b3ae471a6650fc1d4e1a510b92a253ffcca7,outputs/cp0/eval/a1_sft_s3
a1_sft_s3,a1_sft,1,3,sft,8000,4,14,1,1.0,libero_goal,1645.4736666679382,5bc1b3ae471a6650fc1d4e1a510b92a253ffcca7,outputs/cp0/eval/a1_sft_s3
a1_sft_s3,a1_sft,1,3,sft,8000,4,15,1,1.0,libero_goal,1645.4736666679382,5bc1b3ae471a6650fc1d4e1a510b92a253ffcca7,outputs/cp0/eval/a1_sft_s3
a1_sft_s3,a1_sft,1,3,sft,8000,4,16,1,1.0,libero_goal,1645.4736666679382,5bc1b3ae471a6650fc1d4e1a510b92a253ffcca7,outputs/cp0/eval/a1_sft_s3
a1_sft_s3,a1_sft,1,3,sft,8000,4,17,1,1.0,libero_goal,1645.4736666679382,5bc1b3ae471a6650fc1d4e1a510b92a253ffcca7,outputs/cp0/eval/a1_sft_s3
a1_sft_s3,a1_sft,1,3,sft,8000,4,18,0,0.0,libero_goal,1645.4736666679382,5bc1b3ae471a6650fc1d4e1a510b92a253ffcca7,outputs/cp0/eval/a1_sft_s3
a1_sft_s3,a1_sft,1,3,sft,8000,4,19,1,1.0,libero_goal,1645.4736666679382,5bc1b3ae471a6650fc1d4e1a510b92a253ffcca7,outputs/cp0/eval/a1_sft_s3
a1_sft_s3,a1_sft,1,3,sft,8000,5,0,1,1.0,libero_goal,1645.4736666679382,5bc1b3ae471a6650fc1d4e1a510b92a253ffcca7,outputs/cp0/eval/a1_sft_s3
a1_sft_s3,a1_sft,1,3,sft,8000,5,1,1,1.0,libero_goal,1645.4736666679382,5bc1b3ae471a6650fc1d4e1a510b92a253ffcca7,outputs/cp0/eval/a1_sft_s3
a1_sft_s3,a1_sft,1,3,sft,8000,5,2,0,0.0,libero_goal,1645.4736666679382,5bc1b3ae471a6650fc1d4e1a510b92a253ffcca7,outputs/cp0/eval/a1_sft_s3
a1_sft_s3,a1_sft,1,3,sft,8000,5,3,0,0.0,libero_goal,1645.4736666679382,5bc1b3ae471a6650fc1d4e1a510b92a253ffcca7,outputs/cp0/eval/a1_sft_s3
a1_sft_s3,a1_sft,1,3,sft,8000,5,4,0,0.0,libero_goal,1645.4736666679382,5bc1b3ae471a6650fc1d4e1a510b92a253ffcca7,outputs/cp0/eval/a1_sft_s3
a1_sft_s3,a1_sft,1,3,sft,8000,5,5,0,0.0,libero_goal,1645.4736666679382,5bc1b3ae471a6650fc1d4e1a510b92a253ffcca7,outputs/cp0/eval/a1_sft_s3
a1_sft_s3,a1_sft,1,3,sft,8000,5,6,1,1.0,libero_goal,1645.4736666679382,5bc1b3ae471a6650fc1d4e1a510b92a253ffcca7,outputs/cp0/eval/a1_sft_s3
a1_sft_s3,a1_sft,1,3,sft,8000,5,7,0,0.0,libero_goal,1645.4736666679382,5bc1b3ae471a6650fc1d4e1a510b92a253ffcca7,outputs/cp0/eval/a1_sft_s3
a1_sft_s3,a1_sft,1,3,sft,8000,5,8,1,1.0,libero_goal,1645.4736666679382,5bc1b3ae471a6650fc1d4e1a510b92a253ffcca7,outputs/cp0/eval/a1_sft_s3
a1_sft_s3,a1_sft,1,3,sft,8000,5,9,1,1.0,libero_goal,1645.4736666679382,5bc1b3ae471a6650fc1d4e1a510b92a253ffcca7,outputs/cp0/eval/a1_sft_s3
a1_sft_s3,a1_sft,1,3,sft,8000,5,10,0,0.0,libero_goal,1645.4736666679382,5bc1b3ae471a6650fc1d4e1a510b92a253ffcca7,outputs/cp0/eval/a1_sft_s3
a1_sft_s3,a1_sft,1,3,sft,8000,5,11,0,0.0,libero_goal,1645.4736666679382,5bc1b3ae471a6650fc1d4e1a510b92a253ffcca7,outputs/cp0/eval/a1_sft_s3
a1_sft_s3,a1_sft,1,3,sft,8000,5,12,1,1.0,libero_goal,1645.4736666679382,5bc1b3ae471a6650fc1d4e1a510b92a253ffcca7,outputs/cp0/eval/a1_sft_s3
a1_sft_s3,a1_sft,1,3,sft,8000,5,13,0,0.0,libero_goal,1645.4736666679382,5bc1b3ae471a6650fc1d4e1a510b92a253ffcca7,outputs/cp0/eval/a1_sft_s3
a1_sft_s3,a1_sft,1,3,sft,8000,5,14,1,1.0,libero_goal,1645.4736666679382,5bc1b3ae471a6650fc1d4e1a510b92a253ffcca7,outputs/cp0/eval/a1_sft_s3
a1_sft_s3,a1_sft,1,3,sft,8000,5,15,0,0.0,libero_goal,1645.4736666679382,5bc1b3ae471a6650fc1d4e1a510b92a253ffcca7,outputs/cp0/eval/a1_sft_s3
a1_sft_s3,a1_sft,1,3,sft,8000,5,16,0,0.0,libero_goal,1645.4736666679382,5bc1b3ae471a6650fc1d4e1a510b92a253ffcca7,outputs/cp0/eval/a1_sft_s3
a1_sft_s3,a1_sft,1,3,sft,8000,5,17,0,0.0,libero_goal,1645.4736666679382,5bc1b3ae471a6650fc1d4e1a510b92a253ffcca7,outputs/cp0/eval/a1_sft_s3
a1_sft_s3,a1_sft,1,3,sft,8000,5,18,1,1.0,libero_goal,1645.4736666679382,5bc1b3ae471a6650fc1d4e1a510b92a253ffcca7,outputs/cp0/eval/a1_sft_s3
a1_sft_s3,a1_sft,1,3,sft,8000,5,19,0,0.0,libero_goal,1645.4736666679382,5bc1b3ae471a6650fc1d4e1a510b92a253ffcca7,outputs/cp0/eval/a1_sft_s3
a1_sft_s3,a1_sft,1,3,sft,8000,6,0,0,0.0,libero_goal,1645.4736666679382,5bc1b3ae471a6650fc1d4e1a510b92a253ffcca7,outputs/cp0/eval/a1_sft_s3
a1_sft_s3,a1_sft,1,3,sft,8000,6,1,0,0.0,libero_goal,1645.4736666679382,5bc1b3ae471a6650fc1d4e1a510b92a253ffcca7,outputs/cp0/eval/a1_sft_s3
a1_sft_s3,a1_sft,1,3,sft,8000,6,2,0,0.0,libero_goal,1645.4736666679382,5bc1b3ae471a6650fc1d4e1a510b92a253ffcca7,outputs/cp0/eval/a1_sft_s3
a1_sft_s3,a1_sft,1,3,sft,8000,6,3,1,1.0,libero_goal,1645.4736666679382,5bc1b3ae471a6650fc1d4e1a510b92a253ffcca7,outputs/cp0/eval/a1_sft_s3
a1_sft_s3,a1_sft,1,3,sft,8000,6,4,0,0.0,libero_goal,1645.4736666679382,5bc1b3ae471a6650fc1d4e1a510b92a253ffcca7,outputs/cp0/eval/a1_sft_s3
a1_sft_s3,a1_sft,1,3,sft,8000,6,5,0,0.0,libero_goal,1645.4736666679382,5bc1b3ae471a6650fc1d4e1a510b92a253ffcca7,outputs/cp0/eval/a1_sft_s3
a1_sft_s3,a1_sft,1,3,sft,8000,6,6,0,0.0,libero_goal,1645.4736666679382,5bc1b3ae471a6650fc1d4e1a510b92a253ffcca7,outputs/cp0/eval/a1_sft_s3
a1_sft_s3,a1_sft,1,3,sft,8000,6,7,1,1.0,libero_goal,1645.4736666679382,5bc1b3ae471a6650fc1d4e1a510b92a253ffcca7,outputs/cp0/eval/a1_sft_s3
a1_sft_s3,a1_sft,1,3,sft,8000,6,8,1,1.0,libero_goal,1645.4736666679382,5bc1b3ae471a6650fc1d4e1a510b92a253ffcca7,outputs/cp0/eval/a1_sft_s3
a1_sft_s3,a1_sft,1,3,sft,8000,6,9,1,1.0,libero_goal,1645.4736666679382,5bc1b3ae471a6650fc1d4e1a510b92a253ffcca7,outputs/cp0/eval/a1_sft_s3
a1_sft_s3,a1_sft,1,3,sft,8000,6,10,0,0.0,libero_goal,1645.4736666679382,5bc1b3ae471a6650fc1d4e1a510b92a253ffcca7,outputs/cp0/eval/a1_sft_s3
a1_sft_s3,a1_sft,1,3,sft,8000,6,11,0,0.0,libero_goal,1645.4736666679382,5bc1b3ae471a6650fc1d4e1a510b92a253ffcca7,outputs/cp0/eval/a1_sft_s3
a1_sft_s3,a1_sft,1,3,sft,8000,6,12,0,0.0,libero_goal,1645.4736666679382,5bc1b3ae471a6650fc1d4e1a510b92a253ffcca7,outputs/cp0/eval/a1_sft_s3
a1_sft_s3,a1_sft,1,3,sft,8000,6,13,1,1.0,libero_goal,1645.4736666679382,5bc1b3ae471a6650fc1d4e1a510b92a253ffcca7,outputs/cp0/eval/a1_sft_s3
a1_sft_s3,a1_sft,1,3,sft,8000,6,14,0,0.0,libero_goal,1645.4736666679382,5bc1b3ae471a6650fc1d4e1a510b92a253ffcca7,outputs/cp0/eval/a1_sft_s3
a1_sft_s3,a1_sft,1,3,sft,8000,6,15,0,0.0,libero_goal,1645.4736666679382,5bc1b3ae471a6650fc1d4e1a510b92a253ffcca7,outputs/cp0/eval/a1_sft_s3
a1_sft_s3,a1_sft,1,3,sft,8000,6,16,1,1.0,libero_goal,1645.4736666679382,5bc1b3ae471a6650fc1d4e1a510b92a253ffcca7,outputs/cp0/eval/a1_sft_s3
a1_sft_s3,a1_sft,1,3,sft,8000,6,17,0,0.0,libero_goal,1645.4736666679382,5bc1b3ae471a6650fc1d4e1a510b92a253ffcca7,outputs/cp0/eval/a1_sft_s3
a1_sft_s3,a1_sft,1,3,sft,8000,6,18,0,0.0,libero_goal,1645.4736666679382,5bc1b3ae471a6650fc1d4e1a510b92a253ffcca7,outputs/cp0/eval/a1_sft_s3
a1_sft_s3,a1_sft,1,3,sft,8000,6,19,1,1.0,libero_goal,1645.4736666679382,5bc1b3ae471a6650fc1d4e1a510b92a253ffcca7,outputs/cp0/eval/a1_sft_s3
a1_sft_s3,a1_sft,1,3,sft,8000,7,0,1,1.0,libero_goal,1645.4736666679382,5bc1b3ae471a6650fc1d4e1a510b92a253ffcca7,outputs/cp0/eval/a1_sft_s3
a1_sft_s3,a1_sft,1,3,sft,8000,7,1,1,1.0,libero_goal,1645.4736666679382,5bc1b3ae471a6650fc1d4e1a510b92a253ffcca7,outputs/cp0/eval/a1_sft_s3
a1_sft_s3,a1_sft,1,3,sft,8000,7,2,1,1.0,libero_goal,1645.4736666679382,5bc1b3ae471a6650fc1d4e1a510b92a253ffcca7,outputs/cp0/eval/a1_sft_s3
a1_sft_s3,a1_sft,1,3,sft,8000,7,3,1,1.0,libero_goal,1645.4736666679382,5bc1b3ae471a6650fc1d4e1a510b92a253ffcca7,outputs/cp0/eval/a1_sft_s3
a1_sft_s3,a1_sft,1,3,sft,8000,7,4,1,1.0,libero_goal,1645.4736666679382,5bc1b3ae471a6650fc1d4e1a510b92a253ffcca7,outputs/cp0/eval/a1_sft_s3
a1_sft_s3,a1_sft,1,3,sft,8000,7,5,1,1.0,libero_goal,1645.4736666679382,5bc1b3ae471a6650fc1d4e1a510b92a253ffcca7,outputs/cp0/eval/a1_sft_s3
a1_sft_s3,a1_sft,1,3,sft,8000,7,6,1,1.0,libero_goal,1645.4736666679382,5bc1b3ae471a6650fc1d4e1a510b92a253ffcca7,outputs/cp0/eval/a1_sft_s3
a1_sft_s3,a1_sft,1,3,sft,8000,7,7,1,1.0,libero_goal,1645.4736666679382,5bc1b3ae471a6650fc1d4e1a510b92a253ffcca7,outputs/cp0/eval/a1_sft_s3
a1_sft_s3,a1_sft,1,3,sft,8000,7,8,1,1.0,libero_goal,1645.4736666679382,5bc1b3ae471a6650fc1d4e1a510b92a253ffcca7,outputs/cp0/eval/a1_sft_s3
a1_sft_s3,a1_sft,1,3,sft,8000,7,9,1,1.0,libero_goal,1645.4736666679382,5bc1b3ae471a6650fc1d4e1a510b92a253ffcca7,outputs/cp0/eval/a1_sft_s3
a1_sft_s3,a1_sft,1,3,sft,8000,7,10,1,1.0,libero_goal,1645.4736666679382,5bc1b3ae471a6650fc1d4e1a510b92a253ffcca7,outputs/cp0/eval/a1_sft_s3
a1_sft_s3,a1_sft,1,3,sft,8000,7,11,1,1.0,libero_goal,1645.4736666679382,5bc1b3ae471a6650fc1d4e1a510b92a253ffcca7,outputs/cp0/eval/a1_sft_s3
a1_sft_s3,a1_sft,1,3,sft,8000,7,12,1,1.0,libero_goal,1645.4736666679382,5bc1b3ae471a6650fc1d4e1a510b92a253ffcca7,outputs/cp0/eval/a1_sft_s3
a1_sft_s3,a1_sft,1,3,sft,8000,7,13,1,1.0,libero_goal,1645.4736666679382,5bc1b3ae471a6650fc1d4e1a510b92a253ffcca7,outputs/cp0/eval/a1_sft_s3
a1_sft_s3,a1_sft,1,3,sft,8000,7,14,1,1.0,libero_goal,1645.4736666679382,5bc1b3ae471a6650fc1d4e1a510b92a253ffcca7,outputs/cp0/eval/a1_sft_s3
a1_sft_s3,a1_sft,1,3,sft,8000,7,15,1,1.0,libero_goal,1645.4736666679382,5bc1b3ae471a6650fc1d4e1a510b92a253ffcca7,outputs/cp0/eval/a1_sft_s3
a1_sft_s3,a1_sft,1,3,sft,8000,7,16,1,1.0,libero_goal,1645.4736666679382,5bc1b3ae471a6650fc1d4e1a510b92a253ffcca7,outputs/cp0/eval/a1_sft_s3
a1_sft_s3,a1_sft,1,3,sft,8000,7,17,1,1.0,libero_goal,1645.4736666679382,5bc1b3ae471a6650fc1d4e1a510b92a253ffcca7,outputs/cp0/eval/a1_sft_s3
a1_sft_s3,a1_sft,1,3,sft,8000,7,18,1,1.0,libero_goal,1645.4736666679382,5bc1b3ae471a6650fc1d4e1a510b92a253ffcca7,outputs/cp0/eval/a1_sft_s3
a1_sft_s3,a1_sft,1,3,sft,8000,7,19,1,1.0,libero_goal,1645.4736666679382,5bc1b3ae471a6650fc1d4e1a510b92a253ffcca7,outputs/cp0/eval/a1_sft_s3
a1_sft_s3,a1_sft,1,3,sft,8000,8,0,1,1.0,libero_goal,1645.4736666679382,5bc1b3ae471a6650fc1d4e1a510b92a253ffcca7,outputs/cp0/eval/a1_sft_s3
a1_sft_s3,a1_sft,1,3,sft,8000,8,1,0,0.0,libero_goal,1645.4736666679382,5bc1b3ae471a6650fc1d4e1a510b92a253ffcca7,outputs/cp0/eval/a1_sft_s3
a1_sft_s3,a1_sft,1,3,sft,8000,8,2,1,1.0,libero_goal,1645.4736666679382,5bc1b3ae471a6650fc1d4e1a510b92a253ffcca7,outputs/cp0/eval/a1_sft_s3
a1_sft_s3,a1_sft,1,3,sft,8000,8,3,0,0.0,libero_goal,1645.4736666679382,5bc1b3ae471a6650fc1d4e1a510b92a253ffcca7,outputs/cp0/eval/a1_sft_s3
a1_sft_s3,a1_sft,1,3,sft,8000,8,4,1,1.0,libero_goal,1645.4736666679382,5bc1b3ae471a6650fc1d4e1a510b92a253ffcca7,outputs/cp0/eval/a1_sft_s3
a1_sft_s3,a1_sft,1,3,sft,8000,8,5,1,1.0,libero_goal,1645.4736666679382,5bc1b3ae471a6650fc1d4e1a510b92a253ffcca7,outputs/cp0/eval/a1_sft_s3
a1_sft_s3,a1_sft,1,3,sft,8000,8,6,0,0.0,libero_goal,1645.4736666679382,5bc1b3ae471a6650fc1d4e1a510b92a253ffcca7,outputs/cp0/eval/a1_sft_s3
a1_sft_s3,a1_sft,1,3,sft,8000,8,7,0,0.0,libero_goal,1645.4736666679382,5bc1b3ae471a6650fc1d4e1a510b92a253ffcca7,outputs/cp0/eval/a1_sft_s3
a1_sft_s3,a1_sft,1,3,sft,8000,8,8,0,0.0,libero_goal,1645.4736666679382,5bc1b3ae471a6650fc1d4e1a510b92a253ffcca7,outputs/cp0/eval/a1_sft_s3
a1_sft_s3,a1_sft,1,3,sft,8000,8,9,1,1.0,libero_goal,1645.4736666679382,5bc1b3ae471a6650fc1d4e1a510b92a253ffcca7,outputs/cp0/eval/a1_sft_s3
a1_sft_s3,a1_sft,1,3,sft,8000,8,10,1,1.0,libero_goal,1645.4736666679382,5bc1b3ae471a6650fc1d4e1a510b92a253ffcca7,outputs/cp0/eval/a1_sft_s3
a1_sft_s3,a1_sft,1,3,sft,8000,8,11,0,0.0,libero_goal,1645.4736666679382,5bc1b3ae471a6650fc1d4e1a510b92a253ffcca7,outputs/cp0/eval/a1_sft_s3
a1_sft_s3,a1_sft,1,3,sft,8000,8,12,1,1.0,libero_goal,1645.4736666679382,5bc1b3ae471a6650fc1d4e1a510b92a253ffcca7,outputs/cp0/eval/a1_sft_s3
a1_sft_s3,a1_sft,1,3,sft,8000,8,13,0,0.0,libero_goal,1645.4736666679382,5bc1b3ae471a6650fc1d4e1a510b92a253ffcca7,outputs/cp0/eval/a1_sft_s3
a1_sft_s3,a1_sft,1,3,sft,8000,8,14,1,1.0,libero_goal,1645.4736666679382,5bc1b3ae471a6650fc1d4e1a510b92a253ffcca7,outputs/cp0/eval/a1_sft_s3
a1_sft_s3,a1_sft,1,3,sft,8000,8,15,1,1.0,libero_goal,1645.4736666679382,5bc1b3ae471a6650fc1d4e1a510b92a253ffcca7,outputs/cp0/eval/a1_sft_s3
a1_sft_s3,a1_sft,1,3,sft,8000,8,16,0,0.0,libero_goal,1645.4736666679382,5bc1b3ae471a6650fc1d4e1a510b92a253ffcca7,outputs/cp0/eval/a1_sft_s3
a1_sft_s3,a1_sft,1,3,sft,8000,8,17,0,0.0,libero_goal,1645.4736666679382,5bc1b3ae471a6650fc1d4e1a510b92a253ffcca7,outputs/cp0/eval/a1_sft_s3
a1_sft_s3,a1_sft,1,3,sft,8000,8,18,0,0.0,libero_goal,1645.4736666679382,5bc1b3ae471a6650fc1d4e1a510b92a253ffcca7,outputs/cp0/eval/a1_sft_s3
a1_sft_s3,a1_sft,1,3,sft,8000,8,19,1,1.0,libero_goal,1645.4736666679382,5bc1b3ae471a6650fc1d4e1a510b92a253ffcca7,outputs/cp0/eval/a1_sft_s3
a1_sft_s3,a1_sft,1,3,sft,8000,9,0,0,0.0,libero_goal,1645.4736666679382,5bc1b3ae471a6650fc1d4e1a510b92a253ffcca7,outputs/cp0/eval/a1_sft_s3
a1_sft_s3,a1_sft,1,3,sft,8000,9,1,0,0.0,libero_goal,1645.4736666679382,5bc1b3ae471a6650fc1d4e1a510b92a253ffcca7,outputs/cp0/eval/a1_sft_s3
a1_sft_s3,a1_sft,1,3,sft,8000,9,2,0,0.0,libero_goal,1645.4736666679382,5bc1b3ae471a6650fc1d4e1a510b92a253ffcca7,outputs/cp0/eval/a1_sft_s3
a1_sft_s3,a1_sft,1,3,sft,8000,9,3,0,0.0,libero_goal,1645.4736666679382,5bc1b3ae471a6650fc1d4e1a510b92a253ffcca7,outputs/cp0/eval/a1_sft_s3
a1_sft_s3,a1_sft,1,3,sft,8000,9,4,0,0.0,libero_goal,1645.4736666679382,5bc1b3ae471a6650fc1d4e1a510b92a253ffcca7,outputs/cp0/eval/a1_sft_s3
a1_sft_s3,a1_sft,1,3,sft,8000,9,5,0,0.0,libero_goal,1645.4736666679382,5bc1b3ae471a6650fc1d4e1a510b92a253ffcca7,outputs/cp0/eval/a1_sft_s3
a1_sft_s3,a1_sft,1,3,sft,8000,9,6,0,0.0,libero_goal,1645.4736666679382,5bc1b3ae471a6650fc1d4e1a510b92a253ffcca7,outputs/cp0/eval/a1_sft_s3
a1_sft_s3,a1_sft,1,3,sft,8000,9,7,0,0.0,libero_goal,1645.4736666679382,5bc1b3ae471a6650fc1d4e1a510b92a253ffcca7,outputs/cp0/eval/a1_sft_s3
a1_sft_s3,a1_sft,1,3,sft,8000,9,8,0,0.0,libero_goal,1645.4736666679382,5bc1b3ae471a6650fc1d4e1a510b92a253ffcca7,outputs/cp0/eval/a1_sft_s3
a1_sft_s3,a1_sft,1,3,sft,8000,9,9,0,0.0,libero_goal,1645.4736666679382,5bc1b3ae471a6650fc1d4e1a510b92a253ffcca7,outputs/cp0/eval/a1_sft_s3
a1_sft_s3,a1_sft,1,3,sft,8000,9,10,0,0.0,libero_goal,1645.4736666679382,5bc1b3ae471a6650fc1d4e1a510b92a253ffcca7,outputs/cp0/eval/a1_sft_s3
a1_sft_s3,a1_sft,1,3,sft,8000,9,11,0,0.0,libero_goal,1645.4736666679382,5bc1b3ae471a6650fc1d4e1a510b92a253ffcca7,outputs/cp0/eval/a1_sft_s3
a1_sft_s3,a1_sft,1,3,sft,8000,9,12,0,0.0,libero_goal,1645.4736666679382,5bc1b3ae471a6650fc1d4e1a510b92a253ffcca7,outputs/cp0/eval/a1_sft_s3
a1_sft_s3,a1_sft,1,3,sft,8000,9,13,0,0.0,libero_goal,1645.4736666679382,5bc1b3ae471a6650fc1d4e1a510b92a253ffcca7,outputs/cp0/eval/a1_sft_s3
a1_sft_s3,a1_sft,1,3,sft,8000,9,14,0,0.0,libero_goal,1645.4736666679382,5bc1b3ae471a6650fc1d4e1a510b92a253ffcca7,outputs/cp0/eval/a1_sft_s3
a1_sft_s3,a1_sft,1,3,sft,8000,9,15,0,0.0,libero_goal,1645.4736666679382,5bc1b3ae471a6650fc1d4e1a510b92a253ffcca7,outputs/cp0/eval/a1_sft_s3
a1_sft_s3,a1_sft,1,3,sft,8000,9,16,0,0.0,libero_goal,1645.4736666679382,5bc1b3ae471a6650fc1d4e1a510b92a253ffcca7,outputs/cp0/eval/a1_sft_s3
a1_sft_s3,a1_sft,1,3,sft,8000,9,17,0,0.0,libero_goal,1645.4736666679382,5bc1b3ae471a6650fc1d4e1a510b92a253ffcca7,outputs/cp0/eval/a1_sft_s3
a1_sft_s3,a1_sft,1,3,sft,8000,9,18,0,0.0,libero_goal,1645.4736666679382,5bc1b3ae471a6650fc1d4e1a510b92a253ffcca7,outputs/cp0/eval/a1_sft_s3
a1_sft_s3,a1_sft,1,3,sft,8000,9,19,0,0.0,libero_goal,1645.4736666679382,5bc1b3ae471a6650fc1d4e1a510b92a253ffcca7,outputs/cp0/eval/a1_sft_s3
a1_sft_s4,a1_sft,1,4,sft,8000,0,0,0,0.0,libero_goal,1710.4257609844208,5bc1b3ae471a6650fc1d4e1a510b92a253ffcca7,outputs/cp0/eval/a1_sft_s4
a1_sft_s4,a1_sft,1,4,sft,8000,0,1,0,0.0,libero_goal,1710.4257609844208,5bc1b3ae471a6650fc1d4e1a510b92a253ffcca7,outputs/cp0/eval/a1_sft_s4
a1_sft_s4,a1_sft,1,4,sft,8000,0,2,0,0.0,libero_goal,1710.4257609844208,5bc1b3ae471a6650fc1d4e1a510b92a253ffcca7,outputs/cp0/eval/a1_sft_s4
a1_sft_s4,a1_sft,1,4,sft,8000,0,3,1,1.0,libero_goal,1710.4257609844208,5bc1b3ae471a6650fc1d4e1a510b92a253ffcca7,outputs/cp0/eval/a1_sft_s4
a1_sft_s4,a1_sft,1,4,sft,8000,0,4,0,0.0,libero_goal,1710.4257609844208,5bc1b3ae471a6650fc1d4e1a510b92a253ffcca7,outputs/cp0/eval/a1_sft_s4
a1_sft_s4,a1_sft,1,4,sft,8000,0,5,0,0.0,libero_goal,1710.4257609844208,5bc1b3ae471a6650fc1d4e1a510b92a253ffcca7,outputs/cp0/eval/a1_sft_s4
a1_sft_s4,a1_sft,1,4,sft,8000,0,6,0,0.0,libero_goal,1710.4257609844208,5bc1b3ae471a6650fc1d4e1a510b92a253ffcca7,outputs/cp0/eval/a1_sft_s4
a1_sft_s4,a1_sft,1,4,sft,8000,0,7,0,0.0,libero_goal,1710.4257609844208,5bc1b3ae471a6650fc1d4e1a510b92a253ffcca7,outputs/cp0/eval/a1_sft_s4
a1_sft_s4,a1_sft,1,4,sft,8000,0,8,0,0.0,libero_goal,1710.4257609844208,5bc1b3ae471a6650fc1d4e1a510b92a253ffcca7,outputs/cp0/eval/a1_sft_s4
a1_sft_s4,a1_sft,1,4,sft,8000,0,9,0,0.0,libero_goal,1710.4257609844208,5bc1b3ae471a6650fc1d4e1a510b92a253ffcca7,outputs/cp0/eval/a1_sft_s4
a1_sft_s4,a1_sft,1,4,sft,8000,0,10,0,0.0,libero_goal,1710.4257609844208,5bc1b3ae471a6650fc1d4e1a510b92a253ffcca7,outputs/cp0/eval/a1_sft_s4
a1_sft_s4,a1_sft,1,4,sft,8000,0,11,0,0.0,libero_goal,1710.4257609844208,5bc1b3ae471a6650fc1d4e1a510b92a253ffcca7,outputs/cp0/eval/a1_sft_s4
a1_sft_s4,a1_sft,1,4,sft,8000,0,12,0,0.0,libero_goal,1710.4257609844208,5bc1b3ae471a6650fc1d4e1a510b92a253ffcca7,outputs/cp0/eval/a1_sft_s4
a1_sft_s4,a1_sft,1,4,sft,8000,0,13,0,0.0,libero_goal,1710.4257609844208,5bc1b3ae471a6650fc1d4e1a510b92a253ffcca7,outputs/cp0/eval/a1_sft_s4
a1_sft_s4,a1_sft,1,4,sft,8000,0,14,0,0.0,libero_goal,1710.4257609844208,5bc1b3ae471a6650fc1d4e1a510b92a253ffcca7,outputs/cp0/eval/a1_sft_s4
a1_sft_s4,a1_sft,1,4,sft,8000,0,15,0,0.0,libero_goal,1710.4257609844208,5bc1b3ae471a6650fc1d4e1a510b92a253ffcca7,outputs/cp0/eval/a1_sft_s4
a1_sft_s4,a1_sft,1,4,sft,8000,0,16,0,0.0,libero_goal,1710.4257609844208,5bc1b3ae471a6650fc1d4e1a510b92a253ffcca7,outputs/cp0/eval/a1_sft_s4
a1_sft_s4,a1_sft,1,4,sft,8000,0,17,0,0.0,libero_goal,1710.4257609844208,5bc1b3ae471a6650fc1d4e1a510b92a253ffcca7,outputs/cp0/eval/a1_sft_s4
a1_sft_s4,a1_sft,1,4,sft,8000,0,18,0,0.0,libero_goal,1710.4257609844208,5bc1b3ae471a6650fc1d4e1a510b92a253ffcca7,outputs/cp0/eval/a1_sft_s4
a1_sft_s4,a1_sft,1,4,sft,8000,0,19,0,0.0,libero_goal,1710.4257609844208,5bc1b3ae471a6650fc1d4e1a510b92a253ffcca7,outputs/cp0/eval/a1_sft_s4
a1_sft_s4,a1_sft,1,4,sft,8000,1,0,1,1.0,libero_goal,1710.4257609844208,5bc1b3ae471a6650fc1d4e1a510b92a253ffcca7,outputs/cp0/eval/a1_sft_s4
a1_sft_s4,a1_sft,1,4,sft,8000,1,1,0,0.0,libero_goal,1710.4257609844208,5bc1b3ae471a6650fc1d4e1a510b92a253ffcca7,outputs/cp0/eval/a1_sft_s4
a1_sft_s4,a1_sft,1,4,sft,8000,1,2,0,0.0,libero_goal,1710.4257609844208,5bc1b3ae471a6650fc1d4e1a510b92a253ffcca7,outputs/cp0/eval/a1_sft_s4
a1_sft_s4,a1_sft,1,4,sft,8000,1,3,0,0.0,libero_goal,1710.4257609844208,5bc1b3ae471a6650fc1d4e1a510b92a253ffcca7,outputs/cp0/eval/a1_sft_s4
a1_sft_s4,a1_sft,1,4,sft,8000,1,4,0,0.0,libero_goal,1710.4257609844208,5bc1b3ae471a6650fc1d4e1a510b92a253ffcca7,outputs/cp0/eval/a1_sft_s4
a1_sft_s4,a1_sft,1,4,sft,8000,1,5,0,0.0,libero_goal,1710.4257609844208,5bc1b3ae471a6650fc1d4e1a510b92a253ffcca7,outputs/cp0/eval/a1_sft_s4
a1_sft_s4,a1_sft,1,4,sft,8000,1,6,0,0.0,libero_goal,1710.4257609844208,5bc1b3ae471a6650fc1d4e1a510b92a253ffcca7,outputs/cp0/eval/a1_sft_s4
a1_sft_s4,a1_sft,1,4,sft,8000,1,7,1,1.0,libero_goal,1710.4257609844208,5bc1b3ae471a6650fc1d4e1a510b92a253ffcca7,outputs/cp0/eval/a1_sft_s4
a1_sft_s4,a1_sft,1,4,sft,8000,1,8,0,0.0,libero_goal,1710.4257609844208,5bc1b3ae471a6650fc1d4e1a510b92a253ffcca7,outputs/cp0/eval/a1_sft_s4
a1_sft_s4,a1_sft,1,4,sft,8000,1,9,1,1.0,libero_goal,1710.4257609844208,5bc1b3ae471a6650fc1d4e1a510b92a253ffcca7,outputs/cp0/eval/a1_sft_s4
a1_sft_s4,a1_sft,1,4,sft,8000,1,10,1,1.0,libero_goal,1710.4257609844208,5bc1b3ae471a6650fc1d4e1a510b92a253ffcca7,outputs/cp0/eval/a1_sft_s4
a1_sft_s4,a1_sft,1,4,sft,8000,1,11,0,0.0,libero_goal,1710.4257609844208,5bc1b3ae471a6650fc1d4e1a510b92a253ffcca7,outputs/cp0/eval/a1_sft_s4
a1_sft_s4,a1_sft,1,4,sft,8000,1,12,0,0.0,libero_goal,1710.4257609844208,5bc1b3ae471a6650fc1d4e1a510b92a253ffcca7,outputs/cp0/eval/a1_sft_s4
a1_sft_s4,a1_sft,1,4,sft,8000,1,13,0,0.0,libero_goal,1710.4257609844208,5bc1b3ae471a6650fc1d4e1a510b92a253ffcca7,outputs/cp0/eval/a1_sft_s4
a1_sft_s4,a1_sft,1,4,sft,8000,1,14,1,1.0,libero_goal,1710.4257609844208,5bc1b3ae471a6650fc1d4e1a510b92a253ffcca7,outputs/cp0/eval/a1_sft_s4
a1_sft_s4,a1_sft,1,4,sft,8000,1,15,0,0.0,libero_goal,1710.4257609844208,5bc1b3ae471a6650fc1d4e1a510b92a253ffcca7,outputs/cp0/eval/a1_sft_s4
a1_sft_s4,a1_sft,1,4,sft,8000,1,16,0,0.0,libero_goal,1710.4257609844208,5bc1b3ae471a6650fc1d4e1a510b92a253ffcca7,outputs/cp0/eval/a1_sft_s4
a1_sft_s4,a1_sft,1,4,sft,8000,1,17,0,0.0,libero_goal,1710.4257609844208,5bc1b3ae471a6650fc1d4e1a510b92a253ffcca7,outputs/cp0/eval/a1_sft_s4
a1_sft_s4,a1_sft,1,4,sft,8000,1,18,0,0.0,libero_goal,1710.4257609844208,5bc1b3ae471a6650fc1d4e1a510b92a253ffcca7,outputs/cp0/eval/a1_sft_s4
a1_sft_s4,a1_sft,1,4,sft,8000,1,19,0,0.0,libero_goal,1710.4257609844208,5bc1b3ae471a6650fc1d4e1a510b92a253ffcca7,outputs/cp0/eval/a1_sft_s4
a1_sft_s4,a1_sft,1,4,sft,8000,2,0,0,0.0,libero_goal,1710.4257609844208,5bc1b3ae471a6650fc1d4e1a510b92a253ffcca7,outputs/cp0/eval/a1_sft_s4
a1_sft_s4,a1_sft,1,4,sft,8000,2,1,1,1.0,libero_goal,1710.4257609844208,5bc1b3ae471a6650fc1d4e1a510b92a253ffcca7,outputs/cp0/eval/a1_sft_s4
a1_sft_s4,a1_sft,1,4,sft,8000,2,2,1,1.0,libero_goal,1710.4257609844208,5bc1b3ae471a6650fc1d4e1a510b92a253ffcca7,outputs/cp0/eval/a1_sft_s4
a1_sft_s4,a1_sft,1,4,sft,8000,2,3,0,0.0,libero_goal,1710.4257609844208,5bc1b3ae471a6650fc1d4e1a510b92a253ffcca7,outputs/cp0/eval/a1_sft_s4
a1_sft_s4,a1_sft,1,4,sft,8000,2,4,1,1.0,libero_goal,1710.4257609844208,5bc1b3ae471a6650fc1d4e1a510b92a253ffcca7,outputs/cp0/eval/a1_sft_s4
a1_sft_s4,a1_sft,1,4,sft,8000,2,5,0,0.0,libero_goal,1710.4257609844208,5bc1b3ae471a6650fc1d4e1a510b92a253ffcca7,outputs/cp0/eval/a1_sft_s4
a1_sft_s4,a1_sft,1,4,sft,8000,2,6,1,1.0,libero_goal,1710.4257609844208,5bc1b3ae471a6650fc1d4e1a510b92a253ffcca7,outputs/cp0/eval/a1_sft_s4
a1_sft_s4,a1_sft,1,4,sft,8000,2,7,0,0.0,libero_goal,1710.4257609844208,5bc1b3ae471a6650fc1d4e1a510b92a253ffcca7,outputs/cp0/eval/a1_sft_s4
a1_sft_s4,a1_sft,1,4,sft,8000,2,8,1,1.0,libero_goal,1710.4257609844208,5bc1b3ae471a6650fc1d4e1a510b92a253ffcca7,outputs/cp0/eval/a1_sft_s4
a1_sft_s4,a1_sft,1,4,sft,8000,2,9,1,1.0,libero_goal,1710.4257609844208,5bc1b3ae471a6650fc1d4e1a510b92a253ffcca7,outputs/cp0/eval/a1_sft_s4
a1_sft_s4,a1_sft,1,4,sft,8000,2,10,1,1.0,libero_goal,1710.4257609844208,5bc1b3ae471a6650fc1d4e1a510b92a253ffcca7,outputs/cp0/eval/a1_sft_s4
a1_sft_s4,a1_sft,1,4,sft,8000,2,11,0,0.0,libero_goal,1710.4257609844208,5bc1b3ae471a6650fc1d4e1a510b92a253ffcca7,outputs/cp0/eval/a1_sft_s4
a1_sft_s4,a1_sft,1,4,sft,8000,2,12,0,0.0,libero_goal,1710.4257609844208,5bc1b3ae471a6650fc1d4e1a510b92a253ffcca7,outputs/cp0/eval/a1_sft_s4
a1_sft_s4,a1_sft,1,4,sft,8000,2,13,1,1.0,libero_goal,1710.4257609844208,5bc1b3ae471a6650fc1d4e1a510b92a253ffcca7,outputs/cp0/eval/a1_sft_s4
a1_sft_s4,a1_sft,1,4,sft,8000,2,14,0,0.0,libero_goal,1710.4257609844208,5bc1b3ae471a6650fc1d4e1a510b92a253ffcca7,outputs/cp0/eval/a1_sft_s4
a1_sft_s4,a1_sft,1,4,sft,8000,2,15,1,1.0,libero_goal,1710.4257609844208,5bc1b3ae471a6650fc1d4e1a510b92a253ffcca7,outputs/cp0/eval/a1_sft_s4
a1_sft_s4,a1_sft,1,4,sft,8000,2,16,0,0.0,libero_goal,1710.4257609844208,5bc1b3ae471a6650fc1d4e1a510b92a253ffcca7,outputs/cp0/eval/a1_sft_s4
a1_sft_s4,a1_sft,1,4,sft,8000,2,17,1,1.0,libero_goal,1710.4257609844208,5bc1b3ae471a6650fc1d4e1a510b92a253ffcca7,outputs/cp0/eval/a1_sft_s4
a1_sft_s4,a1_sft,1,4,sft,8000,2,18,0,0.0,libero_goal,1710.4257609844208,5bc1b3ae471a6650fc1d4e1a510b92a253ffcca7,outputs/cp0/eval/a1_sft_s4
a1_sft_s4,a1_sft,1,4,sft,8000,2,19,1,1.0,libero_goal,1710.4257609844208,5bc1b3ae471a6650fc1d4e1a510b92a253ffcca7,outputs/cp0/eval/a1_sft_s4
a1_sft_s4,a1_sft,1,4,sft,8000,3,0,1,1.0,libero_goal,1710.4257609844208,5bc1b3ae471a6650fc1d4e1a510b92a253ffcca7,outputs/cp0/eval/a1_sft_s4
a1_sft_s4,a1_sft,1,4,sft,8000,3,1,1,1.0,libero_goal,1710.4257609844208,5bc1b3ae471a6650fc1d4e1a510b92a253ffcca7,outputs/cp0/eval/a1_sft_s4
a1_sft_s4,a1_sft,1,4,sft,8000,3,2,0,0.0,libero_goal,1710.4257609844208,5bc1b3ae471a6650fc1d4e1a510b92a253ffcca7,outputs/cp0/eval/a1_sft_s4
a1_sft_s4,a1_sft,1,4,sft,8000,3,3,1,1.0,libero_goal,1710.4257609844208,5bc1b3ae471a6650fc1d4e1a510b92a253ffcca7,outputs/cp0/eval/a1_sft_s4
a1_sft_s4,a1_sft,1,4,sft,8000,3,4,0,0.0,libero_goal,1710.4257609844208,5bc1b3ae471a6650fc1d4e1a510b92a253ffcca7,outputs/cp0/eval/a1_sft_s4
a1_sft_s4,a1_sft,1,4,sft,8000,3,5,0,0.0,libero_goal,1710.4257609844208,5bc1b3ae471a6650fc1d4e1a510b92a253ffcca7,outputs/cp0/eval/a1_sft_s4
a1_sft_s4,a1_sft,1,4,sft,8000,3,6,1,1.0,libero_goal,1710.4257609844208,5bc1b3ae471a6650fc1d4e1a510b92a253ffcca7,outputs/cp0/eval/a1_sft_s4
a1_sft_s4,a1_sft,1,4,sft,8000,3,7,0,0.0,libero_goal,1710.4257609844208,5bc1b3ae471a6650fc1d4e1a510b92a253ffcca7,outputs/cp0/eval/a1_sft_s4
a1_sft_s4,a1_sft,1,4,sft,8000,3,8,0,0.0,libero_goal,1710.4257609844208,5bc1b3ae471a6650fc1d4e1a510b92a253ffcca7,outputs/cp0/eval/a1_sft_s4
a1_sft_s4,a1_sft,1,4,sft,8000,3,9,0,0.0,libero_goal,1710.4257609844208,5bc1b3ae471a6650fc1d4e1a510b92a253ffcca7,outputs/cp0/eval/a1_sft_s4
a1_sft_s4,a1_sft,1,4,sft,8000,3,10,0,0.0,libero_goal,1710.4257609844208,5bc1b3ae471a6650fc1d4e1a510b92a253ffcca7,outputs/cp0/eval/a1_sft_s4
a1_sft_s4,a1_sft,1,4,sft,8000,3,11,0,0.0,libero_goal,1710.4257609844208,5bc1b3ae471a6650fc1d4e1a510b92a253ffcca7,outputs/cp0/eval/a1_sft_s4
a1_sft_s4,a1_sft,1,4,sft,8000,3,12,0,0.0,libero_goal,1710.4257609844208,5bc1b3ae471a6650fc1d4e1a510b92a253ffcca7,outputs/cp0/eval/a1_sft_s4
a1_sft_s4,a1_sft,1,4,sft,8000,3,13,0,0.0,libero_goal,1710.4257609844208,5bc1b3ae471a6650fc1d4e1a510b92a253ffcca7,outputs/cp0/eval/a1_sft_s4
a1_sft_s4,a1_sft,1,4,sft,8000,3,14,1,1.0,libero_goal,1710.4257609844208,5bc1b3ae471a6650fc1d4e1a510b92a253ffcca7,outputs/cp0/eval/a1_sft_s4
a1_sft_s4,a1_sft,1,4,sft,8000,3,15,0,0.0,libero_goal,1710.4257609844208,5bc1b3ae471a6650fc1d4e1a510b92a253ffcca7,outputs/cp0/eval/a1_sft_s4
a1_sft_s4,a1_sft,1,4,sft,8000,3,16,0,0.0,libero_goal,1710.4257609844208,5bc1b3ae471a6650fc1d4e1a510b92a253ffcca7,outputs/cp0/eval/a1_sft_s4
a1_sft_s4,a1_sft,1,4,sft,8000,3,17,0,0.0,libero_goal,1710.4257609844208,5bc1b3ae471a6650fc1d4e1a510b92a253ffcca7,outputs/cp0/eval/a1_sft_s4
a1_sft_s4,a1_sft,1,4,sft,8000,3,18,0,0.0,libero_goal,1710.4257609844208,5bc1b3ae471a6650fc1d4e1a510b92a253ffcca7,outputs/cp0/eval/a1_sft_s4
a1_sft_s4,a1_sft,1,4,sft,8000,3,19,0,0.0,libero_goal,1710.4257609844208,5bc1b3ae471a6650fc1d4e1a510b92a253ffcca7,outputs/cp0/eval/a1_sft_s4
a1_sft_s4,a1_sft,1,4,sft,8000,4,0,1,1.0,libero_goal,1710.4257609844208,5bc1b3ae471a6650fc1d4e1a510b92a253ffcca7,outputs/cp0/eval/a1_sft_s4
a1_sft_s4,a1_sft,1,4,sft,8000,4,1,1,1.0,libero_goal,1710.4257609844208,5bc1b3ae471a6650fc1d4e1a510b92a253ffcca7,outputs/cp0/eval/a1_sft_s4
a1_sft_s4,a1_sft,1,4,sft,8000,4,2,1,1.0,libero_goal,1710.4257609844208,5bc1b3ae471a6650fc1d4e1a510b92a253ffcca7,outputs/cp0/eval/a1_sft_s4
a1_sft_s4,a1_sft,1,4,sft,8000,4,3,1,1.0,libero_goal,1710.4257609844208,5bc1b3ae471a6650fc1d4e1a510b92a253ffcca7,outputs/cp0/eval/a1_sft_s4
a1_sft_s4,a1_sft,1,4,sft,8000,4,4,0,0.0,libero_goal,1710.4257609844208,5bc1b3ae471a6650fc1d4e1a510b92a253ffcca7,outputs/cp0/eval/a1_sft_s4
a1_sft_s4,a1_sft,1,4,sft,8000,4,5,1,1.0,libero_goal,1710.4257609844208,5bc1b3ae471a6650fc1d4e1a510b92a253ffcca7,outputs/cp0/eval/a1_sft_s4
a1_sft_s4,a1_sft,1,4,sft,8000,4,6,1,1.0,libero_goal,1710.4257609844208,5bc1b3ae471a6650fc1d4e1a510b92a253ffcca7,outputs/cp0/eval/a1_sft_s4
a1_sft_s4,a1_sft,1,4,sft,8000,4,7,1,1.0,libero_goal,1710.4257609844208,5bc1b3ae471a6650fc1d4e1a510b92a253ffcca7,outputs/cp0/eval/a1_sft_s4
a1_sft_s4,a1_sft,1,4,sft,8000,4,8,1,1.0,libero_goal,1710.4257609844208,5bc1b3ae471a6650fc1d4e1a510b92a253ffcca7,outputs/cp0/eval/a1_sft_s4
a1_sft_s4,a1_sft,1,4,sft,8000,4,9,1,1.0,libero_goal,1710.4257609844208,5bc1b3ae471a6650fc1d4e1a510b92a253ffcca7,outputs/cp0/eval/a1_sft_s4
a1_sft_s4,a1_sft,1,4,sft,8000,4,10,1,1.0,libero_goal,1710.4257609844208,5bc1b3ae471a6650fc1d4e1a510b92a253ffcca7,outputs/cp0/eval/a1_sft_s4
a1_sft_s4,a1_sft,1,4,sft,8000,4,11,1,1.0,libero_goal,1710.4257609844208,5bc1b3ae471a6650fc1d4e1a510b92a253ffcca7,outputs/cp0/eval/a1_sft_s4
a1_sft_s4,a1_sft,1,4,sft,8000,4,12,1,1.0,libero_goal,1710.4257609844208,5bc1b3ae471a6650fc1d4e1a510b92a253ffcca7,outputs/cp0/eval/a1_sft_s4
a1_sft_s4,a1_sft,1,4,sft,8000,4,13,1,1.0,libero_goal,1710.4257609844208,5bc1b3ae471a6650fc1d4e1a510b92a253ffcca7,outputs/cp0/eval/a1_sft_s4
a1_sft_s4,a1_sft,1,4,sft,8000,4,14,1,1.0,libero_goal,1710.4257609844208,5bc1b3ae471a6650fc1d4e1a510b92a253ffcca7,outputs/cp0/eval/a1_sft_s4
a1_sft_s4,a1_sft,1,4,sft,8000,4,15,1,1.0,libero_goal,1710.4257609844208,5bc1b3ae471a6650fc1d4e1a510b92a253ffcca7,outputs/cp0/eval/a1_sft_s4
a1_sft_s4,a1_sft,1,4,sft,8000,4,16,1,1.0,libero_goal,1710.4257609844208,5bc1b3ae471a6650fc1d4e1a510b92a253ffcca7,outputs/cp0/eval/a1_sft_s4
a1_sft_s4,a1_sft,1,4,sft,8000,4,17,1,1.0,libero_goal,1710.4257609844208,5bc1b3ae471a6650fc1d4e1a510b92a253ffcca7,outputs/cp0/eval/a1_sft_s4
a1_sft_s4,a1_sft,1,4,sft,8000,4,18,1,1.0,libero_goal,1710.4257609844208,5bc1b3ae471a6650fc1d4e1a510b92a253ffcca7,outputs/cp0/eval/a1_sft_s4
a1_sft_s4,a1_sft,1,4,sft,8000,4,19,1,1.0,libero_goal,1710.4257609844208,5bc1b3ae471a6650fc1d4e1a510b92a253ffcca7,outputs/cp0/eval/a1_sft_s4
a1_sft_s4,a1_sft,1,4,sft,8000,5,0,0,0.0,libero_goal,1710.4257609844208,5bc1b3ae471a6650fc1d4e1a510b92a253ffcca7,outputs/cp0/eval/a1_sft_s4
a1_sft_s4,a1_sft,1,4,sft,8000,5,1,0,0.0,libero_goal,1710.4257609844208,5bc1b3ae471a6650fc1d4e1a510b92a253ffcca7,outputs/cp0/eval/a1_sft_s4
a1_sft_s4,a1_sft,1,4,sft,8000,5,2,0,0.0,libero_goal,1710.4257609844208,5bc1b3ae471a6650fc1d4e1a510b92a253ffcca7,outputs/cp0/eval/a1_sft_s4
a1_sft_s4,a1_sft,1,4,sft,8000,5,3,0,0.0,libero_goal,1710.4257609844208,5bc1b3ae471a6650fc1d4e1a510b92a253ffcca7,outputs/cp0/eval/a1_sft_s4
a1_sft_s4,a1_sft,1,4,sft,8000,5,4,0,0.0,libero_goal,1710.4257609844208,5bc1b3ae471a6650fc1d4e1a510b92a253ffcca7,outputs/cp0/eval/a1_sft_s4
a1_sft_s4,a1_sft,1,4,sft,8000,5,5,0,0.0,libero_goal,1710.4257609844208,5bc1b3ae471a6650fc1d4e1a510b92a253ffcca7,outputs/cp0/eval/a1_sft_s4
a1_sft_s4,a1_sft,1,4,sft,8000,5,6,1,1.0,libero_goal,1710.4257609844208,5bc1b3ae471a6650fc1d4e1a510b92a253ffcca7,outputs/cp0/eval/a1_sft_s4
a1_sft_s4,a1_sft,1,4,sft,8000,5,7,0,0.0,libero_goal,1710.4257609844208,5bc1b3ae471a6650fc1d4e1a510b92a253ffcca7,outputs/cp0/eval/a1_sft_s4
a1_sft_s4,a1_sft,1,4,sft,8000,5,8,0,0.0,libero_goal,1710.4257609844208,5bc1b3ae471a6650fc1d4e1a510b92a253ffcca7,outputs/cp0/eval/a1_sft_s4
a1_sft_s4,a1_sft,1,4,sft,8000,5,9,0,0.0,libero_goal,1710.4257609844208,5bc1b3ae471a6650fc1d4e1a510b92a253ffcca7,outputs/cp0/eval/a1_sft_s4
a1_sft_s4,a1_sft,1,4,sft,8000,5,10,0,0.0,libero_goal,1710.4257609844208,5bc1b3ae471a6650fc1d4e1a510b92a253ffcca7,outputs/cp0/eval/a1_sft_s4
a1_sft_s4,a1_sft,1,4,sft,8000,5,11,0,0.0,libero_goal,1710.4257609844208,5bc1b3ae471a6650fc1d4e1a510b92a253ffcca7,outputs/cp0/eval/a1_sft_s4
a1_sft_s4,a1_sft,1,4,sft,8000,5,12,1,1.0,libero_goal,1710.4257609844208,5bc1b3ae471a6650fc1d4e1a510b92a253ffcca7,outputs/cp0/eval/a1_sft_s4
a1_sft_s4,a1_sft,1,4,sft,8000,5,13,0,0.0,libero_goal,1710.4257609844208,5bc1b3ae471a6650fc1d4e1a510b92a253ffcca7,outputs/cp0/eval/a1_sft_s4
a1_sft_s4,a1_sft,1,4,sft,8000,5,14,0,0.0,libero_goal,1710.4257609844208,5bc1b3ae471a6650fc1d4e1a510b92a253ffcca7,outputs/cp0/eval/a1_sft_s4
a1_sft_s4,a1_sft,1,4,sft,8000,5,15,0,0.0,libero_goal,1710.4257609844208,5bc1b3ae471a6650fc1d4e1a510b92a253ffcca7,outputs/cp0/eval/a1_sft_s4
a1_sft_s4,a1_sft,1,4,sft,8000,5,16,0,0.0,libero_goal,1710.4257609844208,5bc1b3ae471a6650fc1d4e1a510b92a253ffcca7,outputs/cp0/eval/a1_sft_s4
a1_sft_s4,a1_sft,1,4,sft,8000,5,17,0,0.0,libero_goal,1710.4257609844208,5bc1b3ae471a6650fc1d4e1a510b92a253ffcca7,outputs/cp0/eval/a1_sft_s4
a1_sft_s4,a1_sft,1,4,sft,8000,5,18,0,0.0,libero_goal,1710.4257609844208,5bc1b3ae471a6650fc1d4e1a510b92a253ffcca7,outputs/cp0/eval/a1_sft_s4
a1_sft_s4,a1_sft,1,4,sft,8000,5,19,0,0.0,libero_goal,1710.4257609844208,5bc1b3ae471a6650fc1d4e1a510b92a253ffcca7,outputs/cp0/eval/a1_sft_s4
a1_sft_s4,a1_sft,1,4,sft,8000,6,0,0,0.0,libero_goal,1710.4257609844208,5bc1b3ae471a6650fc1d4e1a510b92a253ffcca7,outputs/cp0/eval/a1_sft_s4
a1_sft_s4,a1_sft,1,4,sft,8000,6,1,0,0.0,libero_goal,1710.4257609844208,5bc1b3ae471a6650fc1d4e1a510b92a253ffcca7,outputs/cp0/eval/a1_sft_s4
a1_sft_s4,a1_sft,1,4,sft,8000,6,2,0,0.0,libero_goal,1710.4257609844208,5bc1b3ae471a6650fc1d4e1a510b92a253ffcca7,outputs/cp0/eval/a1_sft_s4
a1_sft_s4,a1_sft,1,4,sft,8000,6,3,1,1.0,libero_goal,1710.4257609844208,5bc1b3ae471a6650fc1d4e1a510b92a253ffcca7,outputs/cp0/eval/a1_sft_s4
a1_sft_s4,a1_sft,1,4,sft,8000,6,4,0,0.0,libero_goal,1710.4257609844208,5bc1b3ae471a6650fc1d4e1a510b92a253ffcca7,outputs/cp0/eval/a1_sft_s4
a1_sft_s4,a1_sft,1,4,sft,8000,6,5,0,0.0,libero_goal,1710.4257609844208,5bc1b3ae471a6650fc1d4e1a510b92a253ffcca7,outputs/cp0/eval/a1_sft_s4
a1_sft_s4,a1_sft,1,4,sft,8000,6,6,0,0.0,libero_goal,1710.4257609844208,5bc1b3ae471a6650fc1d4e1a510b92a253ffcca7,outputs/cp0/eval/a1_sft_s4
a1_sft_s4,a1_sft,1,4,sft,8000,6,7,1,1.0,libero_goal,1710.4257609844208,5bc1b3ae471a6650fc1d4e1a510b92a253ffcca7,outputs/cp0/eval/a1_sft_s4
a1_sft_s4,a1_sft,1,4,sft,8000,6,8,1,1.0,libero_goal,1710.4257609844208,5bc1b3ae471a6650fc1d4e1a510b92a253ffcca7,outputs/cp0/eval/a1_sft_s4
a1_sft_s4,a1_sft,1,4,sft,8000,6,9,1,1.0,libero_goal,1710.4257609844208,5bc1b3ae471a6650fc1d4e1a510b92a253ffcca7,outputs/cp0/eval/a1_sft_s4
a1_sft_s4,a1_sft,1,4,sft,8000,6,10,0,0.0,libero_goal,1710.4257609844208,5bc1b3ae471a6650fc1d4e1a510b92a253ffcca7,outputs/cp0/eval/a1_sft_s4
a1_sft_s4,a1_sft,1,4,sft,8000,6,11,0,0.0,libero_goal,1710.4257609844208,5bc1b3ae471a6650fc1d4e1a510b92a253ffcca7,outputs/cp0/eval/a1_sft_s4
a1_sft_s4,a1_sft,1,4,sft,8000,6,12,0,0.0,libero_goal,1710.4257609844208,5bc1b3ae471a6650fc1d4e1a510b92a253ffcca7,outputs/cp0/eval/a1_sft_s4
a1_sft_s4,a1_sft,1,4,sft,8000,6,13,1,1.0,libero_goal,1710.4257609844208,5bc1b3ae471a6650fc1d4e1a510b92a253ffcca7,outputs/cp0/eval/a1_sft_s4
a1_sft_s4,a1_sft,1,4,sft,8000,6,14,0,0.0,libero_goal,1710.4257609844208,5bc1b3ae471a6650fc1d4e1a510b92a253ffcca7,outputs/cp0/eval/a1_sft_s4
a1_sft_s4,a1_sft,1,4,sft,8000,6,15,0,0.0,libero_goal,1710.4257609844208,5bc1b3ae471a6650fc1d4e1a510b92a253ffcca7,outputs/cp0/eval/a1_sft_s4
a1_sft_s4,a1_sft,1,4,sft,8000,6,16,1,1.0,libero_goal,1710.4257609844208,5bc1b3ae471a6650fc1d4e1a510b92a253ffcca7,outputs/cp0/eval/a1_sft_s4
a1_sft_s4,a1_sft,1,4,sft,8000,6,17,0,0.0,libero_goal,1710.4257609844208,5bc1b3ae471a6650fc1d4e1a510b92a253ffcca7,outputs/cp0/eval/a1_sft_s4
a1_sft_s4,a1_sft,1,4,sft,8000,6,18,0,0.0,libero_goal,1710.4257609844208,5bc1b3ae471a6650fc1d4e1a510b92a253ffcca7,outputs/cp0/eval/a1_sft_s4
a1_sft_s4,a1_sft,1,4,sft,8000,6,19,1,1.0,libero_goal,1710.4257609844208,5bc1b3ae471a6650fc1d4e1a510b92a253ffcca7,outputs/cp0/eval/a1_sft_s4
a1_sft_s4,a1_sft,1,4,sft,8000,7,0,1,1.0,libero_goal,1710.4257609844208,5bc1b3ae471a6650fc1d4e1a510b92a253ffcca7,outputs/cp0/eval/a1_sft_s4
a1_sft_s4,a1_sft,1,4,sft,8000,7,1,1,1.0,libero_goal,1710.4257609844208,5bc1b3ae471a6650fc1d4e1a510b92a253ffcca7,outputs/cp0/eval/a1_sft_s4
a1_sft_s4,a1_sft,1,4,sft,8000,7,2,1,1.0,libero_goal,1710.4257609844208,5bc1b3ae471a6650fc1d4e1a510b92a253ffcca7,outputs/cp0/eval/a1_sft_s4
a1_sft_s4,a1_sft,1,4,sft,8000,7,3,1,1.0,libero_goal,1710.4257609844208,5bc1b3ae471a6650fc1d4e1a510b92a253ffcca7,outputs/cp0/eval/a1_sft_s4
a1_sft_s4,a1_sft,1,4,sft,8000,7,4,1,1.0,libero_goal,1710.4257609844208,5bc1b3ae471a6650fc1d4e1a510b92a253ffcca7,outputs/cp0/eval/a1_sft_s4
a1_sft_s4,a1_sft,1,4,sft,8000,7,5,1,1.0,libero_goal,1710.4257609844208,5bc1b3ae471a6650fc1d4e1a510b92a253ffcca7,outputs/cp0/eval/a1_sft_s4
a1_sft_s4,a1_sft,1,4,sft,8000,7,6,1,1.0,libero_goal,1710.4257609844208,5bc1b3ae471a6650fc1d4e1a510b92a253ffcca7,outputs/cp0/eval/a1_sft_s4
a1_sft_s4,a1_sft,1,4,sft,8000,7,7,1,1.0,libero_goal,1710.4257609844208,5bc1b3ae471a6650fc1d4e1a510b92a253ffcca7,outputs/cp0/eval/a1_sft_s4
a1_sft_s4,a1_sft,1,4,sft,8000,7,8,1,1.0,libero_goal,1710.4257609844208,5bc1b3ae471a6650fc1d4e1a510b92a253ffcca7,outputs/cp0/eval/a1_sft_s4
a1_sft_s4,a1_sft,1,4,sft,8000,7,9,1,1.0,libero_goal,1710.4257609844208,5bc1b3ae471a6650fc1d4e1a510b92a253ffcca7,outputs/cp0/eval/a1_sft_s4
a1_sft_s4,a1_sft,1,4,sft,8000,7,10,1,1.0,libero_goal,1710.4257609844208,5bc1b3ae471a6650fc1d4e1a510b92a253ffcca7,outputs/cp0/eval/a1_sft_s4
a1_sft_s4,a1_sft,1,4,sft,8000,7,11,1,1.0,libero_goal,1710.4257609844208,5bc1b3ae471a6650fc1d4e1a510b92a253ffcca7,outputs/cp0/eval/a1_sft_s4
a1_sft_s4,a1_sft,1,4,sft,8000,7,12,1,1.0,libero_goal,1710.4257609844208,5bc1b3ae471a6650fc1d4e1a510b92a253ffcca7,outputs/cp0/eval/a1_sft_s4
a1_sft_s4,a1_sft,1,4,sft,8000,7,13,1,1.0,libero_goal,1710.4257609844208,5bc1b3ae471a6650fc1d4e1a510b92a253ffcca7,outputs/cp0/eval/a1_sft_s4
a1_sft_s4,a1_sft,1,4,sft,8000,7,14,1,1.0,libero_goal,1710.4257609844208,5bc1b3ae471a6650fc1d4e1a510b92a253ffcca7,outputs/cp0/eval/a1_sft_s4
a1_sft_s4,a1_sft,1,4,sft,8000,7,15,1,1.0,libero_goal,1710.4257609844208,5bc1b3ae471a6650fc1d4e1a510b92a253ffcca7,outputs/cp0/eval/a1_sft_s4
a1_sft_s4,a1_sft,1,4,sft,8000,7,16,1,1.0,libero_goal,1710.4257609844208,5bc1b3ae471a6650fc1d4e1a510b92a253ffcca7,outputs/cp0/eval/a1_sft_s4
a1_sft_s4,a1_sft,1,4,sft,8000,7,17,1,1.0,libero_goal,1710.4257609844208,5bc1b3ae471a6650fc1d4e1a510b92a253ffcca7,outputs/cp0/eval/a1_sft_s4
a1_sft_s4,a1_sft,1,4,sft,8000,7,18,1,1.0,libero_goal,1710.4257609844208,5bc1b3ae471a6650fc1d4e1a510b92a253ffcca7,outputs/cp0/eval/a1_sft_s4
a1_sft_s4,a1_sft,1,4,sft,8000,7,19,1,1.0,libero_goal,1710.4257609844208,5bc1b3ae471a6650fc1d4e1a510b92a253ffcca7,outputs/cp0/eval/a1_sft_s4
a1_sft_s4,a1_sft,1,4,sft,8000,8,0,1,1.0,libero_goal,1710.4257609844208,5bc1b3ae471a6650fc1d4e1a510b92a253ffcca7,outputs/cp0/eval/a1_sft_s4
a1_sft_s4,a1_sft,1,4,sft,8000,8,1,1,1.0,libero_goal,1710.4257609844208,5bc1b3ae471a6650fc1d4e1a510b92a253ffcca7,outputs/cp0/eval/a1_sft_s4
a1_sft_s4,a1_sft,1,4,sft,8000,8,2,1,1.0,libero_goal,1710.4257609844208,5bc1b3ae471a6650fc1d4e1a510b92a253ffcca7,outputs/cp0/eval/a1_sft_s4
a1_sft_s4,a1_sft,1,4,sft,8000,8,3,1,1.0,libero_goal,1710.4257609844208,5bc1b3ae471a6650fc1d4e1a510b92a253ffcca7,outputs/cp0/eval/a1_sft_s4
a1_sft_s4,a1_sft,1,4,sft,8000,8,4,1,1.0,libero_goal,1710.4257609844208,5bc1b3ae471a6650fc1d4e1a510b92a253ffcca7,outputs/cp0/eval/a1_sft_s4
a1_sft_s4,a1_sft,1,4,sft,8000,8,5,1,1.0,libero_goal,1710.4257609844208,5bc1b3ae471a6650fc1d4e1a510b92a253ffcca7,outputs/cp0/eval/a1_sft_s4
a1_sft_s4,a1_sft,1,4,sft,8000,8,6,1,1.0,libero_goal,1710.4257609844208,5bc1b3ae471a6650fc1d4e1a510b92a253ffcca7,outputs/cp0/eval/a1_sft_s4
a1_sft_s4,a1_sft,1,4,sft,8000,8,7,0,0.0,libero_goal,1710.4257609844208,5bc1b3ae471a6650fc1d4e1a510b92a253ffcca7,outputs/cp0/eval/a1_sft_s4
a1_sft_s4,a1_sft,1,4,sft,8000,8,8,0,0.0,libero_goal,1710.4257609844208,5bc1b3ae471a6650fc1d4e1a510b92a253ffcca7,outputs/cp0/eval/a1_sft_s4
a1_sft_s4,a1_sft,1,4,sft,8000,8,9,0,0.0,libero_goal,1710.4257609844208,5bc1b3ae471a6650fc1d4e1a510b92a253ffcca7,outputs/cp0/eval/a1_sft_s4
a1_sft_s4,a1_sft,1,4,sft,8000,8,10,1,1.0,libero_goal,1710.4257609844208,5bc1b3ae471a6650fc1d4e1a510b92a253ffcca7,outputs/cp0/eval/a1_sft_s4
a1_sft_s4,a1_sft,1,4,sft,8000,8,11,1,1.0,libero_goal,1710.4257609844208,5bc1b3ae471a6650fc1d4e1a510b92a253ffcca7,outputs/cp0/eval/a1_sft_s4
a1_sft_s4,a1_sft,1,4,sft,8000,8,12,1,1.0,libero_goal,1710.4257609844208,5bc1b3ae471a6650fc1d4e1a510b92a253ffcca7,outputs/cp0/eval/a1_sft_s4
a1_sft_s4,a1_sft,1,4,sft,8000,8,13,1,1.0,libero_goal,1710.4257609844208,5bc1b3ae471a6650fc1d4e1a510b92a253ffcca7,outputs/cp0/eval/a1_sft_s4
a1_sft_s4,a1_sft,1,4,sft,8000,8,14,1,1.0,libero_goal,1710.4257609844208,5bc1b3ae471a6650fc1d4e1a510b92a253ffcca7,outputs/cp0/eval/a1_sft_s4
a1_sft_s4,a1_sft,1,4,sft,8000,8,15,1,1.0,libero_goal,1710.4257609844208,5bc1b3ae471a6650fc1d4e1a510b92a253ffcca7,outputs/cp0/eval/a1_sft_s4
a1_sft_s4,a1_sft,1,4,sft,8000,8,16,0,0.0,libero_goal,1710.4257609844208,5bc1b3ae471a6650fc1d4e1a510b92a253ffcca7,outputs/cp0/eval/a1_sft_s4
a1_sft_s4,a1_sft,1,4,sft,8000,8,17,1,1.0,libero_goal,1710.4257609844208,5bc1b3ae471a6650fc1d4e1a510b92a253ffcca7,outputs/cp0/eval/a1_sft_s4
a1_sft_s4,a1_sft,1,4,sft,8000,8,18,0,0.0,libero_goal,1710.4257609844208,5bc1b3ae471a6650fc1d4e1a510b92a253ffcca7,outputs/cp0/eval/a1_sft_s4
a1_sft_s4,a1_sft,1,4,sft,8000,8,19,1,1.0,libero_goal,1710.4257609844208,5bc1b3ae471a6650fc1d4e1a510b92a253ffcca7,outputs/cp0/eval/a1_sft_s4
a1_sft_s4,a1_sft,1,4,sft,8000,9,0,0,0.0,libero_goal,1710.4257609844208,5bc1b3ae471a6650fc1d4e1a510b92a253ffcca7,outputs/cp0/eval/a1_sft_s4
a1_sft_s4,a1_sft,1,4,sft,8000,9,1,1,1.0,libero_goal,1710.4257609844208,5bc1b3ae471a6650fc1d4e1a510b92a253ffcca7,outputs/cp0/eval/a1_sft_s4
a1_sft_s4,a1_sft,1,4,sft,8000,9,2,1,1.0,libero_goal,1710.4257609844208,5bc1b3ae471a6650fc1d4e1a510b92a253ffcca7,outputs/cp0/eval/a1_sft_s4
a1_sft_s4,a1_sft,1,4,sft,8000,9,3,1,1.0,libero_goal,1710.4257609844208,5bc1b3ae471a6650fc1d4e1a510b92a253ffcca7,outputs/cp0/eval/a1_sft_s4
a1_sft_s4,a1_sft,1,4,sft,8000,9,4,0,0.0,libero_goal,1710.4257609844208,5bc1b3ae471a6650fc1d4e1a510b92a253ffcca7,outputs/cp0/eval/a1_sft_s4
a1_sft_s4,a1_sft,1,4,sft,8000,9,5,0,0.0,libero_goal,1710.4257609844208,5bc1b3ae471a6650fc1d4e1a510b92a253ffcca7,outputs/cp0/eval/a1_sft_s4
a1_sft_s4,a1_sft,1,4,sft,8000,9,6,1,1.0,libero_goal,1710.4257609844208,5bc1b3ae471a6650fc1d4e1a510b92a253ffcca7,outputs/cp0/eval/a1_sft_s4
a1_sft_s4,a1_sft,1,4,sft,8000,9,7,0,0.0,libero_goal,1710.4257609844208,5bc1b3ae471a6650fc1d4e1a510b92a253ffcca7,outputs/cp0/eval/a1_sft_s4
a1_sft_s4,a1_sft,1,4,sft,8000,9,8,0,0.0,libero_goal,1710.4257609844208,5bc1b3ae471a6650fc1d4e1a510b92a253ffcca7,outputs/cp0/eval/a1_sft_s4
a1_sft_s4,a1_sft,1,4,sft,8000,9,9,1,1.0,libero_goal,1710.4257609844208,5bc1b3ae471a6650fc1d4e1a510b92a253ffcca7,outputs/cp0/eval/a1_sft_s4
a1_sft_s4,a1_sft,1,4,sft,8000,9,10,1,1.0,libero_goal,1710.4257609844208,5bc1b3ae471a6650fc1d4e1a510b92a253ffcca7,outputs/cp0/eval/a1_sft_s4
a1_sft_s4,a1_sft,1,4,sft,8000,9,11,1,1.0,libero_goal,1710.4257609844208,5bc1b3ae471a6650fc1d4e1a510b92a253ffcca7,outputs/cp0/eval/a1_sft_s4
a1_sft_s4,a1_sft,1,4,sft,8000,9,12,0,0.0,libero_goal,1710.4257609844208,5bc1b3ae471a6650fc1d4e1a510b92a253ffcca7,outputs/cp0/eval/a1_sft_s4
a1_sft_s4,a1_sft,1,4,sft,8000,9,13,1,1.0,libero_goal,1710.4257609844208,5bc1b3ae471a6650fc1d4e1a510b92a253ffcca7,outputs/cp0/eval/a1_sft_s4
a1_sft_s4,a1_sft,1,4,sft,8000,9,14,0,0.0,libero_goal,1710.4257609844208,5bc1b3ae471a6650fc1d4e1a510b92a253ffcca7,outputs/cp0/eval/a1_sft_s4
a1_sft_s4,a1_sft,1,4,sft,8000,9,15,1,1.0,libero_goal,1710.4257609844208,5bc1b3ae471a6650fc1d4e1a510b92a253ffcca7,outputs/cp0/eval/a1_sft_s4
a1_sft_s4,a1_sft,1,4,sft,8000,9,16,1,1.0,libero_goal,1710.4257609844208,5bc1b3ae471a6650fc1d4e1a510b92a253ffcca7,outputs/cp0/eval/a1_sft_s4
a1_sft_s4,a1_sft,1,4,sft,8000,9,17,1,1.0,libero_goal,1710.4257609844208,5bc1b3ae471a6650fc1d4e1a510b92a253ffcca7,outputs/cp0/eval/a1_sft_s4
a1_sft_s4,a1_sft,1,4,sft,8000,9,18,0,0.0,libero_goal,1710.4257609844208,5bc1b3ae471a6650fc1d4e1a510b92a253ffcca7,outputs/cp0/eval/a1_sft_s4
a1_sft_s4,a1_sft,1,4,sft,8000,9,19,0,0.0,libero_goal,1710.4257609844208,5bc1b3ae471a6650fc1d4e1a510b92a253ffcca7,outputs/cp0/eval/a1_sft_s4
a25_sft_s3,a25_sft,25,3,sft,8000,0,0,0,0.0,libero_goal,1543.3578386306763,5bc1b3ae471a6650fc1d4e1a510b92a253ffcca7,outputs/cp0/eval/a25_sft_s3
a25_sft_s3,a25_sft,25,3,sft,8000,0,1,1,1.0,libero_goal,1543.3578386306763,5bc1b3ae471a6650fc1d4e1a510b92a253ffcca7,outputs/cp0/eval/a25_sft_s3
a25_sft_s3,a25_sft,25,3,sft,8000,0,2,1,1.0,libero_goal,1543.3578386306763,5bc1b3ae471a6650fc1d4e1a510b92a253ffcca7,outputs/cp0/eval/a25_sft_s3
a25_sft_s3,a25_sft,25,3,sft,8000,0,3,1,1.0,libero_goal,1543.3578386306763,5bc1b3ae471a6650fc1d4e1a510b92a253ffcca7,outputs/cp0/eval/a25_sft_s3
a25_sft_s3,a25_sft,25,3,sft,8000,0,4,1,1.0,libero_goal,1543.3578386306763,5bc1b3ae471a6650fc1d4e1a510b92a253ffcca7,outputs/cp0/eval/a25_sft_s3
a25_sft_s3,a25_sft,25,3,sft,8000,0,5,1,1.0,libero_goal,1543.3578386306763,5bc1b3ae471a6650fc1d4e1a510b92a253ffcca7,outputs/cp0/eval/a25_sft_s3
a25_sft_s3,a25_sft,25,3,sft,8000,0,6,1,1.0,libero_goal,1543.3578386306763,5bc1b3ae471a6650fc1d4e1a510b92a253ffcca7,outputs/cp0/eval/a25_sft_s3
a25_sft_s3,a25_sft,25,3,sft,8000,0,7,1,1.0,libero_goal,1543.3578386306763,5bc1b3ae471a6650fc1d4e1a510b92a253ffcca7,outputs/cp0/eval/a25_sft_s3
a25_sft_s3,a25_sft,25,3,sft,8000,0,8,1,1.0,libero_goal,1543.3578386306763,5bc1b3ae471a6650fc1d4e1a510b92a253ffcca7,outputs/cp0/eval/a25_sft_s3
a25_sft_s3,a25_sft,25,3,sft,8000,0,9,1,1.0,libero_goal,1543.3578386306763,5bc1b3ae471a6650fc1d4e1a510b92a253ffcca7,outputs/cp0/eval/a25_sft_s3
a25_sft_s3,a25_sft,25,3,sft,8000,0,10,1,1.0,libero_goal,1543.3578386306763,5bc1b3ae471a6650fc1d4e1a510b92a253ffcca7,outputs/cp0/eval/a25_sft_s3
a25_sft_s3,a25_sft,25,3,sft,8000,0,11,1,1.0,libero_goal,1543.3578386306763,5bc1b3ae471a6650fc1d4e1a510b92a253ffcca7,outputs/cp0/eval/a25_sft_s3
a25_sft_s3,a25_sft,25,3,sft,8000,0,12,1,1.0,libero_goal,1543.3578386306763,5bc1b3ae471a6650fc1d4e1a510b92a253ffcca7,outputs/cp0/eval/a25_sft_s3
a25_sft_s3,a25_sft,25,3,sft,8000,0,13,1,1.0,libero_goal,1543.3578386306763,5bc1b3ae471a6650fc1d4e1a510b92a253ffcca7,outputs/cp0/eval/a25_sft_s3
a25_sft_s3,a25_sft,25,3,sft,8000,0,14,0,0.0,libero_goal,1543.3578386306763,5bc1b3ae471a6650fc1d4e1a510b92a253ffcca7,outputs/cp0/eval/a25_sft_s3
a25_sft_s3,a25_sft,25,3,sft,8000,0,15,1,1.0,libero_goal,1543.3578386306763,5bc1b3ae471a6650fc1d4e1a510b92a253ffcca7,outputs/cp0/eval/a25_sft_s3
a25_sft_s3,a25_sft,25,3,sft,8000,0,16,1,1.0,libero_goal,1543.3578386306763,5bc1b3ae471a6650fc1d4e1a510b92a253ffcca7,outputs/cp0/eval/a25_sft_s3
a25_sft_s3,a25_sft,25,3,sft,8000,0,17,0,0.0,libero_goal,1543.3578386306763,5bc1b3ae471a6650fc1d4e1a510b92a253ffcca7,outputs/cp0/eval/a25_sft_s3
a25_sft_s3,a25_sft,25,3,sft,8000,0,18,0,0.0,libero_goal,1543.3578386306763,5bc1b3ae471a6650fc1d4e1a510b92a253ffcca7,outputs/cp0/eval/a25_sft_s3
a25_sft_s3,a25_sft,25,3,sft,8000,0,19,1,1.0,libero_goal,1543.3578386306763,5bc1b3ae471a6650fc1d4e1a510b92a253ffcca7,outputs/cp0/eval/a25_sft_s3
a25_sft_s3,a25_sft,25,3,sft,8000,1,0,1,1.0,libero_goal,1543.3578386306763,5bc1b3ae471a6650fc1d4e1a510b92a253ffcca7,outputs/cp0/eval/a25_sft_s3
a25_sft_s3,a25_sft,25,3,sft,8000,1,1,1,1.0,libero_goal,1543.3578386306763,5bc1b3ae471a6650fc1d4e1a510b92a253ffcca7,outputs/cp0/eval/a25_sft_s3
a25_sft_s3,a25_sft,25,3,sft,8000,1,2,1,1.0,libero_goal,1543.3578386306763,5bc1b3ae471a6650fc1d4e1a510b92a253ffcca7,outputs/cp0/eval/a25_sft_s3
a25_sft_s3,a25_sft,25,3,sft,8000,1,3,1,1.0,libero_goal,1543.3578386306763,5bc1b3ae471a6650fc1d4e1a510b92a253ffcca7,outputs/cp0/eval/a25_sft_s3
a25_sft_s3,a25_sft,25,3,sft,8000,1,4,1,1.0,libero_goal,1543.3578386306763,5bc1b3ae471a6650fc1d4e1a510b92a253ffcca7,outputs/cp0/eval/a25_sft_s3
a25_sft_s3,a25_sft,25,3,sft,8000,1,5,1,1.0,libero_goal,1543.3578386306763,5bc1b3ae471a6650fc1d4e1a510b92a253ffcca7,outputs/cp0/eval/a25_sft_s3
a25_sft_s3,a25_sft,25,3,sft,8000,1,6,1,1.0,libero_goal,1543.3578386306763,5bc1b3ae471a6650fc1d4e1a510b92a253ffcca7,outputs/cp0/eval/a25_sft_s3
a25_sft_s3,a25_sft,25,3,sft,8000,1,7,1,1.0,libero_goal,1543.3578386306763,5bc1b3ae471a6650fc1d4e1a510b92a253ffcca7,outputs/cp0/eval/a25_sft_s3
a25_sft_s3,a25_sft,25,3,sft,8000,1,8,1,1.0,libero_goal,1543.3578386306763,5bc1b3ae471a6650fc1d4e1a510b92a253ffcca7,outputs/cp0/eval/a25_sft_s3
a25_sft_s3,a25_sft,25,3,sft,8000,1,9,1,1.0,libero_goal,1543.3578386306763,5bc1b3ae471a6650fc1d4e1a510b92a253ffcca7,outputs/cp0/eval/a25_sft_s3
a25_sft_s3,a25_sft,25,3,sft,8000,1,10,1,1.0,libero_goal,1543.3578386306763,5bc1b3ae471a6650fc1d4e1a510b92a253ffcca7,outputs/cp0/eval/a25_sft_s3
a25_sft_s3,a25_sft,25,3,sft,8000,1,11,1,1.0,libero_goal,1543.3578386306763,5bc1b3ae471a6650fc1d4e1a510b92a253ffcca7,outputs/cp0/eval/a25_sft_s3
a25_sft_s3,a25_sft,25,3,sft,8000,1,12,1,1.0,libero_goal,1543.3578386306763,5bc1b3ae471a6650fc1d4e1a510b92a253ffcca7,outputs/cp0/eval/a25_sft_s3
a25_sft_s3,a25_sft,25,3,sft,8000,1,13,1,1.0,libero_goal,1543.3578386306763,5bc1b3ae471a6650fc1d4e1a510b92a253ffcca7,outputs/cp0/eval/a25_sft_s3
a25_sft_s3,a25_sft,25,3,sft,8000,1,14,1,1.0,libero_goal,1543.3578386306763,5bc1b3ae471a6650fc1d4e1a510b92a253ffcca7,outputs/cp0/eval/a25_sft_s3
a25_sft_s3,a25_sft,25,3,sft,8000,1,15,1,1.0,libero_goal,1543.3578386306763,5bc1b3ae471a6650fc1d4e1a510b92a253ffcca7,outputs/cp0/eval/a25_sft_s3
a25_sft_s3,a25_sft,25,3,sft,8000,1,16,1,1.0,libero_goal,1543.3578386306763,5bc1b3ae471a6650fc1d4e1a510b92a253ffcca7,outputs/cp0/eval/a25_sft_s3
a25_sft_s3,a25_sft,25,3,sft,8000,1,17,1,1.0,libero_goal,1543.3578386306763,5bc1b3ae471a6650fc1d4e1a510b92a253ffcca7,outputs/cp0/eval/a25_sft_s3
a25_sft_s3,a25_sft,25,3,sft,8000,1,18,1,1.0,libero_goal,1543.3578386306763,5bc1b3ae471a6650fc1d4e1a510b92a253ffcca7,outputs/cp0/eval/a25_sft_s3
a25_sft_s3,a25_sft,25,3,sft,8000,1,19,1,1.0,libero_goal,1543.3578386306763,5bc1b3ae471a6650fc1d4e1a510b92a253ffcca7,outputs/cp0/eval/a25_sft_s3
a25_sft_s3,a25_sft,25,3,sft,8000,2,0,1,1.0,libero_goal,1543.3578386306763,5bc1b3ae471a6650fc1d4e1a510b92a253ffcca7,outputs/cp0/eval/a25_sft_s3
a25_sft_s3,a25_sft,25,3,sft,8000,2,1,1,1.0,libero_goal,1543.3578386306763,5bc1b3ae471a6650fc1d4e1a510b92a253ffcca7,outputs/cp0/eval/a25_sft_s3
a25_sft_s3,a25_sft,25,3,sft,8000,2,2,1,1.0,libero_goal,1543.3578386306763,5bc1b3ae471a6650fc1d4e1a510b92a253ffcca7,outputs/cp0/eval/a25_sft_s3
a25_sft_s3,a25_sft,25,3,sft,8000,2,3,1,1.0,libero_goal,1543.3578386306763,5bc1b3ae471a6650fc1d4e1a510b92a253ffcca7,outputs/cp0/eval/a25_sft_s3
a25_sft_s3,a25_sft,25,3,sft,8000,2,4,1,1.0,libero_goal,1543.3578386306763,5bc1b3ae471a6650fc1d4e1a510b92a253ffcca7,outputs/cp0/eval/a25_sft_s3
a25_sft_s3,a25_sft,25,3,sft,8000,2,5,1,1.0,libero_goal,1543.3578386306763,5bc1b3ae471a6650fc1d4e1a510b92a253ffcca7,outputs/cp0/eval/a25_sft_s3
a25_sft_s3,a25_sft,25,3,sft,8000,2,6,1,1.0,libero_goal,1543.3578386306763,5bc1b3ae471a6650fc1d4e1a510b92a253ffcca7,outputs/cp0/eval/a25_sft_s3
a25_sft_s3,a25_sft,25,3,sft,8000,2,7,1,1.0,libero_goal,1543.3578386306763,5bc1b3ae471a6650fc1d4e1a510b92a253ffcca7,outputs/cp0/eval/a25_sft_s3
a25_sft_s3,a25_sft,25,3,sft,8000,2,8,0,0.0,libero_goal,1543.3578386306763,5bc1b3ae471a6650fc1d4e1a510b92a253ffcca7,outputs/cp0/eval/a25_sft_s3
a25_sft_s3,a25_sft,25,3,sft,8000,2,9,0,0.0,libero_goal,1543.3578386306763,5bc1b3ae471a6650fc1d4e1a510b92a253ffcca7,outputs/cp0/eval/a25_sft_s3
a25_sft_s3,a25_sft,25,3,sft,8000,2,10,1,1.0,libero_goal,1543.3578386306763,5bc1b3ae471a6650fc1d4e1a510b92a253ffcca7,outputs/cp0/eval/a25_sft_s3
a25_sft_s3,a25_sft,25,3,sft,8000,2,11,1,1.0,libero_goal,1543.3578386306763,5bc1b3ae471a6650fc1d4e1a510b92a253ffcca7,outputs/cp0/eval/a25_sft_s3
a25_sft_s3,a25_sft,25,3,sft,8000,2,12,1,1.0,libero_goal,1543.3578386306763,5bc1b3ae471a6650fc1d4e1a510b92a253ffcca7,outputs/cp0/eval/a25_sft_s3
a25_sft_s3,a25_sft,25,3,sft,8000,2,13,1,1.0,libero_goal,1543.3578386306763,5bc1b3ae471a6650fc1d4e1a510b92a253ffcca7,outputs/cp0/eval/a25_sft_s3
a25_sft_s3,a25_sft,25,3,sft,8000,2,14,1,1.0,libero_goal,1543.3578386306763,5bc1b3ae471a6650fc1d4e1a510b92a253ffcca7,outputs/cp0/eval/a25_sft_s3
a25_sft_s3,a25_sft,25,3,sft,8000,2,15,1,1.0,libero_goal,1543.3578386306763,5bc1b3ae471a6650fc1d4e1a510b92a253ffcca7,outputs/cp0/eval/a25_sft_s3
a25_sft_s3,a25_sft,25,3,sft,8000,2,16,1,1.0,libero_goal,1543.3578386306763,5bc1b3ae471a6650fc1d4e1a510b92a253ffcca7,outputs/cp0/eval/a25_sft_s3
a25_sft_s3,a25_sft,25,3,sft,8000,2,17,0,0.0,libero_goal,1543.3578386306763,5bc1b3ae471a6650fc1d4e1a510b92a253ffcca7,outputs/cp0/eval/a25_sft_s3
a25_sft_s3,a25_sft,25,3,sft,8000,2,18,1,1.0,libero_goal,1543.3578386306763,5bc1b3ae471a6650fc1d4e1a510b92a253ffcca7,outputs/cp0/eval/a25_sft_s3
a25_sft_s3,a25_sft,25,3,sft,8000,2,19,1,1.0,libero_goal,1543.3578386306763,5bc1b3ae471a6650fc1d4e1a510b92a253ffcca7,outputs/cp0/eval/a25_sft_s3
a25_sft_s3,a25_sft,25,3,sft,8000,3,0,0,0.0,libero_goal,1543.3578386306763,5bc1b3ae471a6650fc1d4e1a510b92a253ffcca7,outputs/cp0/eval/a25_sft_s3
a25_sft_s3,a25_sft,25,3,sft,8000,3,1,0,0.0,libero_goal,1543.3578386306763,5bc1b3ae471a6650fc1d4e1a510b92a253ffcca7,outputs/cp0/eval/a25_sft_s3
a25_sft_s3,a25_sft,25,3,sft,8000,3,2,1,1.0,libero_goal,1543.3578386306763,5bc1b3ae471a6650fc1d4e1a510b92a253ffcca7,outputs/cp0/eval/a25_sft_s3
a25_sft_s3,a25_sft,25,3,sft,8000,3,3,0,0.0,libero_goal,1543.3578386306763,5bc1b3ae471a6650fc1d4e1a510b92a253ffcca7,outputs/cp0/eval/a25_sft_s3
a25_sft_s3,a25_sft,25,3,sft,8000,3,4,1,1.0,libero_goal,1543.3578386306763,5bc1b3ae471a6650fc1d4e1a510b92a253ffcca7,outputs/cp0/eval/a25_sft_s3
a25_sft_s3,a25_sft,25,3,sft,8000,3,5,1,1.0,libero_goal,1543.3578386306763,5bc1b3ae471a6650fc1d4e1a510b92a253ffcca7,outputs/cp0/eval/a25_sft_s3
a25_sft_s3,a25_sft,25,3,sft,8000,3,6,1,1.0,libero_goal,1543.3578386306763,5bc1b3ae471a6650fc1d4e1a510b92a253ffcca7,outputs/cp0/eval/a25_sft_s3
a25_sft_s3,a25_sft,25,3,sft,8000,3,7,1,1.0,libero_goal,1543.3578386306763,5bc1b3ae471a6650fc1d4e1a510b92a253ffcca7,outputs/cp0/eval/a25_sft_s3
a25_sft_s3,a25_sft,25,3,sft,8000,3,8,0,0.0,libero_goal,1543.3578386306763,5bc1b3ae471a6650fc1d4e1a510b92a253ffcca7,outputs/cp0/eval/a25_sft_s3
a25_sft_s3,a25_sft,25,3,sft,8000,3,9,1,1.0,libero_goal,1543.3578386306763,5bc1b3ae471a6650fc1d4e1a510b92a253ffcca7,outputs/cp0/eval/a25_sft_s3
a25_sft_s3,a25_sft,25,3,sft,8000,3,10,1,1.0,libero_goal,1543.3578386306763,5bc1b3ae471a6650fc1d4e1a510b92a253ffcca7,outputs/cp0/eval/a25_sft_s3
a25_sft_s3,a25_sft,25,3,sft,8000,3,11,1,1.0,libero_goal,1543.3578386306763,5bc1b3ae471a6650fc1d4e1a510b92a253ffcca7,outputs/cp0/eval/a25_sft_s3
a25_sft_s3,a25_sft,25,3,sft,8000,3,12,0,0.0,libero_goal,1543.3578386306763,5bc1b3ae471a6650fc1d4e1a510b92a253ffcca7,outputs/cp0/eval/a25_sft_s3
a25_sft_s3,a25_sft,25,3,sft,8000,3,13,1,1.0,libero_goal,1543.3578386306763,5bc1b3ae471a6650fc1d4e1a510b92a253ffcca7,outputs/cp0/eval/a25_sft_s3
a25_sft_s3,a25_sft,25,3,sft,8000,3,14,0,0.0,libero_goal,1543.3578386306763,5bc1b3ae471a6650fc1d4e1a510b92a253ffcca7,outputs/cp0/eval/a25_sft_s3
a25_sft_s3,a25_sft,25,3,sft,8000,3,15,1,1.0,libero_goal,1543.3578386306763,5bc1b3ae471a6650fc1d4e1a510b92a253ffcca7,outputs/cp0/eval/a25_sft_s3
a25_sft_s3,a25_sft,25,3,sft,8000,3,16,0,0.0,libero_goal,1543.3578386306763,5bc1b3ae471a6650fc1d4e1a510b92a253ffcca7,outputs/cp0/eval/a25_sft_s3
a25_sft_s3,a25_sft,25,3,sft,8000,3,17,1,1.0,libero_goal,1543.3578386306763,5bc1b3ae471a6650fc1d4e1a510b92a253ffcca7,outputs/cp0/eval/a25_sft_s3
a25_sft_s3,a25_sft,25,3,sft,8000,3,18,1,1.0,libero_goal,1543.3578386306763,5bc1b3ae471a6650fc1d4e1a510b92a253ffcca7,outputs/cp0/eval/a25_sft_s3
a25_sft_s3,a25_sft,25,3,sft,8000,3,19,1,1.0,libero_goal,1543.3578386306763,5bc1b3ae471a6650fc1d4e1a510b92a253ffcca7,outputs/cp0/eval/a25_sft_s3
a25_sft_s3,a25_sft,25,3,sft,8000,4,0,1,1.0,libero_goal,1543.3578386306763,5bc1b3ae471a6650fc1d4e1a510b92a253ffcca7,outputs/cp0/eval/a25_sft_s3
a25_sft_s3,a25_sft,25,3,sft,8000,4,1,1,1.0,libero_goal,1543.3578386306763,5bc1b3ae471a6650fc1d4e1a510b92a253ffcca7,outputs/cp0/eval/a25_sft_s3
a25_sft_s3,a25_sft,25,3,sft,8000,4,2,1,1.0,libero_goal,1543.3578386306763,5bc1b3ae471a6650fc1d4e1a510b92a253ffcca7,outputs/cp0/eval/a25_sft_s3
a25_sft_s3,a25_sft,25,3,sft,8000,4,3,1,1.0,libero_goal,1543.3578386306763,5bc1b3ae471a6650fc1d4e1a510b92a253ffcca7,outputs/cp0/eval/a25_sft_s3
a25_sft_s3,a25_sft,25,3,sft,8000,4,4,1,1.0,libero_goal,1543.3578386306763,5bc1b3ae471a6650fc1d4e1a510b92a253ffcca7,outputs/cp0/eval/a25_sft_s3
a25_sft_s3,a25_sft,25,3,sft,8000,4,5,1,1.0,libero_goal,1543.3578386306763,5bc1b3ae471a6650fc1d4e1a510b92a253ffcca7,outputs/cp0/eval/a25_sft_s3
a25_sft_s3,a25_sft,25,3,sft,8000,4,6,1,1.0,libero_goal,1543.3578386306763,5bc1b3ae471a6650fc1d4e1a510b92a253ffcca7,outputs/cp0/eval/a25_sft_s3
a25_sft_s3,a25_sft,25,3,sft,8000,4,7,1,1.0,libero_goal,1543.3578386306763,5bc1b3ae471a6650fc1d4e1a510b92a253ffcca7,outputs/cp0/eval/a25_sft_s3
a25_sft_s3,a25_sft,25,3,sft,8000,4,8,1,1.0,libero_goal,1543.3578386306763,5bc1b3ae471a6650fc1d4e1a510b92a253ffcca7,outputs/cp0/eval/a25_sft_s3
a25_sft_s3,a25_sft,25,3,sft,8000,4,9,1,1.0,libero_goal,1543.3578386306763,5bc1b3ae471a6650fc1d4e1a510b92a253ffcca7,outputs/cp0/eval/a25_sft_s3
a25_sft_s3,a25_sft,25,3,sft,8000,4,10,1,1.0,libero_goal,1543.3578386306763,5bc1b3ae471a6650fc1d4e1a510b92a253ffcca7,outputs/cp0/eval/a25_sft_s3
a25_sft_s3,a25_sft,25,3,sft,8000,4,11,1,1.0,libero_goal,1543.3578386306763,5bc1b3ae471a6650fc1d4e1a510b92a253ffcca7,outputs/cp0/eval/a25_sft_s3
a25_sft_s3,a25_sft,25,3,sft,8000,4,12,1,1.0,libero_goal,1543.3578386306763,5bc1b3ae471a6650fc1d4e1a510b92a253ffcca7,outputs/cp0/eval/a25_sft_s3
a25_sft_s3,a25_sft,25,3,sft,8000,4,13,1,1.0,libero_goal,1543.3578386306763,5bc1b3ae471a6650fc1d4e1a510b92a253ffcca7,outputs/cp0/eval/a25_sft_s3
a25_sft_s3,a25_sft,25,3,sft,8000,4,14,1,1.0,libero_goal,1543.3578386306763,5bc1b3ae471a6650fc1d4e1a510b92a253ffcca7,outputs/cp0/eval/a25_sft_s3
a25_sft_s3,a25_sft,25,3,sft,8000,4,15,1,1.0,libero_goal,1543.3578386306763,5bc1b3ae471a6650fc1d4e1a510b92a253ffcca7,outputs/cp0/eval/a25_sft_s3
a25_sft_s3,a25_sft,25,3,sft,8000,4,16,1,1.0,libero_goal,1543.3578386306763,5bc1b3ae471a6650fc1d4e1a510b92a253ffcca7,outputs/cp0/eval/a25_sft_s3
a25_sft_s3,a25_sft,25,3,sft,8000,4,17,1,1.0,libero_goal,1543.3578386306763,5bc1b3ae471a6650fc1d4e1a510b92a253ffcca7,outputs/cp0/eval/a25_sft_s3
a25_sft_s3,a25_sft,25,3,sft,8000,4,18,0,0.0,libero_goal,1543.3578386306763,5bc1b3ae471a6650fc1d4e1a510b92a253ffcca7,outputs/cp0/eval/a25_sft_s3
a25_sft_s3,a25_sft,25,3,sft,8000,4,19,1,1.0,libero_goal,1543.3578386306763,5bc1b3ae471a6650fc1d4e1a510b92a253ffcca7,outputs/cp0/eval/a25_sft_s3
a25_sft_s3,a25_sft,25,3,sft,8000,5,0,1,1.0,libero_goal,1543.3578386306763,5bc1b3ae471a6650fc1d4e1a510b92a253ffcca7,outputs/cp0/eval/a25_sft_s3
a25_sft_s3,a25_sft,25,3,sft,8000,5,1,1,1.0,libero_goal,1543.3578386306763,5bc1b3ae471a6650fc1d4e1a510b92a253ffcca7,outputs/cp0/eval/a25_sft_s3
a25_sft_s3,a25_sft,25,3,sft,8000,5,2,1,1.0,libero_goal,1543.3578386306763,5bc1b3ae471a6650fc1d4e1a510b92a253ffcca7,outputs/cp0/eval/a25_sft_s3
a25_sft_s3,a25_sft,25,3,sft,8000,5,3,0,0.0,libero_goal,1543.3578386306763,5bc1b3ae471a6650fc1d4e1a510b92a253ffcca7,outputs/cp0/eval/a25_sft_s3
a25_sft_s3,a25_sft,25,3,sft,8000,5,4,1,1.0,libero_goal,1543.3578386306763,5bc1b3ae471a6650fc1d4e1a510b92a253ffcca7,outputs/cp0/eval/a25_sft_s3
a25_sft_s3,a25_sft,25,3,sft,8000,5,5,1,1.0,libero_goal,1543.3578386306763,5bc1b3ae471a6650fc1d4e1a510b92a253ffcca7,outputs/cp0/eval/a25_sft_s3
a25_sft_s3,a25_sft,25,3,sft,8000,5,6,1,1.0,libero_goal,1543.3578386306763,5bc1b3ae471a6650fc1d4e1a510b92a253ffcca7,outputs/cp0/eval/a25_sft_s3
a25_sft_s3,a25_sft,25,3,sft,8000,5,7,0,0.0,libero_goal,1543.3578386306763,5bc1b3ae471a6650fc1d4e1a510b92a253ffcca7,outputs/cp0/eval/a25_sft_s3
a25_sft_s3,a25_sft,25,3,sft,8000,5,8,1,1.0,libero_goal,1543.3578386306763,5bc1b3ae471a6650fc1d4e1a510b92a253ffcca7,outputs/cp0/eval/a25_sft_s3
a25_sft_s3,a25_sft,25,3,sft,8000,5,9,1,1.0,libero_goal,1543.3578386306763,5bc1b3ae471a6650fc1d4e1a510b92a253ffcca7,outputs/cp0/eval/a25_sft_s3
a25_sft_s3,a25_sft,25,3,sft,8000,5,10,0,0.0,libero_goal,1543.3578386306763,5bc1b3ae471a6650fc1d4e1a510b92a253ffcca7,outputs/cp0/eval/a25_sft_s3
a25_sft_s3,a25_sft,25,3,sft,8000,5,11,0,0.0,libero_goal,1543.3578386306763,5bc1b3ae471a6650fc1d4e1a510b92a253ffcca7,outputs/cp0/eval/a25_sft_s3
a25_sft_s3,a25_sft,25,3,sft,8000,5,12,1,1.0,libero_goal,1543.3578386306763,5bc1b3ae471a6650fc1d4e1a510b92a253ffcca7,outputs/cp0/eval/a25_sft_s3
a25_sft_s3,a25_sft,25,3,sft,8000,5,13,1,1.0,libero_goal,1543.3578386306763,5bc1b3ae471a6650fc1d4e1a510b92a253ffcca7,outputs/cp0/eval/a25_sft_s3
a25_sft_s3,a25_sft,25,3,sft,8000,5,14,1,1.0,libero_goal,1543.3578386306763,5bc1b3ae471a6650fc1d4e1a510b92a253ffcca7,outputs/cp0/eval/a25_sft_s3
a25_sft_s3,a25_sft,25,3,sft,8000,5,15,1,1.0,libero_goal,1543.3578386306763,5bc1b3ae471a6650fc1d4e1a510b92a253ffcca7,outputs/cp0/eval/a25_sft_s3
a25_sft_s3,a25_sft,25,3,sft,8000,5,16,1,1.0,libero_goal,1543.3578386306763,5bc1b3ae471a6650fc1d4e1a510b92a253ffcca7,outputs/cp0/eval/a25_sft_s3
a25_sft_s3,a25_sft,25,3,sft,8000,5,17,0,0.0,libero_goal,1543.3578386306763,5bc1b3ae471a6650fc1d4e1a510b92a253ffcca7,outputs/cp0/eval/a25_sft_s3
a25_sft_s3,a25_sft,25,3,sft,8000,5,18,1,1.0,libero_goal,1543.3578386306763,5bc1b3ae471a6650fc1d4e1a510b92a253ffcca7,outputs/cp0/eval/a25_sft_s3
a25_sft_s3,a25_sft,25,3,sft,8000,5,19,1,1.0,libero_goal,1543.3578386306763,5bc1b3ae471a6650fc1d4e1a510b92a253ffcca7,outputs/cp0/eval/a25_sft_s3
a25_sft_s3,a25_sft,25,3,sft,8000,6,0,1,1.0,libero_goal,1543.3578386306763,5bc1b3ae471a6650fc1d4e1a510b92a253ffcca7,outputs/cp0/eval/a25_sft_s3
a25_sft_s3,a25_sft,25,3,sft,8000,6,1,1,1.0,libero_goal,1543.3578386306763,5bc1b3ae471a6650fc1d4e1a510b92a253ffcca7,outputs/cp0/eval/a25_sft_s3
a25_sft_s3,a25_sft,25,3,sft,8000,6,2,1,1.0,libero_goal,1543.3578386306763,5bc1b3ae471a6650fc1d4e1a510b92a253ffcca7,outputs/cp0/eval/a25_sft_s3
a25_sft_s3,a25_sft,25,3,sft,8000,6,3,0,0.0,libero_goal,1543.3578386306763,5bc1b3ae471a6650fc1d4e1a510b92a253ffcca7,outputs/cp0/eval/a25_sft_s3
a25_sft_s3,a25_sft,25,3,sft,8000,6,4,1,1.0,libero_goal,1543.3578386306763,5bc1b3ae471a6650fc1d4e1a510b92a253ffcca7,outputs/cp0/eval/a25_sft_s3
a25_sft_s3,a25_sft,25,3,sft,8000,6,5,1,1.0,libero_goal,1543.3578386306763,5bc1b3ae471a6650fc1d4e1a510b92a253ffcca7,outputs/cp0/eval/a25_sft_s3
a25_sft_s3,a25_sft,25,3,sft,8000,6,6,1,1.0,libero_goal,1543.3578386306763,5bc1b3ae471a6650fc1d4e1a510b92a253ffcca7,outputs/cp0/eval/a25_sft_s3
a25_sft_s3,a25_sft,25,3,sft,8000,6,7,1,1.0,libero_goal,1543.3578386306763,5bc1b3ae471a6650fc1d4e1a510b92a253ffcca7,outputs/cp0/eval/a25_sft_s3
a25_sft_s3,a25_sft,25,3,sft,8000,6,8,1,1.0,libero_goal,1543.3578386306763,5bc1b3ae471a6650fc1d4e1a510b92a253ffcca7,outputs/cp0/eval/a25_sft_s3
a25_sft_s3,a25_sft,25,3,sft,8000,6,9,0,0.0,libero_goal,1543.3578386306763,5bc1b3ae471a6650fc1d4e1a510b92a253ffcca7,outputs/cp0/eval/a25_sft_s3
a25_sft_s3,a25_sft,25,3,sft,8000,6,10,1,1.0,libero_goal,1543.3578386306763,5bc1b3ae471a6650fc1d4e1a510b92a253ffcca7,outputs/cp0/eval/a25_sft_s3
a25_sft_s3,a25_sft,25,3,sft,8000,6,11,1,1.0,libero_goal,1543.3578386306763,5bc1b3ae471a6650fc1d4e1a510b92a253ffcca7,outputs/cp0/eval/a25_sft_s3
a25_sft_s3,a25_sft,25,3,sft,8000,6,12,1,1.0,libero_goal,1543.3578386306763,5bc1b3ae471a6650fc1d4e1a510b92a253ffcca7,outputs/cp0/eval/a25_sft_s3
a25_sft_s3,a25_sft,25,3,sft,8000,6,13,0,0.0,libero_goal,1543.3578386306763,5bc1b3ae471a6650fc1d4e1a510b92a253ffcca7,outputs/cp0/eval/a25_sft_s3
a25_sft_s3,a25_sft,25,3,sft,8000,6,14,1,1.0,libero_goal,1543.3578386306763,5bc1b3ae471a6650fc1d4e1a510b92a253ffcca7,outputs/cp0/eval/a25_sft_s3
a25_sft_s3,a25_sft,25,3,sft,8000,6,15,0,0.0,libero_goal,1543.3578386306763,5bc1b3ae471a6650fc1d4e1a510b92a253ffcca7,outputs/cp0/eval/a25_sft_s3
a25_sft_s3,a25_sft,25,3,sft,8000,6,16,1,1.0,libero_goal,1543.3578386306763,5bc1b3ae471a6650fc1d4e1a510b92a253ffcca7,outputs/cp0/eval/a25_sft_s3
a25_sft_s3,a25_sft,25,3,sft,8000,6,17,1,1.0,libero_goal,1543.3578386306763,5bc1b3ae471a6650fc1d4e1a510b92a253ffcca7,outputs/cp0/eval/a25_sft_s3
a25_sft_s3,a25_sft,25,3,sft,8000,6,18,0,0.0,libero_goal,1543.3578386306763,5bc1b3ae471a6650fc1d4e1a510b92a253ffcca7,outputs/cp0/eval/a25_sft_s3
a25_sft_s3,a25_sft,25,3,sft,8000,6,19,1,1.0,libero_goal,1543.3578386306763,5bc1b3ae471a6650fc1d4e1a510b92a253ffcca7,outputs/cp0/eval/a25_sft_s3
a25_sft_s3,a25_sft,25,3,sft,8000,7,0,1,1.0,libero_goal,1543.3578386306763,5bc1b3ae471a6650fc1d4e1a510b92a253ffcca7,outputs/cp0/eval/a25_sft_s3
a25_sft_s3,a25_sft,25,3,sft,8000,7,1,1,1.0,libero_goal,1543.3578386306763,5bc1b3ae471a6650fc1d4e1a510b92a253ffcca7,outputs/cp0/eval/a25_sft_s3
a25_sft_s3,a25_sft,25,3,sft,8000,7,2,1,1.0,libero_goal,1543.3578386306763,5bc1b3ae471a6650fc1d4e1a510b92a253ffcca7,outputs/cp0/eval/a25_sft_s3
a25_sft_s3,a25_sft,25,3,sft,8000,7,3,1,1.0,libero_goal,1543.3578386306763,5bc1b3ae471a6650fc1d4e1a510b92a253ffcca7,outputs/cp0/eval/a25_sft_s3
a25_sft_s3,a25_sft,25,3,sft,8000,7,4,1,1.0,libero_goal,1543.3578386306763,5bc1b3ae471a6650fc1d4e1a510b92a253ffcca7,outputs/cp0/eval/a25_sft_s3
a25_sft_s3,a25_sft,25,3,sft,8000,7,5,1,1.0,libero_goal,1543.3578386306763,5bc1b3ae471a6650fc1d4e1a510b92a253ffcca7,outputs/cp0/eval/a25_sft_s3
a25_sft_s3,a25_sft,25,3,sft,8000,7,6,1,1.0,libero_goal,1543.3578386306763,5bc1b3ae471a6650fc1d4e1a510b92a253ffcca7,outputs/cp0/eval/a25_sft_s3
a25_sft_s3,a25_sft,25,3,sft,8000,7,7,1,1.0,libero_goal,1543.3578386306763,5bc1b3ae471a6650fc1d4e1a510b92a253ffcca7,outputs/cp0/eval/a25_sft_s3
a25_sft_s3,a25_sft,25,3,sft,8000,7,8,1,1.0,libero_goal,1543.3578386306763,5bc1b3ae471a6650fc1d4e1a510b92a253ffcca7,outputs/cp0/eval/a25_sft_s3
a25_sft_s3,a25_sft,25,3,sft,8000,7,9,0,0.0,libero_goal,1543.3578386306763,5bc1b3ae471a6650fc1d4e1a510b92a253ffcca7,outputs/cp0/eval/a25_sft_s3
a25_sft_s3,a25_sft,25,3,sft,8000,7,10,1,1.0,libero_goal,1543.3578386306763,5bc1b3ae471a6650fc1d4e1a510b92a253ffcca7,outputs/cp0/eval/a25_sft_s3
a25_sft_s3,a25_sft,25,3,sft,8000,7,11,1,1.0,libero_goal,1543.3578386306763,5bc1b3ae471a6650fc1d4e1a510b92a253ffcca7,outputs/cp0/eval/a25_sft_s3
a25_sft_s3,a25_sft,25,3,sft,8000,7,12,1,1.0,libero_goal,1543.3578386306763,5bc1b3ae471a6650fc1d4e1a510b92a253ffcca7,outputs/cp0/eval/a25_sft_s3
a25_sft_s3,a25_sft,25,3,sft,8000,7,13,1,1.0,libero_goal,1543.3578386306763,5bc1b3ae471a6650fc1d4e1a510b92a253ffcca7,outputs/cp0/eval/a25_sft_s3
a25_sft_s3,a25_sft,25,3,sft,8000,7,14,1,1.0,libero_goal,1543.3578386306763,5bc1b3ae471a6650fc1d4e1a510b92a253ffcca7,outputs/cp0/eval/a25_sft_s3
a25_sft_s3,a25_sft,25,3,sft,8000,7,15,1,1.0,libero_goal,1543.3578386306763,5bc1b3ae471a6650fc1d4e1a510b92a253ffcca7,outputs/cp0/eval/a25_sft_s3
a25_sft_s3,a25_sft,25,3,sft,8000,7,16,1,1.0,libero_goal,1543.3578386306763,5bc1b3ae471a6650fc1d4e1a510b92a253ffcca7,outputs/cp0/eval/a25_sft_s3
a25_sft_s3,a25_sft,25,3,sft,8000,7,17,1,1.0,libero_goal,1543.3578386306763,5bc1b3ae471a6650fc1d4e1a510b92a253ffcca7,outputs/cp0/eval/a25_sft_s3
a25_sft_s3,a25_sft,25,3,sft,8000,7,18,1,1.0,libero_goal,1543.3578386306763,5bc1b3ae471a6650fc1d4e1a510b92a253ffcca7,outputs/cp0/eval/a25_sft_s3
a25_sft_s3,a25_sft,25,3,sft,8000,7,19,1,1.0,libero_goal,1543.3578386306763,5bc1b3ae471a6650fc1d4e1a510b92a253ffcca7,outputs/cp0/eval/a25_sft_s3
a25_sft_s3,a25_sft,25,3,sft,8000,8,0,1,1.0,libero_goal,1543.3578386306763,5bc1b3ae471a6650fc1d4e1a510b92a253ffcca7,outputs/cp0/eval/a25_sft_s3
a25_sft_s3,a25_sft,25,3,sft,8000,8,1,1,1.0,libero_goal,1543.3578386306763,5bc1b3ae471a6650fc1d4e1a510b92a253ffcca7,outputs/cp0/eval/a25_sft_s3
a25_sft_s3,a25_sft,25,3,sft,8000,8,2,1,1.0,libero_goal,1543.3578386306763,5bc1b3ae471a6650fc1d4e1a510b92a253ffcca7,outputs/cp0/eval/a25_sft_s3
a25_sft_s3,a25_sft,25,3,sft,8000,8,3,1,1.0,libero_goal,1543.3578386306763,5bc1b3ae471a6650fc1d4e1a510b92a253ffcca7,outputs/cp0/eval/a25_sft_s3
a25_sft_s3,a25_sft,25,3,sft,8000,8,4,1,1.0,libero_goal,1543.3578386306763,5bc1b3ae471a6650fc1d4e1a510b92a253ffcca7,outputs/cp0/eval/a25_sft_s3
a25_sft_s3,a25_sft,25,3,sft,8000,8,5,1,1.0,libero_goal,1543.3578386306763,5bc1b3ae471a6650fc1d4e1a510b92a253ffcca7,outputs/cp0/eval/a25_sft_s3
a25_sft_s3,a25_sft,25,3,sft,8000,8,6,1,1.0,libero_goal,1543.3578386306763,5bc1b3ae471a6650fc1d4e1a510b92a253ffcca7,outputs/cp0/eval/a25_sft_s3
a25_sft_s3,a25_sft,25,3,sft,8000,8,7,1,1.0,libero_goal,1543.3578386306763,5bc1b3ae471a6650fc1d4e1a510b92a253ffcca7,outputs/cp0/eval/a25_sft_s3
a25_sft_s3,a25_sft,25,3,sft,8000,8,8,1,1.0,libero_goal,1543.3578386306763,5bc1b3ae471a6650fc1d4e1a510b92a253ffcca7,outputs/cp0/eval/a25_sft_s3
a25_sft_s3,a25_sft,25,3,sft,8000,8,9,0,0.0,libero_goal,1543.3578386306763,5bc1b3ae471a6650fc1d4e1a510b92a253ffcca7,outputs/cp0/eval/a25_sft_s3
a25_sft_s3,a25_sft,25,3,sft,8000,8,10,1,1.0,libero_goal,1543.3578386306763,5bc1b3ae471a6650fc1d4e1a510b92a253ffcca7,outputs/cp0/eval/a25_sft_s3
a25_sft_s3,a25_sft,25,3,sft,8000,8,11,1,1.0,libero_goal,1543.3578386306763,5bc1b3ae471a6650fc1d4e1a510b92a253ffcca7,outputs/cp0/eval/a25_sft_s3
a25_sft_s3,a25_sft,25,3,sft,8000,8,12,1,1.0,libero_goal,1543.3578386306763,5bc1b3ae471a6650fc1d4e1a510b92a253ffcca7,outputs/cp0/eval/a25_sft_s3
a25_sft_s3,a25_sft,25,3,sft,8000,8,13,1,1.0,libero_goal,1543.3578386306763,5bc1b3ae471a6650fc1d4e1a510b92a253ffcca7,outputs/cp0/eval/a25_sft_s3
a25_sft_s3,a25_sft,25,3,sft,8000,8,14,1,1.0,libero_goal,1543.3578386306763,5bc1b3ae471a6650fc1d4e1a510b92a253ffcca7,outputs/cp0/eval/a25_sft_s3
a25_sft_s3,a25_sft,25,3,sft,8000,8,15,1,1.0,libero_goal,1543.3578386306763,5bc1b3ae471a6650fc1d4e1a510b92a253ffcca7,outputs/cp0/eval/a25_sft_s3
a25_sft_s3,a25_sft,25,3,sft,8000,8,16,1,1.0,libero_goal,1543.3578386306763,5bc1b3ae471a6650fc1d4e1a510b92a253ffcca7,outputs/cp0/eval/a25_sft_s3
a25_sft_s3,a25_sft,25,3,sft,8000,8,17,1,1.0,libero_goal,1543.3578386306763,5bc1b3ae471a6650fc1d4e1a510b92a253ffcca7,outputs/cp0/eval/a25_sft_s3
a25_sft_s3,a25_sft,25,3,sft,8000,8,18,1,1.0,libero_goal,1543.3578386306763,5bc1b3ae471a6650fc1d4e1a510b92a253ffcca7,outputs/cp0/eval/a25_sft_s3
a25_sft_s3,a25_sft,25,3,sft,8000,8,19,1,1.0,libero_goal,1543.3578386306763,5bc1b3ae471a6650fc1d4e1a510b92a253ffcca7,outputs/cp0/eval/a25_sft_s3
a25_sft_s3,a25_sft,25,3,sft,8000,9,0,1,1.0,libero_goal,1543.3578386306763,5bc1b3ae471a6650fc1d4e1a510b92a253ffcca7,outputs/cp0/eval/a25_sft_s3
a25_sft_s3,a25_sft,25,3,sft,8000,9,1,1,1.0,libero_goal,1543.3578386306763,5bc1b3ae471a6650fc1d4e1a510b92a253ffcca7,outputs/cp0/eval/a25_sft_s3
a25_sft_s3,a25_sft,25,3,sft,8000,9,2,1,1.0,libero_goal,1543.3578386306763,5bc1b3ae471a6650fc1d4e1a510b92a253ffcca7,outputs/cp0/eval/a25_sft_s3
a25_sft_s3,a25_sft,25,3,sft,8000,9,3,1,1.0,libero_goal,1543.3578386306763,5bc1b3ae471a6650fc1d4e1a510b92a253ffcca7,outputs/cp0/eval/a25_sft_s3
a25_sft_s3,a25_sft,25,3,sft,8000,9,4,0,0.0,libero_goal,1543.3578386306763,5bc1b3ae471a6650fc1d4e1a510b92a253ffcca7,outputs/cp0/eval/a25_sft_s3
a25_sft_s3,a25_sft,25,3,sft,8000,9,5,1,1.0,libero_goal,1543.3578386306763,5bc1b3ae471a6650fc1d4e1a510b92a253ffcca7,outputs/cp0/eval/a25_sft_s3
a25_sft_s3,a25_sft,25,3,sft,8000,9,6,1,1.0,libero_goal,1543.3578386306763,5bc1b3ae471a6650fc1d4e1a510b92a253ffcca7,outputs/cp0/eval/a25_sft_s3
a25_sft_s3,a25_sft,25,3,sft,8000,9,7,1,1.0,libero_goal,1543.3578386306763,5bc1b3ae471a6650fc1d4e1a510b92a253ffcca7,outputs/cp0/eval/a25_sft_s3
a25_sft_s3,a25_sft,25,3,sft,8000,9,8,1,1.0,libero_goal,1543.3578386306763,5bc1b3ae471a6650fc1d4e1a510b92a253ffcca7,outputs/cp0/eval/a25_sft_s3
a25_sft_s3,a25_sft,25,3,sft,8000,9,9,0,0.0,libero_goal,1543.3578386306763,5bc1b3ae471a6650fc1d4e1a510b92a253ffcca7,outputs/cp0/eval/a25_sft_s3
a25_sft_s3,a25_sft,25,3,sft,8000,9,10,0,0.0,libero_goal,1543.3578386306763,5bc1b3ae471a6650fc1d4e1a510b92a253ffcca7,outputs/cp0/eval/a25_sft_s3
a25_sft_s3,a25_sft,25,3,sft,8000,9,11,0,0.0,libero_goal,1543.3578386306763,5bc1b3ae471a6650fc1d4e1a510b92a253ffcca7,outputs/cp0/eval/a25_sft_s3
a25_sft_s3,a25_sft,25,3,sft,8000,9,12,1,1.0,libero_goal,1543.3578386306763,5bc1b3ae471a6650fc1d4e1a510b92a253ffcca7,outputs/cp0/eval/a25_sft_s3
a25_sft_s3,a25_sft,25,3,sft,8000,9,13,0,0.0,libero_goal,1543.3578386306763,5bc1b3ae471a6650fc1d4e1a510b92a253ffcca7,outputs/cp0/eval/a25_sft_s3
a25_sft_s3,a25_sft,25,3,sft,8000,9,14,0,0.0,libero_goal,1543.3578386306763,5bc1b3ae471a6650fc1d4e1a510b92a253ffcca7,outputs/cp0/eval/a25_sft_s3
a25_sft_s3,a25_sft,25,3,sft,8000,9,15,1,1.0,libero_goal,1543.3578386306763,5bc1b3ae471a6650fc1d4e1a510b92a253ffcca7,outputs/cp0/eval/a25_sft_s3
a25_sft_s3,a25_sft,25,3,sft,8000,9,16,1,1.0,libero_goal,1543.3578386306763,5bc1b3ae471a6650fc1d4e1a510b92a253ffcca7,outputs/cp0/eval/a25_sft_s3
a25_sft_s3,a25_sft,25,3,sft,8000,9,17,1,1.0,libero_goal,1543.3578386306763,5bc1b3ae471a6650fc1d4e1a510b92a253ffcca7,outputs/cp0/eval/a25_sft_s3
a25_sft_s3,a25_sft,25,3,sft,8000,9,18,1,1.0,libero_goal,1543.3578386306763,5bc1b3ae471a6650fc1d4e1a510b92a253ffcca7,outputs/cp0/eval/a25_sft_s3
a25_sft_s3,a25_sft,25,3,sft,8000,9,19,0,0.0,libero_goal,1543.3578386306763,5bc1b3ae471a6650fc1d4e1a510b92a253ffcca7,outputs/cp0/eval/a25_sft_s3
a25_sft_s4,a25_sft,25,4,sft,8000,0,0,1,1.0,libero_goal,1383.397788286209,5bc1b3ae471a6650fc1d4e1a510b92a253ffcca7,outputs/cp0/eval/a25_sft_s4
a25_sft_s4,a25_sft,25,4,sft,8000,0,1,0,0.0,libero_goal,1383.397788286209,5bc1b3ae471a6650fc1d4e1a510b92a253ffcca7,outputs/cp0/eval/a25_sft_s4
a25_sft_s4,a25_sft,25,4,sft,8000,0,2,1,1.0,libero_goal,1383.397788286209,5bc1b3ae471a6650fc1d4e1a510b92a253ffcca7,outputs/cp0/eval/a25_sft_s4
a25_sft_s4,a25_sft,25,4,sft,8000,0,3,1,1.0,libero_goal,1383.397788286209,5bc1b3ae471a6650fc1d4e1a510b92a253ffcca7,outputs/cp0/eval/a25_sft_s4
a25_sft_s4,a25_sft,25,4,sft,8000,0,4,1,1.0,libero_goal,1383.397788286209,5bc1b3ae471a6650fc1d4e1a510b92a253ffcca7,outputs/cp0/eval/a25_sft_s4
a25_sft_s4,a25_sft,25,4,sft,8000,0,5,1,1.0,libero_goal,1383.397788286209,5bc1b3ae471a6650fc1d4e1a510b92a253ffcca7,outputs/cp0/eval/a25_sft_s4
a25_sft_s4,a25_sft,25,4,sft,8000,0,6,1,1.0,libero_goal,1383.397788286209,5bc1b3ae471a6650fc1d4e1a510b92a253ffcca7,outputs/cp0/eval/a25_sft_s4
a25_sft_s4,a25_sft,25,4,sft,8000,0,7,0,0.0,libero_goal,1383.397788286209,5bc1b3ae471a6650fc1d4e1a510b92a253ffcca7,outputs/cp0/eval/a25_sft_s4
a25_sft_s4,a25_sft,25,4,sft,8000,0,8,1,1.0,libero_goal,1383.397788286209,5bc1b3ae471a6650fc1d4e1a510b92a253ffcca7,outputs/cp0/eval/a25_sft_s4
a25_sft_s4,a25_sft,25,4,sft,8000,0,9,0,0.0,libero_goal,1383.397788286209,5bc1b3ae471a6650fc1d4e1a510b92a253ffcca7,outputs/cp0/eval/a25_sft_s4
a25_sft_s4,a25_sft,25,4,sft,8000,0,10,1,1.0,libero_goal,1383.397788286209,5bc1b3ae471a6650fc1d4e1a510b92a253ffcca7,outputs/cp0/eval/a25_sft_s4
a25_sft_s4,a25_sft,25,4,sft,8000,0,11,1,1.0,libero_goal,1383.397788286209,5bc1b3ae471a6650fc1d4e1a510b92a253ffcca7,outputs/cp0/eval/a25_sft_s4
a25_sft_s4,a25_sft,25,4,sft,8000,0,12,0,0.0,libero_goal,1383.397788286209,5bc1b3ae471a6650fc1d4e1a510b92a253ffcca7,outputs/cp0/eval/a25_sft_s4
a25_sft_s4,a25_sft,25,4,sft,8000,0,13,0,0.0,libero_goal,1383.397788286209,5bc1b3ae471a6650fc1d4e1a510b92a253ffcca7,outputs/cp0/eval/a25_sft_s4
a25_sft_s4,a25_sft,25,4,sft,8000,0,14,1,1.0,libero_goal,1383.397788286209,5bc1b3ae471a6650fc1d4e1a510b92a253ffcca7,outputs/cp0/eval/a25_sft_s4
a25_sft_s4,a25_sft,25,4,sft,8000,0,15,1,1.0,libero_goal,1383.397788286209,5bc1b3ae471a6650fc1d4e1a510b92a253ffcca7,outputs/cp0/eval/a25_sft_s4
a25_sft_s4,a25_sft,25,4,sft,8000,0,16,1,1.0,libero_goal,1383.397788286209,5bc1b3ae471a6650fc1d4e1a510b92a253ffcca7,outputs/cp0/eval/a25_sft_s4
a25_sft_s4,a25_sft,25,4,sft,8000,0,17,1,1.0,libero_goal,1383.397788286209,5bc1b3ae471a6650fc1d4e1a510b92a253ffcca7,outputs/cp0/eval/a25_sft_s4
a25_sft_s4,a25_sft,25,4,sft,8000,0,18,1,1.0,libero_goal,1383.397788286209,5bc1b3ae471a6650fc1d4e1a510b92a253ffcca7,outputs/cp0/eval/a25_sft_s4
a25_sft_s4,a25_sft,25,4,sft,8000,0,19,1,1.0,libero_goal,1383.397788286209,5bc1b3ae471a6650fc1d4e1a510b92a253ffcca7,outputs/cp0/eval/a25_sft_s4
a25_sft_s4,a25_sft,25,4,sft,8000,1,0,1,1.0,libero_goal,1383.397788286209,5bc1b3ae471a6650fc1d4e1a510b92a253ffcca7,outputs/cp0/eval/a25_sft_s4
a25_sft_s4,a25_sft,25,4,sft,8000,1,1,1,1.0,libero_goal,1383.397788286209,5bc1b3ae471a6650fc1d4e1a510b92a253ffcca7,outputs/cp0/eval/a25_sft_s4
a25_sft_s4,a25_sft,25,4,sft,8000,1,2,1,1.0,libero_goal,1383.397788286209,5bc1b3ae471a6650fc1d4e1a510b92a253ffcca7,outputs/cp0/eval/a25_sft_s4
a25_sft_s4,a25_sft,25,4,sft,8000,1,3,1,1.0,libero_goal,1383.397788286209,5bc1b3ae471a6650fc1d4e1a510b92a253ffcca7,outputs/cp0/eval/a25_sft_s4
a25_sft_s4,a25_sft,25,4,sft,8000,1,4,1,1.0,libero_goal,1383.397788286209,5bc1b3ae471a6650fc1d4e1a510b92a253ffcca7,outputs/cp0/eval/a25_sft_s4
a25_sft_s4,a25_sft,25,4,sft,8000,1,5,1,1.0,libero_goal,1383.397788286209,5bc1b3ae471a6650fc1d4e1a510b92a253ffcca7,outputs/cp0/eval/a25_sft_s4
a25_sft_s4,a25_sft,25,4,sft,8000,1,6,1,1.0,libero_goal,1383.397788286209,5bc1b3ae471a6650fc1d4e1a510b92a253ffcca7,outputs/cp0/eval/a25_sft_s4
a25_sft_s4,a25_sft,25,4,sft,8000,1,7,1,1.0,libero_goal,1383.397788286209,5bc1b3ae471a6650fc1d4e1a510b92a253ffcca7,outputs/cp0/eval/a25_sft_s4
a25_sft_s4,a25_sft,25,4,sft,8000,1,8,1,1.0,libero_goal,1383.397788286209,5bc1b3ae471a6650fc1d4e1a510b92a253ffcca7,outputs/cp0/eval/a25_sft_s4
a25_sft_s4,a25_sft,25,4,sft,8000,1,9,1,1.0,libero_goal,1383.397788286209,5bc1b3ae471a6650fc1d4e1a510b92a253ffcca7,outputs/cp0/eval/a25_sft_s4
a25_sft_s4,a25_sft,25,4,sft,8000,1,10,1,1.0,libero_goal,1383.397788286209,5bc1b3ae471a6650fc1d4e1a510b92a253ffcca7,outputs/cp0/eval/a25_sft_s4
a25_sft_s4,a25_sft,25,4,sft,8000,1,11,1,1.0,libero_goal,1383.397788286209,5bc1b3ae471a6650fc1d4e1a510b92a253ffcca7,outputs/cp0/eval/a25_sft_s4
a25_sft_s4,a25_sft,25,4,sft,8000,1,12,1,1.0,libero_goal,1383.397788286209,5bc1b3ae471a6650fc1d4e1a510b92a253ffcca7,outputs/cp0/eval/a25_sft_s4
a25_sft_s4,a25_sft,25,4,sft,8000,1,13,1,1.0,libero_goal,1383.397788286209,5bc1b3ae471a6650fc1d4e1a510b92a253ffcca7,outputs/cp0/eval/a25_sft_s4
a25_sft_s4,a25_sft,25,4,sft,8000,1,14,1,1.0,libero_goal,1383.397788286209,5bc1b3ae471a6650fc1d4e1a510b92a253ffcca7,outputs/cp0/eval/a25_sft_s4
a25_sft_s4,a25_sft,25,4,sft,8000,1,15,0,0.0,libero_goal,1383.397788286209,5bc1b3ae471a6650fc1d4e1a510b92a253ffcca7,outputs/cp0/eval/a25_sft_s4
a25_sft_s4,a25_sft,25,4,sft,8000,1,16,1,1.0,libero_goal,1383.397788286209,5bc1b3ae471a6650fc1d4e1a510b92a253ffcca7,outputs/cp0/eval/a25_sft_s4
a25_sft_s4,a25_sft,25,4,sft,8000,1,17,1,1.0,libero_goal,1383.397788286209,5bc1b3ae471a6650fc1d4e1a510b92a253ffcca7,outputs/cp0/eval/a25_sft_s4
a25_sft_s4,a25_sft,25,4,sft,8000,1,18,1,1.0,libero_goal,1383.397788286209,5bc1b3ae471a6650fc1d4e1a510b92a253ffcca7,outputs/cp0/eval/a25_sft_s4
a25_sft_s4,a25_sft,25,4,sft,8000,1,19,1,1.0,libero_goal,1383.397788286209,5bc1b3ae471a6650fc1d4e1a510b92a253ffcca7,outputs/cp0/eval/a25_sft_s4
a25_sft_s4,a25_sft,25,4,sft,8000,2,0,1,1.0,libero_goal,1383.397788286209,5bc1b3ae471a6650fc1d4e1a510b92a253ffcca7,outputs/cp0/eval/a25_sft_s4
a25_sft_s4,a25_sft,25,4,sft,8000,2,1,1,1.0,libero_goal,1383.397788286209,5bc1b3ae471a6650fc1d4e1a510b92a253ffcca7,outputs/cp0/eval/a25_sft_s4
a25_sft_s4,a25_sft,25,4,sft,8000,2,2,1,1.0,libero_goal,1383.397788286209,5bc1b3ae471a6650fc1d4e1a510b92a253ffcca7,outputs/cp0/eval/a25_sft_s4
a25_sft_s4,a25_sft,25,4,sft,8000,2,3,1,1.0,libero_goal,1383.397788286209,5bc1b3ae471a6650fc1d4e1a510b92a253ffcca7,outputs/cp0/eval/a25_sft_s4
a25_sft_s4,a25_sft,25,4,sft,8000,2,4,1,1.0,libero_goal,1383.397788286209,5bc1b3ae471a6650fc1d4e1a510b92a253ffcca7,outputs/cp0/eval/a25_sft_s4
a25_sft_s4,a25_sft,25,4,sft,8000,2,5,1,1.0,libero_goal,1383.397788286209,5bc1b3ae471a6650fc1d4e1a510b92a253ffcca7,outputs/cp0/eval/a25_sft_s4
a25_sft_s4,a25_sft,25,4,sft,8000,2,6,1,1.0,libero_goal,1383.397788286209,5bc1b3ae471a6650fc1d4e1a510b92a253ffcca7,outputs/cp0/eval/a25_sft_s4
a25_sft_s4,a25_sft,25,4,sft,8000,2,7,1,1.0,libero_goal,1383.397788286209,5bc1b3ae471a6650fc1d4e1a510b92a253ffcca7,outputs/cp0/eval/a25_sft_s4
a25_sft_s4,a25_sft,25,4,sft,8000,2,8,1,1.0,libero_goal,1383.397788286209,5bc1b3ae471a6650fc1d4e1a510b92a253ffcca7,outputs/cp0/eval/a25_sft_s4
a25_sft_s4,a25_sft,25,4,sft,8000,2,9,1,1.0,libero_goal,1383.397788286209,5bc1b3ae471a6650fc1d4e1a510b92a253ffcca7,outputs/cp0/eval/a25_sft_s4
a25_sft_s4,a25_sft,25,4,sft,8000,2,10,1,1.0,libero_goal,1383.397788286209,5bc1b3ae471a6650fc1d4e1a510b92a253ffcca7,outputs/cp0/eval/a25_sft_s4
a25_sft_s4,a25_sft,25,4,sft,8000,2,11,1,1.0,libero_goal,1383.397788286209,5bc1b3ae471a6650fc1d4e1a510b92a253ffcca7,outputs/cp0/eval/a25_sft_s4
a25_sft_s4,a25_sft,25,4,sft,8000,2,12,1,1.0,libero_goal,1383.397788286209,5bc1b3ae471a6650fc1d4e1a510b92a253ffcca7,outputs/cp0/eval/a25_sft_s4
a25_sft_s4,a25_sft,25,4,sft,8000,2,13,1,1.0,libero_goal,1383.397788286209,5bc1b3ae471a6650fc1d4e1a510b92a253ffcca7,outputs/cp0/eval/a25_sft_s4
a25_sft_s4,a25_sft,25,4,sft,8000,2,14,1,1.0,libero_goal,1383.397788286209,5bc1b3ae471a6650fc1d4e1a510b92a253ffcca7,outputs/cp0/eval/a25_sft_s4
a25_sft_s4,a25_sft,25,4,sft,8000,2,15,1,1.0,libero_goal,1383.397788286209,5bc1b3ae471a6650fc1d4e1a510b92a253ffcca7,outputs/cp0/eval/a25_sft_s4
a25_sft_s4,a25_sft,25,4,sft,8000,2,16,1,1.0,libero_goal,1383.397788286209,5bc1b3ae471a6650fc1d4e1a510b92a253ffcca7,outputs/cp0/eval/a25_sft_s4
a25_sft_s4,a25_sft,25,4,sft,8000,2,17,0,0.0,libero_goal,1383.397788286209,5bc1b3ae471a6650fc1d4e1a510b92a253ffcca7,outputs/cp0/eval/a25_sft_s4
a25_sft_s4,a25_sft,25,4,sft,8000,2,18,1,1.0,libero_goal,1383.397788286209,5bc1b3ae471a6650fc1d4e1a510b92a253ffcca7,outputs/cp0/eval/a25_sft_s4
a25_sft_s4,a25_sft,25,4,sft,8000,2,19,1,1.0,libero_goal,1383.397788286209,5bc1b3ae471a6650fc1d4e1a510b92a253ffcca7,outputs/cp0/eval/a25_sft_s4
a25_sft_s4,a25_sft,25,4,sft,8000,3,0,1,1.0,libero_goal,1383.397788286209,5bc1b3ae471a6650fc1d4e1a510b92a253ffcca7,outputs/cp0/eval/a25_sft_s4
a25_sft_s4,a25_sft,25,4,sft,8000,3,1,1,1.0,libero_goal,1383.397788286209,5bc1b3ae471a6650fc1d4e1a510b92a253ffcca7,outputs/cp0/eval/a25_sft_s4
a25_sft_s4,a25_sft,25,4,sft,8000,3,2,0,0.0,libero_goal,1383.397788286209,5bc1b3ae471a6650fc1d4e1a510b92a253ffcca7,outputs/cp0/eval/a25_sft_s4
a25_sft_s4,a25_sft,25,4,sft,8000,3,3,1,1.0,libero_goal,1383.397788286209,5bc1b3ae471a6650fc1d4e1a510b92a253ffcca7,outputs/cp0/eval/a25_sft_s4
a25_sft_s4,a25_sft,25,4,sft,8000,3,4,0,0.0,libero_goal,1383.397788286209,5bc1b3ae471a6650fc1d4e1a510b92a253ffcca7,outputs/cp0/eval/a25_sft_s4
a25_sft_s4,a25_sft,25,4,sft,8000,3,5,1,1.0,libero_goal,1383.397788286209,5bc1b3ae471a6650fc1d4e1a510b92a253ffcca7,outputs/cp0/eval/a25_sft_s4
a25_sft_s4,a25_sft,25,4,sft,8000,3,6,1,1.0,libero_goal,1383.397788286209,5bc1b3ae471a6650fc1d4e1a510b92a253ffcca7,outputs/cp0/eval/a25_sft_s4
a25_sft_s4,a25_sft,25,4,sft,8000,3,7,0,0.0,libero_goal,1383.397788286209,5bc1b3ae471a6650fc1d4e1a510b92a253ffcca7,outputs/cp0/eval/a25_sft_s4
a25_sft_s4,a25_sft,25,4,sft,8000,3,8,0,0.0,libero_goal,1383.397788286209,5bc1b3ae471a6650fc1d4e1a510b92a253ffcca7,outputs/cp0/eval/a25_sft_s4
a25_sft_s4,a25_sft,25,4,sft,8000,3,9,1,1.0,libero_goal,1383.397788286209,5bc1b3ae471a6650fc1d4e1a510b92a253ffcca7,outputs/cp0/eval/a25_sft_s4
a25_sft_s4,a25_sft,25,4,sft,8000,3,10,0,0.0,libero_goal,1383.397788286209,5bc1b3ae471a6650fc1d4e1a510b92a253ffcca7,outputs/cp0/eval/a25_sft_s4
a25_sft_s4,a25_sft,25,4,sft,8000,3,11,1,1.0,libero_goal,1383.397788286209,5bc1b3ae471a6650fc1d4e1a510b92a253ffcca7,outputs/cp0/eval/a25_sft_s4
a25_sft_s4,a25_sft,25,4,sft,8000,3,12,1,1.0,libero_goal,1383.397788286209,5bc1b3ae471a6650fc1d4e1a510b92a253ffcca7,outputs/cp0/eval/a25_sft_s4
a25_sft_s4,a25_sft,25,4,sft,8000,3,13,1,1.0,libero_goal,1383.397788286209,5bc1b3ae471a6650fc1d4e1a510b92a253ffcca7,outputs/cp0/eval/a25_sft_s4
a25_sft_s4,a25_sft,25,4,sft,8000,3,14,1,1.0,libero_goal,1383.397788286209,5bc1b3ae471a6650fc1d4e1a510b92a253ffcca7,outputs/cp0/eval/a25_sft_s4
a25_sft_s4,a25_sft,25,4,sft,8000,3,15,1,1.0,libero_goal,1383.397788286209,5bc1b3ae471a6650fc1d4e1a510b92a253ffcca7,outputs/cp0/eval/a25_sft_s4
a25_sft_s4,a25_sft,25,4,sft,8000,3,16,1,1.0,libero_goal,1383.397788286209,5bc1b3ae471a6650fc1d4e1a510b92a253ffcca7,outputs/cp0/eval/a25_sft_s4
a25_sft_s4,a25_sft,25,4,sft,8000,3,17,1,1.0,libero_goal,1383.397788286209,5bc1b3ae471a6650fc1d4e1a510b92a253ffcca7,outputs/cp0/eval/a25_sft_s4
a25_sft_s4,a25_sft,25,4,sft,8000,3,18,0,0.0,libero_goal,1383.397788286209,5bc1b3ae471a6650fc1d4e1a510b92a253ffcca7,outputs/cp0/eval/a25_sft_s4
a25_sft_s4,a25_sft,25,4,sft,8000,3,19,0,0.0,libero_goal,1383.397788286209,5bc1b3ae471a6650fc1d4e1a510b92a253ffcca7,outputs/cp0/eval/a25_sft_s4
a25_sft_s4,a25_sft,25,4,sft,8000,4,0,1,1.0,libero_goal,1383.397788286209,5bc1b3ae471a6650fc1d4e1a510b92a253ffcca7,outputs/cp0/eval/a25_sft_s4
a25_sft_s4,a25_sft,25,4,sft,8000,4,1,1,1.0,libero_goal,1383.397788286209,5bc1b3ae471a6650fc1d4e1a510b92a253ffcca7,outputs/cp0/eval/a25_sft_s4
a25_sft_s4,a25_sft,25,4,sft,8000,4,2,1,1.0,libero_goal,1383.397788286209,5bc1b3ae471a6650fc1d4e1a510b92a253ffcca7,outputs/cp0/eval/a25_sft_s4
a25_sft_s4,a25_sft,25,4,sft,8000,4,3,1,1.0,libero_goal,1383.397788286209,5bc1b3ae471a6650fc1d4e1a510b92a253ffcca7,outputs/cp0/eval/a25_sft_s4
a25_sft_s4,a25_sft,25,4,sft,8000,4,4,1,1.0,libero_goal,1383.397788286209,5bc1b3ae471a6650fc1d4e1a510b92a253ffcca7,outputs/cp0/eval/a25_sft_s4
a25_sft_s4,a25_sft,25,4,sft,8000,4,5,1,1.0,libero_goal,1383.397788286209,5bc1b3ae471a6650fc1d4e1a510b92a253ffcca7,outputs/cp0/eval/a25_sft_s4
a25_sft_s4,a25_sft,25,4,sft,8000,4,6,1,1.0,libero_goal,1383.397788286209,5bc1b3ae471a6650fc1d4e1a510b92a253ffcca7,outputs/cp0/eval/a25_sft_s4
a25_sft_s4,a25_sft,25,4,sft,8000,4,7,1,1.0,libero_goal,1383.397788286209,5bc1b3ae471a6650fc1d4e1a510b92a253ffcca7,outputs/cp0/eval/a25_sft_s4
a25_sft_s4,a25_sft,25,4,sft,8000,4,8,1,1.0,libero_goal,1383.397788286209,5bc1b3ae471a6650fc1d4e1a510b92a253ffcca7,outputs/cp0/eval/a25_sft_s4
a25_sft_s4,a25_sft,25,4,sft,8000,4,9,1,1.0,libero_goal,1383.397788286209,5bc1b3ae471a6650fc1d4e1a510b92a253ffcca7,outputs/cp0/eval/a25_sft_s4
a25_sft_s4,a25_sft,25,4,sft,8000,4,10,1,1.0,libero_goal,1383.397788286209,5bc1b3ae471a6650fc1d4e1a510b92a253ffcca7,outputs/cp0/eval/a25_sft_s4
a25_sft_s4,a25_sft,25,4,sft,8000,4,11,1,1.0,libero_goal,1383.397788286209,5bc1b3ae471a6650fc1d4e1a510b92a253ffcca7,outputs/cp0/eval/a25_sft_s4
a25_sft_s4,a25_sft,25,4,sft,8000,4,12,1,1.0,libero_goal,1383.397788286209,5bc1b3ae471a6650fc1d4e1a510b92a253ffcca7,outputs/cp0/eval/a25_sft_s4
a25_sft_s4,a25_sft,25,4,sft,8000,4,13,1,1.0,libero_goal,1383.397788286209,5bc1b3ae471a6650fc1d4e1a510b92a253ffcca7,outputs/cp0/eval/a25_sft_s4
a25_sft_s4,a25_sft,25,4,sft,8000,4,14,1,1.0,libero_goal,1383.397788286209,5bc1b3ae471a6650fc1d4e1a510b92a253ffcca7,outputs/cp0/eval/a25_sft_s4
a25_sft_s4,a25_sft,25,4,sft,8000,4,15,1,1.0,libero_goal,1383.397788286209,5bc1b3ae471a6650fc1d4e1a510b92a253ffcca7,outputs/cp0/eval/a25_sft_s4
a25_sft_s4,a25_sft,25,4,sft,8000,4,16,1,1.0,libero_goal,1383.397788286209,5bc1b3ae471a6650fc1d4e1a510b92a253ffcca7,outputs/cp0/eval/a25_sft_s4
a25_sft_s4,a25_sft,25,4,sft,8000,4,17,1,1.0,libero_goal,1383.397788286209,5bc1b3ae471a6650fc1d4e1a510b92a253ffcca7,outputs/cp0/eval/a25_sft_s4
a25_sft_s4,a25_sft,25,4,sft,8000,4,18,1,1.0,libero_goal,1383.397788286209,5bc1b3ae471a6650fc1d4e1a510b92a253ffcca7,outputs/cp0/eval/a25_sft_s4
a25_sft_s4,a25_sft,25,4,sft,8000,4,19,1,1.0,libero_goal,1383.397788286209,5bc1b3ae471a6650fc1d4e1a510b92a253ffcca7,outputs/cp0/eval/a25_sft_s4
a25_sft_s4,a25_sft,25,4,sft,8000,5,0,1,1.0,libero_goal,1383.397788286209,5bc1b3ae471a6650fc1d4e1a510b92a253ffcca7,outputs/cp0/eval/a25_sft_s4
a25_sft_s4,a25_sft,25,4,sft,8000,5,1,0,0.0,libero_goal,1383.397788286209,5bc1b3ae471a6650fc1d4e1a510b92a253ffcca7,outputs/cp0/eval/a25_sft_s4
a25_sft_s4,a25_sft,25,4,sft,8000,5,2,1,1.0,libero_goal,1383.397788286209,5bc1b3ae471a6650fc1d4e1a510b92a253ffcca7,outputs/cp0/eval/a25_sft_s4
a25_sft_s4,a25_sft,25,4,sft,8000,5,3,1,1.0,libero_goal,1383.397788286209,5bc1b3ae471a6650fc1d4e1a510b92a253ffcca7,outputs/cp0/eval/a25_sft_s4
a25_sft_s4,a25_sft,25,4,sft,8000,5,4,1,1.0,libero_goal,1383.397788286209,5bc1b3ae471a6650fc1d4e1a510b92a253ffcca7,outputs/cp0/eval/a25_sft_s4
a25_sft_s4,a25_sft,25,4,sft,8000,5,5,0,0.0,libero_goal,1383.397788286209,5bc1b3ae471a6650fc1d4e1a510b92a253ffcca7,outputs/cp0/eval/a25_sft_s4
a25_sft_s4,a25_sft,25,4,sft,8000,5,6,1,1.0,libero_goal,1383.397788286209,5bc1b3ae471a6650fc1d4e1a510b92a253ffcca7,outputs/cp0/eval/a25_sft_s4
a25_sft_s4,a25_sft,25,4,sft,8000,5,7,1,1.0,libero_goal,1383.397788286209,5bc1b3ae471a6650fc1d4e1a510b92a253ffcca7,outputs/cp0/eval/a25_sft_s4
a25_sft_s4,a25_sft,25,4,sft,8000,5,8,0,0.0,libero_goal,1383.397788286209,5bc1b3ae471a6650fc1d4e1a510b92a253ffcca7,outputs/cp0/eval/a25_sft_s4
a25_sft_s4,a25_sft,25,4,sft,8000,5,9,0,0.0,libero_goal,1383.397788286209,5bc1b3ae471a6650fc1d4e1a510b92a253ffcca7,outputs/cp0/eval/a25_sft_s4
a25_sft_s4,a25_sft,25,4,sft,8000,5,10,1,1.0,libero_goal,1383.397788286209,5bc1b3ae471a6650fc1d4e1a510b92a253ffcca7,outputs/cp0/eval/a25_sft_s4
a25_sft_s4,a25_sft,25,4,sft,8000,5,11,1,1.0,libero_goal,1383.397788286209,5bc1b3ae471a6650fc1d4e1a510b92a253ffcca7,outputs/cp0/eval/a25_sft_s4
a25_sft_s4,a25_sft,25,4,sft,8000,5,12,1,1.0,libero_goal,1383.397788286209,5bc1b3ae471a6650fc1d4e1a510b92a253ffcca7,outputs/cp0/eval/a25_sft_s4
a25_sft_s4,a25_sft,25,4,sft,8000,5,13,1,1.0,libero_goal,1383.397788286209,5bc1b3ae471a6650fc1d4e1a510b92a253ffcca7,outputs/cp0/eval/a25_sft_s4
a25_sft_s4,a25_sft,25,4,sft,8000,5,14,1,1.0,libero_goal,1383.397788286209,5bc1b3ae471a6650fc1d4e1a510b92a253ffcca7,outputs/cp0/eval/a25_sft_s4
a25_sft_s4,a25_sft,25,4,sft,8000,5,15,0,0.0,libero_goal,1383.397788286209,5bc1b3ae471a6650fc1d4e1a510b92a253ffcca7,outputs/cp0/eval/a25_sft_s4
a25_sft_s4,a25_sft,25,4,sft,8000,5,16,1,1.0,libero_goal,1383.397788286209,5bc1b3ae471a6650fc1d4e1a510b92a253ffcca7,outputs/cp0/eval/a25_sft_s4
a25_sft_s4,a25_sft,25,4,sft,8000,5,17,1,1.0,libero_goal,1383.397788286209,5bc1b3ae471a6650fc1d4e1a510b92a253ffcca7,outputs/cp0/eval/a25_sft_s4
a25_sft_s4,a25_sft,25,4,sft,8000,5,18,1,1.0,libero_goal,1383.397788286209,5bc1b3ae471a6650fc1d4e1a510b92a253ffcca7,outputs/cp0/eval/a25_sft_s4
a25_sft_s4,a25_sft,25,4,sft,8000,5,19,0,0.0,libero_goal,1383.397788286209,5bc1b3ae471a6650fc1d4e1a510b92a253ffcca7,outputs/cp0/eval/a25_sft_s4
a25_sft_s4,a25_sft,25,4,sft,8000,6,0,1,1.0,libero_goal,1383.397788286209,5bc1b3ae471a6650fc1d4e1a510b92a253ffcca7,outputs/cp0/eval/a25_sft_s4
a25_sft_s4,a25_sft,25,4,sft,8000,6,1,1,1.0,libero_goal,1383.397788286209,5bc1b3ae471a6650fc1d4e1a510b92a253ffcca7,outputs/cp0/eval/a25_sft_s4
a25_sft_s4,a25_sft,25,4,sft,8000,6,2,1,1.0,libero_goal,1383.397788286209,5bc1b3ae471a6650fc1d4e1a510b92a253ffcca7,outputs/cp0/eval/a25_sft_s4
a25_sft_s4,a25_sft,25,4,sft,8000,6,3,1,1.0,libero_goal,1383.397788286209,5bc1b3ae471a6650fc1d4e1a510b92a253ffcca7,outputs/cp0/eval/a25_sft_s4
a25_sft_s4,a25_sft,25,4,sft,8000,6,4,1,1.0,libero_goal,1383.397788286209,5bc1b3ae471a6650fc1d4e1a510b92a253ffcca7,outputs/cp0/eval/a25_sft_s4
a25_sft_s4,a25_sft,25,4,sft,8000,6,5,1,1.0,libero_goal,1383.397788286209,5bc1b3ae471a6650fc1d4e1a510b92a253ffcca7,outputs/cp0/eval/a25_sft_s4
a25_sft_s4,a25_sft,25,4,sft,8000,6,6,1,1.0,libero_goal,1383.397788286209,5bc1b3ae471a6650fc1d4e1a510b92a253ffcca7,outputs/cp0/eval/a25_sft_s4
a25_sft_s4,a25_sft,25,4,sft,8000,6,7,1,1.0,libero_goal,1383.397788286209,5bc1b3ae471a6650fc1d4e1a510b92a253ffcca7,outputs/cp0/eval/a25_sft_s4
a25_sft_s4,a25_sft,25,4,sft,8000,6,8,1,1.0,libero_goal,1383.397788286209,5bc1b3ae471a6650fc1d4e1a510b92a253ffcca7,outputs/cp0/eval/a25_sft_s4
a25_sft_s4,a25_sft,25,4,sft,8000,6,9,1,1.0,libero_goal,1383.397788286209,5bc1b3ae471a6650fc1d4e1a510b92a253ffcca7,outputs/cp0/eval/a25_sft_s4
a25_sft_s4,a25_sft,25,4,sft,8000,6,10,1,1.0,libero_goal,1383.397788286209,5bc1b3ae471a6650fc1d4e1a510b92a253ffcca7,outputs/cp0/eval/a25_sft_s4
a25_sft_s4,a25_sft,25,4,sft,8000,6,11,1,1.0,libero_goal,1383.397788286209,5bc1b3ae471a6650fc1d4e1a510b92a253ffcca7,outputs/cp0/eval/a25_sft_s4
a25_sft_s4,a25_sft,25,4,sft,8000,6,12,1,1.0,libero_goal,1383.397788286209,5bc1b3ae471a6650fc1d4e1a510b92a253ffcca7,outputs/cp0/eval/a25_sft_s4
a25_sft_s4,a25_sft,25,4,sft,8000,6,13,1,1.0,libero_goal,1383.397788286209,5bc1b3ae471a6650fc1d4e1a510b92a253ffcca7,outputs/cp0/eval/a25_sft_s4
a25_sft_s4,a25_sft,25,4,sft,8000,6,14,1,1.0,libero_goal,1383.397788286209,5bc1b3ae471a6650fc1d4e1a510b92a253ffcca7,outputs/cp0/eval/a25_sft_s4
a25_sft_s4,a25_sft,25,4,sft,8000,6,15,1,1.0,libero_goal,1383.397788286209,5bc1b3ae471a6650fc1d4e1a510b92a253ffcca7,outputs/cp0/eval/a25_sft_s4
a25_sft_s4,a25_sft,25,4,sft,8000,6,16,1,1.0,libero_goal,1383.397788286209,5bc1b3ae471a6650fc1d4e1a510b92a253ffcca7,outputs/cp0/eval/a25_sft_s4
a25_sft_s4,a25_sft,25,4,sft,8000,6,17,1,1.0,libero_goal,1383.397788286209,5bc1b3ae471a6650fc1d4e1a510b92a253ffcca7,outputs/cp0/eval/a25_sft_s4
a25_sft_s4,a25_sft,25,4,sft,8000,6,18,1,1.0,libero_goal,1383.397788286209,5bc1b3ae471a6650fc1d4e1a510b92a253ffcca7,outputs/cp0/eval/a25_sft_s4
a25_sft_s4,a25_sft,25,4,sft,8000,6,19,0,0.0,libero_goal,1383.397788286209,5bc1b3ae471a6650fc1d4e1a510b92a253ffcca7,outputs/cp0/eval/a25_sft_s4
a25_sft_s4,a25_sft,25,4,sft,8000,7,0,1,1.0,libero_goal,1383.397788286209,5bc1b3ae471a6650fc1d4e1a510b92a253ffcca7,outputs/cp0/eval/a25_sft_s4
a25_sft_s4,a25_sft,25,4,sft,8000,7,1,1,1.0,libero_goal,1383.397788286209,5bc1b3ae471a6650fc1d4e1a510b92a253ffcca7,outputs/cp0/eval/a25_sft_s4
a25_sft_s4,a25_sft,25,4,sft,8000,7,2,1,1.0,libero_goal,1383.397788286209,5bc1b3ae471a6650fc1d4e1a510b92a253ffcca7,outputs/cp0/eval/a25_sft_s4
a25_sft_s4,a25_sft,25,4,sft,8000,7,3,1,1.0,libero_goal,1383.397788286209,5bc1b3ae471a6650fc1d4e1a510b92a253ffcca7,outputs/cp0/eval/a25_sft_s4
a25_sft_s4,a25_sft,25,4,sft,8000,7,4,1,1.0,libero_goal,1383.397788286209,5bc1b3ae471a6650fc1d4e1a510b92a253ffcca7,outputs/cp0/eval/a25_sft_s4
a25_sft_s4,a25_sft,25,4,sft,8000,7,5,1,1.0,libero_goal,1383.397788286209,5bc1b3ae471a6650fc1d4e1a510b92a253ffcca7,outputs/cp0/eval/a25_sft_s4
a25_sft_s4,a25_sft,25,4,sft,8000,7,6,1,1.0,libero_goal,1383.397788286209,5bc1b3ae471a6650fc1d4e1a510b92a253ffcca7,outputs/cp0/eval/a25_sft_s4
a25_sft_s4,a25_sft,25,4,sft,8000,7,7,1,1.0,libero_goal,1383.397788286209,5bc1b3ae471a6650fc1d4e1a510b92a253ffcca7,outputs/cp0/eval/a25_sft_s4
a25_sft_s4,a25_sft,25,4,sft,8000,7,8,1,1.0,libero_goal,1383.397788286209,5bc1b3ae471a6650fc1d4e1a510b92a253ffcca7,outputs/cp0/eval/a25_sft_s4
a25_sft_s4,a25_sft,25,4,sft,8000,7,9,1,1.0,libero_goal,1383.397788286209,5bc1b3ae471a6650fc1d4e1a510b92a253ffcca7,outputs/cp0/eval/a25_sft_s4
a25_sft_s4,a25_sft,25,4,sft,8000,7,10,1,1.0,libero_goal,1383.397788286209,5bc1b3ae471a6650fc1d4e1a510b92a253ffcca7,outputs/cp0/eval/a25_sft_s4
a25_sft_s4,a25_sft,25,4,sft,8000,7,11,1,1.0,libero_goal,1383.397788286209,5bc1b3ae471a6650fc1d4e1a510b92a253ffcca7,outputs/cp0/eval/a25_sft_s4
a25_sft_s4,a25_sft,25,4,sft,8000,7,12,1,1.0,libero_goal,1383.397788286209,5bc1b3ae471a6650fc1d4e1a510b92a253ffcca7,outputs/cp0/eval/a25_sft_s4
a25_sft_s4,a25_sft,25,4,sft,8000,7,13,1,1.0,libero_goal,1383.397788286209,5bc1b3ae471a6650fc1d4e1a510b92a253ffcca7,outputs/cp0/eval/a25_sft_s4
a25_sft_s4,a25_sft,25,4,sft,8000,7,14,1,1.0,libero_goal,1383.397788286209,5bc1b3ae471a6650fc1d4e1a510b92a253ffcca7,outputs/cp0/eval/a25_sft_s4
a25_sft_s4,a25_sft,25,4,sft,8000,7,15,1,1.0,libero_goal,1383.397788286209,5bc1b3ae471a6650fc1d4e1a510b92a253ffcca7,outputs/cp0/eval/a25_sft_s4
a25_sft_s4,a25_sft,25,4,sft,8000,7,16,1,1.0,libero_goal,1383.397788286209,5bc1b3ae471a6650fc1d4e1a510b92a253ffcca7,outputs/cp0/eval/a25_sft_s4
a25_sft_s4,a25_sft,25,4,sft,8000,7,17,1,1.0,libero_goal,1383.397788286209,5bc1b3ae471a6650fc1d4e1a510b92a253ffcca7,outputs/cp0/eval/a25_sft_s4
a25_sft_s4,a25_sft,25,4,sft,8000,7,18,1,1.0,libero_goal,1383.397788286209,5bc1b3ae471a6650fc1d4e1a510b92a253ffcca7,outputs/cp0/eval/a25_sft_s4
a25_sft_s4,a25_sft,25,4,sft,8000,7,19,1,1.0,libero_goal,1383.397788286209,5bc1b3ae471a6650fc1d4e1a510b92a253ffcca7,outputs/cp0/eval/a25_sft_s4
a25_sft_s4,a25_sft,25,4,sft,8000,8,0,1,1.0,libero_goal,1383.397788286209,5bc1b3ae471a6650fc1d4e1a510b92a253ffcca7,outputs/cp0/eval/a25_sft_s4
a25_sft_s4,a25_sft,25,4,sft,8000,8,1,1,1.0,libero_goal,1383.397788286209,5bc1b3ae471a6650fc1d4e1a510b92a253ffcca7,outputs/cp0/eval/a25_sft_s4
a25_sft_s4,a25_sft,25,4,sft,8000,8,2,1,1.0,libero_goal,1383.397788286209,5bc1b3ae471a6650fc1d4e1a510b92a253ffcca7,outputs/cp0/eval/a25_sft_s4
a25_sft_s4,a25_sft,25,4,sft,8000,8,3,1,1.0,libero_goal,1383.397788286209,5bc1b3ae471a6650fc1d4e1a510b92a253ffcca7,outputs/cp0/eval/a25_sft_s4
a25_sft_s4,a25_sft,25,4,sft,8000,8,4,1,1.0,libero_goal,1383.397788286209,5bc1b3ae471a6650fc1d4e1a510b92a253ffcca7,outputs/cp0/eval/a25_sft_s4
a25_sft_s4,a25_sft,25,4,sft,8000,8,5,1,1.0,libero_goal,1383.397788286209,5bc1b3ae471a6650fc1d4e1a510b92a253ffcca7,outputs/cp0/eval/a25_sft_s4
a25_sft_s4,a25_sft,25,4,sft,8000,8,6,1,1.0,libero_goal,1383.397788286209,5bc1b3ae471a6650fc1d4e1a510b92a253ffcca7,outputs/cp0/eval/a25_sft_s4
a25_sft_s4,a25_sft,25,4,sft,8000,8,7,1,1.0,libero_goal,1383.397788286209,5bc1b3ae471a6650fc1d4e1a510b92a253ffcca7,outputs/cp0/eval/a25_sft_s4
a25_sft_s4,a25_sft,25,4,sft,8000,8,8,1,1.0,libero_goal,1383.397788286209,5bc1b3ae471a6650fc1d4e1a510b92a253ffcca7,outputs/cp0/eval/a25_sft_s4
a25_sft_s4,a25_sft,25,4,sft,8000,8,9,1,1.0,libero_goal,1383.397788286209,5bc1b3ae471a6650fc1d4e1a510b92a253ffcca7,outputs/cp0/eval/a25_sft_s4
a25_sft_s4,a25_sft,25,4,sft,8000,8,10,1,1.0,libero_goal,1383.397788286209,5bc1b3ae471a6650fc1d4e1a510b92a253ffcca7,outputs/cp0/eval/a25_sft_s4
a25_sft_s4,a25_sft,25,4,sft,8000,8,11,1,1.0,libero_goal,1383.397788286209,5bc1b3ae471a6650fc1d4e1a510b92a253ffcca7,outputs/cp0/eval/a25_sft_s4
a25_sft_s4,a25_sft,25,4,sft,8000,8,12,1,1.0,libero_goal,1383.397788286209,5bc1b3ae471a6650fc1d4e1a510b92a253ffcca7,outputs/cp0/eval/a25_sft_s4
a25_sft_s4,a25_sft,25,4,sft,8000,8,13,1,1.0,libero_goal,1383.397788286209,5bc1b3ae471a6650fc1d4e1a510b92a253ffcca7,outputs/cp0/eval/a25_sft_s4
a25_sft_s4,a25_sft,25,4,sft,8000,8,14,1,1.0,libero_goal,1383.397788286209,5bc1b3ae471a6650fc1d4e1a510b92a253ffcca7,outputs/cp0/eval/a25_sft_s4
a25_sft_s4,a25_sft,25,4,sft,8000,8,15,1,1.0,libero_goal,1383.397788286209,5bc1b3ae471a6650fc1d4e1a510b92a253ffcca7,outputs/cp0/eval/a25_sft_s4
a25_sft_s4,a25_sft,25,4,sft,8000,8,16,0,0.0,libero_goal,1383.397788286209,5bc1b3ae471a6650fc1d4e1a510b92a253ffcca7,outputs/cp0/eval/a25_sft_s4
a25_sft_s4,a25_sft,25,4,sft,8000,8,17,1,1.0,libero_goal,1383.397788286209,5bc1b3ae471a6650fc1d4e1a510b92a253ffcca7,outputs/cp0/eval/a25_sft_s4
a25_sft_s4,a25_sft,25,4,sft,8000,8,18,1,1.0,libero_goal,1383.397788286209,5bc1b3ae471a6650fc1d4e1a510b92a253ffcca7,outputs/cp0/eval/a25_sft_s4
a25_sft_s4,a25_sft,25,4,sft,8000,8,19,1,1.0,libero_goal,1383.397788286209,5bc1b3ae471a6650fc1d4e1a510b92a253ffcca7,outputs/cp0/eval/a25_sft_s4
a25_sft_s4,a25_sft,25,4,sft,8000,9,0,1,1.0,libero_goal,1383.397788286209,5bc1b3ae471a6650fc1d4e1a510b92a253ffcca7,outputs/cp0/eval/a25_sft_s4
a25_sft_s4,a25_sft,25,4,sft,8000,9,1,1,1.0,libero_goal,1383.397788286209,5bc1b3ae471a6650fc1d4e1a510b92a253ffcca7,outputs/cp0/eval/a25_sft_s4
a25_sft_s4,a25_sft,25,4,sft,8000,9,2,0,0.0,libero_goal,1383.397788286209,5bc1b3ae471a6650fc1d4e1a510b92a253ffcca7,outputs/cp0/eval/a25_sft_s4
a25_sft_s4,a25_sft,25,4,sft,8000,9,3,1,1.0,libero_goal,1383.397788286209,5bc1b3ae471a6650fc1d4e1a510b92a253ffcca7,outputs/cp0/eval/a25_sft_s4
a25_sft_s4,a25_sft,25,4,sft,8000,9,4,0,0.0,libero_goal,1383.397788286209,5bc1b3ae471a6650fc1d4e1a510b92a253ffcca7,outputs/cp0/eval/a25_sft_s4
a25_sft_s4,a25_sft,25,4,sft,8000,9,5,1,1.0,libero_goal,1383.397788286209,5bc1b3ae471a6650fc1d4e1a510b92a253ffcca7,outputs/cp0/eval/a25_sft_s4
a25_sft_s4,a25_sft,25,4,sft,8000,9,6,0,0.0,libero_goal,1383.397788286209,5bc1b3ae471a6650fc1d4e1a510b92a253ffcca7,outputs/cp0/eval/a25_sft_s4
a25_sft_s4,a25_sft,25,4,sft,8000,9,7,1,1.0,libero_goal,1383.397788286209,5bc1b3ae471a6650fc1d4e1a510b92a253ffcca7,outputs/cp0/eval/a25_sft_s4
a25_sft_s4,a25_sft,25,4,sft,8000,9,8,0,0.0,libero_goal,1383.397788286209,5bc1b3ae471a6650fc1d4e1a510b92a253ffcca7,outputs/cp0/eval/a25_sft_s4
a25_sft_s4,a25_sft,25,4,sft,8000,9,9,1,1.0,libero_goal,1383.397788286209,5bc1b3ae471a6650fc1d4e1a510b92a253ffcca7,outputs/cp0/eval/a25_sft_s4
a25_sft_s4,a25_sft,25,4,sft,8000,9,10,0,0.0,libero_goal,1383.397788286209,5bc1b3ae471a6650fc1d4e1a510b92a253ffcca7,outputs/cp0/eval/a25_sft_s4
a25_sft_s4,a25_sft,25,4,sft,8000,9,11,0,0.0,libero_goal,1383.397788286209,5bc1b3ae471a6650fc1d4e1a510b92a253ffcca7,outputs/cp0/eval/a25_sft_s4
a25_sft_s4,a25_sft,25,4,sft,8000,9,12,1,1.0,libero_goal,1383.397788286209,5bc1b3ae471a6650fc1d4e1a510b92a253ffcca7,outputs/cp0/eval/a25_sft_s4
a25_sft_s4,a25_sft,25,4,sft,8000,9,13,0,0.0,libero_goal,1383.397788286209,5bc1b3ae471a6650fc1d4e1a510b92a253ffcca7,outputs/cp0/eval/a25_sft_s4
a25_sft_s4,a25_sft,25,4,sft,8000,9,14,1,1.0,libero_goal,1383.397788286209,5bc1b3ae471a6650fc1d4e1a510b92a253ffcca7,outputs/cp0/eval/a25_sft_s4
a25_sft_s4,a25_sft,25,4,sft,8000,9,15,1,1.0,libero_goal,1383.397788286209,5bc1b3ae471a6650fc1d4e1a510b92a253ffcca7,outputs/cp0/eval/a25_sft_s4
a25_sft_s4,a25_sft,25,4,sft,8000,9,16,1,1.0,libero_goal,1383.397788286209,5bc1b3ae471a6650fc1d4e1a510b92a253ffcca7,outputs/cp0/eval/a25_sft_s4
a25_sft_s4,a25_sft,25,4,sft,8000,9,17,0,0.0,libero_goal,1383.397788286209,5bc1b3ae471a6650fc1d4e1a510b92a253ffcca7,outputs/cp0/eval/a25_sft_s4
a25_sft_s4,a25_sft,25,4,sft,8000,9,18,0,0.0,libero_goal,1383.397788286209,5bc1b3ae471a6650fc1d4e1a510b92a253ffcca7,outputs/cp0/eval/a25_sft_s4
a25_sft_s4,a25_sft,25,4,sft,8000,9,19,0,0.0,libero_goal,1383.397788286209,5bc1b3ae471a6650fc1d4e1a510b92a253ffcca7,outputs/cp0/eval/a25_sft_s4
a1_rl_s0,a1_rl,1,0,rl,160,0,0,1,1.0,libero_goal,1601.2117099761963,d6300713ec4771500605795aa6b533dd0d7ded67,outputs/rl/eval/a1_rl_s0
a1_rl_s0,a1_rl,1,0,rl,160,0,1,1,1.0,libero_goal,1601.2117099761963,d6300713ec4771500605795aa6b533dd0d7ded67,outputs/rl/eval/a1_rl_s0
a1_rl_s0,a1_rl,1,0,rl,160,0,2,1,1.0,libero_goal,1601.2117099761963,d6300713ec4771500605795aa6b533dd0d7ded67,outputs/rl/eval/a1_rl_s0
a1_rl_s0,a1_rl,1,0,rl,160,0,3,0,0.0,libero_goal,1601.2117099761963,d6300713ec4771500605795aa6b533dd0d7ded67,outputs/rl/eval/a1_rl_s0
a1_rl_s0,a1_rl,1,0,rl,160,0,4,1,1.0,libero_goal,1601.2117099761963,d6300713ec4771500605795aa6b533dd0d7ded67,outputs/rl/eval/a1_rl_s0
a1_rl_s0,a1_rl,1,0,rl,160,0,5,1,1.0,libero_goal,1601.2117099761963,d6300713ec4771500605795aa6b533dd0d7ded67,outputs/rl/eval/a1_rl_s0
a1_rl_s0,a1_rl,1,0,rl,160,0,6,1,1.0,libero_goal,1601.2117099761963,d6300713ec4771500605795aa6b533dd0d7ded67,outputs/rl/eval/a1_rl_s0
a1_rl_s0,a1_rl,1,0,rl,160,0,7,1,1.0,libero_goal,1601.2117099761963,d6300713ec4771500605795aa6b533dd0d7ded67,outputs/rl/eval/a1_rl_s0
a1_rl_s0,a1_rl,1,0,rl,160,0,8,1,1.0,libero_goal,1601.2117099761963,d6300713ec4771500605795aa6b533dd0d7ded67,outputs/rl/eval/a1_rl_s0
a1_rl_s0,a1_rl,1,0,rl,160,0,9,1,1.0,libero_goal,1601.2117099761963,d6300713ec4771500605795aa6b533dd0d7ded67,outputs/rl/eval/a1_rl_s0
a1_rl_s0,a1_rl,1,0,rl,160,0,10,1,1.0,libero_goal,1601.2117099761963,d6300713ec4771500605795aa6b533dd0d7ded67,outputs/rl/eval/a1_rl_s0
a1_rl_s0,a1_rl,1,0,rl,160,0,11,1,1.0,libero_goal,1601.2117099761963,d6300713ec4771500605795aa6b533dd0d7ded67,outputs/rl/eval/a1_rl_s0
a1_rl_s0,a1_rl,1,0,rl,160,0,12,1,1.0,libero_goal,1601.2117099761963,d6300713ec4771500605795aa6b533dd0d7ded67,outputs/rl/eval/a1_rl_s0
a1_rl_s0,a1_rl,1,0,rl,160,0,13,1,1.0,libero_goal,1601.2117099761963,d6300713ec4771500605795aa6b533dd0d7ded67,outputs/rl/eval/a1_rl_s0
a1_rl_s0,a1_rl,1,0,rl,160,0,14,0,0.0,libero_goal,1601.2117099761963,d6300713ec4771500605795aa6b533dd0d7ded67,outputs/rl/eval/a1_rl_s0
a1_rl_s0,a1_rl,1,0,rl,160,0,15,1,1.0,libero_goal,1601.2117099761963,d6300713ec4771500605795aa6b533dd0d7ded67,outputs/rl/eval/a1_rl_s0
a1_rl_s0,a1_rl,1,0,rl,160,0,16,1,1.0,libero_goal,1601.2117099761963,d6300713ec4771500605795aa6b533dd0d7ded67,outputs/rl/eval/a1_rl_s0
a1_rl_s0,a1_rl,1,0,rl,160,0,17,0,0.0,libero_goal,1601.2117099761963,d6300713ec4771500605795aa6b533dd0d7ded67,outputs/rl/eval/a1_rl_s0
a1_rl_s0,a1_rl,1,0,rl,160,0,18,1,1.0,libero_goal,1601.2117099761963,d6300713ec4771500605795aa6b533dd0d7ded67,outputs/rl/eval/a1_rl_s0
a1_rl_s0,a1_rl,1,0,rl,160,0,19,1,1.0,libero_goal,1601.2117099761963,d6300713ec4771500605795aa6b533dd0d7ded67,outputs/rl/eval/a1_rl_s0
a1_rl_s0,a1_rl,1,0,rl,160,1,0,1,1.0,libero_goal,1601.2117099761963,d6300713ec4771500605795aa6b533dd0d7ded67,outputs/rl/eval/a1_rl_s0
a1_rl_s0,a1_rl,1,0,rl,160,1,1,1,1.0,libero_goal,1601.2117099761963,d6300713ec4771500605795aa6b533dd0d7ded67,outputs/rl/eval/a1_rl_s0
a1_rl_s0,a1_rl,1,0,rl,160,1,2,1,1.0,libero_goal,1601.2117099761963,d6300713ec4771500605795aa6b533dd0d7ded67,outputs/rl/eval/a1_rl_s0
a1_rl_s0,a1_rl,1,0,rl,160,1,3,1,1.0,libero_goal,1601.2117099761963,d6300713ec4771500605795aa6b533dd0d7ded67,outputs/rl/eval/a1_rl_s0
a1_rl_s0,a1_rl,1,0,rl,160,1,4,1,1.0,libero_goal,1601.2117099761963,d6300713ec4771500605795aa6b533dd0d7ded67,outputs/rl/eval/a1_rl_s0
a1_rl_s0,a1_rl,1,0,rl,160,1,5,1,1.0,libero_goal,1601.2117099761963,d6300713ec4771500605795aa6b533dd0d7ded67,outputs/rl/eval/a1_rl_s0
a1_rl_s0,a1_rl,1,0,rl,160,1,6,1,1.0,libero_goal,1601.2117099761963,d6300713ec4771500605795aa6b533dd0d7ded67,outputs/rl/eval/a1_rl_s0
a1_rl_s0,a1_rl,1,0,rl,160,1,7,1,1.0,libero_goal,1601.2117099761963,d6300713ec4771500605795aa6b533dd0d7ded67,outputs/rl/eval/a1_rl_s0
a1_rl_s0,a1_rl,1,0,rl,160,1,8,1,1.0,libero_goal,1601.2117099761963,d6300713ec4771500605795aa6b533dd0d7ded67,outputs/rl/eval/a1_rl_s0
a1_rl_s0,a1_rl,1,0,rl,160,1,9,1,1.0,libero_goal,1601.2117099761963,d6300713ec4771500605795aa6b533dd0d7ded67,outputs/rl/eval/a1_rl_s0
a1_rl_s0,a1_rl,1,0,rl,160,1,10,1,1.0,libero_goal,1601.2117099761963,d6300713ec4771500605795aa6b533dd0d7ded67,outputs/rl/eval/a1_rl_s0
a1_rl_s0,a1_rl,1,0,rl,160,1,11,1,1.0,libero_goal,1601.2117099761963,d6300713ec4771500605795aa6b533dd0d7ded67,outputs/rl/eval/a1_rl_s0
a1_rl_s0,a1_rl,1,0,rl,160,1,12,1,1.0,libero_goal,1601.2117099761963,d6300713ec4771500605795aa6b533dd0d7ded67,outputs/rl/eval/a1_rl_s0
a1_rl_s0,a1_rl,1,0,rl,160,1,13,1,1.0,libero_goal,1601.2117099761963,d6300713ec4771500605795aa6b533dd0d7ded67,outputs/rl/eval/a1_rl_s0
a1_rl_s0,a1_rl,1,0,rl,160,1,14,1,1.0,libero_goal,1601.2117099761963,d6300713ec4771500605795aa6b533dd0d7ded67,outputs/rl/eval/a1_rl_s0
a1_rl_s0,a1_rl,1,0,rl,160,1,15,1,1.0,libero_goal,1601.2117099761963,d6300713ec4771500605795aa6b533dd0d7ded67,outputs/rl/eval/a1_rl_s0
a1_rl_s0,a1_rl,1,0,rl,160,1,16,1,1.0,libero_goal,1601.2117099761963,d6300713ec4771500605795aa6b533dd0d7ded67,outputs/rl/eval/a1_rl_s0
a1_rl_s0,a1_rl,1,0,rl,160,1,17,1,1.0,libero_goal,1601.2117099761963,d6300713ec4771500605795aa6b533dd0d7ded67,outputs/rl/eval/a1_rl_s0
a1_rl_s0,a1_rl,1,0,rl,160,1,18,1,1.0,libero_goal,1601.2117099761963,d6300713ec4771500605795aa6b533dd0d7ded67,outputs/rl/eval/a1_rl_s0
a1_rl_s0,a1_rl,1,0,rl,160,1,19,1,1.0,libero_goal,1601.2117099761963,d6300713ec4771500605795aa6b533dd0d7ded67,outputs/rl/eval/a1_rl_s0
a1_rl_s0,a1_rl,1,0,rl,160,2,0,0,0.0,libero_goal,1601.2117099761963,d6300713ec4771500605795aa6b533dd0d7ded67,outputs/rl/eval/a1_rl_s0
a1_rl_s0,a1_rl,1,0,rl,160,2,1,0,0.0,libero_goal,1601.2117099761963,d6300713ec4771500605795aa6b533dd0d7ded67,outputs/rl/eval/a1_rl_s0
a1_rl_s0,a1_rl,1,0,rl,160,2,2,1,1.0,libero_goal,1601.2117099761963,d6300713ec4771500605795aa6b533dd0d7ded67,outputs/rl/eval/a1_rl_s0
a1_rl_s0,a1_rl,1,0,rl,160,2,3,1,1.0,libero_goal,1601.2117099761963,d6300713ec4771500605795aa6b533dd0d7ded67,outputs/rl/eval/a1_rl_s0
a1_rl_s0,a1_rl,1,0,rl,160,2,4,0,0.0,libero_goal,1601.2117099761963,d6300713ec4771500605795aa6b533dd0d7ded67,outputs/rl/eval/a1_rl_s0
a1_rl_s0,a1_rl,1,0,rl,160,2,5,0,0.0,libero_goal,1601.2117099761963,d6300713ec4771500605795aa6b533dd0d7ded67,outputs/rl/eval/a1_rl_s0
a1_rl_s0,a1_rl,1,0,rl,160,2,6,1,1.0,libero_goal,1601.2117099761963,d6300713ec4771500605795aa6b533dd0d7ded67,outputs/rl/eval/a1_rl_s0
a1_rl_s0,a1_rl,1,0,rl,160,2,7,0,0.0,libero_goal,1601.2117099761963,d6300713ec4771500605795aa6b533dd0d7ded67,outputs/rl/eval/a1_rl_s0
a1_rl_s0,a1_rl,1,0,rl,160,2,8,1,1.0,libero_goal,1601.2117099761963,d6300713ec4771500605795aa6b533dd0d7ded67,outputs/rl/eval/a1_rl_s0
a1_rl_s0,a1_rl,1,0,rl,160,2,9,1,1.0,libero_goal,1601.2117099761963,d6300713ec4771500605795aa6b533dd0d7ded67,outputs/rl/eval/a1_rl_s0
a1_rl_s0,a1_rl,1,0,rl,160,2,10,0,0.0,libero_goal,1601.2117099761963,d6300713ec4771500605795aa6b533dd0d7ded67,outputs/rl/eval/a1_rl_s0
a1_rl_s0,a1_rl,1,0,rl,160,2,11,1,1.0,libero_goal,1601.2117099761963,d6300713ec4771500605795aa6b533dd0d7ded67,outputs/rl/eval/a1_rl_s0
a1_rl_s0,a1_rl,1,0,rl,160,2,12,0,0.0,libero_goal,1601.2117099761963,d6300713ec4771500605795aa6b533dd0d7ded67,outputs/rl/eval/a1_rl_s0
a1_rl_s0,a1_rl,1,0,rl,160,2,13,1,1.0,libero_goal,1601.2117099761963,d6300713ec4771500605795aa6b533dd0d7ded67,outputs/rl/eval/a1_rl_s0
a1_rl_s0,a1_rl,1,0,rl,160,2,14,1,1.0,libero_goal,1601.2117099761963,d6300713ec4771500605795aa6b533dd0d7ded67,outputs/rl/eval/a1_rl_s0
a1_rl_s0,a1_rl,1,0,rl,160,2,15,1,1.0,libero_goal,1601.2117099761963,d6300713ec4771500605795aa6b533dd0d7ded67,outputs/rl/eval/a1_rl_s0
a1_rl_s0,a1_rl,1,0,rl,160,2,16,1,1.0,libero_goal,1601.2117099761963,d6300713ec4771500605795aa6b533dd0d7ded67,outputs/rl/eval/a1_rl_s0
a1_rl_s0,a1_rl,1,0,rl,160,2,17,1,1.0,libero_goal,1601.2117099761963,d6300713ec4771500605795aa6b533dd0d7ded67,outputs/rl/eval/a1_rl_s0
a1_rl_s0,a1_rl,1,0,rl,160,2,18,1,1.0,libero_goal,1601.2117099761963,d6300713ec4771500605795aa6b533dd0d7ded67,outputs/rl/eval/a1_rl_s0
a1_rl_s0,a1_rl,1,0,rl,160,2,19,0,0.0,libero_goal,1601.2117099761963,d6300713ec4771500605795aa6b533dd0d7ded67,outputs/rl/eval/a1_rl_s0
a1_rl_s0,a1_rl,1,0,rl,160,3,0,0,0.0,libero_goal,1601.2117099761963,d6300713ec4771500605795aa6b533dd0d7ded67,outputs/rl/eval/a1_rl_s0
a1_rl_s0,a1_rl,1,0,rl,160,3,1,1,1.0,libero_goal,1601.2117099761963,d6300713ec4771500605795aa6b533dd0d7ded67,outputs/rl/eval/a1_rl_s0
a1_rl_s0,a1_rl,1,0,rl,160,3,2,0,0.0,libero_goal,1601.2117099761963,d6300713ec4771500605795aa6b533dd0d7ded67,outputs/rl/eval/a1_rl_s0
a1_rl_s0,a1_rl,1,0,rl,160,3,3,0,0.0,libero_goal,1601.2117099761963,d6300713ec4771500605795aa6b533dd0d7ded67,outputs/rl/eval/a1_rl_s0
a1_rl_s0,a1_rl,1,0,rl,160,3,4,0,0.0,libero_goal,1601.2117099761963,d6300713ec4771500605795aa6b533dd0d7ded67,outputs/rl/eval/a1_rl_s0
a1_rl_s0,a1_rl,1,0,rl,160,3,5,1,1.0,libero_goal,1601.2117099761963,d6300713ec4771500605795aa6b533dd0d7ded67,outputs/rl/eval/a1_rl_s0
a1_rl_s0,a1_rl,1,0,rl,160,3,6,1,1.0,libero_goal,1601.2117099761963,d6300713ec4771500605795aa6b533dd0d7ded67,outputs/rl/eval/a1_rl_s0
a1_rl_s0,a1_rl,1,0,rl,160,3,7,0,0.0,libero_goal,1601.2117099761963,d6300713ec4771500605795aa6b533dd0d7ded67,outputs/rl/eval/a1_rl_s0
a1_rl_s0,a1_rl,1,0,rl,160,3,8,0,0.0,libero_goal,1601.2117099761963,d6300713ec4771500605795aa6b533dd0d7ded67,outputs/rl/eval/a1_rl_s0
a1_rl_s0,a1_rl,1,0,rl,160,3,9,1,1.0,libero_goal,1601.2117099761963,d6300713ec4771500605795aa6b533dd0d7ded67,outputs/rl/eval/a1_rl_s0
a1_rl_s0,a1_rl,1,0,rl,160,3,10,1,1.0,libero_goal,1601.2117099761963,d6300713ec4771500605795aa6b533dd0d7ded67,outputs/rl/eval/a1_rl_s0
a1_rl_s0,a1_rl,1,0,rl,160,3,11,0,0.0,libero_goal,1601.2117099761963,d6300713ec4771500605795aa6b533dd0d7ded67,outputs/rl/eval/a1_rl_s0
a1_rl_s0,a1_rl,1,0,rl,160,3,12,1,1.0,libero_goal,1601.2117099761963,d6300713ec4771500605795aa6b533dd0d7ded67,outputs/rl/eval/a1_rl_s0
a1_rl_s0,a1_rl,1,0,rl,160,3,13,0,0.0,libero_goal,1601.2117099761963,d6300713ec4771500605795aa6b533dd0d7ded67,outputs/rl/eval/a1_rl_s0
a1_rl_s0,a1_rl,1,0,rl,160,3,14,1,1.0,libero_goal,1601.2117099761963,d6300713ec4771500605795aa6b533dd0d7ded67,outputs/rl/eval/a1_rl_s0
a1_rl_s0,a1_rl,1,0,rl,160,3,15,0,0.0,libero_goal,1601.2117099761963,d6300713ec4771500605795aa6b533dd0d7ded67,outputs/rl/eval/a1_rl_s0
a1_rl_s0,a1_rl,1,0,rl,160,3,16,1,1.0,libero_goal,1601.2117099761963,d6300713ec4771500605795aa6b533dd0d7ded67,outputs/rl/eval/a1_rl_s0
a1_rl_s0,a1_rl,1,0,rl,160,3,17,0,0.0,libero_goal,1601.2117099761963,d6300713ec4771500605795aa6b533dd0d7ded67,outputs/rl/eval/a1_rl_s0
a1_rl_s0,a1_rl,1,0,rl,160,3,18,1,1.0,libero_goal,1601.2117099761963,d6300713ec4771500605795aa6b533dd0d7ded67,outputs/rl/eval/a1_rl_s0
a1_rl_s0,a1_rl,1,0,rl,160,3,19,0,0.0,libero_goal,1601.2117099761963,d6300713ec4771500605795aa6b533dd0d7ded67,outputs/rl/eval/a1_rl_s0
a1_rl_s0,a1_rl,1,0,rl,160,4,0,0,0.0,libero_goal,1601.2117099761963,d6300713ec4771500605795aa6b533dd0d7ded67,outputs/rl/eval/a1_rl_s0
a1_rl_s0,a1_rl,1,0,rl,160,4,1,1,1.0,libero_goal,1601.2117099761963,d6300713ec4771500605795aa6b533dd0d7ded67,outputs/rl/eval/a1_rl_s0
a1_rl_s0,a1_rl,1,0,rl,160,4,2,1,1.0,libero_goal,1601.2117099761963,d6300713ec4771500605795aa6b533dd0d7ded67,outputs/rl/eval/a1_rl_s0
a1_rl_s0,a1_rl,1,0,rl,160,4,3,0,0.0,libero_goal,1601.2117099761963,d6300713ec4771500605795aa6b533dd0d7ded67,outputs/rl/eval/a1_rl_s0
a1_rl_s0,a1_rl,1,0,rl,160,4,4,0,0.0,libero_goal,1601.2117099761963,d6300713ec4771500605795aa6b533dd0d7ded67,outputs/rl/eval/a1_rl_s0
a1_rl_s0,a1_rl,1,0,rl,160,4,5,1,1.0,libero_goal,1601.2117099761963,d6300713ec4771500605795aa6b533dd0d7ded67,outputs/rl/eval/a1_rl_s0
a1_rl_s0,a1_rl,1,0,rl,160,4,6,0,0.0,libero_goal,1601.2117099761963,d6300713ec4771500605795aa6b533dd0d7ded67,outputs/rl/eval/a1_rl_s0
a1_rl_s0,a1_rl,1,0,rl,160,4,7,1,1.0,libero_goal,1601.2117099761963,d6300713ec4771500605795aa6b533dd0d7ded67,outputs/rl/eval/a1_rl_s0
a1_rl_s0,a1_rl,1,0,rl,160,4,8,0,0.0,libero_goal,1601.2117099761963,d6300713ec4771500605795aa6b533dd0d7ded67,outputs/rl/eval/a1_rl_s0
a1_rl_s0,a1_rl,1,0,rl,160,4,9,1,1.0,libero_goal,1601.2117099761963,d6300713ec4771500605795aa6b533dd0d7ded67,outputs/rl/eval/a1_rl_s0
a1_rl_s0,a1_rl,1,0,rl,160,4,10,0,0.0,libero_goal,1601.2117099761963,d6300713ec4771500605795aa6b533dd0d7ded67,outputs/rl/eval/a1_rl_s0
a1_rl_s0,a1_rl,1,0,rl,160,4,11,0,0.0,libero_goal,1601.2117099761963,d6300713ec4771500605795aa6b533dd0d7ded67,outputs/rl/eval/a1_rl_s0
a1_rl_s0,a1_rl,1,0,rl,160,4,12,1,1.0,libero_goal,1601.2117099761963,d6300713ec4771500605795aa6b533dd0d7ded67,outputs/rl/eval/a1_rl_s0
a1_rl_s0,a1_rl,1,0,rl,160,4,13,1,1.0,libero_goal,1601.2117099761963,d6300713ec4771500605795aa6b533dd0d7ded67,outputs/rl/eval/a1_rl_s0
a1_rl_s0,a1_rl,1,0,rl,160,4,14,0,0.0,libero_goal,1601.2117099761963,d6300713ec4771500605795aa6b533dd0d7ded67,outputs/rl/eval/a1_rl_s0
a1_rl_s0,a1_rl,1,0,rl,160,4,15,1,1.0,libero_goal,1601.2117099761963,d6300713ec4771500605795aa6b533dd0d7ded67,outputs/rl/eval/a1_rl_s0
a1_rl_s0,a1_rl,1,0,rl,160,4,16,1,1.0,libero_goal,1601.2117099761963,d6300713ec4771500605795aa6b533dd0d7ded67,outputs/rl/eval/a1_rl_s0
a1_rl_s0,a1_rl,1,0,rl,160,4,17,1,1.0,libero_goal,1601.2117099761963,d6300713ec4771500605795aa6b533dd0d7ded67,outputs/rl/eval/a1_rl_s0
a1_rl_s0,a1_rl,1,0,rl,160,4,18,0,0.0,libero_goal,1601.2117099761963,d6300713ec4771500605795aa6b533dd0d7ded67,outputs/rl/eval/a1_rl_s0
a1_rl_s0,a1_rl,1,0,rl,160,4,19,0,0.0,libero_goal,1601.2117099761963,d6300713ec4771500605795aa6b533dd0d7ded67,outputs/rl/eval/a1_rl_s0
a1_rl_s0,a1_rl,1,0,rl,160,5,0,1,1.0,libero_goal,1601.2117099761963,d6300713ec4771500605795aa6b533dd0d7ded67,outputs/rl/eval/a1_rl_s0
a1_rl_s0,a1_rl,1,0,rl,160,5,1,1,1.0,libero_goal,1601.2117099761963,d6300713ec4771500605795aa6b533dd0d7ded67,outputs/rl/eval/a1_rl_s0
a1_rl_s0,a1_rl,1,0,rl,160,5,2,1,1.0,libero_goal,1601.2117099761963,d6300713ec4771500605795aa6b533dd0d7ded67,outputs/rl/eval/a1_rl_s0
a1_rl_s0,a1_rl,1,0,rl,160,5,3,1,1.0,libero_goal,1601.2117099761963,d6300713ec4771500605795aa6b533dd0d7ded67,outputs/rl/eval/a1_rl_s0
a1_rl_s0,a1_rl,1,0,rl,160,5,4,1,1.0,libero_goal,1601.2117099761963,d6300713ec4771500605795aa6b533dd0d7ded67,outputs/rl/eval/a1_rl_s0
a1_rl_s0,a1_rl,1,0,rl,160,5,5,1,1.0,libero_goal,1601.2117099761963,d6300713ec4771500605795aa6b533dd0d7ded67,outputs/rl/eval/a1_rl_s0
a1_rl_s0,a1_rl,1,0,rl,160,5,6,1,1.0,libero_goal,1601.2117099761963,d6300713ec4771500605795aa6b533dd0d7ded67,outputs/rl/eval/a1_rl_s0
a1_rl_s0,a1_rl,1,0,rl,160,5,7,1,1.0,libero_goal,1601.2117099761963,d6300713ec4771500605795aa6b533dd0d7ded67,outputs/rl/eval/a1_rl_s0
a1_rl_s0,a1_rl,1,0,rl,160,5,8,1,1.0,libero_goal,1601.2117099761963,d6300713ec4771500605795aa6b533dd0d7ded67,outputs/rl/eval/a1_rl_s0
a1_rl_s0,a1_rl,1,0,rl,160,5,9,1,1.0,libero_goal,1601.2117099761963,d6300713ec4771500605795aa6b533dd0d7ded67,outputs/rl/eval/a1_rl_s0
a1_rl_s0,a1_rl,1,0,rl,160,5,10,1,1.0,libero_goal,1601.2117099761963,d6300713ec4771500605795aa6b533dd0d7ded67,outputs/rl/eval/a1_rl_s0
a1_rl_s0,a1_rl,1,0,rl,160,5,11,1,1.0,libero_goal,1601.2117099761963,d6300713ec4771500605795aa6b533dd0d7ded67,outputs/rl/eval/a1_rl_s0
a1_rl_s0,a1_rl,1,0,rl,160,5,12,1,1.0,libero_goal,1601.2117099761963,d6300713ec4771500605795aa6b533dd0d7ded67,outputs/rl/eval/a1_rl_s0
a1_rl_s0,a1_rl,1,0,rl,160,5,13,1,1.0,libero_goal,1601.2117099761963,d6300713ec4771500605795aa6b533dd0d7ded67,outputs/rl/eval/a1_rl_s0
a1_rl_s0,a1_rl,1,0,rl,160,5,14,1,1.0,libero_goal,1601.2117099761963,d6300713ec4771500605795aa6b533dd0d7ded67,outputs/rl/eval/a1_rl_s0
a1_rl_s0,a1_rl,1,0,rl,160,5,15,1,1.0,libero_goal,1601.2117099761963,d6300713ec4771500605795aa6b533dd0d7ded67,outputs/rl/eval/a1_rl_s0
a1_rl_s0,a1_rl,1,0,rl,160,5,16,1,1.0,libero_goal,1601.2117099761963,d6300713ec4771500605795aa6b533dd0d7ded67,outputs/rl/eval/a1_rl_s0
a1_rl_s0,a1_rl,1,0,rl,160,5,17,1,1.0,libero_goal,1601.2117099761963,d6300713ec4771500605795aa6b533dd0d7ded67,outputs/rl/eval/a1_rl_s0
a1_rl_s0,a1_rl,1,0,rl,160,5,18,1,1.0,libero_goal,1601.2117099761963,d6300713ec4771500605795aa6b533dd0d7ded67,outputs/rl/eval/a1_rl_s0
a1_rl_s0,a1_rl,1,0,rl,160,5,19,1,1.0,libero_goal,1601.2117099761963,d6300713ec4771500605795aa6b533dd0d7ded67,outputs/rl/eval/a1_rl_s0
a1_rl_s0,a1_rl,1,0,rl,160,6,0,0,0.0,libero_goal,1601.2117099761963,d6300713ec4771500605795aa6b533dd0d7ded67,outputs/rl/eval/a1_rl_s0
a1_rl_s0,a1_rl,1,0,rl,160,6,1,1,1.0,libero_goal,1601.2117099761963,d6300713ec4771500605795aa6b533dd0d7ded67,outputs/rl/eval/a1_rl_s0
a1_rl_s0,a1_rl,1,0,rl,160,6,2,1,1.0,libero_goal,1601.2117099761963,d6300713ec4771500605795aa6b533dd0d7ded67,outputs/rl/eval/a1_rl_s0
a1_rl_s0,a1_rl,1,0,rl,160,6,3,0,0.0,libero_goal,1601.2117099761963,d6300713ec4771500605795aa6b533dd0d7ded67,outputs/rl/eval/a1_rl_s0
a1_rl_s0,a1_rl,1,0,rl,160,6,4,1,1.0,libero_goal,1601.2117099761963,d6300713ec4771500605795aa6b533dd0d7ded67,outputs/rl/eval/a1_rl_s0
a1_rl_s0,a1_rl,1,0,rl,160,6,5,1,1.0,libero_goal,1601.2117099761963,d6300713ec4771500605795aa6b533dd0d7ded67,outputs/rl/eval/a1_rl_s0
a1_rl_s0,a1_rl,1,0,rl,160,6,6,1,1.0,libero_goal,1601.2117099761963,d6300713ec4771500605795aa6b533dd0d7ded67,outputs/rl/eval/a1_rl_s0
a1_rl_s0,a1_rl,1,0,rl,160,6,7,0,0.0,libero_goal,1601.2117099761963,d6300713ec4771500605795aa6b533dd0d7ded67,outputs/rl/eval/a1_rl_s0
a1_rl_s0,a1_rl,1,0,rl,160,6,8,1,1.0,libero_goal,1601.2117099761963,d6300713ec4771500605795aa6b533dd0d7ded67,outputs/rl/eval/a1_rl_s0
a1_rl_s0,a1_rl,1,0,rl,160,6,9,0,0.0,libero_goal,1601.2117099761963,d6300713ec4771500605795aa6b533dd0d7ded67,outputs/rl/eval/a1_rl_s0
a1_rl_s0,a1_rl,1,0,rl,160,6,10,0,0.0,libero_goal,1601.2117099761963,d6300713ec4771500605795aa6b533dd0d7ded67,outputs/rl/eval/a1_rl_s0
a1_rl_s0,a1_rl,1,0,rl,160,6,11,0,0.0,libero_goal,1601.2117099761963,d6300713ec4771500605795aa6b533dd0d7ded67,outputs/rl/eval/a1_rl_s0
a1_rl_s0,a1_rl,1,0,rl,160,6,12,1,1.0,libero_goal,1601.2117099761963,d6300713ec4771500605795aa6b533dd0d7ded67,outputs/rl/eval/a1_rl_s0
a1_rl_s0,a1_rl,1,0,rl,160,6,13,0,0.0,libero_goal,1601.2117099761963,d6300713ec4771500605795aa6b533dd0d7ded67,outputs/rl/eval/a1_rl_s0
a1_rl_s0,a1_rl,1,0,rl,160,6,14,1,1.0,libero_goal,1601.2117099761963,d6300713ec4771500605795aa6b533dd0d7ded67,outputs/rl/eval/a1_rl_s0
a1_rl_s0,a1_rl,1,0,rl,160,6,15,1,1.0,libero_goal,1601.2117099761963,d6300713ec4771500605795aa6b533dd0d7ded67,outputs/rl/eval/a1_rl_s0
a1_rl_s0,a1_rl,1,0,rl,160,6,16,0,0.0,libero_goal,1601.2117099761963,d6300713ec4771500605795aa6b533dd0d7ded67,outputs/rl/eval/a1_rl_s0
a1_rl_s0,a1_rl,1,0,rl,160,6,17,1,1.0,libero_goal,1601.2117099761963,d6300713ec4771500605795aa6b533dd0d7ded67,outputs/rl/eval/a1_rl_s0
a1_rl_s0,a1_rl,1,0,rl,160,6,18,1,1.0,libero_goal,1601.2117099761963,d6300713ec4771500605795aa6b533dd0d7ded67,outputs/rl/eval/a1_rl_s0
a1_rl_s0,a1_rl,1,0,rl,160,6,19,1,1.0,libero_goal,1601.2117099761963,d6300713ec4771500605795aa6b533dd0d7ded67,outputs/rl/eval/a1_rl_s0
a1_rl_s0,a1_rl,1,0,rl,160,7,0,0,0.0,libero_goal,1601.2117099761963,d6300713ec4771500605795aa6b533dd0d7ded67,outputs/rl/eval/a1_rl_s0
a1_rl_s0,a1_rl,1,0,rl,160,7,1,1,1.0,libero_goal,1601.2117099761963,d6300713ec4771500605795aa6b533dd0d7ded67,outputs/rl/eval/a1_rl_s0
a1_rl_s0,a1_rl,1,0,rl,160,7,2,0,0.0,libero_goal,1601.2117099761963,d6300713ec4771500605795aa6b533dd0d7ded67,outputs/rl/eval/a1_rl_s0
a1_rl_s0,a1_rl,1,0,rl,160,7,3,0,0.0,libero_goal,1601.2117099761963,d6300713ec4771500605795aa6b533dd0d7ded67,outputs/rl/eval/a1_rl_s0
a1_rl_s0,a1_rl,1,0,rl,160,7,4,1,1.0,libero_goal,1601.2117099761963,d6300713ec4771500605795aa6b533dd0d7ded67,outputs/rl/eval/a1_rl_s0
a1_rl_s0,a1_rl,1,0,rl,160,7,5,1,1.0,libero_goal,1601.2117099761963,d6300713ec4771500605795aa6b533dd0d7ded67,outputs/rl/eval/a1_rl_s0
a1_rl_s0,a1_rl,1,0,rl,160,7,6,1,1.0,libero_goal,1601.2117099761963,d6300713ec4771500605795aa6b533dd0d7ded67,outputs/rl/eval/a1_rl_s0
a1_rl_s0,a1_rl,1,0,rl,160,7,7,1,1.0,libero_goal,1601.2117099761963,d6300713ec4771500605795aa6b533dd0d7ded67,outputs/rl/eval/a1_rl_s0
a1_rl_s0,a1_rl,1,0,rl,160,7,8,1,1.0,libero_goal,1601.2117099761963,d6300713ec4771500605795aa6b533dd0d7ded67,outputs/rl/eval/a1_rl_s0
a1_rl_s0,a1_rl,1,0,rl,160,7,9,0,0.0,libero_goal,1601.2117099761963,d6300713ec4771500605795aa6b533dd0d7ded67,outputs/rl/eval/a1_rl_s0
a1_rl_s0,a1_rl,1,0,rl,160,7,10,0,0.0,libero_goal,1601.2117099761963,d6300713ec4771500605795aa6b533dd0d7ded67,outputs/rl/eval/a1_rl_s0
a1_rl_s0,a1_rl,1,0,rl,160,7,11,1,1.0,libero_goal,1601.2117099761963,d6300713ec4771500605795aa6b533dd0d7ded67,outputs/rl/eval/a1_rl_s0
a1_rl_s0,a1_rl,1,0,rl,160,7,12,1,1.0,libero_goal,1601.2117099761963,d6300713ec4771500605795aa6b533dd0d7ded67,outputs/rl/eval/a1_rl_s0
a1_rl_s0,a1_rl,1,0,rl,160,7,13,1,1.0,libero_goal,1601.2117099761963,d6300713ec4771500605795aa6b533dd0d7ded67,outputs/rl/eval/a1_rl_s0
a1_rl_s0,a1_rl,1,0,rl,160,7,14,0,0.0,libero_goal,1601.2117099761963,d6300713ec4771500605795aa6b533dd0d7ded67,outputs/rl/eval/a1_rl_s0
a1_rl_s0,a1_rl,1,0,rl,160,7,15,1,1.0,libero_goal,1601.2117099761963,d6300713ec4771500605795aa6b533dd0d7ded67,outputs/rl/eval/a1_rl_s0
a1_rl_s0,a1_rl,1,0,rl,160,7,16,1,1.0,libero_goal,1601.2117099761963,d6300713ec4771500605795aa6b533dd0d7ded67,outputs/rl/eval/a1_rl_s0
a1_rl_s0,a1_rl,1,0,rl,160,7,17,0,0.0,libero_goal,1601.2117099761963,d6300713ec4771500605795aa6b533dd0d7ded67,outputs/rl/eval/a1_rl_s0
a1_rl_s0,a1_rl,1,0,rl,160,7,18,0,0.0,libero_goal,1601.2117099761963,d6300713ec4771500605795aa6b533dd0d7ded67,outputs/rl/eval/a1_rl_s0
a1_rl_s0,a1_rl,1,0,rl,160,7,19,1,1.0,libero_goal,1601.2117099761963,d6300713ec4771500605795aa6b533dd0d7ded67,outputs/rl/eval/a1_rl_s0
a1_rl_s0,a1_rl,1,0,rl,160,8,0,0,0.0,libero_goal,1601.2117099761963,d6300713ec4771500605795aa6b533dd0d7ded67,outputs/rl/eval/a1_rl_s0
a1_rl_s0,a1_rl,1,0,rl,160,8,1,1,1.0,libero_goal,1601.2117099761963,d6300713ec4771500605795aa6b533dd0d7ded67,outputs/rl/eval/a1_rl_s0
a1_rl_s0,a1_rl,1,0,rl,160,8,2,1,1.0,libero_goal,1601.2117099761963,d6300713ec4771500605795aa6b533dd0d7ded67,outputs/rl/eval/a1_rl_s0
a1_rl_s0,a1_rl,1,0,rl,160,8,3,1,1.0,libero_goal,1601.2117099761963,d6300713ec4771500605795aa6b533dd0d7ded67,outputs/rl/eval/a1_rl_s0
a1_rl_s0,a1_rl,1,0,rl,160,8,4,1,1.0,libero_goal,1601.2117099761963,d6300713ec4771500605795aa6b533dd0d7ded67,outputs/rl/eval/a1_rl_s0
a1_rl_s0,a1_rl,1,0,rl,160,8,5,1,1.0,libero_goal,1601.2117099761963,d6300713ec4771500605795aa6b533dd0d7ded67,outputs/rl/eval/a1_rl_s0
a1_rl_s0,a1_rl,1,0,rl,160,8,6,1,1.0,libero_goal,1601.2117099761963,d6300713ec4771500605795aa6b533dd0d7ded67,outputs/rl/eval/a1_rl_s0
a1_rl_s0,a1_rl,1,0,rl,160,8,7,1,1.0,libero_goal,1601.2117099761963,d6300713ec4771500605795aa6b533dd0d7ded67,outputs/rl/eval/a1_rl_s0
a1_rl_s0,a1_rl,1,0,rl,160,8,8,0,0.0,libero_goal,1601.2117099761963,d6300713ec4771500605795aa6b533dd0d7ded67,outputs/rl/eval/a1_rl_s0
a1_rl_s0,a1_rl,1,0,rl,160,8,9,1,1.0,libero_goal,1601.2117099761963,d6300713ec4771500605795aa6b533dd0d7ded67,outputs/rl/eval/a1_rl_s0
a1_rl_s0,a1_rl,1,0,rl,160,8,10,1,1.0,libero_goal,1601.2117099761963,d6300713ec4771500605795aa6b533dd0d7ded67,outputs/rl/eval/a1_rl_s0
a1_rl_s0,a1_rl,1,0,rl,160,8,11,0,0.0,libero_goal,1601.2117099761963,d6300713ec4771500605795aa6b533dd0d7ded67,outputs/rl/eval/a1_rl_s0
a1_rl_s0,a1_rl,1,0,rl,160,8,12,1,1.0,libero_goal,1601.2117099761963,d6300713ec4771500605795aa6b533dd0d7ded67,outputs/rl/eval/a1_rl_s0
a1_rl_s0,a1_rl,1,0,rl,160,8,13,0,0.0,libero_goal,1601.2117099761963,d6300713ec4771500605795aa6b533dd0d7ded67,outputs/rl/eval/a1_rl_s0
a1_rl_s0,a1_rl,1,0,rl,160,8,14,1,1.0,libero_goal,1601.2117099761963,d6300713ec4771500605795aa6b533dd0d7ded67,outputs/rl/eval/a1_rl_s0
a1_rl_s0,a1_rl,1,0,rl,160,8,15,1,1.0,libero_goal,1601.2117099761963,d6300713ec4771500605795aa6b533dd0d7ded67,outputs/rl/eval/a1_rl_s0
a1_rl_s0,a1_rl,1,0,rl,160,8,16,0,0.0,libero_goal,1601.2117099761963,d6300713ec4771500605795aa6b533dd0d7ded67,outputs/rl/eval/a1_rl_s0
a1_rl_s0,a1_rl,1,0,rl,160,8,17,1,1.0,libero_goal,1601.2117099761963,d6300713ec4771500605795aa6b533dd0d7ded67,outputs/rl/eval/a1_rl_s0
a1_rl_s0,a1_rl,1,0,rl,160,8,18,0,0.0,libero_goal,1601.2117099761963,d6300713ec4771500605795aa6b533dd0d7ded67,outputs/rl/eval/a1_rl_s0
a1_rl_s0,a1_rl,1,0,rl,160,8,19,1,1.0,libero_goal,1601.2117099761963,d6300713ec4771500605795aa6b533dd0d7ded67,outputs/rl/eval/a1_rl_s0
a1_rl_s0,a1_rl,1,0,rl,160,9,0,0,0.0,libero_goal,1601.2117099761963,d6300713ec4771500605795aa6b533dd0d7ded67,outputs/rl/eval/a1_rl_s0
a1_rl_s0,a1_rl,1,0,rl,160,9,1,0,0.0,libero_goal,1601.2117099761963,d6300713ec4771500605795aa6b533dd0d7ded67,outputs/rl/eval/a1_rl_s0
a1_rl_s0,a1_rl,1,0,rl,160,9,2,0,0.0,libero_goal,1601.2117099761963,d6300713ec4771500605795aa6b533dd0d7ded67,outputs/rl/eval/a1_rl_s0
a1_rl_s0,a1_rl,1,0,rl,160,9,3,0,0.0,libero_goal,1601.2117099761963,d6300713ec4771500605795aa6b533dd0d7ded67,outputs/rl/eval/a1_rl_s0
a1_rl_s0,a1_rl,1,0,rl,160,9,4,0,0.0,libero_goal,1601.2117099761963,d6300713ec4771500605795aa6b533dd0d7ded67,outputs/rl/eval/a1_rl_s0
a1_rl_s0,a1_rl,1,0,rl,160,9,5,0,0.0,libero_goal,1601.2117099761963,d6300713ec4771500605795aa6b533dd0d7ded67,outputs/rl/eval/a1_rl_s0
a1_rl_s0,a1_rl,1,0,rl,160,9,6,0,0.0,libero_goal,1601.2117099761963,d6300713ec4771500605795aa6b533dd0d7ded67,outputs/rl/eval/a1_rl_s0
a1_rl_s0,a1_rl,1,0,rl,160,9,7,0,0.0,libero_goal,1601.2117099761963,d6300713ec4771500605795aa6b533dd0d7ded67,outputs/rl/eval/a1_rl_s0
a1_rl_s0,a1_rl,1,0,rl,160,9,8,1,1.0,libero_goal,1601.2117099761963,d6300713ec4771500605795aa6b533dd0d7ded67,outputs/rl/eval/a1_rl_s0
a1_rl_s0,a1_rl,1,0,rl,160,9,9,0,0.0,libero_goal,1601.2117099761963,d6300713ec4771500605795aa6b533dd0d7ded67,outputs/rl/eval/a1_rl_s0
a1_rl_s0,a1_rl,1,0,rl,160,9,10,0,0.0,libero_goal,1601.2117099761963,d6300713ec4771500605795aa6b533dd0d7ded67,outputs/rl/eval/a1_rl_s0
a1_rl_s0,a1_rl,1,0,rl,160,9,11,0,0.0,libero_goal,1601.2117099761963,d6300713ec4771500605795aa6b533dd0d7ded67,outputs/rl/eval/a1_rl_s0
a1_rl_s0,a1_rl,1,0,rl,160,9,12,1,1.0,libero_goal,1601.2117099761963,d6300713ec4771500605795aa6b533dd0d7ded67,outputs/rl/eval/a1_rl_s0
a1_rl_s0,a1_rl,1,0,rl,160,9,13,0,0.0,libero_goal,1601.2117099761963,d6300713ec4771500605795aa6b533dd0d7ded67,outputs/rl/eval/a1_rl_s0
a1_rl_s0,a1_rl,1,0,rl,160,9,14,1,1.0,libero_goal,1601.2117099761963,d6300713ec4771500605795aa6b533dd0d7ded67,outputs/rl/eval/a1_rl_s0
a1_rl_s0,a1_rl,1,0,rl,160,9,15,0,0.0,libero_goal,1601.2117099761963,d6300713ec4771500605795aa6b533dd0d7ded67,outputs/rl/eval/a1_rl_s0
a1_rl_s0,a1_rl,1,0,rl,160,9,16,0,0.0,libero_goal,1601.2117099761963,d6300713ec4771500605795aa6b533dd0d7ded67,outputs/rl/eval/a1_rl_s0
a1_rl_s0,a1_rl,1,0,rl,160,9,17,0,0.0,libero_goal,1601.2117099761963,d6300713ec4771500605795aa6b533dd0d7ded67,outputs/rl/eval/a1_rl_s0
a1_rl_s0,a1_rl,1,0,rl,160,9,18,0,0.0,libero_goal,1601.2117099761963,d6300713ec4771500605795aa6b533dd0d7ded67,outputs/rl/eval/a1_rl_s0
a1_rl_s0,a1_rl,1,0,rl,160,9,19,0,0.0,libero_goal,1601.2117099761963,d6300713ec4771500605795aa6b533dd0d7ded67,outputs/rl/eval/a1_rl_s0
a1_rl_s1,a1_rl,1,1,rl,160,0,0,1,1.0,libero_goal,1576.4014346599579,d6300713ec4771500605795aa6b533dd0d7ded67,outputs/rl/eval/a1_rl_s1
a1_rl_s1,a1_rl,1,1,rl,160,0,1,1,1.0,libero_goal,1576.4014346599579,d6300713ec4771500605795aa6b533dd0d7ded67,outputs/rl/eval/a1_rl_s1
a1_rl_s1,a1_rl,1,1,rl,160,0,2,1,1.0,libero_goal,1576.4014346599579,d6300713ec4771500605795aa6b533dd0d7ded67,outputs/rl/eval/a1_rl_s1
a1_rl_s1,a1_rl,1,1,rl,160,0,3,1,1.0,libero_goal,1576.4014346599579,d6300713ec4771500605795aa6b533dd0d7ded67,outputs/rl/eval/a1_rl_s1
a1_rl_s1,a1_rl,1,1,rl,160,0,4,1,1.0,libero_goal,1576.4014346599579,d6300713ec4771500605795aa6b533dd0d7ded67,outputs/rl/eval/a1_rl_s1
a1_rl_s1,a1_rl,1,1,rl,160,0,5,1,1.0,libero_goal,1576.4014346599579,d6300713ec4771500605795aa6b533dd0d7ded67,outputs/rl/eval/a1_rl_s1
a1_rl_s1,a1_rl,1,1,rl,160,0,6,1,1.0,libero_goal,1576.4014346599579,d6300713ec4771500605795aa6b533dd0d7ded67,outputs/rl/eval/a1_rl_s1
a1_rl_s1,a1_rl,1,1,rl,160,0,7,1,1.0,libero_goal,1576.4014346599579,d6300713ec4771500605795aa6b533dd0d7ded67,outputs/rl/eval/a1_rl_s1
a1_rl_s1,a1_rl,1,1,rl,160,0,8,1,1.0,libero_goal,1576.4014346599579,d6300713ec4771500605795aa6b533dd0d7ded67,outputs/rl/eval/a1_rl_s1
a1_rl_s1,a1_rl,1,1,rl,160,0,9,1,1.0,libero_goal,1576.4014346599579,d6300713ec4771500605795aa6b533dd0d7ded67,outputs/rl/eval/a1_rl_s1
a1_rl_s1,a1_rl,1,1,rl,160,0,10,1,1.0,libero_goal,1576.4014346599579,d6300713ec4771500605795aa6b533dd0d7ded67,outputs/rl/eval/a1_rl_s1
a1_rl_s1,a1_rl,1,1,rl,160,0,11,1,1.0,libero_goal,1576.4014346599579,d6300713ec4771500605795aa6b533dd0d7ded67,outputs/rl/eval/a1_rl_s1
a1_rl_s1,a1_rl,1,1,rl,160,0,12,1,1.0,libero_goal,1576.4014346599579,d6300713ec4771500605795aa6b533dd0d7ded67,outputs/rl/eval/a1_rl_s1
a1_rl_s1,a1_rl,1,1,rl,160,0,13,1,1.0,libero_goal,1576.4014346599579,d6300713ec4771500605795aa6b533dd0d7ded67,outputs/rl/eval/a1_rl_s1
a1_rl_s1,a1_rl,1,1,rl,160,0,14,1,1.0,libero_goal,1576.4014346599579,d6300713ec4771500605795aa6b533dd0d7ded67,outputs/rl/eval/a1_rl_s1
a1_rl_s1,a1_rl,1,1,rl,160,0,15,1,1.0,libero_goal,1576.4014346599579,d6300713ec4771500605795aa6b533dd0d7ded67,outputs/rl/eval/a1_rl_s1
a1_rl_s1,a1_rl,1,1,rl,160,0,16,1,1.0,libero_goal,1576.4014346599579,d6300713ec4771500605795aa6b533dd0d7ded67,outputs/rl/eval/a1_rl_s1
a1_rl_s1,a1_rl,1,1,rl,160,0,17,1,1.0,libero_goal,1576.4014346599579,d6300713ec4771500605795aa6b533dd0d7ded67,outputs/rl/eval/a1_rl_s1
a1_rl_s1,a1_rl,1,1,rl,160,0,18,1,1.0,libero_goal,1576.4014346599579,d6300713ec4771500605795aa6b533dd0d7ded67,outputs/rl/eval/a1_rl_s1
a1_rl_s1,a1_rl,1,1,rl,160,0,19,1,1.0,libero_goal,1576.4014346599579,d6300713ec4771500605795aa6b533dd0d7ded67,outputs/rl/eval/a1_rl_s1
a1_rl_s1,a1_rl,1,1,rl,160,1,0,1,1.0,libero_goal,1576.4014346599579,d6300713ec4771500605795aa6b533dd0d7ded67,outputs/rl/eval/a1_rl_s1
a1_rl_s1,a1_rl,1,1,rl,160,1,1,0,0.0,libero_goal,1576.4014346599579,d6300713ec4771500605795aa6b533dd0d7ded67,outputs/rl/eval/a1_rl_s1
a1_rl_s1,a1_rl,1,1,rl,160,1,2,0,0.0,libero_goal,1576.4014346599579,d6300713ec4771500605795aa6b533dd0d7ded67,outputs/rl/eval/a1_rl_s1
a1_rl_s1,a1_rl,1,1,rl,160,1,3,1,1.0,libero_goal,1576.4014346599579,d6300713ec4771500605795aa6b533dd0d7ded67,outputs/rl/eval/a1_rl_s1
a1_rl_s1,a1_rl,1,1,rl,160,1,4,1,1.0,libero_goal,1576.4014346599579,d6300713ec4771500605795aa6b533dd0d7ded67,outputs/rl/eval/a1_rl_s1
a1_rl_s1,a1_rl,1,1,rl,160,1,5,1,1.0,libero_goal,1576.4014346599579,d6300713ec4771500605795aa6b533dd0d7ded67,outputs/rl/eval/a1_rl_s1
a1_rl_s1,a1_rl,1,1,rl,160,1,6,1,1.0,libero_goal,1576.4014346599579,d6300713ec4771500605795aa6b533dd0d7ded67,outputs/rl/eval/a1_rl_s1
a1_rl_s1,a1_rl,1,1,rl,160,1,7,1,1.0,libero_goal,1576.4014346599579,d6300713ec4771500605795aa6b533dd0d7ded67,outputs/rl/eval/a1_rl_s1
a1_rl_s1,a1_rl,1,1,rl,160,1,8,1,1.0,libero_goal,1576.4014346599579,d6300713ec4771500605795aa6b533dd0d7ded67,outputs/rl/eval/a1_rl_s1
a1_rl_s1,a1_rl,1,1,rl,160,1,9,1,1.0,libero_goal,1576.4014346599579,d6300713ec4771500605795aa6b533dd0d7ded67,outputs/rl/eval/a1_rl_s1
a1_rl_s1,a1_rl,1,1,rl,160,1,10,0,0.0,libero_goal,1576.4014346599579,d6300713ec4771500605795aa6b533dd0d7ded67,outputs/rl/eval/a1_rl_s1
a1_rl_s1,a1_rl,1,1,rl,160,1,11,1,1.0,libero_goal,1576.4014346599579,d6300713ec4771500605795aa6b533dd0d7ded67,outputs/rl/eval/a1_rl_s1
a1_rl_s1,a1_rl,1,1,rl,160,1,12,1,1.0,libero_goal,1576.4014346599579,d6300713ec4771500605795aa6b533dd0d7ded67,outputs/rl/eval/a1_rl_s1
a1_rl_s1,a1_rl,1,1,rl,160,1,13,1,1.0,libero_goal,1576.4014346599579,d6300713ec4771500605795aa6b533dd0d7ded67,outputs/rl/eval/a1_rl_s1
a1_rl_s1,a1_rl,1,1,rl,160,1,14,1,1.0,libero_goal,1576.4014346599579,d6300713ec4771500605795aa6b533dd0d7ded67,outputs/rl/eval/a1_rl_s1
a1_rl_s1,a1_rl,1,1,rl,160,1,15,1,1.0,libero_goal,1576.4014346599579,d6300713ec4771500605795aa6b533dd0d7ded67,outputs/rl/eval/a1_rl_s1
a1_rl_s1,a1_rl,1,1,rl,160,1,16,1,1.0,libero_goal,1576.4014346599579,d6300713ec4771500605795aa6b533dd0d7ded67,outputs/rl/eval/a1_rl_s1
a1_rl_s1,a1_rl,1,1,rl,160,1,17,1,1.0,libero_goal,1576.4014346599579,d6300713ec4771500605795aa6b533dd0d7ded67,outputs/rl/eval/a1_rl_s1
a1_rl_s1,a1_rl,1,1,rl,160,1,18,1,1.0,libero_goal,1576.4014346599579,d6300713ec4771500605795aa6b533dd0d7ded67,outputs/rl/eval/a1_rl_s1
a1_rl_s1,a1_rl,1,1,rl,160,1,19,1,1.0,libero_goal,1576.4014346599579,d6300713ec4771500605795aa6b533dd0d7ded67,outputs/rl/eval/a1_rl_s1
a1_rl_s1,a1_rl,1,1,rl,160,2,0,1,1.0,libero_goal,1576.4014346599579,d6300713ec4771500605795aa6b533dd0d7ded67,outputs/rl/eval/a1_rl_s1
a1_rl_s1,a1_rl,1,1,rl,160,2,1,1,1.0,libero_goal,1576.4014346599579,d6300713ec4771500605795aa6b533dd0d7ded67,outputs/rl/eval/a1_rl_s1
a1_rl_s1,a1_rl,1,1,rl,160,2,2,1,1.0,libero_goal,1576.4014346599579,d6300713ec4771500605795aa6b533dd0d7ded67,outputs/rl/eval/a1_rl_s1
a1_rl_s1,a1_rl,1,1,rl,160,2,3,1,1.0,libero_goal,1576.4014346599579,d6300713ec4771500605795aa6b533dd0d7ded67,outputs/rl/eval/a1_rl_s1
a1_rl_s1,a1_rl,1,1,rl,160,2,4,1,1.0,libero_goal,1576.4014346599579,d6300713ec4771500605795aa6b533dd0d7ded67,outputs/rl/eval/a1_rl_s1
a1_rl_s1,a1_rl,1,1,rl,160,2,5,1,1.0,libero_goal,1576.4014346599579,d6300713ec4771500605795aa6b533dd0d7ded67,outputs/rl/eval/a1_rl_s1
a1_rl_s1,a1_rl,1,1,rl,160,2,6,1,1.0,libero_goal,1576.4014346599579,d6300713ec4771500605795aa6b533dd0d7ded67,outputs/rl/eval/a1_rl_s1
a1_rl_s1,a1_rl,1,1,rl,160,2,7,1,1.0,libero_goal,1576.4014346599579,d6300713ec4771500605795aa6b533dd0d7ded67,outputs/rl/eval/a1_rl_s1
a1_rl_s1,a1_rl,1,1,rl,160,2,8,0,0.0,libero_goal,1576.4014346599579,d6300713ec4771500605795aa6b533dd0d7ded67,outputs/rl/eval/a1_rl_s1
a1_rl_s1,a1_rl,1,1,rl,160,2,9,1,1.0,libero_goal,1576.4014346599579,d6300713ec4771500605795aa6b533dd0d7ded67,outputs/rl/eval/a1_rl_s1
a1_rl_s1,a1_rl,1,1,rl,160,2,10,1,1.0,libero_goal,1576.4014346599579,d6300713ec4771500605795aa6b533dd0d7ded67,outputs/rl/eval/a1_rl_s1
a1_rl_s1,a1_rl,1,1,rl,160,2,11,1,1.0,libero_goal,1576.4014346599579,d6300713ec4771500605795aa6b533dd0d7ded67,outputs/rl/eval/a1_rl_s1
a1_rl_s1,a1_rl,1,1,rl,160,2,12,1,1.0,libero_goal,1576.4014346599579,d6300713ec4771500605795aa6b533dd0d7ded67,outputs/rl/eval/a1_rl_s1
a1_rl_s1,a1_rl,1,1,rl,160,2,13,1,1.0,libero_goal,1576.4014346599579,d6300713ec4771500605795aa6b533dd0d7ded67,outputs/rl/eval/a1_rl_s1
a1_rl_s1,a1_rl,1,1,rl,160,2,14,1,1.0,libero_goal,1576.4014346599579,d6300713ec4771500605795aa6b533dd0d7ded67,outputs/rl/eval/a1_rl_s1
a1_rl_s1,a1_rl,1,1,rl,160,2,15,1,1.0,libero_goal,1576.4014346599579,d6300713ec4771500605795aa6b533dd0d7ded67,outputs/rl/eval/a1_rl_s1
a1_rl_s1,a1_rl,1,1,rl,160,2,16,0,0.0,libero_goal,1576.4014346599579,d6300713ec4771500605795aa6b533dd0d7ded67,outputs/rl/eval/a1_rl_s1
a1_rl_s1,a1_rl,1,1,rl,160,2,17,1,1.0,libero_goal,1576.4014346599579,d6300713ec4771500605795aa6b533dd0d7ded67,outputs/rl/eval/a1_rl_s1
a1_rl_s1,a1_rl,1,1,rl,160,2,18,1,1.0,libero_goal,1576.4014346599579,d6300713ec4771500605795aa6b533dd0d7ded67,outputs/rl/eval/a1_rl_s1
a1_rl_s1,a1_rl,1,1,rl,160,2,19,0,0.0,libero_goal,1576.4014346599579,d6300713ec4771500605795aa6b533dd0d7ded67,outputs/rl/eval/a1_rl_s1
a1_rl_s1,a1_rl,1,1,rl,160,3,0,0,0.0,libero_goal,1576.4014346599579,d6300713ec4771500605795aa6b533dd0d7ded67,outputs/rl/eval/a1_rl_s1
a1_rl_s1,a1_rl,1,1,rl,160,3,1,1,1.0,libero_goal,1576.4014346599579,d6300713ec4771500605795aa6b533dd0d7ded67,outputs/rl/eval/a1_rl_s1
a1_rl_s1,a1_rl,1,1,rl,160,3,2,1,1.0,libero_goal,1576.4014346599579,d6300713ec4771500605795aa6b533dd0d7ded67,outputs/rl/eval/a1_rl_s1
a1_rl_s1,a1_rl,1,1,rl,160,3,3,1,1.0,libero_goal,1576.4014346599579,d6300713ec4771500605795aa6b533dd0d7ded67,outputs/rl/eval/a1_rl_s1
a1_rl_s1,a1_rl,1,1,rl,160,3,4,0,0.0,libero_goal,1576.4014346599579,d6300713ec4771500605795aa6b533dd0d7ded67,outputs/rl/eval/a1_rl_s1
a1_rl_s1,a1_rl,1,1,rl,160,3,5,1,1.0,libero_goal,1576.4014346599579,d6300713ec4771500605795aa6b533dd0d7ded67,outputs/rl/eval/a1_rl_s1
a1_rl_s1,a1_rl,1,1,rl,160,3,6,1,1.0,libero_goal,1576.4014346599579,d6300713ec4771500605795aa6b533dd0d7ded67,outputs/rl/eval/a1_rl_s1
a1_rl_s1,a1_rl,1,1,rl,160,3,7,0,0.0,libero_goal,1576.4014346599579,d6300713ec4771500605795aa6b533dd0d7ded67,outputs/rl/eval/a1_rl_s1
a1_rl_s1,a1_rl,1,1,rl,160,3,8,1,1.0,libero_goal,1576.4014346599579,d6300713ec4771500605795aa6b533dd0d7ded67,outputs/rl/eval/a1_rl_s1
a1_rl_s1,a1_rl,1,1,rl,160,3,9,1,1.0,libero_goal,1576.4014346599579,d6300713ec4771500605795aa6b533dd0d7ded67,outputs/rl/eval/a1_rl_s1
a1_rl_s1,a1_rl,1,1,rl,160,3,10,1,1.0,libero_goal,1576.4014346599579,d6300713ec4771500605795aa6b533dd0d7ded67,outputs/rl/eval/a1_rl_s1
a1_rl_s1,a1_rl,1,1,rl,160,3,11,1,1.0,libero_goal,1576.4014346599579,d6300713ec4771500605795aa6b533dd0d7ded67,outputs/rl/eval/a1_rl_s1
a1_rl_s1,a1_rl,1,1,rl,160,3,12,1,1.0,libero_goal,1576.4014346599579,d6300713ec4771500605795aa6b533dd0d7ded67,outputs/rl/eval/a1_rl_s1
a1_rl_s1,a1_rl,1,1,rl,160,3,13,1,1.0,libero_goal,1576.4014346599579,d6300713ec4771500605795aa6b533dd0d7ded67,outputs/rl/eval/a1_rl_s1
a1_rl_s1,a1_rl,1,1,rl,160,3,14,1,1.0,libero_goal,1576.4014346599579,d6300713ec4771500605795aa6b533dd0d7ded67,outputs/rl/eval/a1_rl_s1
a1_rl_s1,a1_rl,1,1,rl,160,3,15,1,1.0,libero_goal,1576.4014346599579,d6300713ec4771500605795aa6b533dd0d7ded67,outputs/rl/eval/a1_rl_s1
a1_rl_s1,a1_rl,1,1,rl,160,3,16,1,1.0,libero_goal,1576.4014346599579,d6300713ec4771500605795aa6b533dd0d7ded67,outputs/rl/eval/a1_rl_s1
a1_rl_s1,a1_rl,1,1,rl,160,3,17,0,0.0,libero_goal,1576.4014346599579,d6300713ec4771500605795aa6b533dd0d7ded67,outputs/rl/eval/a1_rl_s1
a1_rl_s1,a1_rl,1,1,rl,160,3,18,1,1.0,libero_goal,1576.4014346599579,d6300713ec4771500605795aa6b533dd0d7ded67,outputs/rl/eval/a1_rl_s1
a1_rl_s1,a1_rl,1,1,rl,160,3,19,1,1.0,libero_goal,1576.4014346599579,d6300713ec4771500605795aa6b533dd0d7ded67,outputs/rl/eval/a1_rl_s1
a1_rl_s1,a1_rl,1,1,rl,160,4,0,0,0.0,libero_goal,1576.4014346599579,d6300713ec4771500605795aa6b533dd0d7ded67,outputs/rl/eval/a1_rl_s1
a1_rl_s1,a1_rl,1,1,rl,160,4,1,1,1.0,libero_goal,1576.4014346599579,d6300713ec4771500605795aa6b533dd0d7ded67,outputs/rl/eval/a1_rl_s1
a1_rl_s1,a1_rl,1,1,rl,160,4,2,0,0.0,libero_goal,1576.4014346599579,d6300713ec4771500605795aa6b533dd0d7ded67,outputs/rl/eval/a1_rl_s1
a1_rl_s1,a1_rl,1,1,rl,160,4,3,1,1.0,libero_goal,1576.4014346599579,d6300713ec4771500605795aa6b533dd0d7ded67,outputs/rl/eval/a1_rl_s1
a1_rl_s1,a1_rl,1,1,rl,160,4,4,1,1.0,libero_goal,1576.4014346599579,d6300713ec4771500605795aa6b533dd0d7ded67,outputs/rl/eval/a1_rl_s1
a1_rl_s1,a1_rl,1,1,rl,160,4,5,1,1.0,libero_goal,1576.4014346599579,d6300713ec4771500605795aa6b533dd0d7ded67,outputs/rl/eval/a1_rl_s1
a1_rl_s1,a1_rl,1,1,rl,160,4,6,1,1.0,libero_goal,1576.4014346599579,d6300713ec4771500605795aa6b533dd0d7ded67,outputs/rl/eval/a1_rl_s1
a1_rl_s1,a1_rl,1,1,rl,160,4,7,0,0.0,libero_goal,1576.4014346599579,d6300713ec4771500605795aa6b533dd0d7ded67,outputs/rl/eval/a1_rl_s1
a1_rl_s1,a1_rl,1,1,rl,160,4,8,1,1.0,libero_goal,1576.4014346599579,d6300713ec4771500605795aa6b533dd0d7ded67,outputs/rl/eval/a1_rl_s1
a1_rl_s1,a1_rl,1,1,rl,160,4,9,1,1.0,libero_goal,1576.4014346599579,d6300713ec4771500605795aa6b533dd0d7ded67,outputs/rl/eval/a1_rl_s1
a1_rl_s1,a1_rl,1,1,rl,160,4,10,1,1.0,libero_goal,1576.4014346599579,d6300713ec4771500605795aa6b533dd0d7ded67,outputs/rl/eval/a1_rl_s1
a1_rl_s1,a1_rl,1,1,rl,160,4,11,1,1.0,libero_goal,1576.4014346599579,d6300713ec4771500605795aa6b533dd0d7ded67,outputs/rl/eval/a1_rl_s1
a1_rl_s1,a1_rl,1,1,rl,160,4,12,1,1.0,libero_goal,1576.4014346599579,d6300713ec4771500605795aa6b533dd0d7ded67,outputs/rl/eval/a1_rl_s1
a1_rl_s1,a1_rl,1,1,rl,160,4,13,1,1.0,libero_goal,1576.4014346599579,d6300713ec4771500605795aa6b533dd0d7ded67,outputs/rl/eval/a1_rl_s1
a1_rl_s1,a1_rl,1,1,rl,160,4,14,1,1.0,libero_goal,1576.4014346599579,d6300713ec4771500605795aa6b533dd0d7ded67,outputs/rl/eval/a1_rl_s1
a1_rl_s1,a1_rl,1,1,rl,160,4,15,1,1.0,libero_goal,1576.4014346599579,d6300713ec4771500605795aa6b533dd0d7ded67,outputs/rl/eval/a1_rl_s1
a1_rl_s1,a1_rl,1,1,rl,160,4,16,1,1.0,libero_goal,1576.4014346599579,d6300713ec4771500605795aa6b533dd0d7ded67,outputs/rl/eval/a1_rl_s1
a1_rl_s1,a1_rl,1,1,rl,160,4,17,1,1.0,libero_goal,1576.4014346599579,d6300713ec4771500605795aa6b533dd0d7ded67,outputs/rl/eval/a1_rl_s1
a1_rl_s1,a1_rl,1,1,rl,160,4,18,1,1.0,libero_goal,1576.4014346599579,d6300713ec4771500605795aa6b533dd0d7ded67,outputs/rl/eval/a1_rl_s1
a1_rl_s1,a1_rl,1,1,rl,160,4,19,1,1.0,libero_goal,1576.4014346599579,d6300713ec4771500605795aa6b533dd0d7ded67,outputs/rl/eval/a1_rl_s1
a1_rl_s1,a1_rl,1,1,rl,160,5,0,1,1.0,libero_goal,1576.4014346599579,d6300713ec4771500605795aa6b533dd0d7ded67,outputs/rl/eval/a1_rl_s1
a1_rl_s1,a1_rl,1,1,rl,160,5,1,1,1.0,libero_goal,1576.4014346599579,d6300713ec4771500605795aa6b533dd0d7ded67,outputs/rl/eval/a1_rl_s1
a1_rl_s1,a1_rl,1,1,rl,160,5,2,1,1.0,libero_goal,1576.4014346599579,d6300713ec4771500605795aa6b533dd0d7ded67,outputs/rl/eval/a1_rl_s1
a1_rl_s1,a1_rl,1,1,rl,160,5,3,1,1.0,libero_goal,1576.4014346599579,d6300713ec4771500605795aa6b533dd0d7ded67,outputs/rl/eval/a1_rl_s1
a1_rl_s1,a1_rl,1,1,rl,160,5,4,1,1.0,libero_goal,1576.4014346599579,d6300713ec4771500605795aa6b533dd0d7ded67,outputs/rl/eval/a1_rl_s1
a1_rl_s1,a1_rl,1,1,rl,160,5,5,1,1.0,libero_goal,1576.4014346599579,d6300713ec4771500605795aa6b533dd0d7ded67,outputs/rl/eval/a1_rl_s1
a1_rl_s1,a1_rl,1,1,rl,160,5,6,1,1.0,libero_goal,1576.4014346599579,d6300713ec4771500605795aa6b533dd0d7ded67,outputs/rl/eval/a1_rl_s1
a1_rl_s1,a1_rl,1,1,rl,160,5,7,0,0.0,libero_goal,1576.4014346599579,d6300713ec4771500605795aa6b533dd0d7ded67,outputs/rl/eval/a1_rl_s1
a1_rl_s1,a1_rl,1,1,rl,160,5,8,1,1.0,libero_goal,1576.4014346599579,d6300713ec4771500605795aa6b533dd0d7ded67,outputs/rl/eval/a1_rl_s1
a1_rl_s1,a1_rl,1,1,rl,160,5,9,1,1.0,libero_goal,1576.4014346599579,d6300713ec4771500605795aa6b533dd0d7ded67,outputs/rl/eval/a1_rl_s1
a1_rl_s1,a1_rl,1,1,rl,160,5,10,1,1.0,libero_goal,1576.4014346599579,d6300713ec4771500605795aa6b533dd0d7ded67,outputs/rl/eval/a1_rl_s1
a1_rl_s1,a1_rl,1,1,rl,160,5,11,1,1.0,libero_goal,1576.4014346599579,d6300713ec4771500605795aa6b533dd0d7ded67,outputs/rl/eval/a1_rl_s1
a1_rl_s1,a1_rl,1,1,rl,160,5,12,0,0.0,libero_goal,1576.4014346599579,d6300713ec4771500605795aa6b533dd0d7ded67,outputs/rl/eval/a1_rl_s1
a1_rl_s1,a1_rl,1,1,rl,160,5,13,1,1.0,libero_goal,1576.4014346599579,d6300713ec4771500605795aa6b533dd0d7ded67,outputs/rl/eval/a1_rl_s1
a1_rl_s1,a1_rl,1,1,rl,160,5,14,1,1.0,libero_goal,1576.4014346599579,d6300713ec4771500605795aa6b533dd0d7ded67,outputs/rl/eval/a1_rl_s1
a1_rl_s1,a1_rl,1,1,rl,160,5,15,1,1.0,libero_goal,1576.4014346599579,d6300713ec4771500605795aa6b533dd0d7ded67,outputs/rl/eval/a1_rl_s1
a1_rl_s1,a1_rl,1,1,rl,160,5,16,1,1.0,libero_goal,1576.4014346599579,d6300713ec4771500605795aa6b533dd0d7ded67,outputs/rl/eval/a1_rl_s1
a1_rl_s1,a1_rl,1,1,rl,160,5,17,1,1.0,libero_goal,1576.4014346599579,d6300713ec4771500605795aa6b533dd0d7ded67,outputs/rl/eval/a1_rl_s1
a1_rl_s1,a1_rl,1,1,rl,160,5,18,1,1.0,libero_goal,1576.4014346599579,d6300713ec4771500605795aa6b533dd0d7ded67,outputs/rl/eval/a1_rl_s1
a1_rl_s1,a1_rl,1,1,rl,160,5,19,1,1.0,libero_goal,1576.4014346599579,d6300713ec4771500605795aa6b533dd0d7ded67,outputs/rl/eval/a1_rl_s1
a1_rl_s1,a1_rl,1,1,rl,160,6,0,0,0.0,libero_goal,1576.4014346599579,d6300713ec4771500605795aa6b533dd0d7ded67,outputs/rl/eval/a1_rl_s1
a1_rl_s1,a1_rl,1,1,rl,160,6,1,1,1.0,libero_goal,1576.4014346599579,d6300713ec4771500605795aa6b533dd0d7ded67,outputs/rl/eval/a1_rl_s1
a1_rl_s1,a1_rl,1,1,rl,160,6,2,0,0.0,libero_goal,1576.4014346599579,d6300713ec4771500605795aa6b533dd0d7ded67,outputs/rl/eval/a1_rl_s1
a1_rl_s1,a1_rl,1,1,rl,160,6,3,0,0.0,libero_goal,1576.4014346599579,d6300713ec4771500605795aa6b533dd0d7ded67,outputs/rl/eval/a1_rl_s1
a1_rl_s1,a1_rl,1,1,rl,160,6,4,1,1.0,libero_goal,1576.4014346599579,d6300713ec4771500605795aa6b533dd0d7ded67,outputs/rl/eval/a1_rl_s1
a1_rl_s1,a1_rl,1,1,rl,160,6,5,0,0.0,libero_goal,1576.4014346599579,d6300713ec4771500605795aa6b533dd0d7ded67,outputs/rl/eval/a1_rl_s1
a1_rl_s1,a1_rl,1,1,rl,160,6,6,1,1.0,libero_goal,1576.4014346599579,d6300713ec4771500605795aa6b533dd0d7ded67,outputs/rl/eval/a1_rl_s1
a1_rl_s1,a1_rl,1,1,rl,160,6,7,0,0.0,libero_goal,1576.4014346599579,d6300713ec4771500605795aa6b533dd0d7ded67,outputs/rl/eval/a1_rl_s1
a1_rl_s1,a1_rl,1,1,rl,160,6,8,0,0.0,libero_goal,1576.4014346599579,d6300713ec4771500605795aa6b533dd0d7ded67,outputs/rl/eval/a1_rl_s1
a1_rl_s1,a1_rl,1,1,rl,160,6,9,0,0.0,libero_goal,1576.4014346599579,d6300713ec4771500605795aa6b533dd0d7ded67,outputs/rl/eval/a1_rl_s1
a1_rl_s1,a1_rl,1,1,rl,160,6,10,1,1.0,libero_goal,1576.4014346599579,d6300713ec4771500605795aa6b533dd0d7ded67,outputs/rl/eval/a1_rl_s1
a1_rl_s1,a1_rl,1,1,rl,160,6,11,1,1.0,libero_goal,1576.4014346599579,d6300713ec4771500605795aa6b533dd0d7ded67,outputs/rl/eval/a1_rl_s1
a1_rl_s1,a1_rl,1,1,rl,160,6,12,1,1.0,libero_goal,1576.4014346599579,d6300713ec4771500605795aa6b533dd0d7ded67,outputs/rl/eval/a1_rl_s1
a1_rl_s1,a1_rl,1,1,rl,160,6,13,0,0.0,libero_goal,1576.4014346599579,d6300713ec4771500605795aa6b533dd0d7ded67,outputs/rl/eval/a1_rl_s1
a1_rl_s1,a1_rl,1,1,rl,160,6,14,1,1.0,libero_goal,1576.4014346599579,d6300713ec4771500605795aa6b533dd0d7ded67,outputs/rl/eval/a1_rl_s1
a1_rl_s1,a1_rl,1,1,rl,160,6,15,1,1.0,libero_goal,1576.4014346599579,d6300713ec4771500605795aa6b533dd0d7ded67,outputs/rl/eval/a1_rl_s1
a1_rl_s1,a1_rl,1,1,rl,160,6,16,0,0.0,libero_goal,1576.4014346599579,d6300713ec4771500605795aa6b533dd0d7ded67,outputs/rl/eval/a1_rl_s1
a1_rl_s1,a1_rl,1,1,rl,160,6,17,0,0.0,libero_goal,1576.4014346599579,d6300713ec4771500605795aa6b533dd0d7ded67,outputs/rl/eval/a1_rl_s1
a1_rl_s1,a1_rl,1,1,rl,160,6,18,1,1.0,libero_goal,1576.4014346599579,d6300713ec4771500605795aa6b533dd0d7ded67,outputs/rl/eval/a1_rl_s1
a1_rl_s1,a1_rl,1,1,rl,160,6,19,1,1.0,libero_goal,1576.4014346599579,d6300713ec4771500605795aa6b533dd0d7ded67,outputs/rl/eval/a1_rl_s1
a1_rl_s1,a1_rl,1,1,rl,160,7,0,1,1.0,libero_goal,1576.4014346599579,d6300713ec4771500605795aa6b533dd0d7ded67,outputs/rl/eval/a1_rl_s1
a1_rl_s1,a1_rl,1,1,rl,160,7,1,1,1.0,libero_goal,1576.4014346599579,d6300713ec4771500605795aa6b533dd0d7ded67,outputs/rl/eval/a1_rl_s1
a1_rl_s1,a1_rl,1,1,rl,160,7,2,1,1.0,libero_goal,1576.4014346599579,d6300713ec4771500605795aa6b533dd0d7ded67,outputs/rl/eval/a1_rl_s1
a1_rl_s1,a1_rl,1,1,rl,160,7,3,1,1.0,libero_goal,1576.4014346599579,d6300713ec4771500605795aa6b533dd0d7ded67,outputs/rl/eval/a1_rl_s1
a1_rl_s1,a1_rl,1,1,rl,160,7,4,1,1.0,libero_goal,1576.4014346599579,d6300713ec4771500605795aa6b533dd0d7ded67,outputs/rl/eval/a1_rl_s1
a1_rl_s1,a1_rl,1,1,rl,160,7,5,1,1.0,libero_goal,1576.4014346599579,d6300713ec4771500605795aa6b533dd0d7ded67,outputs/rl/eval/a1_rl_s1
a1_rl_s1,a1_rl,1,1,rl,160,7,6,1,1.0,libero_goal,1576.4014346599579,d6300713ec4771500605795aa6b533dd0d7ded67,outputs/rl/eval/a1_rl_s1
a1_rl_s1,a1_rl,1,1,rl,160,7,7,1,1.0,libero_goal,1576.4014346599579,d6300713ec4771500605795aa6b533dd0d7ded67,outputs/rl/eval/a1_rl_s1
a1_rl_s1,a1_rl,1,1,rl,160,7,8,1,1.0,libero_goal,1576.4014346599579,d6300713ec4771500605795aa6b533dd0d7ded67,outputs/rl/eval/a1_rl_s1
a1_rl_s1,a1_rl,1,1,rl,160,7,9,1,1.0,libero_goal,1576.4014346599579,d6300713ec4771500605795aa6b533dd0d7ded67,outputs/rl/eval/a1_rl_s1
a1_rl_s1,a1_rl,1,1,rl,160,7,10,1,1.0,libero_goal,1576.4014346599579,d6300713ec4771500605795aa6b533dd0d7ded67,outputs/rl/eval/a1_rl_s1
a1_rl_s1,a1_rl,1,1,rl,160,7,11,1,1.0,libero_goal,1576.4014346599579,d6300713ec4771500605795aa6b533dd0d7ded67,outputs/rl/eval/a1_rl_s1
a1_rl_s1,a1_rl,1,1,rl,160,7,12,1,1.0,libero_goal,1576.4014346599579,d6300713ec4771500605795aa6b533dd0d7ded67,outputs/rl/eval/a1_rl_s1
a1_rl_s1,a1_rl,1,1,rl,160,7,13,1,1.0,libero_goal,1576.4014346599579,d6300713ec4771500605795aa6b533dd0d7ded67,outputs/rl/eval/a1_rl_s1
a1_rl_s1,a1_rl,1,1,rl,160,7,14,1,1.0,libero_goal,1576.4014346599579,d6300713ec4771500605795aa6b533dd0d7ded67,outputs/rl/eval/a1_rl_s1
a1_rl_s1,a1_rl,1,1,rl,160,7,15,1,1.0,libero_goal,1576.4014346599579,d6300713ec4771500605795aa6b533dd0d7ded67,outputs/rl/eval/a1_rl_s1
a1_rl_s1,a1_rl,1,1,rl,160,7,16,1,1.0,libero_goal,1576.4014346599579,d6300713ec4771500605795aa6b533dd0d7ded67,outputs/rl/eval/a1_rl_s1
a1_rl_s1,a1_rl,1,1,rl,160,7,17,1,1.0,libero_goal,1576.4014346599579,d6300713ec4771500605795aa6b533dd0d7ded67,outputs/rl/eval/a1_rl_s1
a1_rl_s1,a1_rl,1,1,rl,160,7,18,1,1.0,libero_goal,1576.4014346599579,d6300713ec4771500605795aa6b533dd0d7ded67,outputs/rl/eval/a1_rl_s1
a1_rl_s1,a1_rl,1,1,rl,160,7,19,1,1.0,libero_goal,1576.4014346599579,d6300713ec4771500605795aa6b533dd0d7ded67,outputs/rl/eval/a1_rl_s1
a1_rl_s1,a1_rl,1,1,rl,160,8,0,1,1.0,libero_goal,1576.4014346599579,d6300713ec4771500605795aa6b533dd0d7ded67,outputs/rl/eval/a1_rl_s1
a1_rl_s1,a1_rl,1,1,rl,160,8,1,0,0.0,libero_goal,1576.4014346599579,d6300713ec4771500605795aa6b533dd0d7ded67,outputs/rl/eval/a1_rl_s1
a1_rl_s1,a1_rl,1,1,rl,160,8,2,1,1.0,libero_goal,1576.4014346599579,d6300713ec4771500605795aa6b533dd0d7ded67,outputs/rl/eval/a1_rl_s1
a1_rl_s1,a1_rl,1,1,rl,160,8,3,1,1.0,libero_goal,1576.4014346599579,d6300713ec4771500605795aa6b533dd0d7ded67,outputs/rl/eval/a1_rl_s1
a1_rl_s1,a1_rl,1,1,rl,160,8,4,1,1.0,libero_goal,1576.4014346599579,d6300713ec4771500605795aa6b533dd0d7ded67,outputs/rl/eval/a1_rl_s1
a1_rl_s1,a1_rl,1,1,rl,160,8,5,1,1.0,libero_goal,1576.4014346599579,d6300713ec4771500605795aa6b533dd0d7ded67,outputs/rl/eval/a1_rl_s1
a1_rl_s1,a1_rl,1,1,rl,160,8,6,1,1.0,libero_goal,1576.4014346599579,d6300713ec4771500605795aa6b533dd0d7ded67,outputs/rl/eval/a1_rl_s1
a1_rl_s1,a1_rl,1,1,rl,160,8,7,1,1.0,libero_goal,1576.4014346599579,d6300713ec4771500605795aa6b533dd0d7ded67,outputs/rl/eval/a1_rl_s1
a1_rl_s1,a1_rl,1,1,rl,160,8,8,1,1.0,libero_goal,1576.4014346599579,d6300713ec4771500605795aa6b533dd0d7ded67,outputs/rl/eval/a1_rl_s1
a1_rl_s1,a1_rl,1,1,rl,160,8,9,1,1.0,libero_goal,1576.4014346599579,d6300713ec4771500605795aa6b533dd0d7ded67,outputs/rl/eval/a1_rl_s1
a1_rl_s1,a1_rl,1,1,rl,160,8,10,1,1.0,libero_goal,1576.4014346599579,d6300713ec4771500605795aa6b533dd0d7ded67,outputs/rl/eval/a1_rl_s1
a1_rl_s1,a1_rl,1,1,rl,160,8,11,1,1.0,libero_goal,1576.4014346599579,d6300713ec4771500605795aa6b533dd0d7ded67,outputs/rl/eval/a1_rl_s1
a1_rl_s1,a1_rl,1,1,rl,160,8,12,1,1.0,libero_goal,1576.4014346599579,d6300713ec4771500605795aa6b533dd0d7ded67,outputs/rl/eval/a1_rl_s1
a1_rl_s1,a1_rl,1,1,rl,160,8,13,1,1.0,libero_goal,1576.4014346599579,d6300713ec4771500605795aa6b533dd0d7ded67,outputs/rl/eval/a1_rl_s1
a1_rl_s1,a1_rl,1,1,rl,160,8,14,1,1.0,libero_goal,1576.4014346599579,d6300713ec4771500605795aa6b533dd0d7ded67,outputs/rl/eval/a1_rl_s1
a1_rl_s1,a1_rl,1,1,rl,160,8,15,1,1.0,libero_goal,1576.4014346599579,d6300713ec4771500605795aa6b533dd0d7ded67,outputs/rl/eval/a1_rl_s1
a1_rl_s1,a1_rl,1,1,rl,160,8,16,0,0.0,libero_goal,1576.4014346599579,d6300713ec4771500605795aa6b533dd0d7ded67,outputs/rl/eval/a1_rl_s1
a1_rl_s1,a1_rl,1,1,rl,160,8,17,0,0.0,libero_goal,1576.4014346599579,d6300713ec4771500605795aa6b533dd0d7ded67,outputs/rl/eval/a1_rl_s1
a1_rl_s1,a1_rl,1,1,rl,160,8,18,1,1.0,libero_goal,1576.4014346599579,d6300713ec4771500605795aa6b533dd0d7ded67,outputs/rl/eval/a1_rl_s1
a1_rl_s1,a1_rl,1,1,rl,160,8,19,1,1.0,libero_goal,1576.4014346599579,d6300713ec4771500605795aa6b533dd0d7ded67,outputs/rl/eval/a1_rl_s1
a1_rl_s1,a1_rl,1,1,rl,160,9,0,0,0.0,libero_goal,1576.4014346599579,d6300713ec4771500605795aa6b533dd0d7ded67,outputs/rl/eval/a1_rl_s1
a1_rl_s1,a1_rl,1,1,rl,160,9,1,0,0.0,libero_goal,1576.4014346599579,d6300713ec4771500605795aa6b533dd0d7ded67,outputs/rl/eval/a1_rl_s1
a1_rl_s1,a1_rl,1,1,rl,160,9,2,0,0.0,libero_goal,1576.4014346599579,d6300713ec4771500605795aa6b533dd0d7ded67,outputs/rl/eval/a1_rl_s1
a1_rl_s1,a1_rl,1,1,rl,160,9,3,0,0.0,libero_goal,1576.4014346599579,d6300713ec4771500605795aa6b533dd0d7ded67,outputs/rl/eval/a1_rl_s1
a1_rl_s1,a1_rl,1,1,rl,160,9,4,0,0.0,libero_goal,1576.4014346599579,d6300713ec4771500605795aa6b533dd0d7ded67,outputs/rl/eval/a1_rl_s1
a1_rl_s1,a1_rl,1,1,rl,160,9,5,0,0.0,libero_goal,1576.4014346599579,d6300713ec4771500605795aa6b533dd0d7ded67,outputs/rl/eval/a1_rl_s1
a1_rl_s1,a1_rl,1,1,rl,160,9,6,0,0.0,libero_goal,1576.4014346599579,d6300713ec4771500605795aa6b533dd0d7ded67,outputs/rl/eval/a1_rl_s1
a1_rl_s1,a1_rl,1,1,rl,160,9,7,1,1.0,libero_goal,1576.4014346599579,d6300713ec4771500605795aa6b533dd0d7ded67,outputs/rl/eval/a1_rl_s1
a1_rl_s1,a1_rl,1,1,rl,160,9,8,0,0.0,libero_goal,1576.4014346599579,d6300713ec4771500605795aa6b533dd0d7ded67,outputs/rl/eval/a1_rl_s1
a1_rl_s1,a1_rl,1,1,rl,160,9,9,1,1.0,libero_goal,1576.4014346599579,d6300713ec4771500605795aa6b533dd0d7ded67,outputs/rl/eval/a1_rl_s1
a1_rl_s1,a1_rl,1,1,rl,160,9,10,0,0.0,libero_goal,1576.4014346599579,d6300713ec4771500605795aa6b533dd0d7ded67,outputs/rl/eval/a1_rl_s1
a1_rl_s1,a1_rl,1,1,rl,160,9,11,0,0.0,libero_goal,1576.4014346599579,d6300713ec4771500605795aa6b533dd0d7ded67,outputs/rl/eval/a1_rl_s1
a1_rl_s1,a1_rl,1,1,rl,160,9,12,0,0.0,libero_goal,1576.4014346599579,d6300713ec4771500605795aa6b533dd0d7ded67,outputs/rl/eval/a1_rl_s1
a1_rl_s1,a1_rl,1,1,rl,160,9,13,1,1.0,libero_goal,1576.4014346599579,d6300713ec4771500605795aa6b533dd0d7ded67,outputs/rl/eval/a1_rl_s1
a1_rl_s1,a1_rl,1,1,rl,160,9,14,1,1.0,libero_goal,1576.4014346599579,d6300713ec4771500605795aa6b533dd0d7ded67,outputs/rl/eval/a1_rl_s1
a1_rl_s1,a1_rl,1,1,rl,160,9,15,1,1.0,libero_goal,1576.4014346599579,d6300713ec4771500605795aa6b533dd0d7ded67,outputs/rl/eval/a1_rl_s1
a1_rl_s1,a1_rl,1,1,rl,160,9,16,0,0.0,libero_goal,1576.4014346599579,d6300713ec4771500605795aa6b533dd0d7ded67,outputs/rl/eval/a1_rl_s1
a1_rl_s1,a1_rl,1,1,rl,160,9,17,0,0.0,libero_goal,1576.4014346599579,d6300713ec4771500605795aa6b533dd0d7ded67,outputs/rl/eval/a1_rl_s1
a1_rl_s1,a1_rl,1,1,rl,160,9,18,0,0.0,libero_goal,1576.4014346599579,d6300713ec4771500605795aa6b533dd0d7ded67,outputs/rl/eval/a1_rl_s1
a1_rl_s1,a1_rl,1,1,rl,160,9,19,0,0.0,libero_goal,1576.4014346599579,d6300713ec4771500605795aa6b533dd0d7ded67,outputs/rl/eval/a1_rl_s1
a1_rl_s2,a1_rl,1,2,rl,160,0,0,1,1.0,libero_goal,1691.5268564224243,7101e02b1b97c69f39ca874b3b416b2ea6ca49ed,outputs/rl/eval/a1_rl_s2
a1_rl_s2,a1_rl,1,2,rl,160,0,1,1,1.0,libero_goal,1691.5268564224243,7101e02b1b97c69f39ca874b3b416b2ea6ca49ed,outputs/rl/eval/a1_rl_s2
a1_rl_s2,a1_rl,1,2,rl,160,0,2,1,1.0,libero_goal,1691.5268564224243,7101e02b1b97c69f39ca874b3b416b2ea6ca49ed,outputs/rl/eval/a1_rl_s2
a1_rl_s2,a1_rl,1,2,rl,160,0,3,1,1.0,libero_goal,1691.5268564224243,7101e02b1b97c69f39ca874b3b416b2ea6ca49ed,outputs/rl/eval/a1_rl_s2
a1_rl_s2,a1_rl,1,2,rl,160,0,4,1,1.0,libero_goal,1691.5268564224243,7101e02b1b97c69f39ca874b3b416b2ea6ca49ed,outputs/rl/eval/a1_rl_s2
a1_rl_s2,a1_rl,1,2,rl,160,0,5,1,1.0,libero_goal,1691.5268564224243,7101e02b1b97c69f39ca874b3b416b2ea6ca49ed,outputs/rl/eval/a1_rl_s2
a1_rl_s2,a1_rl,1,2,rl,160,0,6,1,1.0,libero_goal,1691.5268564224243,7101e02b1b97c69f39ca874b3b416b2ea6ca49ed,outputs/rl/eval/a1_rl_s2
a1_rl_s2,a1_rl,1,2,rl,160,0,7,1,1.0,libero_goal,1691.5268564224243,7101e02b1b97c69f39ca874b3b416b2ea6ca49ed,outputs/rl/eval/a1_rl_s2
a1_rl_s2,a1_rl,1,2,rl,160,0,8,1,1.0,libero_goal,1691.5268564224243,7101e02b1b97c69f39ca874b3b416b2ea6ca49ed,outputs/rl/eval/a1_rl_s2
a1_rl_s2,a1_rl,1,2,rl,160,0,9,1,1.0,libero_goal,1691.5268564224243,7101e02b1b97c69f39ca874b3b416b2ea6ca49ed,outputs/rl/eval/a1_rl_s2
a1_rl_s2,a1_rl,1,2,rl,160,0,10,0,0.0,libero_goal,1691.5268564224243,7101e02b1b97c69f39ca874b3b416b2ea6ca49ed,outputs/rl/eval/a1_rl_s2
a1_rl_s2,a1_rl,1,2,rl,160,0,11,0,0.0,libero_goal,1691.5268564224243,7101e02b1b97c69f39ca874b3b416b2ea6ca49ed,outputs/rl/eval/a1_rl_s2
a1_rl_s2,a1_rl,1,2,rl,160,0,12,1,1.0,libero_goal,1691.5268564224243,7101e02b1b97c69f39ca874b3b416b2ea6ca49ed,outputs/rl/eval/a1_rl_s2
a1_rl_s2,a1_rl,1,2,rl,160,0,13,1,1.0,libero_goal,1691.5268564224243,7101e02b1b97c69f39ca874b3b416b2ea6ca49ed,outputs/rl/eval/a1_rl_s2
a1_rl_s2,a1_rl,1,2,rl,160,0,14,0,0.0,libero_goal,1691.5268564224243,7101e02b1b97c69f39ca874b3b416b2ea6ca49ed,outputs/rl/eval/a1_rl_s2
a1_rl_s2,a1_rl,1,2,rl,160,0,15,1,1.0,libero_goal,1691.5268564224243,7101e02b1b97c69f39ca874b3b416b2ea6ca49ed,outputs/rl/eval/a1_rl_s2
a1_rl_s2,a1_rl,1,2,rl,160,0,16,1,1.0,libero_goal,1691.5268564224243,7101e02b1b97c69f39ca874b3b416b2ea6ca49ed,outputs/rl/eval/a1_rl_s2
a1_rl_s2,a1_rl,1,2,rl,160,0,17,1,1.0,libero_goal,1691.5268564224243,7101e02b1b97c69f39ca874b3b416b2ea6ca49ed,outputs/rl/eval/a1_rl_s2
a1_rl_s2,a1_rl,1,2,rl,160,0,18,1,1.0,libero_goal,1691.5268564224243,7101e02b1b97c69f39ca874b3b416b2ea6ca49ed,outputs/rl/eval/a1_rl_s2
a1_rl_s2,a1_rl,1,2,rl,160,0,19,1,1.0,libero_goal,1691.5268564224243,7101e02b1b97c69f39ca874b3b416b2ea6ca49ed,outputs/rl/eval/a1_rl_s2
a1_rl_s2,a1_rl,1,2,rl,160,1,0,1,1.0,libero_goal,1691.5268564224243,7101e02b1b97c69f39ca874b3b416b2ea6ca49ed,outputs/rl/eval/a1_rl_s2
a1_rl_s2,a1_rl,1,2,rl,160,1,1,0,0.0,libero_goal,1691.5268564224243,7101e02b1b97c69f39ca874b3b416b2ea6ca49ed,outputs/rl/eval/a1_rl_s2
a1_rl_s2,a1_rl,1,2,rl,160,1,2,1,1.0,libero_goal,1691.5268564224243,7101e02b1b97c69f39ca874b3b416b2ea6ca49ed,outputs/rl/eval/a1_rl_s2
a1_rl_s2,a1_rl,1,2,rl,160,1,3,0,0.0,libero_goal,1691.5268564224243,7101e02b1b97c69f39ca874b3b416b2ea6ca49ed,outputs/rl/eval/a1_rl_s2
a1_rl_s2,a1_rl,1,2,rl,160,1,4,1,1.0,libero_goal,1691.5268564224243,7101e02b1b97c69f39ca874b3b416b2ea6ca49ed,outputs/rl/eval/a1_rl_s2
a1_rl_s2,a1_rl,1,2,rl,160,1,5,1,1.0,libero_goal,1691.5268564224243,7101e02b1b97c69f39ca874b3b416b2ea6ca49ed,outputs/rl/eval/a1_rl_s2
a1_rl_s2,a1_rl,1,2,rl,160,1,6,1,1.0,libero_goal,1691.5268564224243,7101e02b1b97c69f39ca874b3b416b2ea6ca49ed,outputs/rl/eval/a1_rl_s2
a1_rl_s2,a1_rl,1,2,rl,160,1,7,1,1.0,libero_goal,1691.5268564224243,7101e02b1b97c69f39ca874b3b416b2ea6ca49ed,outputs/rl/eval/a1_rl_s2
a1_rl_s2,a1_rl,1,2,rl,160,1,8,1,1.0,libero_goal,1691.5268564224243,7101e02b1b97c69f39ca874b3b416b2ea6ca49ed,outputs/rl/eval/a1_rl_s2
a1_rl_s2,a1_rl,1,2,rl,160,1,9,1,1.0,libero_goal,1691.5268564224243,7101e02b1b97c69f39ca874b3b416b2ea6ca49ed,outputs/rl/eval/a1_rl_s2
a1_rl_s2,a1_rl,1,2,rl,160,1,10,1,1.0,libero_goal,1691.5268564224243,7101e02b1b97c69f39ca874b3b416b2ea6ca49ed,outputs/rl/eval/a1_rl_s2
a1_rl_s2,a1_rl,1,2,rl,160,1,11,1,1.0,libero_goal,1691.5268564224243,7101e02b1b97c69f39ca874b3b416b2ea6ca49ed,outputs/rl/eval/a1_rl_s2
a1_rl_s2,a1_rl,1,2,rl,160,1,12,1,1.0,libero_goal,1691.5268564224243,7101e02b1b97c69f39ca874b3b416b2ea6ca49ed,outputs/rl/eval/a1_rl_s2
a1_rl_s2,a1_rl,1,2,rl,160,1,13,1,1.0,libero_goal,1691.5268564224243,7101e02b1b97c69f39ca874b3b416b2ea6ca49ed,outputs/rl/eval/a1_rl_s2
a1_rl_s2,a1_rl,1,2,rl,160,1,14,1,1.0,libero_goal,1691.5268564224243,7101e02b1b97c69f39ca874b3b416b2ea6ca49ed,outputs/rl/eval/a1_rl_s2
a1_rl_s2,a1_rl,1,2,rl,160,1,15,1,1.0,libero_goal,1691.5268564224243,7101e02b1b97c69f39ca874b3b416b2ea6ca49ed,outputs/rl/eval/a1_rl_s2
a1_rl_s2,a1_rl,1,2,rl,160,1,16,1,1.0,libero_goal,1691.5268564224243,7101e02b1b97c69f39ca874b3b416b2ea6ca49ed,outputs/rl/eval/a1_rl_s2
a1_rl_s2,a1_rl,1,2,rl,160,1,17,1,1.0,libero_goal,1691.5268564224243,7101e02b1b97c69f39ca874b3b416b2ea6ca49ed,outputs/rl/eval/a1_rl_s2
a1_rl_s2,a1_rl,1,2,rl,160,1,18,1,1.0,libero_goal,1691.5268564224243,7101e02b1b97c69f39ca874b3b416b2ea6ca49ed,outputs/rl/eval/a1_rl_s2
a1_rl_s2,a1_rl,1,2,rl,160,1,19,1,1.0,libero_goal,1691.5268564224243,7101e02b1b97c69f39ca874b3b416b2ea6ca49ed,outputs/rl/eval/a1_rl_s2
a1_rl_s2,a1_rl,1,2,rl,160,2,0,1,1.0,libero_goal,1691.5268564224243,7101e02b1b97c69f39ca874b3b416b2ea6ca49ed,outputs/rl/eval/a1_rl_s2
a1_rl_s2,a1_rl,1,2,rl,160,2,1,0,0.0,libero_goal,1691.5268564224243,7101e02b1b97c69f39ca874b3b416b2ea6ca49ed,outputs/rl/eval/a1_rl_s2
a1_rl_s2,a1_rl,1,2,rl,160,2,2,1,1.0,libero_goal,1691.5268564224243,7101e02b1b97c69f39ca874b3b416b2ea6ca49ed,outputs/rl/eval/a1_rl_s2
a1_rl_s2,a1_rl,1,2,rl,160,2,3,1,1.0,libero_goal,1691.5268564224243,7101e02b1b97c69f39ca874b3b416b2ea6ca49ed,outputs/rl/eval/a1_rl_s2
a1_rl_s2,a1_rl,1,2,rl,160,2,4,0,0.0,libero_goal,1691.5268564224243,7101e02b1b97c69f39ca874b3b416b2ea6ca49ed,outputs/rl/eval/a1_rl_s2
a1_rl_s2,a1_rl,1,2,rl,160,2,5,1,1.0,libero_goal,1691.5268564224243,7101e02b1b97c69f39ca874b3b416b2ea6ca49ed,outputs/rl/eval/a1_rl_s2
a1_rl_s2,a1_rl,1,2,rl,160,2,6,0,0.0,libero_goal,1691.5268564224243,7101e02b1b97c69f39ca874b3b416b2ea6ca49ed,outputs/rl/eval/a1_rl_s2
a1_rl_s2,a1_rl,1,2,rl,160,2,7,0,0.0,libero_goal,1691.5268564224243,7101e02b1b97c69f39ca874b3b416b2ea6ca49ed,outputs/rl/eval/a1_rl_s2
a1_rl_s2,a1_rl,1,2,rl,160,2,8,1,1.0,libero_goal,1691.5268564224243,7101e02b1b97c69f39ca874b3b416b2ea6ca49ed,outputs/rl/eval/a1_rl_s2
a1_rl_s2,a1_rl,1,2,rl,160,2,9,1,1.0,libero_goal,1691.5268564224243,7101e02b1b97c69f39ca874b3b416b2ea6ca49ed,outputs/rl/eval/a1_rl_s2
a1_rl_s2,a1_rl,1,2,rl,160,2,10,1,1.0,libero_goal,1691.5268564224243,7101e02b1b97c69f39ca874b3b416b2ea6ca49ed,outputs/rl/eval/a1_rl_s2
a1_rl_s2,a1_rl,1,2,rl,160,2,11,1,1.0,libero_goal,1691.5268564224243,7101e02b1b97c69f39ca874b3b416b2ea6ca49ed,outputs/rl/eval/a1_rl_s2
a1_rl_s2,a1_rl,1,2,rl,160,2,12,0,0.0,libero_goal,1691.5268564224243,7101e02b1b97c69f39ca874b3b416b2ea6ca49ed,outputs/rl/eval/a1_rl_s2
a1_rl_s2,a1_rl,1,2,rl,160,2,13,0,0.0,libero_goal,1691.5268564224243,7101e02b1b97c69f39ca874b3b416b2ea6ca49ed,outputs/rl/eval/a1_rl_s2
a1_rl_s2,a1_rl,1,2,rl,160,2,14,1,1.0,libero_goal,1691.5268564224243,7101e02b1b97c69f39ca874b3b416b2ea6ca49ed,outputs/rl/eval/a1_rl_s2
a1_rl_s2,a1_rl,1,2,rl,160,2,15,1,1.0,libero_goal,1691.5268564224243,7101e02b1b97c69f39ca874b3b416b2ea6ca49ed,outputs/rl/eval/a1_rl_s2
a1_rl_s2,a1_rl,1,2,rl,160,2,16,1,1.0,libero_goal,1691.5268564224243,7101e02b1b97c69f39ca874b3b416b2ea6ca49ed,outputs/rl/eval/a1_rl_s2
a1_rl_s2,a1_rl,1,2,rl,160,2,17,0,0.0,libero_goal,1691.5268564224243,7101e02b1b97c69f39ca874b3b416b2ea6ca49ed,outputs/rl/eval/a1_rl_s2
a1_rl_s2,a1_rl,1,2,rl,160,2,18,1,1.0,libero_goal,1691.5268564224243,7101e02b1b97c69f39ca874b3b416b2ea6ca49ed,outputs/rl/eval/a1_rl_s2
a1_rl_s2,a1_rl,1,2,rl,160,2,19,0,0.0,libero_goal,1691.5268564224243,7101e02b1b97c69f39ca874b3b416b2ea6ca49ed,outputs/rl/eval/a1_rl_s2
a1_rl_s2,a1_rl,1,2,rl,160,3,0,0,0.0,libero_goal,1691.5268564224243,7101e02b1b97c69f39ca874b3b416b2ea6ca49ed,outputs/rl/eval/a1_rl_s2
a1_rl_s2,a1_rl,1,2,rl,160,3,1,0,0.0,libero_goal,1691.5268564224243,7101e02b1b97c69f39ca874b3b416b2ea6ca49ed,outputs/rl/eval/a1_rl_s2
a1_rl_s2,a1_rl,1,2,rl,160,3,2,0,0.0,libero_goal,1691.5268564224243,7101e02b1b97c69f39ca874b3b416b2ea6ca49ed,outputs/rl/eval/a1_rl_s2
a1_rl_s2,a1_rl,1,2,rl,160,3,3,0,0.0,libero_goal,1691.5268564224243,7101e02b1b97c69f39ca874b3b416b2ea6ca49ed,outputs/rl/eval/a1_rl_s2
a1_rl_s2,a1_rl,1,2,rl,160,3,4,0,0.0,libero_goal,1691.5268564224243,7101e02b1b97c69f39ca874b3b416b2ea6ca49ed,outputs/rl/eval/a1_rl_s2
a1_rl_s2,a1_rl,1,2,rl,160,3,5,0,0.0,libero_goal,1691.5268564224243,7101e02b1b97c69f39ca874b3b416b2ea6ca49ed,outputs/rl/eval/a1_rl_s2
a1_rl_s2,a1_rl,1,2,rl,160,3,6,0,0.0,libero_goal,1691.5268564224243,7101e02b1b97c69f39ca874b3b416b2ea6ca49ed,outputs/rl/eval/a1_rl_s2
a1_rl_s2,a1_rl,1,2,rl,160,3,7,0,0.0,libero_goal,1691.5268564224243,7101e02b1b97c69f39ca874b3b416b2ea6ca49ed,outputs/rl/eval/a1_rl_s2
a1_rl_s2,a1_rl,1,2,rl,160,3,8,0,0.0,libero_goal,1691.5268564224243,7101e02b1b97c69f39ca874b3b416b2ea6ca49ed,outputs/rl/eval/a1_rl_s2
a1_rl_s2,a1_rl,1,2,rl,160,3,9,1,1.0,libero_goal,1691.5268564224243,7101e02b1b97c69f39ca874b3b416b2ea6ca49ed,outputs/rl/eval/a1_rl_s2
a1_rl_s2,a1_rl,1,2,rl,160,3,10,0,0.0,libero_goal,1691.5268564224243,7101e02b1b97c69f39ca874b3b416b2ea6ca49ed,outputs/rl/eval/a1_rl_s2
a1_rl_s2,a1_rl,1,2,rl,160,3,11,0,0.0,libero_goal,1691.5268564224243,7101e02b1b97c69f39ca874b3b416b2ea6ca49ed,outputs/rl/eval/a1_rl_s2
a1_rl_s2,a1_rl,1,2,rl,160,3,12,0,0.0,libero_goal,1691.5268564224243,7101e02b1b97c69f39ca874b3b416b2ea6ca49ed,outputs/rl/eval/a1_rl_s2
a1_rl_s2,a1_rl,1,2,rl,160,3,13,0,0.0,libero_goal,1691.5268564224243,7101e02b1b97c69f39ca874b3b416b2ea6ca49ed,outputs/rl/eval/a1_rl_s2
a1_rl_s2,a1_rl,1,2,rl,160,3,14,0,0.0,libero_goal,1691.5268564224243,7101e02b1b97c69f39ca874b3b416b2ea6ca49ed,outputs/rl/eval/a1_rl_s2
a1_rl_s2,a1_rl,1,2,rl,160,3,15,0,0.0,libero_goal,1691.5268564224243,7101e02b1b97c69f39ca874b3b416b2ea6ca49ed,outputs/rl/eval/a1_rl_s2
a1_rl_s2,a1_rl,1,2,rl,160,3,16,0,0.0,libero_goal,1691.5268564224243,7101e02b1b97c69f39ca874b3b416b2ea6ca49ed,outputs/rl/eval/a1_rl_s2
a1_rl_s2,a1_rl,1,2,rl,160,3,17,1,1.0,libero_goal,1691.5268564224243,7101e02b1b97c69f39ca874b3b416b2ea6ca49ed,outputs/rl/eval/a1_rl_s2
a1_rl_s2,a1_rl,1,2,rl,160,3,18,0,0.0,libero_goal,1691.5268564224243,7101e02b1b97c69f39ca874b3b416b2ea6ca49ed,outputs/rl/eval/a1_rl_s2
a1_rl_s2,a1_rl,1,2,rl,160,3,19,0,0.0,libero_goal,1691.5268564224243,7101e02b1b97c69f39ca874b3b416b2ea6ca49ed,outputs/rl/eval/a1_rl_s2
a1_rl_s2,a1_rl,1,2,rl,160,4,0,0,0.0,libero_goal,1691.5268564224243,7101e02b1b97c69f39ca874b3b416b2ea6ca49ed,outputs/rl/eval/a1_rl_s2
a1_rl_s2,a1_rl,1,2,rl,160,4,1,0,0.0,libero_goal,1691.5268564224243,7101e02b1b97c69f39ca874b3b416b2ea6ca49ed,outputs/rl/eval/a1_rl_s2
a1_rl_s2,a1_rl,1,2,rl,160,4,2,1,1.0,libero_goal,1691.5268564224243,7101e02b1b97c69f39ca874b3b416b2ea6ca49ed,outputs/rl/eval/a1_rl_s2
a1_rl_s2,a1_rl,1,2,rl,160,4,3,0,0.0,libero_goal,1691.5268564224243,7101e02b1b97c69f39ca874b3b416b2ea6ca49ed,outputs/rl/eval/a1_rl_s2
a1_rl_s2,a1_rl,1,2,rl,160,4,4,0,0.0,libero_goal,1691.5268564224243,7101e02b1b97c69f39ca874b3b416b2ea6ca49ed,outputs/rl/eval/a1_rl_s2
a1_rl_s2,a1_rl,1,2,rl,160,4,5,0,0.0,libero_goal,1691.5268564224243,7101e02b1b97c69f39ca874b3b416b2ea6ca49ed,outputs/rl/eval/a1_rl_s2
a1_rl_s2,a1_rl,1,2,rl,160,4,6,0,0.0,libero_goal,1691.5268564224243,7101e02b1b97c69f39ca874b3b416b2ea6ca49ed,outputs/rl/eval/a1_rl_s2
a1_rl_s2,a1_rl,1,2,rl,160,4,7,0,0.0,libero_goal,1691.5268564224243,7101e02b1b97c69f39ca874b3b416b2ea6ca49ed,outputs/rl/eval/a1_rl_s2
a1_rl_s2,a1_rl,1,2,rl,160,4,8,0,0.0,libero_goal,1691.5268564224243,7101e02b1b97c69f39ca874b3b416b2ea6ca49ed,outputs/rl/eval/a1_rl_s2
a1_rl_s2,a1_rl,1,2,rl,160,4,9,0,0.0,libero_goal,1691.5268564224243,7101e02b1b97c69f39ca874b3b416b2ea6ca49ed,outputs/rl/eval/a1_rl_s2
a1_rl_s2,a1_rl,1,2,rl,160,4,10,0,0.0,libero_goal,1691.5268564224243,7101e02b1b97c69f39ca874b3b416b2ea6ca49ed,outputs/rl/eval/a1_rl_s2
a1_rl_s2,a1_rl,1,2,rl,160,4,11,0,0.0,libero_goal,1691.5268564224243,7101e02b1b97c69f39ca874b3b416b2ea6ca49ed,outputs/rl/eval/a1_rl_s2
a1_rl_s2,a1_rl,1,2,rl,160,4,12,1,1.0,libero_goal,1691.5268564224243,7101e02b1b97c69f39ca874b3b416b2ea6ca49ed,outputs/rl/eval/a1_rl_s2
a1_rl_s2,a1_rl,1,2,rl,160,4,13,0,0.0,libero_goal,1691.5268564224243,7101e02b1b97c69f39ca874b3b416b2ea6ca49ed,outputs/rl/eval/a1_rl_s2
a1_rl_s2,a1_rl,1,2,rl,160,4,14,0,0.0,libero_goal,1691.5268564224243,7101e02b1b97c69f39ca874b3b416b2ea6ca49ed,outputs/rl/eval/a1_rl_s2
a1_rl_s2,a1_rl,1,2,rl,160,4,15,0,0.0,libero_goal,1691.5268564224243,7101e02b1b97c69f39ca874b3b416b2ea6ca49ed,outputs/rl/eval/a1_rl_s2
a1_rl_s2,a1_rl,1,2,rl,160,4,16,0,0.0,libero_goal,1691.5268564224243,7101e02b1b97c69f39ca874b3b416b2ea6ca49ed,outputs/rl/eval/a1_rl_s2
a1_rl_s2,a1_rl,1,2,rl,160,4,17,0,0.0,libero_goal,1691.5268564224243,7101e02b1b97c69f39ca874b3b416b2ea6ca49ed,outputs/rl/eval/a1_rl_s2
a1_rl_s2,a1_rl,1,2,rl,160,4,18,0,0.0,libero_goal,1691.5268564224243,7101e02b1b97c69f39ca874b3b416b2ea6ca49ed,outputs/rl/eval/a1_rl_s2
a1_rl_s2,a1_rl,1,2,rl,160,4,19,0,0.0,libero_goal,1691.5268564224243,7101e02b1b97c69f39ca874b3b416b2ea6ca49ed,outputs/rl/eval/a1_rl_s2
a1_rl_s2,a1_rl,1,2,rl,160,5,0,1,1.0,libero_goal,1691.5268564224243,7101e02b1b97c69f39ca874b3b416b2ea6ca49ed,outputs/rl/eval/a1_rl_s2
a1_rl_s2,a1_rl,1,2,rl,160,5,1,1,1.0,libero_goal,1691.5268564224243,7101e02b1b97c69f39ca874b3b416b2ea6ca49ed,outputs/rl/eval/a1_rl_s2
a1_rl_s2,a1_rl,1,2,rl,160,5,2,1,1.0,libero_goal,1691.5268564224243,7101e02b1b97c69f39ca874b3b416b2ea6ca49ed,outputs/rl/eval/a1_rl_s2
a1_rl_s2,a1_rl,1,2,rl,160,5,3,0,0.0,libero_goal,1691.5268564224243,7101e02b1b97c69f39ca874b3b416b2ea6ca49ed,outputs/rl/eval/a1_rl_s2
a1_rl_s2,a1_rl,1,2,rl,160,5,4,1,1.0,libero_goal,1691.5268564224243,7101e02b1b97c69f39ca874b3b416b2ea6ca49ed,outputs/rl/eval/a1_rl_s2
a1_rl_s2,a1_rl,1,2,rl,160,5,5,1,1.0,libero_goal,1691.5268564224243,7101e02b1b97c69f39ca874b3b416b2ea6ca49ed,outputs/rl/eval/a1_rl_s2
a1_rl_s2,a1_rl,1,2,rl,160,5,6,0,0.0,libero_goal,1691.5268564224243,7101e02b1b97c69f39ca874b3b416b2ea6ca49ed,outputs/rl/eval/a1_rl_s2
a1_rl_s2,a1_rl,1,2,rl,160,5,7,0,0.0,libero_goal,1691.5268564224243,7101e02b1b97c69f39ca874b3b416b2ea6ca49ed,outputs/rl/eval/a1_rl_s2
a1_rl_s2,a1_rl,1,2,rl,160,5,8,1,1.0,libero_goal,1691.5268564224243,7101e02b1b97c69f39ca874b3b416b2ea6ca49ed,outputs/rl/eval/a1_rl_s2
a1_rl_s2,a1_rl,1,2,rl,160,5,9,1,1.0,libero_goal,1691.5268564224243,7101e02b1b97c69f39ca874b3b416b2ea6ca49ed,outputs/rl/eval/a1_rl_s2
a1_rl_s2,a1_rl,1,2,rl,160,5,10,1,1.0,libero_goal,1691.5268564224243,7101e02b1b97c69f39ca874b3b416b2ea6ca49ed,outputs/rl/eval/a1_rl_s2
a1_rl_s2,a1_rl,1,2,rl,160,5,11,1,1.0,libero_goal,1691.5268564224243,7101e02b1b97c69f39ca874b3b416b2ea6ca49ed,outputs/rl/eval/a1_rl_s2
a1_rl_s2,a1_rl,1,2,rl,160,5,12,0,0.0,libero_goal,1691.5268564224243,7101e02b1b97c69f39ca874b3b416b2ea6ca49ed,outputs/rl/eval/a1_rl_s2
a1_rl_s2,a1_rl,1,2,rl,160,5,13,0,0.0,libero_goal,1691.5268564224243,7101e02b1b97c69f39ca874b3b416b2ea6ca49ed,outputs/rl/eval/a1_rl_s2
a1_rl_s2,a1_rl,1,2,rl,160,5,14,1,1.0,libero_goal,1691.5268564224243,7101e02b1b97c69f39ca874b3b416b2ea6ca49ed,outputs/rl/eval/a1_rl_s2
a1_rl_s2,a1_rl,1,2,rl,160,5,15,0,0.0,libero_goal,1691.5268564224243,7101e02b1b97c69f39ca874b3b416b2ea6ca49ed,outputs/rl/eval/a1_rl_s2
a1_rl_s2,a1_rl,1,2,rl,160,5,16,0,0.0,libero_goal,1691.5268564224243,7101e02b1b97c69f39ca874b3b416b2ea6ca49ed,outputs/rl/eval/a1_rl_s2
a1_rl_s2,a1_rl,1,2,rl,160,5,17,1,1.0,libero_goal,1691.5268564224243,7101e02b1b97c69f39ca874b3b416b2ea6ca49ed,outputs/rl/eval/a1_rl_s2
a1_rl_s2,a1_rl,1,2,rl,160,5,18,1,1.0,libero_goal,1691.5268564224243,7101e02b1b97c69f39ca874b3b416b2ea6ca49ed,outputs/rl/eval/a1_rl_s2
a1_rl_s2,a1_rl,1,2,rl,160,5,19,1,1.0,libero_goal,1691.5268564224243,7101e02b1b97c69f39ca874b3b416b2ea6ca49ed,outputs/rl/eval/a1_rl_s2
a1_rl_s2,a1_rl,1,2,rl,160,6,0,0,0.0,libero_goal,1691.5268564224243,7101e02b1b97c69f39ca874b3b416b2ea6ca49ed,outputs/rl/eval/a1_rl_s2
a1_rl_s2,a1_rl,1,2,rl,160,6,1,1,1.0,libero_goal,1691.5268564224243,7101e02b1b97c69f39ca874b3b416b2ea6ca49ed,outputs/rl/eval/a1_rl_s2
a1_rl_s2,a1_rl,1,2,rl,160,6,2,0,0.0,libero_goal,1691.5268564224243,7101e02b1b97c69f39ca874b3b416b2ea6ca49ed,outputs/rl/eval/a1_rl_s2
a1_rl_s2,a1_rl,1,2,rl,160,6,3,0,0.0,libero_goal,1691.5268564224243,7101e02b1b97c69f39ca874b3b416b2ea6ca49ed,outputs/rl/eval/a1_rl_s2
a1_rl_s2,a1_rl,1,2,rl,160,6,4,1,1.0,libero_goal,1691.5268564224243,7101e02b1b97c69f39ca874b3b416b2ea6ca49ed,outputs/rl/eval/a1_rl_s2
a1_rl_s2,a1_rl,1,2,rl,160,6,5,0,0.0,libero_goal,1691.5268564224243,7101e02b1b97c69f39ca874b3b416b2ea6ca49ed,outputs/rl/eval/a1_rl_s2
a1_rl_s2,a1_rl,1,2,rl,160,6,6,1,1.0,libero_goal,1691.5268564224243,7101e02b1b97c69f39ca874b3b416b2ea6ca49ed,outputs/rl/eval/a1_rl_s2
a1_rl_s2,a1_rl,1,2,rl,160,6,7,0,0.0,libero_goal,1691.5268564224243,7101e02b1b97c69f39ca874b3b416b2ea6ca49ed,outputs/rl/eval/a1_rl_s2
a1_rl_s2,a1_rl,1,2,rl,160,6,8,1,1.0,libero_goal,1691.5268564224243,7101e02b1b97c69f39ca874b3b416b2ea6ca49ed,outputs/rl/eval/a1_rl_s2
a1_rl_s2,a1_rl,1,2,rl,160,6,9,0,0.0,libero_goal,1691.5268564224243,7101e02b1b97c69f39ca874b3b416b2ea6ca49ed,outputs/rl/eval/a1_rl_s2
a1_rl_s2,a1_rl,1,2,rl,160,6,10,1,1.0,libero_goal,1691.5268564224243,7101e02b1b97c69f39ca874b3b416b2ea6ca49ed,outputs/rl/eval/a1_rl_s2
a1_rl_s2,a1_rl,1,2,rl,160,6,11,1,1.0,libero_goal,1691.5268564224243,7101e02b1b97c69f39ca874b3b416b2ea6ca49ed,outputs/rl/eval/a1_rl_s2
a1_rl_s2,a1_rl,1,2,rl,160,6,12,1,1.0,libero_goal,1691.5268564224243,7101e02b1b97c69f39ca874b3b416b2ea6ca49ed,outputs/rl/eval/a1_rl_s2
a1_rl_s2,a1_rl,1,2,rl,160,6,13,0,0.0,libero_goal,1691.5268564224243,7101e02b1b97c69f39ca874b3b416b2ea6ca49ed,outputs/rl/eval/a1_rl_s2
a1_rl_s2,a1_rl,1,2,rl,160,6,14,1,1.0,libero_goal,1691.5268564224243,7101e02b1b97c69f39ca874b3b416b2ea6ca49ed,outputs/rl/eval/a1_rl_s2
a1_rl_s2,a1_rl,1,2,rl,160,6,15,1,1.0,libero_goal,1691.5268564224243,7101e02b1b97c69f39ca874b3b416b2ea6ca49ed,outputs/rl/eval/a1_rl_s2
a1_rl_s2,a1_rl,1,2,rl,160,6,16,0,0.0,libero_goal,1691.5268564224243,7101e02b1b97c69f39ca874b3b416b2ea6ca49ed,outputs/rl/eval/a1_rl_s2
a1_rl_s2,a1_rl,1,2,rl,160,6,17,0,0.0,libero_goal,1691.5268564224243,7101e02b1b97c69f39ca874b3b416b2ea6ca49ed,outputs/rl/eval/a1_rl_s2
a1_rl_s2,a1_rl,1,2,rl,160,6,18,1,1.0,libero_goal,1691.5268564224243,7101e02b1b97c69f39ca874b3b416b2ea6ca49ed,outputs/rl/eval/a1_rl_s2
a1_rl_s2,a1_rl,1,2,rl,160,6,19,1,1.0,libero_goal,1691.5268564224243,7101e02b1b97c69f39ca874b3b416b2ea6ca49ed,outputs/rl/eval/a1_rl_s2
a1_rl_s2,a1_rl,1,2,rl,160,7,0,1,1.0,libero_goal,1691.5268564224243,7101e02b1b97c69f39ca874b3b416b2ea6ca49ed,outputs/rl/eval/a1_rl_s2
a1_rl_s2,a1_rl,1,2,rl,160,7,1,1,1.0,libero_goal,1691.5268564224243,7101e02b1b97c69f39ca874b3b416b2ea6ca49ed,outputs/rl/eval/a1_rl_s2
a1_rl_s2,a1_rl,1,2,rl,160,7,2,1,1.0,libero_goal,1691.5268564224243,7101e02b1b97c69f39ca874b3b416b2ea6ca49ed,outputs/rl/eval/a1_rl_s2
a1_rl_s2,a1_rl,1,2,rl,160,7,3,0,0.0,libero_goal,1691.5268564224243,7101e02b1b97c69f39ca874b3b416b2ea6ca49ed,outputs/rl/eval/a1_rl_s2
a1_rl_s2,a1_rl,1,2,rl,160,7,4,1,1.0,libero_goal,1691.5268564224243,7101e02b1b97c69f39ca874b3b416b2ea6ca49ed,outputs/rl/eval/a1_rl_s2
a1_rl_s2,a1_rl,1,2,rl,160,7,5,1,1.0,libero_goal,1691.5268564224243,7101e02b1b97c69f39ca874b3b416b2ea6ca49ed,outputs/rl/eval/a1_rl_s2
a1_rl_s2,a1_rl,1,2,rl,160,7,6,1,1.0,libero_goal,1691.5268564224243,7101e02b1b97c69f39ca874b3b416b2ea6ca49ed,outputs/rl/eval/a1_rl_s2
a1_rl_s2,a1_rl,1,2,rl,160,7,7,1,1.0,libero_goal,1691.5268564224243,7101e02b1b97c69f39ca874b3b416b2ea6ca49ed,outputs/rl/eval/a1_rl_s2
a1_rl_s2,a1_rl,1,2,rl,160,7,8,1,1.0,libero_goal,1691.5268564224243,7101e02b1b97c69f39ca874b3b416b2ea6ca49ed,outputs/rl/eval/a1_rl_s2
a1_rl_s2,a1_rl,1,2,rl,160,7,9,1,1.0,libero_goal,1691.5268564224243,7101e02b1b97c69f39ca874b3b416b2ea6ca49ed,outputs/rl/eval/a1_rl_s2
a1_rl_s2,a1_rl,1,2,rl,160,7,10,1,1.0,libero_goal,1691.5268564224243,7101e02b1b97c69f39ca874b3b416b2ea6ca49ed,outputs/rl/eval/a1_rl_s2
a1_rl_s2,a1_rl,1,2,rl,160,7,11,1,1.0,libero_goal,1691.5268564224243,7101e02b1b97c69f39ca874b3b416b2ea6ca49ed,outputs/rl/eval/a1_rl_s2
a1_rl_s2,a1_rl,1,2,rl,160,7,12,0,0.0,libero_goal,1691.5268564224243,7101e02b1b97c69f39ca874b3b416b2ea6ca49ed,outputs/rl/eval/a1_rl_s2
a1_rl_s2,a1_rl,1,2,rl,160,7,13,1,1.0,libero_goal,1691.5268564224243,7101e02b1b97c69f39ca874b3b416b2ea6ca49ed,outputs/rl/eval/a1_rl_s2
a1_rl_s2,a1_rl,1,2,rl,160,7,14,0,0.0,libero_goal,1691.5268564224243,7101e02b1b97c69f39ca874b3b416b2ea6ca49ed,outputs/rl/eval/a1_rl_s2
a1_rl_s2,a1_rl,1,2,rl,160,7,15,0,0.0,libero_goal,1691.5268564224243,7101e02b1b97c69f39ca874b3b416b2ea6ca49ed,outputs/rl/eval/a1_rl_s2
a1_rl_s2,a1_rl,1,2,rl,160,7,16,1,1.0,libero_goal,1691.5268564224243,7101e02b1b97c69f39ca874b3b416b2ea6ca49ed,outputs/rl/eval/a1_rl_s2
a1_rl_s2,a1_rl,1,2,rl,160,7,17,1,1.0,libero_goal,1691.5268564224243,7101e02b1b97c69f39ca874b3b416b2ea6ca49ed,outputs/rl/eval/a1_rl_s2
a1_rl_s2,a1_rl,1,2,rl,160,7,18,0,0.0,libero_goal,1691.5268564224243,7101e02b1b97c69f39ca874b3b416b2ea6ca49ed,outputs/rl/eval/a1_rl_s2
a1_rl_s2,a1_rl,1,2,rl,160,7,19,1,1.0,libero_goal,1691.5268564224243,7101e02b1b97c69f39ca874b3b416b2ea6ca49ed,outputs/rl/eval/a1_rl_s2
a1_rl_s2,a1_rl,1,2,rl,160,8,0,1,1.0,libero_goal,1691.5268564224243,7101e02b1b97c69f39ca874b3b416b2ea6ca49ed,outputs/rl/eval/a1_rl_s2
a1_rl_s2,a1_rl,1,2,rl,160,8,1,1,1.0,libero_goal,1691.5268564224243,7101e02b1b97c69f39ca874b3b416b2ea6ca49ed,outputs/rl/eval/a1_rl_s2
a1_rl_s2,a1_rl,1,2,rl,160,8,2,1,1.0,libero_goal,1691.5268564224243,7101e02b1b97c69f39ca874b3b416b2ea6ca49ed,outputs/rl/eval/a1_rl_s2
a1_rl_s2,a1_rl,1,2,rl,160,8,3,1,1.0,libero_goal,1691.5268564224243,7101e02b1b97c69f39ca874b3b416b2ea6ca49ed,outputs/rl/eval/a1_rl_s2
a1_rl_s2,a1_rl,1,2,rl,160,8,4,1,1.0,libero_goal,1691.5268564224243,7101e02b1b97c69f39ca874b3b416b2ea6ca49ed,outputs/rl/eval/a1_rl_s2
a1_rl_s2,a1_rl,1,2,rl,160,8,5,1,1.0,libero_goal,1691.5268564224243,7101e02b1b97c69f39ca874b3b416b2ea6ca49ed,outputs/rl/eval/a1_rl_s2
a1_rl_s2,a1_rl,1,2,rl,160,8,6,1,1.0,libero_goal,1691.5268564224243,7101e02b1b97c69f39ca874b3b416b2ea6ca49ed,outputs/rl/eval/a1_rl_s2
a1_rl_s2,a1_rl,1,2,rl,160,8,7,1,1.0,libero_goal,1691.5268564224243,7101e02b1b97c69f39ca874b3b416b2ea6ca49ed,outputs/rl/eval/a1_rl_s2
a1_rl_s2,a1_rl,1,2,rl,160,8,8,0,0.0,libero_goal,1691.5268564224243,7101e02b1b97c69f39ca874b3b416b2ea6ca49ed,outputs/rl/eval/a1_rl_s2
a1_rl_s2,a1_rl,1,2,rl,160,8,9,1,1.0,libero_goal,1691.5268564224243,7101e02b1b97c69f39ca874b3b416b2ea6ca49ed,outputs/rl/eval/a1_rl_s2
a1_rl_s2,a1_rl,1,2,rl,160,8,10,0,0.0,libero_goal,1691.5268564224243,7101e02b1b97c69f39ca874b3b416b2ea6ca49ed,outputs/rl/eval/a1_rl_s2
a1_rl_s2,a1_rl,1,2,rl,160,8,11,1,1.0,libero_goal,1691.5268564224243,7101e02b1b97c69f39ca874b3b416b2ea6ca49ed,outputs/rl/eval/a1_rl_s2
a1_rl_s2,a1_rl,1,2,rl,160,8,12,1,1.0,libero_goal,1691.5268564224243,7101e02b1b97c69f39ca874b3b416b2ea6ca49ed,outputs/rl/eval/a1_rl_s2
a1_rl_s2,a1_rl,1,2,rl,160,8,13,1,1.0,libero_goal,1691.5268564224243,7101e02b1b97c69f39ca874b3b416b2ea6ca49ed,outputs/rl/eval/a1_rl_s2
a1_rl_s2,a1_rl,1,2,rl,160,8,14,1,1.0,libero_goal,1691.5268564224243,7101e02b1b97c69f39ca874b3b416b2ea6ca49ed,outputs/rl/eval/a1_rl_s2
a1_rl_s2,a1_rl,1,2,rl,160,8,15,0,0.0,libero_goal,1691.5268564224243,7101e02b1b97c69f39ca874b3b416b2ea6ca49ed,outputs/rl/eval/a1_rl_s2
a1_rl_s2,a1_rl,1,2,rl,160,8,16,0,0.0,libero_goal,1691.5268564224243,7101e02b1b97c69f39ca874b3b416b2ea6ca49ed,outputs/rl/eval/a1_rl_s2
a1_rl_s2,a1_rl,1,2,rl,160,8,17,1,1.0,libero_goal,1691.5268564224243,7101e02b1b97c69f39ca874b3b416b2ea6ca49ed,outputs/rl/eval/a1_rl_s2
a1_rl_s2,a1_rl,1,2,rl,160,8,18,1,1.0,libero_goal,1691.5268564224243,7101e02b1b97c69f39ca874b3b416b2ea6ca49ed,outputs/rl/eval/a1_rl_s2
a1_rl_s2,a1_rl,1,2,rl,160,8,19,1,1.0,libero_goal,1691.5268564224243,7101e02b1b97c69f39ca874b3b416b2ea6ca49ed,outputs/rl/eval/a1_rl_s2
a1_rl_s2,a1_rl,1,2,rl,160,9,0,0,0.0,libero_goal,1691.5268564224243,7101e02b1b97c69f39ca874b3b416b2ea6ca49ed,outputs/rl/eval/a1_rl_s2
a1_rl_s2,a1_rl,1,2,rl,160,9,1,0,0.0,libero_goal,1691.5268564224243,7101e02b1b97c69f39ca874b3b416b2ea6ca49ed,outputs/rl/eval/a1_rl_s2
a1_rl_s2,a1_rl,1,2,rl,160,9,2,0,0.0,libero_goal,1691.5268564224243,7101e02b1b97c69f39ca874b3b416b2ea6ca49ed,outputs/rl/eval/a1_rl_s2
a1_rl_s2,a1_rl,1,2,rl,160,9,3,0,0.0,libero_goal,1691.5268564224243,7101e02b1b97c69f39ca874b3b416b2ea6ca49ed,outputs/rl/eval/a1_rl_s2
a1_rl_s2,a1_rl,1,2,rl,160,9,4,1,1.0,libero_goal,1691.5268564224243,7101e02b1b97c69f39ca874b3b416b2ea6ca49ed,outputs/rl/eval/a1_rl_s2
a1_rl_s2,a1_rl,1,2,rl,160,9,5,0,0.0,libero_goal,1691.5268564224243,7101e02b1b97c69f39ca874b3b416b2ea6ca49ed,outputs/rl/eval/a1_rl_s2
a1_rl_s2,a1_rl,1,2,rl,160,9,6,0,0.0,libero_goal,1691.5268564224243,7101e02b1b97c69f39ca874b3b416b2ea6ca49ed,outputs/rl/eval/a1_rl_s2
a1_rl_s2,a1_rl,1,2,rl,160,9,7,1,1.0,libero_goal,1691.5268564224243,7101e02b1b97c69f39ca874b3b416b2ea6ca49ed,outputs/rl/eval/a1_rl_s2
a1_rl_s2,a1_rl,1,2,rl,160,9,8,1,1.0,libero_goal,1691.5268564224243,7101e02b1b97c69f39ca874b3b416b2ea6ca49ed,outputs/rl/eval/a1_rl_s2
a1_rl_s2,a1_rl,1,2,rl,160,9,9,1,1.0,libero_goal,1691.5268564224243,7101e02b1b97c69f39ca874b3b416b2ea6ca49ed,outputs/rl/eval/a1_rl_s2
a1_rl_s2,a1_rl,1,2,rl,160,9,10,1,1.0,libero_goal,1691.5268564224243,7101e02b1b97c69f39ca874b3b416b2ea6ca49ed,outputs/rl/eval/a1_rl_s2
a1_rl_s2,a1_rl,1,2,rl,160,9,11,1,1.0,libero_goal,1691.5268564224243,7101e02b1b97c69f39ca874b3b416b2ea6ca49ed,outputs/rl/eval/a1_rl_s2
a1_rl_s2,a1_rl,1,2,rl,160,9,12,1,1.0,libero_goal,1691.5268564224243,7101e02b1b97c69f39ca874b3b416b2ea6ca49ed,outputs/rl/eval/a1_rl_s2
a1_rl_s2,a1_rl,1,2,rl,160,9,13,1,1.0,libero_goal,1691.5268564224243,7101e02b1b97c69f39ca874b3b416b2ea6ca49ed,outputs/rl/eval/a1_rl_s2
a1_rl_s2,a1_rl,1,2,rl,160,9,14,1,1.0,libero_goal,1691.5268564224243,7101e02b1b97c69f39ca874b3b416b2ea6ca49ed,outputs/rl/eval/a1_rl_s2
a1_rl_s2,a1_rl,1,2,rl,160,9,15,0,0.0,libero_goal,1691.5268564224243,7101e02b1b97c69f39ca874b3b416b2ea6ca49ed,outputs/rl/eval/a1_rl_s2
a1_rl_s2,a1_rl,1,2,rl,160,9,16,0,0.0,libero_goal,1691.5268564224243,7101e02b1b97c69f39ca874b3b416b2ea6ca49ed,outputs/rl/eval/a1_rl_s2
a1_rl_s2,a1_rl,1,2,rl,160,9,17,0,0.0,libero_goal,1691.5268564224243,7101e02b1b97c69f39ca874b3b416b2ea6ca49ed,outputs/rl/eval/a1_rl_s2
a1_rl_s2,a1_rl,1,2,rl,160,9,18,1,1.0,libero_goal,1691.5268564224243,7101e02b1b97c69f39ca874b3b416b2ea6ca49ed,outputs/rl/eval/a1_rl_s2
a1_rl_s2,a1_rl,1,2,rl,160,9,19,0,0.0,libero_goal,1691.5268564224243,7101e02b1b97c69f39ca874b3b416b2ea6ca49ed,outputs/rl/eval/a1_rl_s2
a1_rl_s3,a1_rl,1,3,rl,160,0,0,1,1.0,libero_goal,1584.7181324958801,7101e02b1b97c69f39ca874b3b416b2ea6ca49ed,outputs/rl/eval/a1_rl_s3
a1_rl_s3,a1_rl,1,3,rl,160,0,1,0,0.0,libero_goal,1584.7181324958801,7101e02b1b97c69f39ca874b3b416b2ea6ca49ed,outputs/rl/eval/a1_rl_s3
a1_rl_s3,a1_rl,1,3,rl,160,0,2,0,0.0,libero_goal,1584.7181324958801,7101e02b1b97c69f39ca874b3b416b2ea6ca49ed,outputs/rl/eval/a1_rl_s3
a1_rl_s3,a1_rl,1,3,rl,160,0,3,0,0.0,libero_goal,1584.7181324958801,7101e02b1b97c69f39ca874b3b416b2ea6ca49ed,outputs/rl/eval/a1_rl_s3
a1_rl_s3,a1_rl,1,3,rl,160,0,4,1,1.0,libero_goal,1584.7181324958801,7101e02b1b97c69f39ca874b3b416b2ea6ca49ed,outputs/rl/eval/a1_rl_s3
a1_rl_s3,a1_rl,1,3,rl,160,0,5,1,1.0,libero_goal,1584.7181324958801,7101e02b1b97c69f39ca874b3b416b2ea6ca49ed,outputs/rl/eval/a1_rl_s3
a1_rl_s3,a1_rl,1,3,rl,160,0,6,1,1.0,libero_goal,1584.7181324958801,7101e02b1b97c69f39ca874b3b416b2ea6ca49ed,outputs/rl/eval/a1_rl_s3
a1_rl_s3,a1_rl,1,3,rl,160,0,7,0,0.0,libero_goal,1584.7181324958801,7101e02b1b97c69f39ca874b3b416b2ea6ca49ed,outputs/rl/eval/a1_rl_s3
a1_rl_s3,a1_rl,1,3,rl,160,0,8,0,0.0,libero_goal,1584.7181324958801,7101e02b1b97c69f39ca874b3b416b2ea6ca49ed,outputs/rl/eval/a1_rl_s3
a1_rl_s3,a1_rl,1,3,rl,160,0,9,0,0.0,libero_goal,1584.7181324958801,7101e02b1b97c69f39ca874b3b416b2ea6ca49ed,outputs/rl/eval/a1_rl_s3
a1_rl_s3,a1_rl,1,3,rl,160,0,10,1,1.0,libero_goal,1584.7181324958801,7101e02b1b97c69f39ca874b3b416b2ea6ca49ed,outputs/rl/eval/a1_rl_s3
a1_rl_s3,a1_rl,1,3,rl,160,0,11,0,0.0,libero_goal,1584.7181324958801,7101e02b1b97c69f39ca874b3b416b2ea6ca49ed,outputs/rl/eval/a1_rl_s3
a1_rl_s3,a1_rl,1,3,rl,160,0,12,1,1.0,libero_goal,1584.7181324958801,7101e02b1b97c69f39ca874b3b416b2ea6ca49ed,outputs/rl/eval/a1_rl_s3
a1_rl_s3,a1_rl,1,3,rl,160,0,13,0,0.0,libero_goal,1584.7181324958801,7101e02b1b97c69f39ca874b3b416b2ea6ca49ed,outputs/rl/eval/a1_rl_s3
a1_rl_s3,a1_rl,1,3,rl,160,0,14,0,0.0,libero_goal,1584.7181324958801,7101e02b1b97c69f39ca874b3b416b2ea6ca49ed,outputs/rl/eval/a1_rl_s3
a1_rl_s3,a1_rl,1,3,rl,160,0,15,0,0.0,libero_goal,1584.7181324958801,7101e02b1b97c69f39ca874b3b416b2ea6ca49ed,outputs/rl/eval/a1_rl_s3
a1_rl_s3,a1_rl,1,3,rl,160,0,16,0,0.0,libero_goal,1584.7181324958801,7101e02b1b97c69f39ca874b3b416b2ea6ca49ed,outputs/rl/eval/a1_rl_s3
a1_rl_s3,a1_rl,1,3,rl,160,0,17,0,0.0,libero_goal,1584.7181324958801,7101e02b1b97c69f39ca874b3b416b2ea6ca49ed,outputs/rl/eval/a1_rl_s3
a1_rl_s3,a1_rl,1,3,rl,160,0,18,0,0.0,libero_goal,1584.7181324958801,7101e02b1b97c69f39ca874b3b416b2ea6ca49ed,outputs/rl/eval/a1_rl_s3
a1_rl_s3,a1_rl,1,3,rl,160,0,19,0,0.0,libero_goal,1584.7181324958801,7101e02b1b97c69f39ca874b3b416b2ea6ca49ed,outputs/rl/eval/a1_rl_s3
a1_rl_s3,a1_rl,1,3,rl,160,1,0,1,1.0,libero_goal,1584.7181324958801,7101e02b1b97c69f39ca874b3b416b2ea6ca49ed,outputs/rl/eval/a1_rl_s3
a1_rl_s3,a1_rl,1,3,rl,160,1,1,0,0.0,libero_goal,1584.7181324958801,7101e02b1b97c69f39ca874b3b416b2ea6ca49ed,outputs/rl/eval/a1_rl_s3
a1_rl_s3,a1_rl,1,3,rl,160,1,2,1,1.0,libero_goal,1584.7181324958801,7101e02b1b97c69f39ca874b3b416b2ea6ca49ed,outputs/rl/eval/a1_rl_s3
a1_rl_s3,a1_rl,1,3,rl,160,1,3,1,1.0,libero_goal,1584.7181324958801,7101e02b1b97c69f39ca874b3b416b2ea6ca49ed,outputs/rl/eval/a1_rl_s3
a1_rl_s3,a1_rl,1,3,rl,160,1,4,1,1.0,libero_goal,1584.7181324958801,7101e02b1b97c69f39ca874b3b416b2ea6ca49ed,outputs/rl/eval/a1_rl_s3
a1_rl_s3,a1_rl,1,3,rl,160,1,5,1,1.0,libero_goal,1584.7181324958801,7101e02b1b97c69f39ca874b3b416b2ea6ca49ed,outputs/rl/eval/a1_rl_s3
a1_rl_s3,a1_rl,1,3,rl,160,1,6,1,1.0,libero_goal,1584.7181324958801,7101e02b1b97c69f39ca874b3b416b2ea6ca49ed,outputs/rl/eval/a1_rl_s3
a1_rl_s3,a1_rl,1,3,rl,160,1,7,1,1.0,libero_goal,1584.7181324958801,7101e02b1b97c69f39ca874b3b416b2ea6ca49ed,outputs/rl/eval/a1_rl_s3
a1_rl_s3,a1_rl,1,3,rl,160,1,8,1,1.0,libero_goal,1584.7181324958801,7101e02b1b97c69f39ca874b3b416b2ea6ca49ed,outputs/rl/eval/a1_rl_s3
a1_rl_s3,a1_rl,1,3,rl,160,1,9,1,1.0,libero_goal,1584.7181324958801,7101e02b1b97c69f39ca874b3b416b2ea6ca49ed,outputs/rl/eval/a1_rl_s3
a1_rl_s3,a1_rl,1,3,rl,160,1,10,1,1.0,libero_goal,1584.7181324958801,7101e02b1b97c69f39ca874b3b416b2ea6ca49ed,outputs/rl/eval/a1_rl_s3
a1_rl_s3,a1_rl,1,3,rl,160,1,11,1,1.0,libero_goal,1584.7181324958801,7101e02b1b97c69f39ca874b3b416b2ea6ca49ed,outputs/rl/eval/a1_rl_s3
a1_rl_s3,a1_rl,1,3,rl,160,1,12,1,1.0,libero_goal,1584.7181324958801,7101e02b1b97c69f39ca874b3b416b2ea6ca49ed,outputs/rl/eval/a1_rl_s3
a1_rl_s3,a1_rl,1,3,rl,160,1,13,1,1.0,libero_goal,1584.7181324958801,7101e02b1b97c69f39ca874b3b416b2ea6ca49ed,outputs/rl/eval/a1_rl_s3
a1_rl_s3,a1_rl,1,3,rl,160,1,14,1,1.0,libero_goal,1584.7181324958801,7101e02b1b97c69f39ca874b3b416b2ea6ca49ed,outputs/rl/eval/a1_rl_s3
a1_rl_s3,a1_rl,1,3,rl,160,1,15,1,1.0,libero_goal,1584.7181324958801,7101e02b1b97c69f39ca874b3b416b2ea6ca49ed,outputs/rl/eval/a1_rl_s3
a1_rl_s3,a1_rl,1,3,rl,160,1,16,1,1.0,libero_goal,1584.7181324958801,7101e02b1b97c69f39ca874b3b416b2ea6ca49ed,outputs/rl/eval/a1_rl_s3
a1_rl_s3,a1_rl,1,3,rl,160,1,17,1,1.0,libero_goal,1584.7181324958801,7101e02b1b97c69f39ca874b3b416b2ea6ca49ed,outputs/rl/eval/a1_rl_s3
a1_rl_s3,a1_rl,1,3,rl,160,1,18,1,1.0,libero_goal,1584.7181324958801,7101e02b1b97c69f39ca874b3b416b2ea6ca49ed,outputs/rl/eval/a1_rl_s3
a1_rl_s3,a1_rl,1,3,rl,160,1,19,1,1.0,libero_goal,1584.7181324958801,7101e02b1b97c69f39ca874b3b416b2ea6ca49ed,outputs/rl/eval/a1_rl_s3
a1_rl_s3,a1_rl,1,3,rl,160,2,0,1,1.0,libero_goal,1584.7181324958801,7101e02b1b97c69f39ca874b3b416b2ea6ca49ed,outputs/rl/eval/a1_rl_s3
a1_rl_s3,a1_rl,1,3,rl,160,2,1,0,0.0,libero_goal,1584.7181324958801,7101e02b1b97c69f39ca874b3b416b2ea6ca49ed,outputs/rl/eval/a1_rl_s3
a1_rl_s3,a1_rl,1,3,rl,160,2,2,1,1.0,libero_goal,1584.7181324958801,7101e02b1b97c69f39ca874b3b416b2ea6ca49ed,outputs/rl/eval/a1_rl_s3
a1_rl_s3,a1_rl,1,3,rl,160,2,3,1,1.0,libero_goal,1584.7181324958801,7101e02b1b97c69f39ca874b3b416b2ea6ca49ed,outputs/rl/eval/a1_rl_s3
a1_rl_s3,a1_rl,1,3,rl,160,2,4,1,1.0,libero_goal,1584.7181324958801,7101e02b1b97c69f39ca874b3b416b2ea6ca49ed,outputs/rl/eval/a1_rl_s3
a1_rl_s3,a1_rl,1,3,rl,160,2,5,1,1.0,libero_goal,1584.7181324958801,7101e02b1b97c69f39ca874b3b416b2ea6ca49ed,outputs/rl/eval/a1_rl_s3
a1_rl_s3,a1_rl,1,3,rl,160,2,6,1,1.0,libero_goal,1584.7181324958801,7101e02b1b97c69f39ca874b3b416b2ea6ca49ed,outputs/rl/eval/a1_rl_s3
a1_rl_s3,a1_rl,1,3,rl,160,2,7,1,1.0,libero_goal,1584.7181324958801,7101e02b1b97c69f39ca874b3b416b2ea6ca49ed,outputs/rl/eval/a1_rl_s3
a1_rl_s3,a1_rl,1,3,rl,160,2,8,0,0.0,libero_goal,1584.7181324958801,7101e02b1b97c69f39ca874b3b416b2ea6ca49ed,outputs/rl/eval/a1_rl_s3
a1_rl_s3,a1_rl,1,3,rl,160,2,9,0,0.0,libero_goal,1584.7181324958801,7101e02b1b97c69f39ca874b3b416b2ea6ca49ed,outputs/rl/eval/a1_rl_s3
a1_rl_s3,a1_rl,1,3,rl,160,2,10,1,1.0,libero_goal,1584.7181324958801,7101e02b1b97c69f39ca874b3b416b2ea6ca49ed,outputs/rl/eval/a1_rl_s3
a1_rl_s3,a1_rl,1,3,rl,160,2,11,1,1.0,libero_goal,1584.7181324958801,7101e02b1b97c69f39ca874b3b416b2ea6ca49ed,outputs/rl/eval/a1_rl_s3
a1_rl_s3,a1_rl,1,3,rl,160,2,12,0,0.0,libero_goal,1584.7181324958801,7101e02b1b97c69f39ca874b3b416b2ea6ca49ed,outputs/rl/eval/a1_rl_s3
a1_rl_s3,a1_rl,1,3,rl,160,2,13,1,1.0,libero_goal,1584.7181324958801,7101e02b1b97c69f39ca874b3b416b2ea6ca49ed,outputs/rl/eval/a1_rl_s3
a1_rl_s3,a1_rl,1,3,rl,160,2,14,1,1.0,libero_goal,1584.7181324958801,7101e02b1b97c69f39ca874b3b416b2ea6ca49ed,outputs/rl/eval/a1_rl_s3
a1_rl_s3,a1_rl,1,3,rl,160,2,15,1,1.0,libero_goal,1584.7181324958801,7101e02b1b97c69f39ca874b3b416b2ea6ca49ed,outputs/rl/eval/a1_rl_s3
a1_rl_s3,a1_rl,1,3,rl,160,2,16,1,1.0,libero_goal,1584.7181324958801,7101e02b1b97c69f39ca874b3b416b2ea6ca49ed,outputs/rl/eval/a1_rl_s3
a1_rl_s3,a1_rl,1,3,rl,160,2,17,1,1.0,libero_goal,1584.7181324958801,7101e02b1b97c69f39ca874b3b416b2ea6ca49ed,outputs/rl/eval/a1_rl_s3
a1_rl_s3,a1_rl,1,3,rl,160,2,18,0,0.0,libero_goal,1584.7181324958801,7101e02b1b97c69f39ca874b3b416b2ea6ca49ed,outputs/rl/eval/a1_rl_s3
a1_rl_s3,a1_rl,1,3,rl,160,2,19,1,1.0,libero_goal,1584.7181324958801,7101e02b1b97c69f39ca874b3b416b2ea6ca49ed,outputs/rl/eval/a1_rl_s3
a1_rl_s3,a1_rl,1,3,rl,160,3,0,0,0.0,libero_goal,1584.7181324958801,7101e02b1b97c69f39ca874b3b416b2ea6ca49ed,outputs/rl/eval/a1_rl_s3
a1_rl_s3,a1_rl,1,3,rl,160,3,1,1,1.0,libero_goal,1584.7181324958801,7101e02b1b97c69f39ca874b3b416b2ea6ca49ed,outputs/rl/eval/a1_rl_s3
a1_rl_s3,a1_rl,1,3,rl,160,3,2,0,0.0,libero_goal,1584.7181324958801,7101e02b1b97c69f39ca874b3b416b2ea6ca49ed,outputs/rl/eval/a1_rl_s3
a1_rl_s3,a1_rl,1,3,rl,160,3,3,0,0.0,libero_goal,1584.7181324958801,7101e02b1b97c69f39ca874b3b416b2ea6ca49ed,outputs/rl/eval/a1_rl_s3
a1_rl_s3,a1_rl,1,3,rl,160,3,4,0,0.0,libero_goal,1584.7181324958801,7101e02b1b97c69f39ca874b3b416b2ea6ca49ed,outputs/rl/eval/a1_rl_s3
a1_rl_s3,a1_rl,1,3,rl,160,3,5,1,1.0,libero_goal,1584.7181324958801,7101e02b1b97c69f39ca874b3b416b2ea6ca49ed,outputs/rl/eval/a1_rl_s3
a1_rl_s3,a1_rl,1,3,rl,160,3,6,1,1.0,libero_goal,1584.7181324958801,7101e02b1b97c69f39ca874b3b416b2ea6ca49ed,outputs/rl/eval/a1_rl_s3
a1_rl_s3,a1_rl,1,3,rl,160,3,7,0,0.0,libero_goal,1584.7181324958801,7101e02b1b97c69f39ca874b3b416b2ea6ca49ed,outputs/rl/eval/a1_rl_s3
a1_rl_s3,a1_rl,1,3,rl,160,3,8,0,0.0,libero_goal,1584.7181324958801,7101e02b1b97c69f39ca874b3b416b2ea6ca49ed,outputs/rl/eval/a1_rl_s3
a1_rl_s3,a1_rl,1,3,rl,160,3,9,1,1.0,libero_goal,1584.7181324958801,7101e02b1b97c69f39ca874b3b416b2ea6ca49ed,outputs/rl/eval/a1_rl_s3
a1_rl_s3,a1_rl,1,3,rl,160,3,10,1,1.0,libero_goal,1584.7181324958801,7101e02b1b97c69f39ca874b3b416b2ea6ca49ed,outputs/rl/eval/a1_rl_s3
a1_rl_s3,a1_rl,1,3,rl,160,3,11,1,1.0,libero_goal,1584.7181324958801,7101e02b1b97c69f39ca874b3b416b2ea6ca49ed,outputs/rl/eval/a1_rl_s3
a1_rl_s3,a1_rl,1,3,rl,160,3,12,0,0.0,libero_goal,1584.7181324958801,7101e02b1b97c69f39ca874b3b416b2ea6ca49ed,outputs/rl/eval/a1_rl_s3
a1_rl_s3,a1_rl,1,3,rl,160,3,13,1,1.0,libero_goal,1584.7181324958801,7101e02b1b97c69f39ca874b3b416b2ea6ca49ed,outputs/rl/eval/a1_rl_s3
a1_rl_s3,a1_rl,1,3,rl,160,3,14,1,1.0,libero_goal,1584.7181324958801,7101e02b1b97c69f39ca874b3b416b2ea6ca49ed,outputs/rl/eval/a1_rl_s3
a1_rl_s3,a1_rl,1,3,rl,160,3,15,0,0.0,libero_goal,1584.7181324958801,7101e02b1b97c69f39ca874b3b416b2ea6ca49ed,outputs/rl/eval/a1_rl_s3
a1_rl_s3,a1_rl,1,3,rl,160,3,16,1,1.0,libero_goal,1584.7181324958801,7101e02b1b97c69f39ca874b3b416b2ea6ca49ed,outputs/rl/eval/a1_rl_s3
a1_rl_s3,a1_rl,1,3,rl,160,3,17,0,0.0,libero_goal,1584.7181324958801,7101e02b1b97c69f39ca874b3b416b2ea6ca49ed,outputs/rl/eval/a1_rl_s3
a1_rl_s3,a1_rl,1,3,rl,160,3,18,1,1.0,libero_goal,1584.7181324958801,7101e02b1b97c69f39ca874b3b416b2ea6ca49ed,outputs/rl/eval/a1_rl_s3
a1_rl_s3,a1_rl,1,3,rl,160,3,19,1,1.0,libero_goal,1584.7181324958801,7101e02b1b97c69f39ca874b3b416b2ea6ca49ed,outputs/rl/eval/a1_rl_s3
a1_rl_s3,a1_rl,1,3,rl,160,4,0,0,0.0,libero_goal,1584.7181324958801,7101e02b1b97c69f39ca874b3b416b2ea6ca49ed,outputs/rl/eval/a1_rl_s3
a1_rl_s3,a1_rl,1,3,rl,160,4,1,1,1.0,libero_goal,1584.7181324958801,7101e02b1b97c69f39ca874b3b416b2ea6ca49ed,outputs/rl/eval/a1_rl_s3
a1_rl_s3,a1_rl,1,3,rl,160,4,2,1,1.0,libero_goal,1584.7181324958801,7101e02b1b97c69f39ca874b3b416b2ea6ca49ed,outputs/rl/eval/a1_rl_s3
a1_rl_s3,a1_rl,1,3,rl,160,4,3,1,1.0,libero_goal,1584.7181324958801,7101e02b1b97c69f39ca874b3b416b2ea6ca49ed,outputs/rl/eval/a1_rl_s3
a1_rl_s3,a1_rl,1,3,rl,160,4,4,1,1.0,libero_goal,1584.7181324958801,7101e02b1b97c69f39ca874b3b416b2ea6ca49ed,outputs/rl/eval/a1_rl_s3
a1_rl_s3,a1_rl,1,3,rl,160,4,5,1,1.0,libero_goal,1584.7181324958801,7101e02b1b97c69f39ca874b3b416b2ea6ca49ed,outputs/rl/eval/a1_rl_s3
a1_rl_s3,a1_rl,1,3,rl,160,4,6,0,0.0,libero_goal,1584.7181324958801,7101e02b1b97c69f39ca874b3b416b2ea6ca49ed,outputs/rl/eval/a1_rl_s3
a1_rl_s3,a1_rl,1,3,rl,160,4,7,1,1.0,libero_goal,1584.7181324958801,7101e02b1b97c69f39ca874b3b416b2ea6ca49ed,outputs/rl/eval/a1_rl_s3
a1_rl_s3,a1_rl,1,3,rl,160,4,8,1,1.0,libero_goal,1584.7181324958801,7101e02b1b97c69f39ca874b3b416b2ea6ca49ed,outputs/rl/eval/a1_rl_s3
a1_rl_s3,a1_rl,1,3,rl,160,4,9,1,1.0,libero_goal,1584.7181324958801,7101e02b1b97c69f39ca874b3b416b2ea6ca49ed,outputs/rl/eval/a1_rl_s3
a1_rl_s3,a1_rl,1,3,rl,160,4,10,1,1.0,libero_goal,1584.7181324958801,7101e02b1b97c69f39ca874b3b416b2ea6ca49ed,outputs/rl/eval/a1_rl_s3
a1_rl_s3,a1_rl,1,3,rl,160,4,11,1,1.0,libero_goal,1584.7181324958801,7101e02b1b97c69f39ca874b3b416b2ea6ca49ed,outputs/rl/eval/a1_rl_s3
a1_rl_s3,a1_rl,1,3,rl,160,4,12,1,1.0,libero_goal,1584.7181324958801,7101e02b1b97c69f39ca874b3b416b2ea6ca49ed,outputs/rl/eval/a1_rl_s3
a1_rl_s3,a1_rl,1,3,rl,160,4,13,1,1.0,libero_goal,1584.7181324958801,7101e02b1b97c69f39ca874b3b416b2ea6ca49ed,outputs/rl/eval/a1_rl_s3
a1_rl_s3,a1_rl,1,3,rl,160,4,14,1,1.0,libero_goal,1584.7181324958801,7101e02b1b97c69f39ca874b3b416b2ea6ca49ed,outputs/rl/eval/a1_rl_s3
a1_rl_s3,a1_rl,1,3,rl,160,4,15,1,1.0,libero_goal,1584.7181324958801,7101e02b1b97c69f39ca874b3b416b2ea6ca49ed,outputs/rl/eval/a1_rl_s3
a1_rl_s3,a1_rl,1,3,rl,160,4,16,1,1.0,libero_goal,1584.7181324958801,7101e02b1b97c69f39ca874b3b416b2ea6ca49ed,outputs/rl/eval/a1_rl_s3
a1_rl_s3,a1_rl,1,3,rl,160,4,17,1,1.0,libero_goal,1584.7181324958801,7101e02b1b97c69f39ca874b3b416b2ea6ca49ed,outputs/rl/eval/a1_rl_s3
a1_rl_s3,a1_rl,1,3,rl,160,4,18,1,1.0,libero_goal,1584.7181324958801,7101e02b1b97c69f39ca874b3b416b2ea6ca49ed,outputs/rl/eval/a1_rl_s3
a1_rl_s3,a1_rl,1,3,rl,160,4,19,1,1.0,libero_goal,1584.7181324958801,7101e02b1b97c69f39ca874b3b416b2ea6ca49ed,outputs/rl/eval/a1_rl_s3
a1_rl_s3,a1_rl,1,3,rl,160,5,0,1,1.0,libero_goal,1584.7181324958801,7101e02b1b97c69f39ca874b3b416b2ea6ca49ed,outputs/rl/eval/a1_rl_s3
a1_rl_s3,a1_rl,1,3,rl,160,5,1,1,1.0,libero_goal,1584.7181324958801,7101e02b1b97c69f39ca874b3b416b2ea6ca49ed,outputs/rl/eval/a1_rl_s3
a1_rl_s3,a1_rl,1,3,rl,160,5,2,0,0.0,libero_goal,1584.7181324958801,7101e02b1b97c69f39ca874b3b416b2ea6ca49ed,outputs/rl/eval/a1_rl_s3
a1_rl_s3,a1_rl,1,3,rl,160,5,3,0,0.0,libero_goal,1584.7181324958801,7101e02b1b97c69f39ca874b3b416b2ea6ca49ed,outputs/rl/eval/a1_rl_s3
a1_rl_s3,a1_rl,1,3,rl,160,5,4,0,0.0,libero_goal,1584.7181324958801,7101e02b1b97c69f39ca874b3b416b2ea6ca49ed,outputs/rl/eval/a1_rl_s3
a1_rl_s3,a1_rl,1,3,rl,160,5,5,0,0.0,libero_goal,1584.7181324958801,7101e02b1b97c69f39ca874b3b416b2ea6ca49ed,outputs/rl/eval/a1_rl_s3
a1_rl_s3,a1_rl,1,3,rl,160,5,6,1,1.0,libero_goal,1584.7181324958801,7101e02b1b97c69f39ca874b3b416b2ea6ca49ed,outputs/rl/eval/a1_rl_s3
a1_rl_s3,a1_rl,1,3,rl,160,5,7,0,0.0,libero_goal,1584.7181324958801,7101e02b1b97c69f39ca874b3b416b2ea6ca49ed,outputs/rl/eval/a1_rl_s3
a1_rl_s3,a1_rl,1,3,rl,160,5,8,1,1.0,libero_goal,1584.7181324958801,7101e02b1b97c69f39ca874b3b416b2ea6ca49ed,outputs/rl/eval/a1_rl_s3
a1_rl_s3,a1_rl,1,3,rl,160,5,9,1,1.0,libero_goal,1584.7181324958801,7101e02b1b97c69f39ca874b3b416b2ea6ca49ed,outputs/rl/eval/a1_rl_s3
a1_rl_s3,a1_rl,1,3,rl,160,5,10,0,0.0,libero_goal,1584.7181324958801,7101e02b1b97c69f39ca874b3b416b2ea6ca49ed,outputs/rl/eval/a1_rl_s3
a1_rl_s3,a1_rl,1,3,rl,160,5,11,0,0.0,libero_goal,1584.7181324958801,7101e02b1b97c69f39ca874b3b416b2ea6ca49ed,outputs/rl/eval/a1_rl_s3
a1_rl_s3,a1_rl,1,3,rl,160,5,12,1,1.0,libero_goal,1584.7181324958801,7101e02b1b97c69f39ca874b3b416b2ea6ca49ed,outputs/rl/eval/a1_rl_s3
a1_rl_s3,a1_rl,1,3,rl,160,5,13,0,0.0,libero_goal,1584.7181324958801,7101e02b1b97c69f39ca874b3b416b2ea6ca49ed,outputs/rl/eval/a1_rl_s3
a1_rl_s3,a1_rl,1,3,rl,160,5,14,1,1.0,libero_goal,1584.7181324958801,7101e02b1b97c69f39ca874b3b416b2ea6ca49ed,outputs/rl/eval/a1_rl_s3
a1_rl_s3,a1_rl,1,3,rl,160,5,15,0,0.0,libero_goal,1584.7181324958801,7101e02b1b97c69f39ca874b3b416b2ea6ca49ed,outputs/rl/eval/a1_rl_s3
a1_rl_s3,a1_rl,1,3,rl,160,5,16,0,0.0,libero_goal,1584.7181324958801,7101e02b1b97c69f39ca874b3b416b2ea6ca49ed,outputs/rl/eval/a1_rl_s3
a1_rl_s3,a1_rl,1,3,rl,160,5,17,0,0.0,libero_goal,1584.7181324958801,7101e02b1b97c69f39ca874b3b416b2ea6ca49ed,outputs/rl/eval/a1_rl_s3
a1_rl_s3,a1_rl,1,3,rl,160,5,18,1,1.0,libero_goal,1584.7181324958801,7101e02b1b97c69f39ca874b3b416b2ea6ca49ed,outputs/rl/eval/a1_rl_s3
a1_rl_s3,a1_rl,1,3,rl,160,5,19,0,0.0,libero_goal,1584.7181324958801,7101e02b1b97c69f39ca874b3b416b2ea6ca49ed,outputs/rl/eval/a1_rl_s3
a1_rl_s3,a1_rl,1,3,rl,160,6,0,0,0.0,libero_goal,1584.7181324958801,7101e02b1b97c69f39ca874b3b416b2ea6ca49ed,outputs/rl/eval/a1_rl_s3
a1_rl_s3,a1_rl,1,3,rl,160,6,1,0,0.0,libero_goal,1584.7181324958801,7101e02b1b97c69f39ca874b3b416b2ea6ca49ed,outputs/rl/eval/a1_rl_s3
a1_rl_s3,a1_rl,1,3,rl,160,6,2,0,0.0,libero_goal,1584.7181324958801,7101e02b1b97c69f39ca874b3b416b2ea6ca49ed,outputs/rl/eval/a1_rl_s3
a1_rl_s3,a1_rl,1,3,rl,160,6,3,1,1.0,libero_goal,1584.7181324958801,7101e02b1b97c69f39ca874b3b416b2ea6ca49ed,outputs/rl/eval/a1_rl_s3
a1_rl_s3,a1_rl,1,3,rl,160,6,4,0,0.0,libero_goal,1584.7181324958801,7101e02b1b97c69f39ca874b3b416b2ea6ca49ed,outputs/rl/eval/a1_rl_s3
a1_rl_s3,a1_rl,1,3,rl,160,6,5,0,0.0,libero_goal,1584.7181324958801,7101e02b1b97c69f39ca874b3b416b2ea6ca49ed,outputs/rl/eval/a1_rl_s3
a1_rl_s3,a1_rl,1,3,rl,160,6,6,0,0.0,libero_goal,1584.7181324958801,7101e02b1b97c69f39ca874b3b416b2ea6ca49ed,outputs/rl/eval/a1_rl_s3
a1_rl_s3,a1_rl,1,3,rl,160,6,7,1,1.0,libero_goal,1584.7181324958801,7101e02b1b97c69f39ca874b3b416b2ea6ca49ed,outputs/rl/eval/a1_rl_s3
a1_rl_s3,a1_rl,1,3,rl,160,6,8,1,1.0,libero_goal,1584.7181324958801,7101e02b1b97c69f39ca874b3b416b2ea6ca49ed,outputs/rl/eval/a1_rl_s3
a1_rl_s3,a1_rl,1,3,rl,160,6,9,1,1.0,libero_goal,1584.7181324958801,7101e02b1b97c69f39ca874b3b416b2ea6ca49ed,outputs/rl/eval/a1_rl_s3
a1_rl_s3,a1_rl,1,3,rl,160,6,10,0,0.0,libero_goal,1584.7181324958801,7101e02b1b97c69f39ca874b3b416b2ea6ca49ed,outputs/rl/eval/a1_rl_s3
a1_rl_s3,a1_rl,1,3,rl,160,6,11,0,0.0,libero_goal,1584.7181324958801,7101e02b1b97c69f39ca874b3b416b2ea6ca49ed,outputs/rl/eval/a1_rl_s3
a1_rl_s3,a1_rl,1,3,rl,160,6,12,0,0.0,libero_goal,1584.7181324958801,7101e02b1b97c69f39ca874b3b416b2ea6ca49ed,outputs/rl/eval/a1_rl_s3
a1_rl_s3,a1_rl,1,3,rl,160,6,13,1,1.0,libero_goal,1584.7181324958801,7101e02b1b97c69f39ca874b3b416b2ea6ca49ed,outputs/rl/eval/a1_rl_s3
a1_rl_s3,a1_rl,1,3,rl,160,6,14,0,0.0,libero_goal,1584.7181324958801,7101e02b1b97c69f39ca874b3b416b2ea6ca49ed,outputs/rl/eval/a1_rl_s3
a1_rl_s3,a1_rl,1,3,rl,160,6,15,0,0.0,libero_goal,1584.7181324958801,7101e02b1b97c69f39ca874b3b416b2ea6ca49ed,outputs/rl/eval/a1_rl_s3
a1_rl_s3,a1_rl,1,3,rl,160,6,16,1,1.0,libero_goal,1584.7181324958801,7101e02b1b97c69f39ca874b3b416b2ea6ca49ed,outputs/rl/eval/a1_rl_s3
a1_rl_s3,a1_rl,1,3,rl,160,6,17,0,0.0,libero_goal,1584.7181324958801,7101e02b1b97c69f39ca874b3b416b2ea6ca49ed,outputs/rl/eval/a1_rl_s3
a1_rl_s3,a1_rl,1,3,rl,160,6,18,0,0.0,libero_goal,1584.7181324958801,7101e02b1b97c69f39ca874b3b416b2ea6ca49ed,outputs/rl/eval/a1_rl_s3
a1_rl_s3,a1_rl,1,3,rl,160,6,19,1,1.0,libero_goal,1584.7181324958801,7101e02b1b97c69f39ca874b3b416b2ea6ca49ed,outputs/rl/eval/a1_rl_s3
a1_rl_s3,a1_rl,1,3,rl,160,7,0,1,1.0,libero_goal,1584.7181324958801,7101e02b1b97c69f39ca874b3b416b2ea6ca49ed,outputs/rl/eval/a1_rl_s3
a1_rl_s3,a1_rl,1,3,rl,160,7,1,1,1.0,libero_goal,1584.7181324958801,7101e02b1b97c69f39ca874b3b416b2ea6ca49ed,outputs/rl/eval/a1_rl_s3
a1_rl_s3,a1_rl,1,3,rl,160,7,2,1,1.0,libero_goal,1584.7181324958801,7101e02b1b97c69f39ca874b3b416b2ea6ca49ed,outputs/rl/eval/a1_rl_s3
a1_rl_s3,a1_rl,1,3,rl,160,7,3,1,1.0,libero_goal,1584.7181324958801,7101e02b1b97c69f39ca874b3b416b2ea6ca49ed,outputs/rl/eval/a1_rl_s3
a1_rl_s3,a1_rl,1,3,rl,160,7,4,1,1.0,libero_goal,1584.7181324958801,7101e02b1b97c69f39ca874b3b416b2ea6ca49ed,outputs/rl/eval/a1_rl_s3
a1_rl_s3,a1_rl,1,3,rl,160,7,5,1,1.0,libero_goal,1584.7181324958801,7101e02b1b97c69f39ca874b3b416b2ea6ca49ed,outputs/rl/eval/a1_rl_s3
a1_rl_s3,a1_rl,1,3,rl,160,7,6,1,1.0,libero_goal,1584.7181324958801,7101e02b1b97c69f39ca874b3b416b2ea6ca49ed,outputs/rl/eval/a1_rl_s3
a1_rl_s3,a1_rl,1,3,rl,160,7,7,1,1.0,libero_goal,1584.7181324958801,7101e02b1b97c69f39ca874b3b416b2ea6ca49ed,outputs/rl/eval/a1_rl_s3
a1_rl_s3,a1_rl,1,3,rl,160,7,8,1,1.0,libero_goal,1584.7181324958801,7101e02b1b97c69f39ca874b3b416b2ea6ca49ed,outputs/rl/eval/a1_rl_s3
a1_rl_s3,a1_rl,1,3,rl,160,7,9,1,1.0,libero_goal,1584.7181324958801,7101e02b1b97c69f39ca874b3b416b2ea6ca49ed,outputs/rl/eval/a1_rl_s3
a1_rl_s3,a1_rl,1,3,rl,160,7,10,1,1.0,libero_goal,1584.7181324958801,7101e02b1b97c69f39ca874b3b416b2ea6ca49ed,outputs/rl/eval/a1_rl_s3
a1_rl_s3,a1_rl,1,3,rl,160,7,11,1,1.0,libero_goal,1584.7181324958801,7101e02b1b97c69f39ca874b3b416b2ea6ca49ed,outputs/rl/eval/a1_rl_s3
a1_rl_s3,a1_rl,1,3,rl,160,7,12,1,1.0,libero_goal,1584.7181324958801,7101e02b1b97c69f39ca874b3b416b2ea6ca49ed,outputs/rl/eval/a1_rl_s3
a1_rl_s3,a1_rl,1,3,rl,160,7,13,1,1.0,libero_goal,1584.7181324958801,7101e02b1b97c69f39ca874b3b416b2ea6ca49ed,outputs/rl/eval/a1_rl_s3
a1_rl_s3,a1_rl,1,3,rl,160,7,14,1,1.0,libero_goal,1584.7181324958801,7101e02b1b97c69f39ca874b3b416b2ea6ca49ed,outputs/rl/eval/a1_rl_s3
a1_rl_s3,a1_rl,1,3,rl,160,7,15,1,1.0,libero_goal,1584.7181324958801,7101e02b1b97c69f39ca874b3b416b2ea6ca49ed,outputs/rl/eval/a1_rl_s3
a1_rl_s3,a1_rl,1,3,rl,160,7,16,1,1.0,libero_goal,1584.7181324958801,7101e02b1b97c69f39ca874b3b416b2ea6ca49ed,outputs/rl/eval/a1_rl_s3
a1_rl_s3,a1_rl,1,3,rl,160,7,17,1,1.0,libero_goal,1584.7181324958801,7101e02b1b97c69f39ca874b3b416b2ea6ca49ed,outputs/rl/eval/a1_rl_s3
a1_rl_s3,a1_rl,1,3,rl,160,7,18,1,1.0,libero_goal,1584.7181324958801,7101e02b1b97c69f39ca874b3b416b2ea6ca49ed,outputs/rl/eval/a1_rl_s3
a1_rl_s3,a1_rl,1,3,rl,160,7,19,1,1.0,libero_goal,1584.7181324958801,7101e02b1b97c69f39ca874b3b416b2ea6ca49ed,outputs/rl/eval/a1_rl_s3
a1_rl_s3,a1_rl,1,3,rl,160,8,0,1,1.0,libero_goal,1584.7181324958801,7101e02b1b97c69f39ca874b3b416b2ea6ca49ed,outputs/rl/eval/a1_rl_s3
a1_rl_s3,a1_rl,1,3,rl,160,8,1,0,0.0,libero_goal,1584.7181324958801,7101e02b1b97c69f39ca874b3b416b2ea6ca49ed,outputs/rl/eval/a1_rl_s3
a1_rl_s3,a1_rl,1,3,rl,160,8,2,1,1.0,libero_goal,1584.7181324958801,7101e02b1b97c69f39ca874b3b416b2ea6ca49ed,outputs/rl/eval/a1_rl_s3
a1_rl_s3,a1_rl,1,3,rl,160,8,3,0,0.0,libero_goal,1584.7181324958801,7101e02b1b97c69f39ca874b3b416b2ea6ca49ed,outputs/rl/eval/a1_rl_s3
a1_rl_s3,a1_rl,1,3,rl,160,8,4,1,1.0,libero_goal,1584.7181324958801,7101e02b1b97c69f39ca874b3b416b2ea6ca49ed,outputs/rl/eval/a1_rl_s3
a1_rl_s3,a1_rl,1,3,rl,160,8,5,1,1.0,libero_goal,1584.7181324958801,7101e02b1b97c69f39ca874b3b416b2ea6ca49ed,outputs/rl/eval/a1_rl_s3
a1_rl_s3,a1_rl,1,3,rl,160,8,6,0,0.0,libero_goal,1584.7181324958801,7101e02b1b97c69f39ca874b3b416b2ea6ca49ed,outputs/rl/eval/a1_rl_s3
a1_rl_s3,a1_rl,1,3,rl,160,8,7,0,0.0,libero_goal,1584.7181324958801,7101e02b1b97c69f39ca874b3b416b2ea6ca49ed,outputs/rl/eval/a1_rl_s3
a1_rl_s3,a1_rl,1,3,rl,160,8,8,0,0.0,libero_goal,1584.7181324958801,7101e02b1b97c69f39ca874b3b416b2ea6ca49ed,outputs/rl/eval/a1_rl_s3
a1_rl_s3,a1_rl,1,3,rl,160,8,9,0,0.0,libero_goal,1584.7181324958801,7101e02b1b97c69f39ca874b3b416b2ea6ca49ed,outputs/rl/eval/a1_rl_s3
a1_rl_s3,a1_rl,1,3,rl,160,8,10,1,1.0,libero_goal,1584.7181324958801,7101e02b1b97c69f39ca874b3b416b2ea6ca49ed,outputs/rl/eval/a1_rl_s3
a1_rl_s3,a1_rl,1,3,rl,160,8,11,0,0.0,libero_goal,1584.7181324958801,7101e02b1b97c69f39ca874b3b416b2ea6ca49ed,outputs/rl/eval/a1_rl_s3
a1_rl_s3,a1_rl,1,3,rl,160,8,12,1,1.0,libero_goal,1584.7181324958801,7101e02b1b97c69f39ca874b3b416b2ea6ca49ed,outputs/rl/eval/a1_rl_s3
a1_rl_s3,a1_rl,1,3,rl,160,8,13,0,0.0,libero_goal,1584.7181324958801,7101e02b1b97c69f39ca874b3b416b2ea6ca49ed,outputs/rl/eval/a1_rl_s3
a1_rl_s3,a1_rl,1,3,rl,160,8,14,1,1.0,libero_goal,1584.7181324958801,7101e02b1b97c69f39ca874b3b416b2ea6ca49ed,outputs/rl/eval/a1_rl_s3
a1_rl_s3,a1_rl,1,3,rl,160,8,15,1,1.0,libero_goal,1584.7181324958801,7101e02b1b97c69f39ca874b3b416b2ea6ca49ed,outputs/rl/eval/a1_rl_s3
a1_rl_s3,a1_rl,1,3,rl,160,8,16,0,0.0,libero_goal,1584.7181324958801,7101e02b1b97c69f39ca874b3b416b2ea6ca49ed,outputs/rl/eval/a1_rl_s3
a1_rl_s3,a1_rl,1,3,rl,160,8,17,0,0.0,libero_goal,1584.7181324958801,7101e02b1b97c69f39ca874b3b416b2ea6ca49ed,outputs/rl/eval/a1_rl_s3
a1_rl_s3,a1_rl,1,3,rl,160,8,18,0,0.0,libero_goal,1584.7181324958801,7101e02b1b97c69f39ca874b3b416b2ea6ca49ed,outputs/rl/eval/a1_rl_s3
a1_rl_s3,a1_rl,1,3,rl,160,8,19,1,1.0,libero_goal,1584.7181324958801,7101e02b1b97c69f39ca874b3b416b2ea6ca49ed,outputs/rl/eval/a1_rl_s3
a1_rl_s3,a1_rl,1,3,rl,160,9,0,0,0.0,libero_goal,1584.7181324958801,7101e02b1b97c69f39ca874b3b416b2ea6ca49ed,outputs/rl/eval/a1_rl_s3
a1_rl_s3,a1_rl,1,3,rl,160,9,1,0,0.0,libero_goal,1584.7181324958801,7101e02b1b97c69f39ca874b3b416b2ea6ca49ed,outputs/rl/eval/a1_rl_s3
a1_rl_s3,a1_rl,1,3,rl,160,9,2,0,0.0,libero_goal,1584.7181324958801,7101e02b1b97c69f39ca874b3b416b2ea6ca49ed,outputs/rl/eval/a1_rl_s3
a1_rl_s3,a1_rl,1,3,rl,160,9,3,0,0.0,libero_goal,1584.7181324958801,7101e02b1b97c69f39ca874b3b416b2ea6ca49ed,outputs/rl/eval/a1_rl_s3
a1_rl_s3,a1_rl,1,3,rl,160,9,4,0,0.0,libero_goal,1584.7181324958801,7101e02b1b97c69f39ca874b3b416b2ea6ca49ed,outputs/rl/eval/a1_rl_s3
a1_rl_s3,a1_rl,1,3,rl,160,9,5,0,0.0,libero_goal,1584.7181324958801,7101e02b1b97c69f39ca874b3b416b2ea6ca49ed,outputs/rl/eval/a1_rl_s3
a1_rl_s3,a1_rl,1,3,rl,160,9,6,0,0.0,libero_goal,1584.7181324958801,7101e02b1b97c69f39ca874b3b416b2ea6ca49ed,outputs/rl/eval/a1_rl_s3
a1_rl_s3,a1_rl,1,3,rl,160,9,7,0,0.0,libero_goal,1584.7181324958801,7101e02b1b97c69f39ca874b3b416b2ea6ca49ed,outputs/rl/eval/a1_rl_s3
a1_rl_s3,a1_rl,1,3,rl,160,9,8,0,0.0,libero_goal,1584.7181324958801,7101e02b1b97c69f39ca874b3b416b2ea6ca49ed,outputs/rl/eval/a1_rl_s3
a1_rl_s3,a1_rl,1,3,rl,160,9,9,0,0.0,libero_goal,1584.7181324958801,7101e02b1b97c69f39ca874b3b416b2ea6ca49ed,outputs/rl/eval/a1_rl_s3
a1_rl_s3,a1_rl,1,3,rl,160,9,10,0,0.0,libero_goal,1584.7181324958801,7101e02b1b97c69f39ca874b3b416b2ea6ca49ed,outputs/rl/eval/a1_rl_s3
a1_rl_s3,a1_rl,1,3,rl,160,9,11,0,0.0,libero_goal,1584.7181324958801,7101e02b1b97c69f39ca874b3b416b2ea6ca49ed,outputs/rl/eval/a1_rl_s3
a1_rl_s3,a1_rl,1,3,rl,160,9,12,1,1.0,libero_goal,1584.7181324958801,7101e02b1b97c69f39ca874b3b416b2ea6ca49ed,outputs/rl/eval/a1_rl_s3
a1_rl_s3,a1_rl,1,3,rl,160,9,13,0,0.0,libero_goal,1584.7181324958801,7101e02b1b97c69f39ca874b3b416b2ea6ca49ed,outputs/rl/eval/a1_rl_s3
a1_rl_s3,a1_rl,1,3,rl,160,9,14,0,0.0,libero_goal,1584.7181324958801,7101e02b1b97c69f39ca874b3b416b2ea6ca49ed,outputs/rl/eval/a1_rl_s3
a1_rl_s3,a1_rl,1,3,rl,160,9,15,0,0.0,libero_goal,1584.7181324958801,7101e02b1b97c69f39ca874b3b416b2ea6ca49ed,outputs/rl/eval/a1_rl_s3
a1_rl_s3,a1_rl,1,3,rl,160,9,16,0,0.0,libero_goal,1584.7181324958801,7101e02b1b97c69f39ca874b3b416b2ea6ca49ed,outputs/rl/eval/a1_rl_s3
a1_rl_s3,a1_rl,1,3,rl,160,9,17,0,0.0,libero_goal,1584.7181324958801,7101e02b1b97c69f39ca874b3b416b2ea6ca49ed,outputs/rl/eval/a1_rl_s3
a1_rl_s3,a1_rl,1,3,rl,160,9,18,0,0.0,libero_goal,1584.7181324958801,7101e02b1b97c69f39ca874b3b416b2ea6ca49ed,outputs/rl/eval/a1_rl_s3
a1_rl_s3,a1_rl,1,3,rl,160,9,19,0,0.0,libero_goal,1584.7181324958801,7101e02b1b97c69f39ca874b3b416b2ea6ca49ed,outputs/rl/eval/a1_rl_s3
a1_rl_s4,a1_rl,1,4,rl,160,0,0,0,0.0,libero_goal,1640.2952449321747,7101e02b1b97c69f39ca874b3b416b2ea6ca49ed,outputs/rl/eval/a1_rl_s4
a1_rl_s4,a1_rl,1,4,rl,160,0,1,0,0.0,libero_goal,1640.2952449321747,7101e02b1b97c69f39ca874b3b416b2ea6ca49ed,outputs/rl/eval/a1_rl_s4
a1_rl_s4,a1_rl,1,4,rl,160,0,2,0,0.0,libero_goal,1640.2952449321747,7101e02b1b97c69f39ca874b3b416b2ea6ca49ed,outputs/rl/eval/a1_rl_s4
a1_rl_s4,a1_rl,1,4,rl,160,0,3,1,1.0,libero_goal,1640.2952449321747,7101e02b1b97c69f39ca874b3b416b2ea6ca49ed,outputs/rl/eval/a1_rl_s4
a1_rl_s4,a1_rl,1,4,rl,160,0,4,0,0.0,libero_goal,1640.2952449321747,7101e02b1b97c69f39ca874b3b416b2ea6ca49ed,outputs/rl/eval/a1_rl_s4
a1_rl_s4,a1_rl,1,4,rl,160,0,5,0,0.0,libero_goal,1640.2952449321747,7101e02b1b97c69f39ca874b3b416b2ea6ca49ed,outputs/rl/eval/a1_rl_s4
a1_rl_s4,a1_rl,1,4,rl,160,0,6,0,0.0,libero_goal,1640.2952449321747,7101e02b1b97c69f39ca874b3b416b2ea6ca49ed,outputs/rl/eval/a1_rl_s4
a1_rl_s4,a1_rl,1,4,rl,160,0,7,0,0.0,libero_goal,1640.2952449321747,7101e02b1b97c69f39ca874b3b416b2ea6ca49ed,outputs/rl/eval/a1_rl_s4
a1_rl_s4,a1_rl,1,4,rl,160,0,8,0,0.0,libero_goal,1640.2952449321747,7101e02b1b97c69f39ca874b3b416b2ea6ca49ed,outputs/rl/eval/a1_rl_s4
a1_rl_s4,a1_rl,1,4,rl,160,0,9,0,0.0,libero_goal,1640.2952449321747,7101e02b1b97c69f39ca874b3b416b2ea6ca49ed,outputs/rl/eval/a1_rl_s4
a1_rl_s4,a1_rl,1,4,rl,160,0,10,0,0.0,libero_goal,1640.2952449321747,7101e02b1b97c69f39ca874b3b416b2ea6ca49ed,outputs/rl/eval/a1_rl_s4
a1_rl_s4,a1_rl,1,4,rl,160,0,11,0,0.0,libero_goal,1640.2952449321747,7101e02b1b97c69f39ca874b3b416b2ea6ca49ed,outputs/rl/eval/a1_rl_s4
a1_rl_s4,a1_rl,1,4,rl,160,0,12,0,0.0,libero_goal,1640.2952449321747,7101e02b1b97c69f39ca874b3b416b2ea6ca49ed,outputs/rl/eval/a1_rl_s4
a1_rl_s4,a1_rl,1,4,rl,160,0,13,0,0.0,libero_goal,1640.2952449321747,7101e02b1b97c69f39ca874b3b416b2ea6ca49ed,outputs/rl/eval/a1_rl_s4
a1_rl_s4,a1_rl,1,4,rl,160,0,14,0,0.0,libero_goal,1640.2952449321747,7101e02b1b97c69f39ca874b3b416b2ea6ca49ed,outputs/rl/eval/a1_rl_s4
a1_rl_s4,a1_rl,1,4,rl,160,0,15,0,0.0,libero_goal,1640.2952449321747,7101e02b1b97c69f39ca874b3b416b2ea6ca49ed,outputs/rl/eval/a1_rl_s4
a1_rl_s4,a1_rl,1,4,rl,160,0,16,0,0.0,libero_goal,1640.2952449321747,7101e02b1b97c69f39ca874b3b416b2ea6ca49ed,outputs/rl/eval/a1_rl_s4
a1_rl_s4,a1_rl,1,4,rl,160,0,17,0,0.0,libero_goal,1640.2952449321747,7101e02b1b97c69f39ca874b3b416b2ea6ca49ed,outputs/rl/eval/a1_rl_s4
a1_rl_s4,a1_rl,1,4,rl,160,0,18,0,0.0,libero_goal,1640.2952449321747,7101e02b1b97c69f39ca874b3b416b2ea6ca49ed,outputs/rl/eval/a1_rl_s4
a1_rl_s4,a1_rl,1,4,rl,160,0,19,0,0.0,libero_goal,1640.2952449321747,7101e02b1b97c69f39ca874b3b416b2ea6ca49ed,outputs/rl/eval/a1_rl_s4
a1_rl_s4,a1_rl,1,4,rl,160,1,0,1,1.0,libero_goal,1640.2952449321747,7101e02b1b97c69f39ca874b3b416b2ea6ca49ed,outputs/rl/eval/a1_rl_s4
a1_rl_s4,a1_rl,1,4,rl,160,1,1,0,0.0,libero_goal,1640.2952449321747,7101e02b1b97c69f39ca874b3b416b2ea6ca49ed,outputs/rl/eval/a1_rl_s4
a1_rl_s4,a1_rl,1,4,rl,160,1,2,0,0.0,libero_goal,1640.2952449321747,7101e02b1b97c69f39ca874b3b416b2ea6ca49ed,outputs/rl/eval/a1_rl_s4
a1_rl_s4,a1_rl,1,4,rl,160,1,3,0,0.0,libero_goal,1640.2952449321747,7101e02b1b97c69f39ca874b3b416b2ea6ca49ed,outputs/rl/eval/a1_rl_s4
a1_rl_s4,a1_rl,1,4,rl,160,1,4,0,0.0,libero_goal,1640.2952449321747,7101e02b1b97c69f39ca874b3b416b2ea6ca49ed,outputs/rl/eval/a1_rl_s4
a1_rl_s4,a1_rl,1,4,rl,160,1,5,0,0.0,libero_goal,1640.2952449321747,7101e02b1b97c69f39ca874b3b416b2ea6ca49ed,outputs/rl/eval/a1_rl_s4
a1_rl_s4,a1_rl,1,4,rl,160,1,6,0,0.0,libero_goal,1640.2952449321747,7101e02b1b97c69f39ca874b3b416b2ea6ca49ed,outputs/rl/eval/a1_rl_s4
a1_rl_s4,a1_rl,1,4,rl,160,1,7,1,1.0,libero_goal,1640.2952449321747,7101e02b1b97c69f39ca874b3b416b2ea6ca49ed,outputs/rl/eval/a1_rl_s4
a1_rl_s4,a1_rl,1,4,rl,160,1,8,0,0.0,libero_goal,1640.2952449321747,7101e02b1b97c69f39ca874b3b416b2ea6ca49ed,outputs/rl/eval/a1_rl_s4
a1_rl_s4,a1_rl,1,4,rl,160,1,9,1,1.0,libero_goal,1640.2952449321747,7101e02b1b97c69f39ca874b3b416b2ea6ca49ed,outputs/rl/eval/a1_rl_s4
a1_rl_s4,a1_rl,1,4,rl,160,1,10,1,1.0,libero_goal,1640.2952449321747,7101e02b1b97c69f39ca874b3b416b2ea6ca49ed,outputs/rl/eval/a1_rl_s4
a1_rl_s4,a1_rl,1,4,rl,160,1,11,1,1.0,libero_goal,1640.2952449321747,7101e02b1b97c69f39ca874b3b416b2ea6ca49ed,outputs/rl/eval/a1_rl_s4
a1_rl_s4,a1_rl,1,4,rl,160,1,12,0,0.0,libero_goal,1640.2952449321747,7101e02b1b97c69f39ca874b3b416b2ea6ca49ed,outputs/rl/eval/a1_rl_s4
a1_rl_s4,a1_rl,1,4,rl,160,1,13,0,0.0,libero_goal,1640.2952449321747,7101e02b1b97c69f39ca874b3b416b2ea6ca49ed,outputs/rl/eval/a1_rl_s4
a1_rl_s4,a1_rl,1,4,rl,160,1,14,1,1.0,libero_goal,1640.2952449321747,7101e02b1b97c69f39ca874b3b416b2ea6ca49ed,outputs/rl/eval/a1_rl_s4
a1_rl_s4,a1_rl,1,4,rl,160,1,15,0,0.0,libero_goal,1640.2952449321747,7101e02b1b97c69f39ca874b3b416b2ea6ca49ed,outputs/rl/eval/a1_rl_s4
a1_rl_s4,a1_rl,1,4,rl,160,1,16,0,0.0,libero_goal,1640.2952449321747,7101e02b1b97c69f39ca874b3b416b2ea6ca49ed,outputs/rl/eval/a1_rl_s4
a1_rl_s4,a1_rl,1,4,rl,160,1,17,0,0.0,libero_goal,1640.2952449321747,7101e02b1b97c69f39ca874b3b416b2ea6ca49ed,outputs/rl/eval/a1_rl_s4
a1_rl_s4,a1_rl,1,4,rl,160,1,18,0,0.0,libero_goal,1640.2952449321747,7101e02b1b97c69f39ca874b3b416b2ea6ca49ed,outputs/rl/eval/a1_rl_s4
a1_rl_s4,a1_rl,1,4,rl,160,1,19,0,0.0,libero_goal,1640.2952449321747,7101e02b1b97c69f39ca874b3b416b2ea6ca49ed,outputs/rl/eval/a1_rl_s4
a1_rl_s4,a1_rl,1,4,rl,160,2,0,0,0.0,libero_goal,1640.2952449321747,7101e02b1b97c69f39ca874b3b416b2ea6ca49ed,outputs/rl/eval/a1_rl_s4
a1_rl_s4,a1_rl,1,4,rl,160,2,1,1,1.0,libero_goal,1640.2952449321747,7101e02b1b97c69f39ca874b3b416b2ea6ca49ed,outputs/rl/eval/a1_rl_s4
a1_rl_s4,a1_rl,1,4,rl,160,2,2,1,1.0,libero_goal,1640.2952449321747,7101e02b1b97c69f39ca874b3b416b2ea6ca49ed,outputs/rl/eval/a1_rl_s4
a1_rl_s4,a1_rl,1,4,rl,160,2,3,0,0.0,libero_goal,1640.2952449321747,7101e02b1b97c69f39ca874b3b416b2ea6ca49ed,outputs/rl/eval/a1_rl_s4
a1_rl_s4,a1_rl,1,4,rl,160,2,4,0,0.0,libero_goal,1640.2952449321747,7101e02b1b97c69f39ca874b3b416b2ea6ca49ed,outputs/rl/eval/a1_rl_s4
a1_rl_s4,a1_rl,1,4,rl,160,2,5,0,0.0,libero_goal,1640.2952449321747,7101e02b1b97c69f39ca874b3b416b2ea6ca49ed,outputs/rl/eval/a1_rl_s4
a1_rl_s4,a1_rl,1,4,rl,160,2,6,0,0.0,libero_goal,1640.2952449321747,7101e02b1b97c69f39ca874b3b416b2ea6ca49ed,outputs/rl/eval/a1_rl_s4
a1_rl_s4,a1_rl,1,4,rl,160,2,7,0,0.0,libero_goal,1640.2952449321747,7101e02b1b97c69f39ca874b3b416b2ea6ca49ed,outputs/rl/eval/a1_rl_s4
a1_rl_s4,a1_rl,1,4,rl,160,2,8,1,1.0,libero_goal,1640.2952449321747,7101e02b1b97c69f39ca874b3b416b2ea6ca49ed,outputs/rl/eval/a1_rl_s4
a1_rl_s4,a1_rl,1,4,rl,160,2,9,0,0.0,libero_goal,1640.2952449321747,7101e02b1b97c69f39ca874b3b416b2ea6ca49ed,outputs/rl/eval/a1_rl_s4
a1_rl_s4,a1_rl,1,4,rl,160,2,10,1,1.0,libero_goal,1640.2952449321747,7101e02b1b97c69f39ca874b3b416b2ea6ca49ed,outputs/rl/eval/a1_rl_s4
a1_rl_s4,a1_rl,1,4,rl,160,2,11,1,1.0,libero_goal,1640.2952449321747,7101e02b1b97c69f39ca874b3b416b2ea6ca49ed,outputs/rl/eval/a1_rl_s4
a1_rl_s4,a1_rl,1,4,rl,160,2,12,0,0.0,libero_goal,1640.2952449321747,7101e02b1b97c69f39ca874b3b416b2ea6ca49ed,outputs/rl/eval/a1_rl_s4
a1_rl_s4,a1_rl,1,4,rl,160,2,13,1,1.0,libero_goal,1640.2952449321747,7101e02b1b97c69f39ca874b3b416b2ea6ca49ed,outputs/rl/eval/a1_rl_s4
a1_rl_s4,a1_rl,1,4,rl,160,2,14,0,0.0,libero_goal,1640.2952449321747,7101e02b1b97c69f39ca874b3b416b2ea6ca49ed,outputs/rl/eval/a1_rl_s4
a1_rl_s4,a1_rl,1,4,rl,160,2,15,1,1.0,libero_goal,1640.2952449321747,7101e02b1b97c69f39ca874b3b416b2ea6ca49ed,outputs/rl/eval/a1_rl_s4
a1_rl_s4,a1_rl,1,4,rl,160,2,16,0,0.0,libero_goal,1640.2952449321747,7101e02b1b97c69f39ca874b3b416b2ea6ca49ed,outputs/rl/eval/a1_rl_s4
a1_rl_s4,a1_rl,1,4,rl,160,2,17,1,1.0,libero_goal,1640.2952449321747,7101e02b1b97c69f39ca874b3b416b2ea6ca49ed,outputs/rl/eval/a1_rl_s4
a1_rl_s4,a1_rl,1,4,rl,160,2,18,1,1.0,libero_goal,1640.2952449321747,7101e02b1b97c69f39ca874b3b416b2ea6ca49ed,outputs/rl/eval/a1_rl_s4
a1_rl_s4,a1_rl,1,4,rl,160,2,19,1,1.0,libero_goal,1640.2952449321747,7101e02b1b97c69f39ca874b3b416b2ea6ca49ed,outputs/rl/eval/a1_rl_s4
a1_rl_s4,a1_rl,1,4,rl,160,3,0,1,1.0,libero_goal,1640.2952449321747,7101e02b1b97c69f39ca874b3b416b2ea6ca49ed,outputs/rl/eval/a1_rl_s4
a1_rl_s4,a1_rl,1,4,rl,160,3,1,1,1.0,libero_goal,1640.2952449321747,7101e02b1b97c69f39ca874b3b416b2ea6ca49ed,outputs/rl/eval/a1_rl_s4
a1_rl_s4,a1_rl,1,4,rl,160,3,2,0,0.0,libero_goal,1640.2952449321747,7101e02b1b97c69f39ca874b3b416b2ea6ca49ed,outputs/rl/eval/a1_rl_s4
a1_rl_s4,a1_rl,1,4,rl,160,3,3,0,0.0,libero_goal,1640.2952449321747,7101e02b1b97c69f39ca874b3b416b2ea6ca49ed,outputs/rl/eval/a1_rl_s4
a1_rl_s4,a1_rl,1,4,rl,160,3,4,0,0.0,libero_goal,1640.2952449321747,7101e02b1b97c69f39ca874b3b416b2ea6ca49ed,outputs/rl/eval/a1_rl_s4
a1_rl_s4,a1_rl,1,4,rl,160,3,5,0,0.0,libero_goal,1640.2952449321747,7101e02b1b97c69f39ca874b3b416b2ea6ca49ed,outputs/rl/eval/a1_rl_s4
a1_rl_s4,a1_rl,1,4,rl,160,3,6,1,1.0,libero_goal,1640.2952449321747,7101e02b1b97c69f39ca874b3b416b2ea6ca49ed,outputs/rl/eval/a1_rl_s4
a1_rl_s4,a1_rl,1,4,rl,160,3,7,0,0.0,libero_goal,1640.2952449321747,7101e02b1b97c69f39ca874b3b416b2ea6ca49ed,outputs/rl/eval/a1_rl_s4
a1_rl_s4,a1_rl,1,4,rl,160,3,8,0,0.0,libero_goal,1640.2952449321747,7101e02b1b97c69f39ca874b3b416b2ea6ca49ed,outputs/rl/eval/a1_rl_s4
a1_rl_s4,a1_rl,1,4,rl,160,3,9,0,0.0,libero_goal,1640.2952449321747,7101e02b1b97c69f39ca874b3b416b2ea6ca49ed,outputs/rl/eval/a1_rl_s4
a1_rl_s4,a1_rl,1,4,rl,160,3,10,0,0.0,libero_goal,1640.2952449321747,7101e02b1b97c69f39ca874b3b416b2ea6ca49ed,outputs/rl/eval/a1_rl_s4
a1_rl_s4,a1_rl,1,4,rl,160,3,11,0,0.0,libero_goal,1640.2952449321747,7101e02b1b97c69f39ca874b3b416b2ea6ca49ed,outputs/rl/eval/a1_rl_s4
a1_rl_s4,a1_rl,1,4,rl,160,3,12,0,0.0,libero_goal,1640.2952449321747,7101e02b1b97c69f39ca874b3b416b2ea6ca49ed,outputs/rl/eval/a1_rl_s4
a1_rl_s4,a1_rl,1,4,rl,160,3,13,0,0.0,libero_goal,1640.2952449321747,7101e02b1b97c69f39ca874b3b416b2ea6ca49ed,outputs/rl/eval/a1_rl_s4
a1_rl_s4,a1_rl,1,4,rl,160,3,14,1,1.0,libero_goal,1640.2952449321747,7101e02b1b97c69f39ca874b3b416b2ea6ca49ed,outputs/rl/eval/a1_rl_s4
a1_rl_s4,a1_rl,1,4,rl,160,3,15,0,0.0,libero_goal,1640.2952449321747,7101e02b1b97c69f39ca874b3b416b2ea6ca49ed,outputs/rl/eval/a1_rl_s4
a1_rl_s4,a1_rl,1,4,rl,160,3,16,0,0.0,libero_goal,1640.2952449321747,7101e02b1b97c69f39ca874b3b416b2ea6ca49ed,outputs/rl/eval/a1_rl_s4
a1_rl_s4,a1_rl,1,4,rl,160,3,17,0,0.0,libero_goal,1640.2952449321747,7101e02b1b97c69f39ca874b3b416b2ea6ca49ed,outputs/rl/eval/a1_rl_s4
a1_rl_s4,a1_rl,1,4,rl,160,3,18,0,0.0,libero_goal,1640.2952449321747,7101e02b1b97c69f39ca874b3b416b2ea6ca49ed,outputs/rl/eval/a1_rl_s4
a1_rl_s4,a1_rl,1,4,rl,160,3,19,0,0.0,libero_goal,1640.2952449321747,7101e02b1b97c69f39ca874b3b416b2ea6ca49ed,outputs/rl/eval/a1_rl_s4
a1_rl_s4,a1_rl,1,4,rl,160,4,0,1,1.0,libero_goal,1640.2952449321747,7101e02b1b97c69f39ca874b3b416b2ea6ca49ed,outputs/rl/eval/a1_rl_s4
a1_rl_s4,a1_rl,1,4,rl,160,4,1,1,1.0,libero_goal,1640.2952449321747,7101e02b1b97c69f39ca874b3b416b2ea6ca49ed,outputs/rl/eval/a1_rl_s4
a1_rl_s4,a1_rl,1,4,rl,160,4,2,1,1.0,libero_goal,1640.2952449321747,7101e02b1b97c69f39ca874b3b416b2ea6ca49ed,outputs/rl/eval/a1_rl_s4
a1_rl_s4,a1_rl,1,4,rl,160,4,3,1,1.0,libero_goal,1640.2952449321747,7101e02b1b97c69f39ca874b3b416b2ea6ca49ed,outputs/rl/eval/a1_rl_s4
a1_rl_s4,a1_rl,1,4,rl,160,4,4,1,1.0,libero_goal,1640.2952449321747,7101e02b1b97c69f39ca874b3b416b2ea6ca49ed,outputs/rl/eval/a1_rl_s4
a1_rl_s4,a1_rl,1,4,rl,160,4,5,1,1.0,libero_goal,1640.2952449321747,7101e02b1b97c69f39ca874b3b416b2ea6ca49ed,outputs/rl/eval/a1_rl_s4
a1_rl_s4,a1_rl,1,4,rl,160,4,6,1,1.0,libero_goal,1640.2952449321747,7101e02b1b97c69f39ca874b3b416b2ea6ca49ed,outputs/rl/eval/a1_rl_s4
a1_rl_s4,a1_rl,1,4,rl,160,4,7,1,1.0,libero_goal,1640.2952449321747,7101e02b1b97c69f39ca874b3b416b2ea6ca49ed,outputs/rl/eval/a1_rl_s4
a1_rl_s4,a1_rl,1,4,rl,160,4,8,1,1.0,libero_goal,1640.2952449321747,7101e02b1b97c69f39ca874b3b416b2ea6ca49ed,outputs/rl/eval/a1_rl_s4
a1_rl_s4,a1_rl,1,4,rl,160,4,9,1,1.0,libero_goal,1640.2952449321747,7101e02b1b97c69f39ca874b3b416b2ea6ca49ed,outputs/rl/eval/a1_rl_s4
a1_rl_s4,a1_rl,1,4,rl,160,4,10,1,1.0,libero_goal,1640.2952449321747,7101e02b1b97c69f39ca874b3b416b2ea6ca49ed,outputs/rl/eval/a1_rl_s4
a1_rl_s4,a1_rl,1,4,rl,160,4,11,1,1.0,libero_goal,1640.2952449321747,7101e02b1b97c69f39ca874b3b416b2ea6ca49ed,outputs/rl/eval/a1_rl_s4
a1_rl_s4,a1_rl,1,4,rl,160,4,12,1,1.0,libero_goal,1640.2952449321747,7101e02b1b97c69f39ca874b3b416b2ea6ca49ed,outputs/rl/eval/a1_rl_s4
a1_rl_s4,a1_rl,1,4,rl,160,4,13,1,1.0,libero_goal,1640.2952449321747,7101e02b1b97c69f39ca874b3b416b2ea6ca49ed,outputs/rl/eval/a1_rl_s4
a1_rl_s4,a1_rl,1,4,rl,160,4,14,1,1.0,libero_goal,1640.2952449321747,7101e02b1b97c69f39ca874b3b416b2ea6ca49ed,outputs/rl/eval/a1_rl_s4
a1_rl_s4,a1_rl,1,4,rl,160,4,15,1,1.0,libero_goal,1640.2952449321747,7101e02b1b97c69f39ca874b3b416b2ea6ca49ed,outputs/rl/eval/a1_rl_s4
a1_rl_s4,a1_rl,1,4,rl,160,4,16,1,1.0,libero_goal,1640.2952449321747,7101e02b1b97c69f39ca874b3b416b2ea6ca49ed,outputs/rl/eval/a1_rl_s4
a1_rl_s4,a1_rl,1,4,rl,160,4,17,1,1.0,libero_goal,1640.2952449321747,7101e02b1b97c69f39ca874b3b416b2ea6ca49ed,outputs/rl/eval/a1_rl_s4
a1_rl_s4,a1_rl,1,4,rl,160,4,18,1,1.0,libero_goal,1640.2952449321747,7101e02b1b97c69f39ca874b3b416b2ea6ca49ed,outputs/rl/eval/a1_rl_s4
a1_rl_s4,a1_rl,1,4,rl,160,4,19,1,1.0,libero_goal,1640.2952449321747,7101e02b1b97c69f39ca874b3b416b2ea6ca49ed,outputs/rl/eval/a1_rl_s4
a1_rl_s4,a1_rl,1,4,rl,160,5,0,0,0.0,libero_goal,1640.2952449321747,7101e02b1b97c69f39ca874b3b416b2ea6ca49ed,outputs/rl/eval/a1_rl_s4
a1_rl_s4,a1_rl,1,4,rl,160,5,1,0,0.0,libero_goal,1640.2952449321747,7101e02b1b97c69f39ca874b3b416b2ea6ca49ed,outputs/rl/eval/a1_rl_s4
a1_rl_s4,a1_rl,1,4,rl,160,5,2,0,0.0,libero_goal,1640.2952449321747,7101e02b1b97c69f39ca874b3b416b2ea6ca49ed,outputs/rl/eval/a1_rl_s4
a1_rl_s4,a1_rl,1,4,rl,160,5,3,0,0.0,libero_goal,1640.2952449321747,7101e02b1b97c69f39ca874b3b416b2ea6ca49ed,outputs/rl/eval/a1_rl_s4
a1_rl_s4,a1_rl,1,4,rl,160,5,4,0,0.0,libero_goal,1640.2952449321747,7101e02b1b97c69f39ca874b3b416b2ea6ca49ed,outputs/rl/eval/a1_rl_s4
a1_rl_s4,a1_rl,1,4,rl,160,5,5,0,0.0,libero_goal,1640.2952449321747,7101e02b1b97c69f39ca874b3b416b2ea6ca49ed,outputs/rl/eval/a1_rl_s4
a1_rl_s4,a1_rl,1,4,rl,160,5,6,1,1.0,libero_goal,1640.2952449321747,7101e02b1b97c69f39ca874b3b416b2ea6ca49ed,outputs/rl/eval/a1_rl_s4
a1_rl_s4,a1_rl,1,4,rl,160,5,7,0,0.0,libero_goal,1640.2952449321747,7101e02b1b97c69f39ca874b3b416b2ea6ca49ed,outputs/rl/eval/a1_rl_s4
a1_rl_s4,a1_rl,1,4,rl,160,5,8,0,0.0,libero_goal,1640.2952449321747,7101e02b1b97c69f39ca874b3b416b2ea6ca49ed,outputs/rl/eval/a1_rl_s4
a1_rl_s4,a1_rl,1,4,rl,160,5,9,0,0.0,libero_goal,1640.2952449321747,7101e02b1b97c69f39ca874b3b416b2ea6ca49ed,outputs/rl/eval/a1_rl_s4
a1_rl_s4,a1_rl,1,4,rl,160,5,10,0,0.0,libero_goal,1640.2952449321747,7101e02b1b97c69f39ca874b3b416b2ea6ca49ed,outputs/rl/eval/a1_rl_s4
a1_rl_s4,a1_rl,1,4,rl,160,5,11,0,0.0,libero_goal,1640.2952449321747,7101e02b1b97c69f39ca874b3b416b2ea6ca49ed,outputs/rl/eval/a1_rl_s4
a1_rl_s4,a1_rl,1,4,rl,160,5,12,0,0.0,libero_goal,1640.2952449321747,7101e02b1b97c69f39ca874b3b416b2ea6ca49ed,outputs/rl/eval/a1_rl_s4
a1_rl_s4,a1_rl,1,4,rl,160,5,13,0,0.0,libero_goal,1640.2952449321747,7101e02b1b97c69f39ca874b3b416b2ea6ca49ed,outputs/rl/eval/a1_rl_s4
a1_rl_s4,a1_rl,1,4,rl,160,5,14,1,1.0,libero_goal,1640.2952449321747,7101e02b1b97c69f39ca874b3b416b2ea6ca49ed,outputs/rl/eval/a1_rl_s4
a1_rl_s4,a1_rl,1,4,rl,160,5,15,0,0.0,libero_goal,1640.2952449321747,7101e02b1b97c69f39ca874b3b416b2ea6ca49ed,outputs/rl/eval/a1_rl_s4
a1_rl_s4,a1_rl,1,4,rl,160,5,16,0,0.0,libero_goal,1640.2952449321747,7101e02b1b97c69f39ca874b3b416b2ea6ca49ed,outputs/rl/eval/a1_rl_s4
a1_rl_s4,a1_rl,1,4,rl,160,5,17,0,0.0,libero_goal,1640.2952449321747,7101e02b1b97c69f39ca874b3b416b2ea6ca49ed,outputs/rl/eval/a1_rl_s4
a1_rl_s4,a1_rl,1,4,rl,160,5,18,0,0.0,libero_goal,1640.2952449321747,7101e02b1b97c69f39ca874b3b416b2ea6ca49ed,outputs/rl/eval/a1_rl_s4
a1_rl_s4,a1_rl,1,4,rl,160,5,19,0,0.0,libero_goal,1640.2952449321747,7101e02b1b97c69f39ca874b3b416b2ea6ca49ed,outputs/rl/eval/a1_rl_s4
a1_rl_s4,a1_rl,1,4,rl,160,6,0,0,0.0,libero_goal,1640.2952449321747,7101e02b1b97c69f39ca874b3b416b2ea6ca49ed,outputs/rl/eval/a1_rl_s4
a1_rl_s4,a1_rl,1,4,rl,160,6,1,0,0.0,libero_goal,1640.2952449321747,7101e02b1b97c69f39ca874b3b416b2ea6ca49ed,outputs/rl/eval/a1_rl_s4
a1_rl_s4,a1_rl,1,4,rl,160,6,2,0,0.0,libero_goal,1640.2952449321747,7101e02b1b97c69f39ca874b3b416b2ea6ca49ed,outputs/rl/eval/a1_rl_s4
a1_rl_s4,a1_rl,1,4,rl,160,6,3,1,1.0,libero_goal,1640.2952449321747,7101e02b1b97c69f39ca874b3b416b2ea6ca49ed,outputs/rl/eval/a1_rl_s4
a1_rl_s4,a1_rl,1,4,rl,160,6,4,0,0.0,libero_goal,1640.2952449321747,7101e02b1b97c69f39ca874b3b416b2ea6ca49ed,outputs/rl/eval/a1_rl_s4
a1_rl_s4,a1_rl,1,4,rl,160,6,5,0,0.0,libero_goal,1640.2952449321747,7101e02b1b97c69f39ca874b3b416b2ea6ca49ed,outputs/rl/eval/a1_rl_s4
a1_rl_s4,a1_rl,1,4,rl,160,6,6,0,0.0,libero_goal,1640.2952449321747,7101e02b1b97c69f39ca874b3b416b2ea6ca49ed,outputs/rl/eval/a1_rl_s4
a1_rl_s4,a1_rl,1,4,rl,160,6,7,1,1.0,libero_goal,1640.2952449321747,7101e02b1b97c69f39ca874b3b416b2ea6ca49ed,outputs/rl/eval/a1_rl_s4
a1_rl_s4,a1_rl,1,4,rl,160,6,8,1,1.0,libero_goal,1640.2952449321747,7101e02b1b97c69f39ca874b3b416b2ea6ca49ed,outputs/rl/eval/a1_rl_s4
a1_rl_s4,a1_rl,1,4,rl,160,6,9,1,1.0,libero_goal,1640.2952449321747,7101e02b1b97c69f39ca874b3b416b2ea6ca49ed,outputs/rl/eval/a1_rl_s4
a1_rl_s4,a1_rl,1,4,rl,160,6,10,0,0.0,libero_goal,1640.2952449321747,7101e02b1b97c69f39ca874b3b416b2ea6ca49ed,outputs/rl/eval/a1_rl_s4
a1_rl_s4,a1_rl,1,4,rl,160,6,11,0,0.0,libero_goal,1640.2952449321747,7101e02b1b97c69f39ca874b3b416b2ea6ca49ed,outputs/rl/eval/a1_rl_s4
a1_rl_s4,a1_rl,1,4,rl,160,6,12,0,0.0,libero_goal,1640.2952449321747,7101e02b1b97c69f39ca874b3b416b2ea6ca49ed,outputs/rl/eval/a1_rl_s4
a1_rl_s4,a1_rl,1,4,rl,160,6,13,1,1.0,libero_goal,1640.2952449321747,7101e02b1b97c69f39ca874b3b416b2ea6ca49ed,outputs/rl/eval/a1_rl_s4
a1_rl_s4,a1_rl,1,4,rl,160,6,14,0,0.0,libero_goal,1640.2952449321747,7101e02b1b97c69f39ca874b3b416b2ea6ca49ed,outputs/rl/eval/a1_rl_s4
a1_rl_s4,a1_rl,1,4,rl,160,6,15,0,0.0,libero_goal,1640.2952449321747,7101e02b1b97c69f39ca874b3b416b2ea6ca49ed,outputs/rl/eval/a1_rl_s4
a1_rl_s4,a1_rl,1,4,rl,160,6,16,1,1.0,libero_goal,1640.2952449321747,7101e02b1b97c69f39ca874b3b416b2ea6ca49ed,outputs/rl/eval/a1_rl_s4
a1_rl_s4,a1_rl,1,4,rl,160,6,17,0,0.0,libero_goal,1640.2952449321747,7101e02b1b97c69f39ca874b3b416b2ea6ca49ed,outputs/rl/eval/a1_rl_s4
a1_rl_s4,a1_rl,1,4,rl,160,6,18,0,0.0,libero_goal,1640.2952449321747,7101e02b1b97c69f39ca874b3b416b2ea6ca49ed,outputs/rl/eval/a1_rl_s4
a1_rl_s4,a1_rl,1,4,rl,160,6,19,1,1.0,libero_goal,1640.2952449321747,7101e02b1b97c69f39ca874b3b416b2ea6ca49ed,outputs/rl/eval/a1_rl_s4
a1_rl_s4,a1_rl,1,4,rl,160,7,0,1,1.0,libero_goal,1640.2952449321747,7101e02b1b97c69f39ca874b3b416b2ea6ca49ed,outputs/rl/eval/a1_rl_s4
a1_rl_s4,a1_rl,1,4,rl,160,7,1,1,1.0,libero_goal,1640.2952449321747,7101e02b1b97c69f39ca874b3b416b2ea6ca49ed,outputs/rl/eval/a1_rl_s4
a1_rl_s4,a1_rl,1,4,rl,160,7,2,1,1.0,libero_goal,1640.2952449321747,7101e02b1b97c69f39ca874b3b416b2ea6ca49ed,outputs/rl/eval/a1_rl_s4
a1_rl_s4,a1_rl,1,4,rl,160,7,3,1,1.0,libero_goal,1640.2952449321747,7101e02b1b97c69f39ca874b3b416b2ea6ca49ed,outputs/rl/eval/a1_rl_s4
a1_rl_s4,a1_rl,1,4,rl,160,7,4,0,0.0,libero_goal,1640.2952449321747,7101e02b1b97c69f39ca874b3b416b2ea6ca49ed,outputs/rl/eval/a1_rl_s4
a1_rl_s4,a1_rl,1,4,rl,160,7,5,1,1.0,libero_goal,1640.2952449321747,7101e02b1b97c69f39ca874b3b416b2ea6ca49ed,outputs/rl/eval/a1_rl_s4
a1_rl_s4,a1_rl,1,4,rl,160,7,6,1,1.0,libero_goal,1640.2952449321747,7101e02b1b97c69f39ca874b3b416b2ea6ca49ed,outputs/rl/eval/a1_rl_s4
a1_rl_s4,a1_rl,1,4,rl,160,7,7,1,1.0,libero_goal,1640.2952449321747,7101e02b1b97c69f39ca874b3b416b2ea6ca49ed,outputs/rl/eval/a1_rl_s4
a1_rl_s4,a1_rl,1,4,rl,160,7,8,1,1.0,libero_goal,1640.2952449321747,7101e02b1b97c69f39ca874b3b416b2ea6ca49ed,outputs/rl/eval/a1_rl_s4
a1_rl_s4,a1_rl,1,4,rl,160,7,9,1,1.0,libero_goal,1640.2952449321747,7101e02b1b97c69f39ca874b3b416b2ea6ca49ed,outputs/rl/eval/a1_rl_s4
a1_rl_s4,a1_rl,1,4,rl,160,7,10,1,1.0,libero_goal,1640.2952449321747,7101e02b1b97c69f39ca874b3b416b2ea6ca49ed,outputs/rl/eval/a1_rl_s4
a1_rl_s4,a1_rl,1,4,rl,160,7,11,1,1.0,libero_goal,1640.2952449321747,7101e02b1b97c69f39ca874b3b416b2ea6ca49ed,outputs/rl/eval/a1_rl_s4
a1_rl_s4,a1_rl,1,4,rl,160,7,12,0,0.0,libero_goal,1640.2952449321747,7101e02b1b97c69f39ca874b3b416b2ea6ca49ed,outputs/rl/eval/a1_rl_s4
a1_rl_s4,a1_rl,1,4,rl,160,7,13,1,1.0,libero_goal,1640.2952449321747,7101e02b1b97c69f39ca874b3b416b2ea6ca49ed,outputs/rl/eval/a1_rl_s4
a1_rl_s4,a1_rl,1,4,rl,160,7,14,1,1.0,libero_goal,1640.2952449321747,7101e02b1b97c69f39ca874b3b416b2ea6ca49ed,outputs/rl/eval/a1_rl_s4
a1_rl_s4,a1_rl,1,4,rl,160,7,15,1,1.0,libero_goal,1640.2952449321747,7101e02b1b97c69f39ca874b3b416b2ea6ca49ed,outputs/rl/eval/a1_rl_s4
a1_rl_s4,a1_rl,1,4,rl,160,7,16,1,1.0,libero_goal,1640.2952449321747,7101e02b1b97c69f39ca874b3b416b2ea6ca49ed,outputs/rl/eval/a1_rl_s4
a1_rl_s4,a1_rl,1,4,rl,160,7,17,1,1.0,libero_goal,1640.2952449321747,7101e02b1b97c69f39ca874b3b416b2ea6ca49ed,outputs/rl/eval/a1_rl_s4
a1_rl_s4,a1_rl,1,4,rl,160,7,18,1,1.0,libero_goal,1640.2952449321747,7101e02b1b97c69f39ca874b3b416b2ea6ca49ed,outputs/rl/eval/a1_rl_s4
a1_rl_s4,a1_rl,1,4,rl,160,7,19,1,1.0,libero_goal,1640.2952449321747,7101e02b1b97c69f39ca874b3b416b2ea6ca49ed,outputs/rl/eval/a1_rl_s4
a1_rl_s4,a1_rl,1,4,rl,160,8,0,1,1.0,libero_goal,1640.2952449321747,7101e02b1b97c69f39ca874b3b416b2ea6ca49ed,outputs/rl/eval/a1_rl_s4
a1_rl_s4,a1_rl,1,4,rl,160,8,1,1,1.0,libero_goal,1640.2952449321747,7101e02b1b97c69f39ca874b3b416b2ea6ca49ed,outputs/rl/eval/a1_rl_s4
a1_rl_s4,a1_rl,1,4,rl,160,8,2,1,1.0,libero_goal,1640.2952449321747,7101e02b1b97c69f39ca874b3b416b2ea6ca49ed,outputs/rl/eval/a1_rl_s4
a1_rl_s4,a1_rl,1,4,rl,160,8,3,1,1.0,libero_goal,1640.2952449321747,7101e02b1b97c69f39ca874b3b416b2ea6ca49ed,outputs/rl/eval/a1_rl_s4
a1_rl_s4,a1_rl,1,4,rl,160,8,4,1,1.0,libero_goal,1640.2952449321747,7101e02b1b97c69f39ca874b3b416b2ea6ca49ed,outputs/rl/eval/a1_rl_s4
a1_rl_s4,a1_rl,1,4,rl,160,8,5,1,1.0,libero_goal,1640.2952449321747,7101e02b1b97c69f39ca874b3b416b2ea6ca49ed,outputs/rl/eval/a1_rl_s4
a1_rl_s4,a1_rl,1,4,rl,160,8,6,1,1.0,libero_goal,1640.2952449321747,7101e02b1b97c69f39ca874b3b416b2ea6ca49ed,outputs/rl/eval/a1_rl_s4
a1_rl_s4,a1_rl,1,4,rl,160,8,7,1,1.0,libero_goal,1640.2952449321747,7101e02b1b97c69f39ca874b3b416b2ea6ca49ed,outputs/rl/eval/a1_rl_s4
a1_rl_s4,a1_rl,1,4,rl,160,8,8,1,1.0,libero_goal,1640.2952449321747,7101e02b1b97c69f39ca874b3b416b2ea6ca49ed,outputs/rl/eval/a1_rl_s4
a1_rl_s4,a1_rl,1,4,rl,160,8,9,1,1.0,libero_goal,1640.2952449321747,7101e02b1b97c69f39ca874b3b416b2ea6ca49ed,outputs/rl/eval/a1_rl_s4
a1_rl_s4,a1_rl,1,4,rl,160,8,10,1,1.0,libero_goal,1640.2952449321747,7101e02b1b97c69f39ca874b3b416b2ea6ca49ed,outputs/rl/eval/a1_rl_s4
a1_rl_s4,a1_rl,1,4,rl,160,8,11,1,1.0,libero_goal,1640.2952449321747,7101e02b1b97c69f39ca874b3b416b2ea6ca49ed,outputs/rl/eval/a1_rl_s4
a1_rl_s4,a1_rl,1,4,rl,160,8,12,1,1.0,libero_goal,1640.2952449321747,7101e02b1b97c69f39ca874b3b416b2ea6ca49ed,outputs/rl/eval/a1_rl_s4
a1_rl_s4,a1_rl,1,4,rl,160,8,13,1,1.0,libero_goal,1640.2952449321747,7101e02b1b97c69f39ca874b3b416b2ea6ca49ed,outputs/rl/eval/a1_rl_s4
a1_rl_s4,a1_rl,1,4,rl,160,8,14,1,1.0,libero_goal,1640.2952449321747,7101e02b1b97c69f39ca874b3b416b2ea6ca49ed,outputs/rl/eval/a1_rl_s4
a1_rl_s4,a1_rl,1,4,rl,160,8,15,1,1.0,libero_goal,1640.2952449321747,7101e02b1b97c69f39ca874b3b416b2ea6ca49ed,outputs/rl/eval/a1_rl_s4
a1_rl_s4,a1_rl,1,4,rl,160,8,16,0,0.0,libero_goal,1640.2952449321747,7101e02b1b97c69f39ca874b3b416b2ea6ca49ed,outputs/rl/eval/a1_rl_s4
a1_rl_s4,a1_rl,1,4,rl,160,8,17,1,1.0,libero_goal,1640.2952449321747,7101e02b1b97c69f39ca874b3b416b2ea6ca49ed,outputs/rl/eval/a1_rl_s4
a1_rl_s4,a1_rl,1,4,rl,160,8,18,1,1.0,libero_goal,1640.2952449321747,7101e02b1b97c69f39ca874b3b416b2ea6ca49ed,outputs/rl/eval/a1_rl_s4
a1_rl_s4,a1_rl,1,4,rl,160,8,19,1,1.0,libero_goal,1640.2952449321747,7101e02b1b97c69f39ca874b3b416b2ea6ca49ed,outputs/rl/eval/a1_rl_s4
a1_rl_s4,a1_rl,1,4,rl,160,9,0,0,0.0,libero_goal,1640.2952449321747,7101e02b1b97c69f39ca874b3b416b2ea6ca49ed,outputs/rl/eval/a1_rl_s4
a1_rl_s4,a1_rl,1,4,rl,160,9,1,1,1.0,libero_goal,1640.2952449321747,7101e02b1b97c69f39ca874b3b416b2ea6ca49ed,outputs/rl/eval/a1_rl_s4
a1_rl_s4,a1_rl,1,4,rl,160,9,2,1,1.0,libero_goal,1640.2952449321747,7101e02b1b97c69f39ca874b3b416b2ea6ca49ed,outputs/rl/eval/a1_rl_s4
a1_rl_s4,a1_rl,1,4,rl,160,9,3,1,1.0,libero_goal,1640.2952449321747,7101e02b1b97c69f39ca874b3b416b2ea6ca49ed,outputs/rl/eval/a1_rl_s4
a1_rl_s4,a1_rl,1,4,rl,160,9,4,0,0.0,libero_goal,1640.2952449321747,7101e02b1b97c69f39ca874b3b416b2ea6ca49ed,outputs/rl/eval/a1_rl_s4
a1_rl_s4,a1_rl,1,4,rl,160,9,5,0,0.0,libero_goal,1640.2952449321747,7101e02b1b97c69f39ca874b3b416b2ea6ca49ed,outputs/rl/eval/a1_rl_s4
a1_rl_s4,a1_rl,1,4,rl,160,9,6,1,1.0,libero_goal,1640.2952449321747,7101e02b1b97c69f39ca874b3b416b2ea6ca49ed,outputs/rl/eval/a1_rl_s4
a1_rl_s4,a1_rl,1,4,rl,160,9,7,0,0.0,libero_goal,1640.2952449321747,7101e02b1b97c69f39ca874b3b416b2ea6ca49ed,outputs/rl/eval/a1_rl_s4
a1_rl_s4,a1_rl,1,4,rl,160,9,8,0,0.0,libero_goal,1640.2952449321747,7101e02b1b97c69f39ca874b3b416b2ea6ca49ed,outputs/rl/eval/a1_rl_s4
a1_rl_s4,a1_rl,1,4,rl,160,9,9,1,1.0,libero_goal,1640.2952449321747,7101e02b1b97c69f39ca874b3b416b2ea6ca49ed,outputs/rl/eval/a1_rl_s4
a1_rl_s4,a1_rl,1,4,rl,160,9,10,1,1.0,libero_goal,1640.2952449321747,7101e02b1b97c69f39ca874b3b416b2ea6ca49ed,outputs/rl/eval/a1_rl_s4
a1_rl_s4,a1_rl,1,4,rl,160,9,11,1,1.0,libero_goal,1640.2952449321747,7101e02b1b97c69f39ca874b3b416b2ea6ca49ed,outputs/rl/eval/a1_rl_s4
a1_rl_s4,a1_rl,1,4,rl,160,9,12,0,0.0,libero_goal,1640.2952449321747,7101e02b1b97c69f39ca874b3b416b2ea6ca49ed,outputs/rl/eval/a1_rl_s4
a1_rl_s4,a1_rl,1,4,rl,160,9,13,1,1.0,libero_goal,1640.2952449321747,7101e02b1b97c69f39ca874b3b416b2ea6ca49ed,outputs/rl/eval/a1_rl_s4
a1_rl_s4,a1_rl,1,4,rl,160,9,14,0,0.0,libero_goal,1640.2952449321747,7101e02b1b97c69f39ca874b3b416b2ea6ca49ed,outputs/rl/eval/a1_rl_s4
a1_rl_s4,a1_rl,1,4,rl,160,9,15,0,0.0,libero_goal,1640.2952449321747,7101e02b1b97c69f39ca874b3b416b2ea6ca49ed,outputs/rl/eval/a1_rl_s4
a1_rl_s4,a1_rl,1,4,rl,160,9,16,1,1.0,libero_goal,1640.2952449321747,7101e02b1b97c69f39ca874b3b416b2ea6ca49ed,outputs/rl/eval/a1_rl_s4
a1_rl_s4,a1_rl,1,4,rl,160,9,17,1,1.0,libero_goal,1640.2952449321747,7101e02b1b97c69f39ca874b3b416b2ea6ca49ed,outputs/rl/eval/a1_rl_s4
a1_rl_s4,a1_rl,1,4,rl,160,9,18,0,0.0,libero_goal,1640.2952449321747,7101e02b1b97c69f39ca874b3b416b2ea6ca49ed,outputs/rl/eval/a1_rl_s4
a1_rl_s4,a1_rl,1,4,rl,160,9,19,0,0.0,libero_goal,1640.2952449321747,7101e02b1b97c69f39ca874b3b416b2ea6ca49ed,outputs/rl/eval/a1_rl_s4
