run_id,round,task_id,init_state,episode_idx,seed,success,baseline,advantage,episode_length,git_sha
a1_sft_s0_rl0_task4_state_baseline,0,4,0,0,0,0,0.5,-0.5,300,3e8bf8a939a4ea247c903b50a2ce45b134c46b16
a1_sft_s0_rl0_task4_state_baseline,0,4,1,1,1,1,0.5,0.5,85,3e8bf8a939a4ea247c903b50a2ce45b134c46b16
a1_sft_s0_rl0_task4_state_baseline,0,4,2,2,2,1,0.5,0.5,83,3e8bf8a939a4ea247c903b50a2ce45b134c46b16
a1_sft_s0_rl0_task4_state_baseline,0,4,3,3,3,0,0.5,-0.5,300,3e8bf8a939a4ea247c903b50a2ce45b134c46b16
a1_sft_s0_rl0_task4_state_baseline,0,4,4,4,4,1,0.5,0.5,79,3e8bf8a939a4ea247c903b50a2ce45b134c46b16
a1_sft_s0_rl0_task4_state_baseline,0,4,5,5,5,1,0.5,0.5,80,3e8bf8a939a4ea247c903b50a2ce45b134c46b16
a1_sft_s0_rl0_task4_state_baseline,0,4,6,6,6,0,0.5,-0.5,300,3e8bf8a939a4ea247c903b50a2ce45b134c46b16
a1_sft_s0_rl0_task4_state_baseline,0,4,7,7,7,1,0.5,0.5,82,3e8bf8a939a4ea247c903b50a2ce45b134c46b16
a1_sft_s0_rl0_task4_state_baseline,0,4,8,8,8,0,0.5,-0.5,300,3e8bf8a939a4ea247c903b50a2ce45b134c46b16
a1_sft_s0_rl0_task4_state_baseline,0,4,9,9,9,0,0.5,-0.5,300,3e8bf8a939a4ea247c903b50a2ce45b134c46b16
a1_sft_s0_rl0_task4_state_baseline,1,4,10,0,10,0,0.30000001192092896,-0.30000001192092896,300,3e8bf8a939a4ea247c903b50a2ce45b134c46b16
a1_sft_s0_rl0_task4_state_baseline,1,4,11,1,11,0,0.30000001192092896,-0.30000001192092896,300,3e8bf8a939a4ea247c903b50a2ce45b134c46b16
a1_sft_s0_rl0_task4_state_baseline,1,4,12,2,12,0,0.30000001192092896,-0.30000001192092896,300,3e8bf8a939a4ea247c903b50a2ce45b134c46b16
a1_sft_s0_rl0_task4_state_baseline,1,4,13,3,13,0,0.30000001192092896,-0.30000001192092896,300,3e8bf8a939a4ea247c903b50a2ce45b134c46b16
a1_sft_s0_rl0_task4_state_baseline,1,4,14,4,14,0,0.30000001192092896,-0.30000001192092896,300,3e8bf8a939a4ea247c903b50a2ce45b134c46b16
a1_sft_s0_rl0_task4_state_baseline,1,4,15,5,15,1,0.30000001192092896,0.699999988079071,87,3e8bf8a939a4ea247c903b50a2ce45b134c46b16
a1_sft_s0_rl0_task4_state_baseline,1,4,16,6,16,1,0.30000001192092896,0.699999988079071,75,3e8bf8a939a4ea247c903b50a2ce45b134c46b16
a1_sft_s0_rl0_task4_state_baseline,1,4,17,7,17,1,0.30000001192092896,0.699999988079071,82,3e8bf8a939a4ea247c903b50a2ce45b134c46b16
a1_sft_s0_rl0_task4_state_baseline,1,4,18,8,18,0,0.30000001192092896,-0.30000001192092896,300,3e8bf8a939a4ea247c903b50a2ce45b134c46b16
a1_sft_s0_rl0_task4_state_baseline,1,4,19,9,19,0,0.30000001192092896,-0.30000001192092896,300,3e8bf8a939a4ea247c903b50a2ce45b134c46b16
a1_sft_s0_rl0_task4_state_baseline,2,4,20,0,20,1,0.6000000238418579,0.3999999761581421,79,3e8bf8a939a4ea247c903b50a2ce45b134c46b16
a1_sft_s0_rl0_task4_state_baseline,2,4,21,1,21,1,0.6000000238418579,0.3999999761581421,85,3e8bf8a939a4ea247c903b50a2ce45b134c46b16
a1_sft_s0_rl0_task4_state_baseline,2,4,22,2,22,0,0.6000000238418579,-0.6000000238418579,300,3e8bf8a939a4ea247c903b50a2ce45b134c46b16
a1_sft_s0_rl0_task4_state_baseline,2,4,23,3,23,0,0.6000000238418579,-0.6000000238418579,300,3e8bf8a939a4ea247c903b50a2ce45b134c46b16
a1_sft_s0_rl0_task4_state_baseline,2,4,24,4,24,0,0.6000000238418579,-0.6000000238418579,300,3e8bf8a939a4ea247c903b50a2ce45b134c46b16
a1_sft_s0_rl0_task4_state_baseline,2,4,25,5,25,1,0.6000000238418579,0.3999999761581421,80,3e8bf8a939a4ea247c903b50a2ce45b134c46b16
a1_sft_s0_rl0_task4_state_baseline,2,4,26,6,26,1,0.6000000238418579,0.3999999761581421,83,3e8bf8a939a4ea247c903b50a2ce45b134c46b16
a1_sft_s0_rl0_task4_state_baseline,2,4,27,7,27,1,0.6000000238418579,0.3999999761581421,80,3e8bf8a939a4ea247c903b50a2ce45b134c46b16
a1_sft_s0_rl0_task4_state_baseline,2,4,28,8,28,1,0.6000000238418579,0.3999999761581421,85,3e8bf8a939a4ea247c903b50a2ce45b134c46b16
a1_sft_s0_rl0_task4_state_baseline,2,4,29,9,29,0,0.6000000238418579,-0.6000000238418579,300,3e8bf8a939a4ea247c903b50a2ce45b134c46b16
a1_sft_s0_rl0_task4_state_baseline,3,4,30,0,30,1,0.699999988079071,0.30000001192092896,78,3e8bf8a939a4ea247c903b50a2ce45b134c46b16
a1_sft_s0_rl0_task4_state_baseline,3,4,31,1,31,1,0.699999988079071,0.30000001192092896,87,3e8bf8a939a4ea247c903b50a2ce45b134c46b16
a1_sft_s0_rl0_task4_state_baseline,3,4,32,2,32,0,0.699999988079071,-0.699999988079071,300,3e8bf8a939a4ea247c903b50a2ce45b134c46b16
a1_sft_s0_rl0_task4_state_baseline,3,4,33,3,33,1,0.699999988079071,0.30000001192092896,85,3e8bf8a939a4ea247c903b50a2ce45b134c46b16
a1_sft_s0_rl0_task4_state_baseline,3,4,34,4,34,1,0.699999988079071,0.30000001192092896,83,3e8bf8a939a4ea247c903b50a2ce45b134c46b16
a1_sft_s0_rl0_task4_state_baseline,3,4,35,5,35,1,0.699999988079071,0.30000001192092896,77,3e8bf8a939a4ea247c903b50a2ce45b134c46b16
a1_sft_s0_rl0_task4_state_baseline,3,4,36,6,36,1,0.699999988079071,0.30000001192092896,86,3e8bf8a939a4ea247c903b50a2ce45b134c46b16
a1_sft_s0_rl0_task4_state_baseline,3,4,37,7,37,1,0.699999988079071,0.30000001192092896,84,3e8bf8a939a4ea247c903b50a2ce45b134c46b16
a1_sft_s0_rl0_task4_state_baseline,3,4,38,8,38,0,0.699999988079071,-0.699999988079071,300,3e8bf8a939a4ea247c903b50a2ce45b134c46b16
a1_sft_s0_rl0_task4_state_baseline,3,4,39,9,39,0,0.699999988079071,-0.699999988079071,300,3e8bf8a939a4ea247c903b50a2ce45b134c46b16
a1_sft_s0_rl0_task4_state_baseline,4,4,40,0,40,0,0.699999988079071,-0.699999988079071,300,3e8bf8a939a4ea247c903b50a2ce45b134c46b16
a1_sft_s0_rl0_task4_state_baseline,4,4,41,1,41,1,0.699999988079071,0.30000001192092896,82,3e8bf8a939a4ea247c903b50a2ce45b134c46b16
a1_sft_s0_rl0_task4_state_baseline,4,4,42,2,42,1,0.699999988079071,0.30000001192092896,74,3e8bf8a939a4ea247c903b50a2ce45b134c46b16
a1_sft_s0_rl0_task4_state_baseline,4,4,43,3,43,1,0.699999988079071,0.30000001192092896,81,3e8bf8a939a4ea247c903b50a2ce45b134c46b16
a1_sft_s0_rl0_task4_state_baseline,4,4,44,4,44,1,0.699999988079071,0.30000001192092896,78,3e8bf8a939a4ea247c903b50a2ce45b134c46b16
a1_sft_s0_rl0_task4_state_baseline,4,4,45,5,45,1,0.699999988079071,0.30000001192092896,80,3e8bf8a939a4ea247c903b50a2ce45b134c46b16
a1_sft_s0_rl0_task4_state_baseline,4,4,46,6,46,1,0.699999988079071,0.30000001192092896,80,3e8bf8a939a4ea247c903b50a2ce45b134c46b16
a1_sft_s0_rl0_task4_state_baseline,4,4,47,7,47,0,0.699999988079071,-0.699999988079071,300,3e8bf8a939a4ea247c903b50a2ce45b134c46b16
a1_sft_s0_rl0_task4_state_baseline,4,4,48,8,48,0,0.699999988079071,-0.699999988079071,300,3e8bf8a939a4ea247c903b50a2ce45b134c46b16
a1_sft_s0_rl0_task4_state_baseline,4,4,49,9,49,1,0.699999988079071,0.30000001192092896,85,3e8bf8a939a4ea247c903b50a2ce45b134c46b16
a1_sft_s0_rl0_task4_state_baseline,5,4,0,0,50,0,0.0,0.0,300,3e8bf8a939a4ea247c903b50a2ce45b134c46b16
a1_sft_s0_rl0_task4_state_baseline,5,4,1,1,51,1,1.0,0.0,85,3e8bf8a939a4ea247c903b50a2ce45b134c46b16
a1_sft_s0_rl0_task4_state_baseline,5,4,2,2,52,1,1.0,0.0,81,3e8bf8a939a4ea247c903b50a2ce45b134c46b16
a1_sft_s0_rl0_task4_state_baseline,5,4,3,3,53,0,0.0,0.0,300,3e8bf8a939a4ea247c903b50a2ce45b134c46b16
a1_sft_s0_rl0_task4_state_baseline,5,4,4,4,54,1,1.0,0.0,79,3e8bf8a939a4ea247c903b50a2ce45b134c46b16
a1_sft_s0_rl0_task4_state_baseline,5,4,5,5,55,1,1.0,0.0,84,3e8bf8a939a4ea247c903b50a2ce45b134c46b16
a1_sft_s0_rl0_task4_state_baseline,5,4,6,6,56,0,0.0,0.0,300,3e8bf8a939a4ea247c903b50a2ce45b134c46b16
a1_sft_s0_rl0_task4_state_baseline,5,4,7,7,57,1,1.0,0.0,78,3e8bf8a939a4ea247c903b50a2ce45b134c46b16
a1_sft_s0_rl0_task4_state_baseline,5,4,8,8,58,0,0.0,0.0,300,3e8bf8a939a4ea247c903b50a2ce45b134c46b16
a1_sft_s0_rl0_task4_state_baseline,5,4,9,9,59,0,0.0,0.0,300,3e8bf8a939a4ea247c903b50a2ce45b134c46b16
a1_sft_s0_rl0_task4_state_baseline,6,4,10,0,60,0,0.0,0.0,300,3e8bf8a939a4ea247c903b50a2ce45b134c46b16
a1_sft_s0_rl0_task4_state_baseline,6,4,11,1,61,0,0.0,0.0,300,3e8bf8a939a4ea247c903b50a2ce45b134c46b16
a1_sft_s0_rl0_task4_state_baseline,6,4,12,2,62,1,0.0,1.0,75,3e8bf8a939a4ea247c903b50a2ce45b134c46b16
a1_sft_s0_rl0_task4_state_baseline,6,4,13,3,63,1,0.0,1.0,78,3e8bf8a939a4ea247c903b50a2ce45b134c46b16
a1_sft_s0_rl0_task4_state_baseline,6,4,14,4,64,0,0.0,0.0,300,3e8bf8a939a4ea247c903b50a2ce45b134c46b16
a1_sft_s0_rl0_task4_state_baseline,6,4,15,5,65,1,1.0,0.0,88,3e8bf8a939a4ea247c903b50a2ce45b134c46b16
a1_sft_s0_rl0_task4_state_baseline,6,4,16,6,66,1,1.0,0.0,78,3e8bf8a939a4ea247c903b50a2ce45b134c46b16
a1_sft_s0_rl0_task4_state_baseline,6,4,17,7,67,1,1.0,0.0,81,3e8bf8a939a4ea247c903b50a2ce45b134c46b16
a1_sft_s0_rl0_task4_state_baseline,6,4,18,8,68,0,0.0,0.0,300,3e8bf8a939a4ea247c903b50a2ce45b134c46b16
a1_sft_s0_rl0_task4_state_baseline,6,4,19,9,69,0,0.0,0.0,300,3e8bf8a939a4ea247c903b50a2ce45b134c46b16
a1_sft_s0_rl0_task4_state_baseline,7,4,20,0,70,1,1.0,0.0,90,3e8bf8a939a4ea247c903b50a2ce45b134c46b16
a1_sft_s0_rl0_task4_state_baseline,7,4,21,1,71,1,1.0,0.0,85,3e8bf8a939a4ea247c903b50a2ce45b134c46b16
a1_sft_s0_rl0_task4_state_baseline,7,4,22,2,72,0,0.0,0.0,300,3e8bf8a939a4ea247c903b50a2ce45b134c46b16
a1_sft_s0_rl0_task4_state_baseline,7,4,23,3,73,0,0.0,0.0,300,3e8bf8a939a4ea247c903b50a2ce45b134c46b16
a1_sft_s0_rl0_task4_state_baseline,7,4,24,4,74,0,0.0,0.0,300,3e8bf8a939a4ea247c903b50a2ce45b134c46b16
a1_sft_s0_rl0_task4_state_baseline,7,4,25,5,75,0,1.0,-1.0,300,3e8bf8a939a4ea247c903b50a2ce45b134c46b16
a1_sft_s0_rl0_task4_state_baseline,7,4,26,6,76,1,1.0,0.0,86,3e8bf8a939a4ea247c903b50a2ce45b134c46b16
a1_sft_s0_rl0_task4_state_baseline,7,4,27,7,77,1,1.0,0.0,82,3e8bf8a939a4ea247c903b50a2ce45b134c46b16
a1_sft_s0_rl0_task4_state_baseline,7,4,28,8,78,1,1.0,0.0,79,3e8bf8a939a4ea247c903b50a2ce45b134c46b16
a1_sft_s0_rl0_task4_state_baseline,7,4,29,9,79,1,0.0,1.0,83,3e8bf8a939a4ea247c903b50a2ce45b134c46b16
a1_sft_s0_rl0_task4_state_baseline,8,4,30,0,80,1,1.0,0.0,80,3e8bf8a939a4ea247c903b50a2ce45b134c46b16
a1_sft_s0_rl0_task4_state_baseline,8,4,31,1,81,1,1.0,0.0,89,3e8bf8a939a4ea247c903b50a2ce45b134c46b16
a1_sft_s0_rl0_task4_state_baseline,8,4,32,2,82,1,0.0,1.0,79,3e8bf8a939a4ea247c903b50a2ce45b134c46b16
a1_sft_s0_rl0_task4_state_baseline,8,4,33,3,83,1,1.0,0.0,84,3e8bf8a939a4ea247c903b50a2ce45b134c46b16
a1_sft_s0_rl0_task4_state_baseline,8,4,34,4,84,1,1.0,0.0,79,3e8bf8a939a4ea247c903b50a2ce45b134c46b16
a1_sft_s0_rl0_task4_state_baseline,8,4,35,5,85,1,1.0,0.0,79,3e8bf8a939a4ea247c903b50a2ce45b134c46b16
a1_sft_s0_rl0_task4_state_baseline,8,4,36,6,86,1,1.0,0.0,82,3e8bf8a939a4ea247c903b50a2ce45b134c46b16
a1_sft_s0_rl0_task4_state_baseline,8,4,37,7,87,1,1.0,0.0,87,3e8bf8a939a4ea247c903b50a2ce45b134c46b16
a1_sft_s0_rl0_task4_state_baseline,8,4,38,8,88,0,0.0,0.0,300,3e8bf8a939a4ea247c903b50a2ce45b134c46b16
a1_sft_s0_rl0_task4_state_baseline,8,4,39,9,89,0,0.0,0.0,300,3e8bf8a939a4ea247c903b50a2ce45b134c46b16
a1_sft_s0_rl0_task4_state_baseline,9,4,40,0,90,0,0.0,0.0,300,3e8bf8a939a4ea247c903b50a2ce45b134c46b16
a1_sft_s0_rl0_task4_state_baseline,9,4,41,1,91,1,1.0,0.0,81,3e8bf8a939a4ea247c903b50a2ce45b134c46b16
a1_sft_s0_rl0_task4_state_baseline,9,4,42,2,92,1,1.0,0.0,72,3e8bf8a939a4ea247c903b50a2ce45b134c46b16
a1_sft_s0_rl0_task4_state_baseline,9,4,43,3,93,1,1.0,0.0,83,3e8bf8a939a4ea247c903b50a2ce45b134c46b16
a1_sft_s0_rl0_task4_state_baseline,9,4,44,4,94,1,1.0,0.0,77,3e8bf8a939a4ea247c903b50a2ce45b134c46b16
a1_sft_s0_rl0_task4_state_baseline,9,4,45,5,95,1,1.0,0.0,82,3e8bf8a939a4ea247c903b50a2ce45b134c46b16
a1_sft_s0_rl0_task4_state_baseline,9,4,46,6,96,1,1.0,0.0,82,3e8bf8a939a4ea247c903b50a2ce45b134c46b16
a1_sft_s0_rl0_task4_state_baseline,9,4,47,7,97,0,0.0,0.0,300,3e8bf8a939a4ea247c903b50a2ce45b134c46b16
a1_sft_s0_rl0_task4_state_baseline,9,4,48,8,98,0,0.0,0.0,300,3e8bf8a939a4ea247c903b50a2ce45b134c46b16
a1_sft_s0_rl0_task4_state_baseline,9,4,49,9,99,1,1.0,0.0,85,3e8bf8a939a4ea247c903b50a2ce45b134c46b16
a1_sft_s0_rl0_task4_state_baseline,10,4,0,0,100,0,0.0,0.0,300,3e8bf8a939a4ea247c903b50a2ce45b134c46b16
a1_sft_s0_rl0_task4_state_baseline,10,4,1,1,101,1,1.0,0.0,87,3e8bf8a939a4ea247c903b50a2ce45b134c46b16
a1_sft_s0_rl0_task4_state_baseline,10,4,2,2,102,1,1.0,0.0,81,3e8bf8a939a4ea247c903b50a2ce45b134c46b16
a1_sft_s0_rl0_task4_state_baseline,10,4,3,3,103,0,0.0,0.0,300,3e8bf8a939a4ea247c903b50a2ce45b134c46b16
a1_sft_s0_rl0_task4_state_baseline,10,4,4,4,104,0,1.0,-1.0,300,3e8bf8a939a4ea247c903b50a2ce45b134c46b16
a1_sft_s0_rl0_task4_state_baseline,10,4,5,5,105,1,1.0,0.0,86,3e8bf8a939a4ea247c903b50a2ce45b134c46b16
a1_sft_s0_rl0_task4_state_baseline,10,4,6,6,106,0,0.0,0.0,300,3e8bf8a939a4ea247c903b50a2ce45b134c46b16
a1_sft_s0_rl0_task4_state_baseline,10,4,7,7,107,1,1.0,0.0,80,3e8bf8a939a4ea247c903b50a2ce45b134c46b16
a1_sft_s0_rl0_task4_state_baseline,10,4,8,8,108,0,0.0,0.0,300,3e8bf8a939a4ea247c903b50a2ce45b134c46b16
a1_sft_s0_rl0_task4_state_baseline,10,4,9,9,109,1,0.0,1.0,77,3e8bf8a939a4ea247c903b50a2ce45b134c46b16
a1_sft_s0_rl0_task4_state_baseline,11,4,10,0,110,0,0.0,0.0,300,3e8bf8a939a4ea247c903b50a2ce45b134c46b16
a1_sft_s0_rl0_task4_state_baseline,11,4,11,1,111,0,0.0,0.0,300,3e8bf8a939a4ea247c903b50a2ce45b134c46b16
a1_sft_s0_rl0_task4_state_baseline,11,4,12,2,112,1,0.5,0.5,76,3e8bf8a939a4ea247c903b50a2ce45b134c46b16
a1_sft_s0_rl0_task4_state_baseline,11,4,13,3,113,1,0.5,0.5,82,3e8bf8a939a4ea247c903b50a2ce45b134c46b16
a1_sft_s0_rl0_task4_state_baseline,11,4,14,4,114,1,0.0,1.0,79,3e8bf8a939a4ea247c903b50a2ce45b134c46b16
a1_sft_s0_rl0_task4_state_baseline,11,4,15,5,115,1,1.0,0.0,83,3e8bf8a939a4ea247c903b50a2ce45b134c46b16
a1_sft_s0_rl0_task4_state_baseline,11,4,16,6,116,1,1.0,0.0,82,3e8bf8a939a4ea247c903b50a2ce45b134c46b16
a1_sft_s0_rl0_task4_state_baseline,11,4,17,7,117,1,1.0,0.0,89,3e8bf8a939a4ea247c903b50a2ce45b134c46b16
a1_sft_s0_rl0_task4_state_baseline,11,4,18,8,118,0,0.0,0.0,300,3e8bf8a939a4ea247c903b50a2ce45b134c46b16
a1_sft_s0_rl0_task4_state_baseline,11,4,19,9,119,0,0.0,0.0,300,3e8bf8a939a4ea247c903b50a2ce45b134c46b16
a1_sft_s0_rl0_task4_state_baseline,12,4,20,0,120,1,1.0,0.0,87,3e8bf8a939a4ea247c903b50a2ce45b134c46b16
a1_sft_s0_rl0_task4_state_baseline,12,4,21,1,121,1,1.0,0.0,85,3e8bf8a939a4ea247c903b50a2ce45b134c46b16
a1_sft_s0_rl0_task4_state_baseline,12,4,22,2,122,0,0.0,0.0,300,3e8bf8a939a4ea247c903b50a2ce45b134c46b16
a1_sft_s0_rl0_task4_state_baseline,12,4,23,3,123,0,0.0,0.0,300,3e8bf8a939a4ea247c903b50a2ce45b134c46b16
a1_sft_s0_rl0_task4_state_baseline,12,4,24,4,124,0,0.0,0.0,300,3e8bf8a939a4ea247c903b50a2ce45b134c46b16
a1_sft_s0_rl0_task4_state_baseline,12,4,25,5,125,0,0.5,-0.5,300,3e8bf8a939a4ea247c903b50a2ce45b134c46b16
a1_sft_s0_rl0_task4_state_baseline,12,4,26,6,126,1,1.0,0.0,81,3e8bf8a939a4ea247c903b50a2ce45b134c46b16
a1_sft_s0_rl0_task4_state_baseline,12,4,27,7,127,1,1.0,0.0,81,3e8bf8a939a4ea247c903b50a2ce45b134c46b16
a1_sft_s0_rl0_task4_state_baseline,12,4,28,8,128,1,1.0,0.0,82,3e8bf8a939a4ea247c903b50a2ce45b134c46b16
a1_sft_s0_rl0_task4_state_baseline,12,4,29,9,129,1,0.5,0.5,88,3e8bf8a939a4ea247c903b50a2ce45b134c46b16
a1_sft_s0_rl0_task4_state_baseline,13,4,30,0,130,0,1.0,-1.0,300,3e8bf8a939a4ea247c903b50a2ce45b134c46b16
a1_sft_s0_rl0_task4_state_baseline,13,4,31,1,131,1,1.0,0.0,81,3e8bf8a939a4ea247c903b50a2ce45b134c46b16
a1_sft_s0_rl0_task4_state_baseline,13,4,32,2,132,1,0.5,0.5,78,3e8bf8a939a4ea247c903b50a2ce45b134c46b16
a1_sft_s0_rl0_task4_state_baseline,13,4,33,3,133,0,1.0,-1.0,300,3e8bf8a939a4ea247c903b50a2ce45b134c46b16
a1_sft_s0_rl0_task4_state_baseline,13,4,34,4,134,0,1.0,-1.0,300,3e8bf8a939a4ea247c903b50a2ce45b134c46b16
a1_sft_s0_rl0_task4_state_baseline,13,4,35,5,135,1,1.0,0.0,79,3e8bf8a939a4ea247c903b50a2ce45b134c46b16
a1_sft_s0_rl0_task4_state_baseline,13,4,36,6,136,1,1.0,0.0,84,3e8bf8a939a4ea247c903b50a2ce45b134c46b16
a1_sft_s0_rl0_task4_state_baseline,13,4,37,7,137,1,1.0,0.0,85,3e8bf8a939a4ea247c903b50a2ce45b134c46b16
a1_sft_s0_rl0_task4_state_baseline,13,4,38,8,138,0,0.0,0.0,300,3e8bf8a939a4ea247c903b50a2ce45b134c46b16
a1_sft_s0_rl0_task4_state_baseline,13,4,39,9,139,0,0.0,0.0,300,3e8bf8a939a4ea247c903b50a2ce45b134c46b16
a1_sft_s0_rl0_task4_state_baseline,14,4,40,0,140,0,0.0,0.0,300,3e8bf8a939a4ea247c903b50a2ce45b134c46b16
a1_sft_s0_rl0_task4_state_baseline,14,4,41,1,141,1,1.0,0.0,83,3e8bf8a939a4ea247c903b50a2ce45b134c46b16
a1_sft_s0_rl0_task4_state_baseline,14,4,42,2,142,1,1.0,0.0,76,3e8bf8a939a4ea247c903b50a2ce45b134c46b16
a1_sft_s0_rl0_task4_state_baseline,14,4,43,3,143,1,1.0,0.0,81,3e8bf8a939a4ea247c903b50a2ce45b134c46b16
a1_sft_s0_rl0_task4_state_baseline,14,4,44,4,144,1,1.0,0.0,84,3e8bf8a939a4ea247c903b50a2ce45b134c46b16
a1_sft_s0_rl0_task4_state_baseline,14,4,45,5,145,1,1.0,0.0,86,3e8bf8a939a4ea247c903b50a2ce45b134c46b16
a1_sft_s0_rl0_task4_state_baseline,14,4,46,6,146,1,1.0,0.0,84,3e8bf8a939a4ea247c903b50a2ce45b134c46b16
a1_sft_s0_rl0_task4_state_baseline,14,4,47,7,147,0,0.0,0.0,300,3e8bf8a939a4ea247c903b50a2ce45b134c46b16
a1_sft_s0_rl0_task4_state_baseline,14,4,48,8,148,0,0.0,0.0,300,3e8bf8a939a4ea247c903b50a2ce45b134c46b16
a1_sft_s0_rl0_task4_state_baseline,14,4,49,9,149,1,1.0,0.0,88,3e8bf8a939a4ea247c903b50a2ce45b134c46b16
a1_sft_s0_rl0_task4_state_baseline,15,4,0,0,150,0,0.0,0.0,300,3e8bf8a939a4ea247c903b50a2ce45b134c46b16
a1_sft_s0_rl0_task4_state_baseline,15,4,1,1,151,1,1.0,0.0,86,3e8bf8a939a4ea247c903b50a2ce45b134c46b16
a1_sft_s0_rl0_task4_state_baseline,15,4,2,2,152,1,1.0,0.0,84,3e8bf8a939a4ea247c903b50a2ce45b134c46b16
a1_sft_s0_rl0_task4_state_baseline,15,4,3,3,153,0,0.0,0.0,300,3e8bf8a939a4ea247c903b50a2ce45b134c46b16
a1_sft_s0_rl0_task4_state_baseline,15,4,4,4,154,1,0.6666666865348816,0.3333333134651184,77,3e8bf8a939a4ea247c903b50a2ce45b134c46b16
a1_sft_s0_rl0_task4_state_baseline,15,4,5,5,155,1,1.0,0.0,86,3e8bf8a939a4ea247c903b50a2ce45b134c46b16
a1_sft_s0_rl0_task4_state_baseline,15,4,6,6,156,0,0.0,0.0,300,3e8bf8a939a4ea247c903b50a2ce45b134c46b16
a1_sft_s0_rl0_task4_state_baseline,15,4,7,7,157,1,1.0,0.0,85,3e8bf8a939a4ea247c903b50a2ce45b134c46b16
a1_sft_s0_rl0_task4_state_baseline,15,4,8,8,158,0,0.0,0.0,300,3e8bf8a939a4ea247c903b50a2ce45b134c46b16
a1_sft_s0_rl0_task4_state_baseline,15,4,9,9,159,1,0.3333333432674408,0.6666666269302368,78,3e8bf8a939a4ea247c903b50a2ce45b134c46b16
a1_sft_s0_rl0_task4_state_baseline,16,4,10,0,160,0,0.0,0.0,300,3e8bf8a939a4ea247c903b50a2ce45b134c46b16
a1_sft_s0_rl0_task4_state_baseline,16,4,11,1,161,1,0.0,1.0,72,3e8bf8a939a4ea247c903b50a2ce45b134c46b16
a1_sft_s0_rl0_task4_state_baseline,16,4,12,2,162,1,0.6666666865348816,0.3333333134651184,78,3e8bf8a939a4ea247c903b50a2ce45b134c46b16
a1_sft_s0_rl0_task4_state_baseline,16,4,13,3,163,1,0.6666666865348816,0.3333333134651184,80,3e8bf8a939a4ea247c903b50a2ce45b134c46b16
a1_sft_s0_rl0_task4_state_baseline,16,4,14,4,164,0,0.3333333432674408,-0.3333333432674408,300,3e8bf8a939a4ea247c903b50a2ce45b134c46b16
a1_sft_s0_rl0_task4_state_baseline,16,4,15,5,165,1,1.0,0.0,87,3e8bf8a939a4ea247c903b50a2ce45b134c46b16
a1_sft_s0_rl0_task4_state_baseline,16,4,16,6,166,1,1.0,0.0,80,3e8bf8a939a4ea247c903b50a2ce45b134c46b16
a1_sft_s0_rl0_task4_state_baseline,16,4,17,7,167,1,1.0,0.0,90,3e8bf8a939a4ea247c903b50a2ce45b134c46b16
a1_sft_s0_rl0_task4_state_baseline,16,4,18,8,168,0,0.0,0.0,300,3e8bf8a939a4ea247c903b50a2ce45b134c46b16
a1_sft_s0_rl0_task4_state_baseline,16,4,19,9,169,0,0.0,0.0,300,3e8bf8a939a4ea247c903b50a2ce45b134c46b16
a1_sft_s0_rl0_task4_state_baseline,17,4,20,0,170,1,1.0,0.0,90,3e8bf8a939a4ea247c903b50a2ce45b134c46b16
a1_sft_s0_rl0_task4_state_baseline,17,4,21,1,171,1,1.0,0.0,86,3e8bf8a939a4ea247c903b50a2ce45b134c46b16
a1_sft_s0_rl0_task4_state_baseline,17,4,22,2,172,0,0.0,0.0,300,3e8bf8a939a4ea247c903b50a2ce45b134c46b16
a1_sft_s0_rl0_task4_state_baseline,17,4,23,3,173,1,0.0,1.0,74,3e8bf8a939a4ea247c903b50a2ce45b134c46b16
a1_sft_s0_rl0_task4_state_baseline,17,4,24,4,174,0,0.0,0.0,300,3e8bf8a939a4ea247c903b50a2ce45b134c46b16
a1_sft_s0_rl0_task4_state_baseline,17,4,25,5,175,1,0.3333333432674408,0.6666666269302368,79,3e8bf8a939a4ea247c903b50a2ce45b134c46b16
a1_sft_s0_rl0_task4_state_baseline,17,4,26,6,176,1,1.0,0.0,88,3e8bf8a939a4ea247c903b50a2ce45b134c46b16
a1_sft_s0_rl0_task4_state_baseline,17,4,27,7,177,1,1.0,0.0,86,3e8bf8a939a4ea247c903b50a2ce45b134c46b16
a1_sft_s0_rl0_task4_state_baseline,17,4,28,8,178,1,1.0,0.0,83,3e8bf8a939a4ea247c903b50a2ce45b134c46b16
a1_sft_s0_rl0_task4_state_baseline,17,4,29,9,179,1,0.6666666865348816,0.3333333134651184,91,3e8bf8a939a4ea247c903b50a2ce45b134c46b16
a1_sft_s0_rl0_task4_state_baseline,18,4,30,0,180,1,0.6666666865348816,0.3333333134651184,82,3e8bf8a939a4ea247c903b50a2ce45b134c46b16
a1_sft_s0_rl0_task4_state_baseline,18,4,31,1,181,1,1.0,0.0,81,3e8bf8a939a4ea247c903b50a2ce45b134c46b16
a1_sft_s0_rl0_task4_state_baseline,18,4,32,2,182,1,0.6666666865348816,0.3333333134651184,77,3e8bf8a939a4ea247c903b50a2ce45b134c46b16
a1_sft_s0_rl0_task4_state_baseline,18,4,33,3,183,1,0.6666666865348816,0.3333333134651184,85,3e8bf8a939a4ea247c903b50a2ce45b134c46b16
a1_sft_s0_rl0_task4_state_baseline,18,4,34,4,184,1,0.6666666865348816,0.3333333134651184,83,3e8bf8a939a4ea247c903b50a2ce45b134c46b16
a1_sft_s0_rl0_task4_state_baseline,18,4,35,5,185,1,1.0,0.0,78,3e8bf8a939a4ea247c903b50a2ce45b134c46b16
a1_sft_s0_rl0_task4_state_baseline,18,4,36,6,186,1,1.0,0.0,85,3e8bf8a939a4ea247c903b50a2ce45b134c46b16
a1_sft_s0_rl0_task4_state_baseline,18,4,37,7,187,1,1.0,0.0,86,3e8bf8a939a4ea247c903b50a2ce45b134c46b16
a1_sft_s0_rl0_task4_state_baseline,18,4,38,8,188,0,0.0,0.0,300,3e8bf8a939a4ea247c903b50a2ce45b134c46b16
a1_sft_s0_rl0_task4_state_baseline,18,4,39,9,189,0,0.0,0.0,300,3e8bf8a939a4ea247c903b50a2ce45b134c46b16
a1_sft_s0_rl0_task4_state_baseline,19,4,40,0,190,0,0.0,0.0,300,3e8bf8a939a4ea247c903b50a2ce45b134c46b16
a1_sft_s0_rl0_task4_state_baseline,19,4,41,1,191,1,1.0,0.0,81,3e8bf8a939a4ea247c903b50a2ce45b134c46b16
a1_sft_s0_rl0_task4_state_baseline,19,4,42,2,192,1,1.0,0.0,77,3e8bf8a939a4ea247c903b50a2ce45b134c46b16
a1_sft_s0_rl0_task4_state_baseline,19,4,43,3,193,1,1.0,0.0,82,3e8bf8a939a4ea247c903b50a2ce45b134c46b16
a1_sft_s0_rl0_task4_state_baseline,19,4,44,4,194,1,1.0,0.0,86,3e8bf8a939a4ea247c903b50a2ce45b134c46b16
a1_sft_s0_rl0_task4_state_baseline,19,4,45,5,195,1,1.0,0.0,86,3e8bf8a939a4ea247c903b50a2ce45b134c46b16
a1_sft_s0_rl0_task4_state_baseline,19,4,46,6,196,1,1.0,0.0,84,3e8bf8a939a4ea247c903b50a2ce45b134c46b16
a1_sft_s0_rl0_task4_state_baseline,19,4,47,7,197,0,0.0,0.0,300,3e8bf8a939a4ea247c903b50a2ce45b134c46b16
a1_sft_s0_rl0_task4_state_baseline,19,4,48,8,198,0,0.0,0.0,300,3e8bf8a939a4ea247c903b50a2ce45b134c46b16
a1_sft_s0_rl0_task4_state_baseline,19,4,49,9,199,1,1.0,0.0,88,3e8bf8a939a4ea247c903b50a2ce45b134c46b16
a1_sft_s0_rl0_task4_state_baseline,20,4,0,0,200,0,0.0,0.0,300,3e8bf8a939a4ea247c903b50a2ce45b134c46b16
a1_sft_s0_rl0_task4_state_baseline,20,4,1,1,201,1,1.0,0.0,84,3e8bf8a939a4ea247c903b50a2ce45b134c46b16
a1_sft_s0_rl0_task4_state_baseline,20,4,2,2,202,1,1.0,0.0,83,3e8bf8a939a4ea247c903b50a2ce45b134c46b16
a1_sft_s0_rl0_task4_state_baseline,20,4,3,3,203,1,0.0,1.0,88,3e8bf8a939a4ea247c903b50a2ce45b134c46b16
a1_sft_s0_rl0_task4_state_baseline,20,4,4,4,204,1,0.75,0.25,78,3e8bf8a939a4ea247c903b50a2ce45b134c46b16
a1_sft_s0_rl0_task4_state_baseline,20,4,5,5,205,1,1.0,0.0,81,3e8bf8a939a4ea247c903b50a2ce45b134c46b16
a1_sft_s0_rl0_task4_state_baseline,20,4,6,6,206,0,0.0,0.0,300,3e8bf8a939a4ea247c903b50a2ce45b134c46b16
a1_sft_s0_rl0_task4_state_baseline,20,4,7,7,207,1,1.0,0.0,84,3e8bf8a939a4ea247c903b50a2ce45b134c46b16
a1_sft_s0_rl0_task4_state_baseline,20,4,8,8,208,0,0.0,0.0,300,3e8bf8a939a4ea247c903b50a2ce45b134c46b16
a1_sft_s0_rl0_task4_state_baseline,20,4,9,9,209,0,0.5,-0.5,300,3e8bf8a939a4ea247c903b50a2ce45b134c46b16
a1_sft_s0_rl0_task4_state_baseline,21,4,10,0,210,0,0.0,0.0,300,3e8bf8a939a4ea247c903b50a2ce45b134c46b16
a1_sft_s0_rl0_task4_state_baseline,21,4,11,1,211,1,0.25,0.75,76,3e8bf8a939a4ea247c903b50a2ce45b134c46b16
a1_sft_s0_rl0_task4_state_baseline,21,4,12,2,212,1,0.75,0.25,79,3e8bf8a939a4ea247c903b50a2ce45b134c46b16
a1_sft_s0_rl0_task4_state_baseline,21,4,13,3,213,1,0.75,0.25,83,3e8bf8a939a4ea247c903b50a2ce45b134c46b16
a1_sft_s0_rl0_task4_state_baseline,21,4,14,4,214,0,0.25,-0.25,300,3e8bf8a939a4ea247c903b50a2ce45b134c46b16
a1_sft_s0_rl0_task4_state_baseline,21,4,15,5,215,1,1.0,0.0,85,3e8bf8a939a4ea247c903b50a2ce45b134c46b16
a1_sft_s0_rl0_task4_state_baseline,21,4,16,6,216,1,1.0,0.0,82,3e8bf8a939a4ea247c903b50a2ce45b134c46b16
a1_sft_s0_rl0_task4_state_baseline,21,4,17,7,217,1,1.0,0.0,87,3e8bf8a939a4ea247c903b50a2ce45b134c46b16
a1_sft_s0_rl0_task4_state_baseline,21,4,18,8,218,0,0.0,0.0,300,3e8bf8a939a4ea247c903b50a2ce45b134c46b16
a1_sft_s0_rl0_task4_state_baseline,21,4,19,9,219,1,0.0,1.0,77,3e8bf8a939a4ea247c903b50a2ce45b134c46b16
a1_sft_s0_rl0_task4_state_baseline,22,4,20,0,220,1,1.0,0.0,89,3e8bf8a939a4ea247c903b50a2ce45b134c46b16
a1_sft_s0_rl0_task4_state_baseline,22,4,21,1,221,1,1.0,0.0,87,3e8bf8a939a4ea247c903b50a2ce45b134c46b16
a1_sft_s0_rl0_task4_state_baseline,22,4,22,2,222,0,0.0,0.0,300,3e8bf8a939a4ea247c903b50a2ce45b134c46b16
a1_sft_s0_rl0_task4_state_baseline,22,4,23,3,223,1,0.25,0.75,80,3e8bf8a939a4ea247c903b50a2ce45b134c46b16
a1_sft_s0_rl0_task4_state_baseline,22,4,24,4,224,0,0.0,0.0,300,3e8bf8a939a4ea247c903b50a2ce45b134c46b16
a1_sft_s0_rl0_task4_state_baseline,22,4,25,5,225,1,0.5,0.5,78,3e8bf8a939a4ea247c903b50a2ce45b134c46b16
a1_sft_s0_rl0_task4_state_baseline,22,4,26,6,226,1,1.0,0.0,82,3e8bf8a939a4ea247c903b50a2ce45b134c46b16
a1_sft_s0_rl0_task4_state_baseline,22,4,27,7,227,1,1.0,0.0,83,3e8bf8a939a4ea247c903b50a2ce45b134c46b16
a1_sft_s0_rl0_task4_state_baseline,22,4,28,8,228,1,1.0,0.0,86,3e8bf8a939a4ea247c903b50a2ce45b134c46b16
a1_sft_s0_rl0_task4_state_baseline,22,4,29,9,229,1,0.75,0.25,89,3e8bf8a939a4ea247c903b50a2ce45b134c46b16
a1_sft_s0_rl0_task4_state_baseline,23,4,30,0,230,1,0.75,0.25,79,3e8bf8a939a4ea247c903b50a2ce45b134c46b16
a1_sft_s0_rl0_task4_state_baseline,23,4,31,1,231,1,1.0,0.0,88,3e8bf8a939a4ea247c903b50a2ce45b134c46b16
a1_sft_s0_rl0_task4_state_baseline,23,4,32,2,232,0,0.75,-0.75,300,3e8bf8a939a4ea247c903b50a2ce45b134c46b16
a1_sft_s0_rl0_task4_state_baseline,23,4,33,3,233,1,0.75,0.25,87,3e8bf8a939a4ea247c903b50a2ce45b134c46b16
a1_sft_s0_rl0_task4_state_baseline,23,4,34,4,234,1,0.75,0.25,81,3e8bf8a939a4ea247c903b50a2ce45b134c46b16
a1_sft_s0_rl0_task4_state_baseline,23,4,35,5,235,1,1.0,0.0,77,3e8bf8a939a4ea247c903b50a2ce45b134c46b16
a1_sft_s0_rl0_task4_state_baseline,23,4,36,6,236,1,1.0,0.0,80,3e8bf8a939a4ea247c903b50a2ce45b134c46b16
a1_sft_s0_rl0_task4_state_baseline,23,4,37,7,237,1,1.0,0.0,88,3e8bf8a939a4ea247c903b50a2ce45b134c46b16
a1_sft_s0_rl0_task4_state_baseline,23,4,38,8,238,0,0.0,0.0,300,3e8bf8a939a4ea247c903b50a2ce45b134c46b16
a1_sft_s0_rl0_task4_state_baseline,23,4,39,9,239,0,0.0,0.0,300,3e8bf8a939a4ea247c903b50a2ce45b134c46b16
a1_sft_s0_rl0_task4_state_baseline,24,4,40,0,240,0,0.0,0.0,300,3e8bf8a939a4ea247c903b50a2ce45b134c46b16
a1_sft_s0_rl0_task4_state_baseline,24,4,41,1,241,1,1.0,0.0,79,3e8bf8a939a4ea247c903b50a2ce45b134c46b16
a1_sft_s0_rl0_task4_state_baseline,24,4,42,2,242,0,1.0,-1.0,300,3e8bf8a939a4ea247c903b50a2ce45b134c46b16
a1_sft_s0_rl0_task4_state_baseline,24,4,43,3,243,1,1.0,0.0,80,3e8bf8a939a4ea247c903b50a2ce45b134c46b16
a1_sft_s0_rl0_task4_state_baseline,24,4,44,4,244,1,1.0,0.0,84,3e8bf8a939a4ea247c903b50a2ce45b134c46b16
a1_sft_s0_rl0_task4_state_baseline,24,4,45,5,245,1,1.0,0.0,80,3e8bf8a939a4ea247c903b50a2ce45b134c46b16
a1_sft_s0_rl0_task4_state_baseline,24,4,46,6,246,1,1.0,0.0,84,3e8bf8a939a4ea247c903b50a2ce45b134c46b16
a1_sft_s0_rl0_task4_state_baseline,24,4,47,7,247,0,0.0,0.0,300,3e8bf8a939a4ea247c903b50a2ce45b134c46b16
a1_sft_s0_rl0_task4_state_baseline,24,4,48,8,248,0,0.0,0.0,300,3e8bf8a939a4ea247c903b50a2ce45b134c46b16
a1_sft_s0_rl0_task4_state_baseline,24,4,49,9,249,1,1.0,0.0,88,3e8bf8a939a4ea247c903b50a2ce45b134c46b16
a1_sft_s0_rl0_task4_state_baseline,25,4,0,0,250,0,0.0,0.0,300,3e8bf8a939a4ea247c903b50a2ce45b134c46b16
a1_sft_s0_rl0_task4_state_baseline,25,4,1,1,251,1,1.0,0.0,87,3e8bf8a939a4ea247c903b50a2ce45b134c46b16
a1_sft_s0_rl0_task4_state_baseline,25,4,2,2,252,1,1.0,0.0,84,3e8bf8a939a4ea247c903b50a2ce45b134c46b16
a1_sft_s0_rl0_task4_state_baseline,25,4,3,3,253,0,0.20000000298023224,-0.20000000298023224,300,3e8bf8a939a4ea247c903b50a2ce45b134c46b16
a1_sft_s0_rl0_task4_state_baseline,25,4,4,4,254,1,0.800000011920929,0.19999998807907104,80,3e8bf8a939a4ea247c903b50a2ce45b134c46b16
a1_sft_s0_rl0_task4_state_baseline,25,4,5,5,255,1,1.0,0.0,87,3e8bf8a939a4ea247c903b50a2ce45b134c46b16
a1_sft_s0_rl0_task4_state_baseline,25,4,6,6,256,0,0.0,0.0,300,3e8bf8a939a4ea247c903b50a2ce45b134c46b16
a1_sft_s0_rl0_task4_state_baseline,25,4,7,7,257,0,1.0,-1.0,300,3e8bf8a939a4ea247c903b50a2ce45b134c46b16
a1_sft_s0_rl0_task4_state_baseline,25,4,8,8,258,0,0.0,0.0,300,3e8bf8a939a4ea247c903b50a2ce45b134c46b16
a1_sft_s0_rl0_task4_state_baseline,25,4,9,9,259,1,0.4000000059604645,0.6000000238418579,78,3e8bf8a939a4ea247c903b50a2ce45b134c46b16
a1_sft_s0_rl0_task4_state_baseline,26,4,10,0,260,0,0.0,0.0,300,3e8bf8a939a4ea247c903b50a2ce45b134c46b16
a1_sft_s0_rl0_task4_state_baseline,26,4,11,1,261,0,0.4000000059604645,-0.4000000059604645,300,3e8bf8a939a4ea247c903b50a2ce45b134c46b16
a1_sft_s0_rl0_task4_state_baseline,26,4,12,2,262,1,0.800000011920929,0.19999998807907104,80,3e8bf8a939a4ea247c903b50a2ce45b134c46b16
a1_sft_s0_rl0_task4_state_baseline,26,4,13,3,263,1,0.800000011920929,0.19999998807907104,78,3e8bf8a939a4ea247c903b50a2ce45b134c46b16
a1_sft_s0_rl0_task4_state_baseline,26,4,14,4,264,0,0.20000000298023224,-0.20000000298023224,300,3e8bf8a939a4ea247c903b50a2ce45b134c46b16
a1_sft_s0_rl0_task4_state_baseline,26,4,15,5,265,1,1.0,0.0,88,3e8bf8a939a4ea247c903b50a2ce45b134c46b16
a1_sft_s0_rl0_task4_state_baseline,26,4,16,6,266,1,1.0,0.0,84,3e8bf8a939a4ea247c903b50a2ce45b134c46b16
a1_sft_s0_rl0_task4_state_baseline,26,4,17,7,267,1,1.0,0.0,89,3e8bf8a939a4ea247c903b50a2ce45b134c46b16
a1_sft_s0_rl0_task4_state_baseline,26,4,18,8,268,0,0.0,0.0,300,3e8bf8a939a4ea247c903b50a2ce45b134c46b16
a1_sft_s0_rl0_task4_state_baseline,26,4,19,9,269,1,0.20000000298023224,0.800000011920929,76,3e8bf8a939a4ea247c903b50a2ce45b134c46b16
a1_sft_s0_rl0_task4_state_baseline,27,4,20,0,270,1,1.0,0.0,91,3e8bf8a939a4ea247c903b50a2ce45b134c46b16
a1_sft_s0_rl0_task4_state_baseline,27,4,21,1,271,1,1.0,0.0,84,3e8bf8a939a4ea247c903b50a2ce45b134c46b16
a1_sft_s0_rl0_task4_state_baseline,27,4,22,2,272,0,0.0,0.0,300,3e8bf8a939a4ea247c903b50a2ce45b134c46b16
a1_sft_s0_rl0_task4_state_baseline,27,4,23,3,273,0,0.4000000059604645,-0.4000000059604645,300,3e8bf8a939a4ea247c903b50a2ce45b134c46b16
a1_sft_s0_rl0_task4_state_baseline,27,4,24,4,274,0,0.0,0.0,300,3e8bf8a939a4ea247c903b50a2ce45b134c46b16
a1_sft_s0_rl0_task4_state_baseline,27,4,25,5,275,1,0.6000000238418579,0.3999999761581421,83,3e8bf8a939a4ea247c903b50a2ce45b134c46b16
a1_sft_s0_rl0_task4_state_baseline,27,4,26,6,276,1,1.0,0.0,87,3e8bf8a939a4ea247c903b50a2ce45b134c46b16
a1_sft_s0_rl0_task4_state_baseline,27,4,27,7,277,1,1.0,0.0,83,3e8bf8a939a4ea247c903b50a2ce45b134c46b16
a1_sft_s0_rl0_task4_state_baseline,27,4,28,8,278,1,1.0,0.0,87,3e8bf8a939a4ea247c903b50a2ce45b134c46b16
a1_sft_s0_rl0_task4_state_baseline,27,4,29,9,279,1,0.800000011920929,0.19999998807907104,92,3e8bf8a939a4ea247c903b50a2ce45b134c46b16
a1_sft_s0_rl0_task4_state_baseline,28,4,30,0,280,1,0.800000011920929,0.19999998807907104,78,3e8bf8a939a4ea247c903b50a2ce45b134c46b16
a1_sft_s0_rl0_task4_state_baseline,28,4,31,1,281,1,1.0,0.0,83,3e8bf8a939a4ea247c903b50a2ce45b134c46b16
a1_sft_s0_rl0_task4_state_baseline,28,4,32,2,282,0,0.6000000238418579,-0.6000000238418579,300,3e8bf8a939a4ea247c903b50a2ce45b134c46b16
a1_sft_s0_rl0_task4_state_baseline,28,4,33,3,283,1,0.800000011920929,0.19999998807907104,86,3e8bf8a939a4ea247c903b50a2ce45b134c46b16
a1_sft_s0_rl0_task4_state_baseline,28,4,34,4,284,1,0.800000011920929,0.19999998807907104,80,3e8bf8a939a4ea247c903b50a2ce45b134c46b16
a1_sft_s0_rl0_task4_state_baseline,28,4,35,5,285,1,1.0,0.0,81,3e8bf8a939a4ea247c903b50a2ce45b134c46b16
a1_sft_s0_rl0_task4_state_baseline,28,4,36,6,286,1,1.0,0.0,82,3e8bf8a939a4ea247c903b50a2ce45b134c46b16
a1_sft_s0_rl0_task4_state_baseline,28,4,37,7,287,1,1.0,0.0,85,3e8bf8a939a4ea247c903b50a2ce45b134c46b16
a1_sft_s0_rl0_task4_state_baseline,28,4,38,8,288,0,0.0,0.0,300,3e8bf8a939a4ea247c903b50a2ce45b134c46b16
a1_sft_s0_rl0_task4_state_baseline,28,4,39,9,289,0,0.0,0.0,300,3e8bf8a939a4ea247c903b50a2ce45b134c46b16
a1_sft_s0_rl0_task4_state_baseline,29,4,40,0,290,0,0.0,0.0,300,3e8bf8a939a4ea247c903b50a2ce45b134c46b16
a1_sft_s0_rl0_task4_state_baseline,29,4,41,1,291,1,1.0,0.0,84,3e8bf8a939a4ea247c903b50a2ce45b134c46b16
a1_sft_s0_rl0_task4_state_baseline,29,4,42,2,292,1,0.800000011920929,0.19999998807907104,72,3e8bf8a939a4ea247c903b50a2ce45b134c46b16
a1_sft_s0_rl0_task4_state_baseline,29,4,43,3,293,1,1.0,0.0,83,3e8bf8a939a4ea247c903b50a2ce45b134c46b16
a1_sft_s0_rl0_task4_state_baseline,29,4,44,4,294,1,1.0,0.0,81,3e8bf8a939a4ea247c903b50a2ce45b134c46b16
a1_sft_s0_rl0_task4_state_baseline,29,4,45,5,295,1,1.0,0.0,81,3e8bf8a939a4ea247c903b50a2ce45b134c46b16
a1_sft_s0_rl0_task4_state_baseline,29,4,46,6,296,1,1.0,0.0,85,3e8bf8a939a4ea247c903b50a2ce45b134c46b16
a1_sft_s0_rl0_task4_state_baseline,29,4,47,7,297,0,0.0,0.0,300,3e8bf8a939a4ea247c903b50a2ce45b134c46b16
a1_sft_s0_rl0_task4_state_baseline,29,4,48,8,298,0,0.0,0.0,300,3e8bf8a939a4ea247c903b50a2ce45b134c46b16
a1_sft_s0_rl0_task4_state_baseline,29,4,49,9,299,1,1.0,0.0,88,3e8bf8a939a4ea247c903b50a2ce45b134c46b16
a1_sft_s0_rl10_task4_state_baseline,0,4,0,0,10000000,0,0.4000000059604645,-0.4000000059604645,300,3e8bf8a939a4ea247c903b50a2ce45b134c46b16
a1_sft_s0_rl10_task4_state_baseline,0,4,1,1,10000001,1,0.4000000059604645,0.6000000238418579,84,3e8bf8a939a4ea247c903b50a2ce45b134c46b16
a1_sft_s0_rl10_task4_state_baseline,0,4,2,2,10000002,1,0.4000000059604645,0.6000000238418579,79,3e8bf8a939a4ea247c903b50a2ce45b134c46b16
a1_sft_s0_rl10_task4_state_baseline,0,4,3,3,10000003,0,0.4000000059604645,-0.4000000059604645,300,3e8bf8a939a4ea247c903b50a2ce45b134c46b16
a1_sft_s0_rl10_task4_state_baseline,0,4,4,4,10000004,1,0.4000000059604645,0.6000000238418579,80,3e8bf8a939a4ea247c903b50a2ce45b134c46b16
a1_sft_s0_rl10_task4_state_baseline,0,4,5,5,10000005,1,0.4000000059604645,0.6000000238418579,80,3e8bf8a939a4ea247c903b50a2ce45b134c46b16
a1_sft_s0_rl10_task4_state_baseline,0,4,6,6,10000006,0,0.4000000059604645,-0.4000000059604645,300,3e8bf8a939a4ea247c903b50a2ce45b134c46b16
a1_sft_s0_rl10_task4_state_baseline,0,4,7,7,10000007,0,0.4000000059604645,-0.4000000059604645,300,3e8bf8a939a4ea247c903b50a2ce45b134c46b16
a1_sft_s0_rl10_task4_state_baseline,0,4,8,8,10000008,0,0.4000000059604645,-0.4000000059604645,300,3e8bf8a939a4ea247c903b50a2ce45b134c46b16
a1_sft_s0_rl10_task4_state_baseline,0,4,9,9,10000009,0,0.4000000059604645,-0.4000000059604645,300,3e8bf8a939a4ea247c903b50a2ce45b134c46b16
a1_sft_s0_rl10_task4_state_baseline,1,4,10,0,10000010,0,0.5,-0.5,300,3e8bf8a939a4ea247c903b50a2ce45b134c46b16
a1_sft_s0_rl10_task4_state_baseline,1,4,11,1,10000011,0,0.5,-0.5,300,3e8bf8a939a4ea247c903b50a2ce45b134c46b16
a1_sft_s0_rl10_task4_state_baseline,1,4,12,2,10000012,1,0.5,0.5,79,3e8bf8a939a4ea247c903b50a2ce45b134c46b16
a1_sft_s0_rl10_task4_state_baseline,1,4,13,3,10000013,1,0.5,0.5,79,3e8bf8a939a4ea247c903b50a2ce45b134c46b16
a1_sft_s0_rl10_task4_state_baseline,1,4,14,4,10000014,0,0.5,-0.5,300,3e8bf8a939a4ea247c903b50a2ce45b134c46b16
a1_sft_s0_rl10_task4_state_baseline,1,4,15,5,10000015,1,0.5,0.5,89,3e8bf8a939a4ea247c903b50a2ce45b134c46b16
a1_sft_s0_rl10_task4_state_baseline,1,4,16,6,10000016,1,0.5,0.5,81,3e8bf8a939a4ea247c903b50a2ce45b134c46b16
a1_sft_s0_rl10_task4_state_baseline,1,4,17,7,10000017,1,0.5,0.5,85,3e8bf8a939a4ea247c903b50a2ce45b134c46b16
a1_sft_s0_rl10_task4_state_baseline,1,4,18,8,10000018,0,0.5,-0.5,300,3e8bf8a939a4ea247c903b50a2ce45b134c46b16
a1_sft_s0_rl10_task4_state_baseline,1,4,19,9,10000019,0,0.5,-0.5,300,3e8bf8a939a4ea247c903b50a2ce45b134c46b16
a1_sft_s0_rl10_task4_state_baseline,2,4,20,0,10000020,1,0.5,0.5,80,3e8bf8a939a4ea247c903b50a2ce45b134c46b16
a1_sft_s0_rl10_task4_state_baseline,2,4,21,1,10000021,1,0.5,0.5,83,3e8bf8a939a4ea247c903b50a2ce45b134c46b16
a1_sft_s0_rl10_task4_state_baseline,2,4,22,2,10000022,0,0.5,-0.5,300,3e8bf8a939a4ea247c903b50a2ce45b134c46b16
a1_sft_s0_rl10_task4_state_baseline,2,4,23,3,10000023,0,0.5,-0.5,300,3e8bf8a939a4ea247c903b50a2ce45b134c46b16
a1_sft_s0_rl10_task4_state_baseline,2,4,24,4,10000024,0,0.5,-0.5,300,3e8bf8a939a4ea247c903b50a2ce45b134c46b16
a1_sft_s0_rl10_task4_state_baseline,2,4,25,5,10000025,0,0.5,-0.5,300,3e8bf8a939a4ea247c903b50a2ce45b134c46b16
a1_sft_s0_rl10_task4_state_baseline,2,4,26,6,10000026,1,0.5,0.5,82,3e8bf8a939a4ea247c903b50a2ce45b134c46b16
a1_sft_s0_rl10_task4_state_baseline,2,4,27,7,10000027,1,0.5,0.5,80,3e8bf8a939a4ea247c903b50a2ce45b134c46b16
a1_sft_s0_rl10_task4_state_baseline,2,4,28,8,10000028,1,0.5,0.5,85,3e8bf8a939a4ea247c903b50a2ce45b134c46b16
a1_sft_s0_rl10_task4_state_baseline,2,4,29,9,10000029,0,0.5,-0.5,300,3e8bf8a939a4ea247c903b50a2ce45b134c46b16
a1_sft_s0_rl10_task4_state_baseline,3,4,30,0,10000030,0,0.4000000059604645,-0.4000000059604645,300,3e8bf8a939a4ea247c903b50a2ce45b134c46b16
a1_sft_s0_rl10_task4_state_baseline,3,4,31,1,10000031,1,0.4000000059604645,0.6000000238418579,89,3e8bf8a939a4ea247c903b50a2ce45b134c46b16
a1_sft_s0_rl10_task4_state_baseline,3,4,32,2,10000032,0,0.4000000059604645,-0.4000000059604645,300,3e8bf8a939a4ea247c903b50a2ce45b134c46b16
a1_sft_s0_rl10_task4_state_baseline,3,4,33,3,10000033,0,0.4000000059604645,-0.4000000059604645,300,3e8bf8a939a4ea247c903b50a2ce45b134c46b16
a1_sft_s0_rl10_task4_state_baseline,3,4,34,4,10000034,1,0.4000000059604645,0.6000000238418579,77,3e8bf8a939a4ea247c903b50a2ce45b134c46b16
a1_sft_s0_rl10_task4_state_baseline,3,4,35,5,10000035,1,0.4000000059604645,0.6000000238418579,77,3e8bf8a939a4ea247c903b50a2ce45b134c46b16
a1_sft_s0_rl10_task4_state_baseline,3,4,36,6,10000036,1,0.4000000059604645,0.6000000238418579,89,3e8bf8a939a4ea247c903b50a2ce45b134c46b16
a1_sft_s0_rl10_task4_state_baseline,3,4,37,7,10000037,0,0.4000000059604645,-0.4000000059604645,300,3e8bf8a939a4ea247c903b50a2ce45b134c46b16
a1_sft_s0_rl10_task4_state_baseline,3,4,38,8,10000038,0,0.4000000059604645,-0.4000000059604645,300,3e8bf8a939a4ea247c903b50a2ce45b134c46b16
a1_sft_s0_rl10_task4_state_baseline,3,4,39,9,10000039,0,0.4000000059604645,-0.4000000059604645,300,3e8bf8a939a4ea247c903b50a2ce45b134c46b16
a1_sft_s0_rl10_task4_state_baseline,4,4,40,0,10000040,0,0.699999988079071,-0.699999988079071,300,3e8bf8a939a4ea247c903b50a2ce45b134c46b16
a1_sft_s0_rl10_task4_state_baseline,4,4,41,1,10000041,1,0.699999988079071,0.30000001192092896,79,3e8bf8a939a4ea247c903b50a2ce45b134c46b16
a1_sft_s0_rl10_task4_state_baseline,4,4,42,2,10000042,1,0.699999988079071,0.30000001192092896,75,3e8bf8a939a4ea247c903b50a2ce45b134c46b16
a1_sft_s0_rl10_task4_state_baseline,4,4,43,3,10000043,1,0.699999988079071,0.30000001192092896,80,3e8bf8a939a4ea247c903b50a2ce45b134c46b16
a1_sft_s0_rl10_task4_state_baseline,4,4,44,4,10000044,1,0.699999988079071,0.30000001192092896,80,3e8bf8a939a4ea247c903b50a2ce45b134c46b16
a1_sft_s0_rl10_task4_state_baseline,4,4,45,5,10000045,1,0.699999988079071,0.30000001192092896,84,3e8bf8a939a4ea247c903b50a2ce45b134c46b16
a1_sft_s0_rl10_task4_state_baseline,4,4,46,6,10000046,1,0.699999988079071,0.30000001192092896,80,3e8bf8a939a4ea247c903b50a2ce45b134c46b16
a1_sft_s0_rl10_task4_state_baseline,4,4,47,7,10000047,0,0.699999988079071,-0.699999988079071,300,3e8bf8a939a4ea247c903b50a2ce45b134c46b16
a1_sft_s0_rl10_task4_state_baseline,4,4,48,8,10000048,0,0.699999988079071,-0.699999988079071,300,3e8bf8a939a4ea247c903b50a2ce45b134c46b16
a1_sft_s0_rl10_task4_state_baseline,4,4,49,9,10000049,1,0.699999988079071,0.30000001192092896,83,3e8bf8a939a4ea247c903b50a2ce45b134c46b16
a1_sft_s0_rl10_task4_state_baseline,5,4,0,0,10000050,0,0.0,0.0,300,3e8bf8a939a4ea247c903b50a2ce45b134c46b16
a1_sft_s0_rl10_task4_state_baseline,5,4,1,1,10000051,1,1.0,0.0,87,3e8bf8a939a4ea247c903b50a2ce45b134c46b16
a1_sft_s0_rl10_task4_state_baseline,5,4,2,2,10000052,1,1.0,0.0,82,3e8bf8a939a4ea247c903b50a2ce45b134c46b16
a1_sft_s0_rl10_task4_state_baseline,5,4,3,3,10000053,0,0.0,0.0,300,3e8bf8a939a4ea247c903b50a2ce45b134c46b16
a1_sft_s0_rl10_task4_state_baseline,5,4,4,4,10000054,1,1.0,0.0,78,3e8bf8a939a4ea247c903b50a2ce45b134c46b16
a1_sft_s0_rl10_task4_state_baseline,5,4,5,5,10000055,1,1.0,0.0,86,3e8bf8a939a4ea247c903b50a2ce45b134c46b16
a1_sft_s0_rl10_task4_state_baseline,5,4,6,6,10000056,0,0.0,0.0,300,3e8bf8a939a4ea247c903b50a2ce45b134c46b16
a1_sft_s0_rl10_task4_state_baseline,5,4,7,7,10000057,1,0.0,1.0,72,3e8bf8a939a4ea247c903b50a2ce45b134c46b16
a1_sft_s0_rl10_task4_state_baseline,5,4,8,8,10000058,0,0.0,0.0,300,3e8bf8a939a4ea247c903b50a2ce45b134c46b16
a1_sft_s0_rl10_task4_state_baseline,5,4,9,9,10000059,0,0.0,0.0,300,3e8bf8a939a4ea247c903b50a2ce45b134c46b16
a1_sft_s0_rl10_task4_state_baseline,6,4,10,0,10000060,0,0.0,0.0,300,3e8bf8a939a4ea247c903b50a2ce45b134c46b16
a1_sft_s0_rl10_task4_state_baseline,6,4,11,1,10000061,0,0.0,0.0,300,3e8bf8a939a4ea247c903b50a2ce45b134c46b16
a1_sft_s0_rl10_task4_state_baseline,6,4,12,2,10000062,1,1.0,0.0,78,3e8bf8a939a4ea247c903b50a2ce45b134c46b16
a1_sft_s0_rl10_task4_state_baseline,6,4,13,3,10000063,1,1.0,0.0,80,3e8bf8a939a4ea247c903b50a2ce45b134c46b16
a1_sft_s0_rl10_task4_state_baseline,6,4,14,4,10000064,0,0.0,0.0,300,3e8bf8a939a4ea247c903b50a2ce45b134c46b16
a1_sft_s0_rl10_task4_state_baseline,6,4,15,5,10000065,1,1.0,0.0,76,3e8bf8a939a4ea247c903b50a2ce45b134c46b16
a1_sft_s0_rl10_task4_state_baseline,6,4,16,6,10000066,1,1.0,0.0,80,3e8bf8a939a4ea247c903b50a2ce45b134c46b16
a1_sft_s0_rl10_task4_state_baseline,6,4,17,7,10000067,0,1.0,-1.0,300,3e8bf8a939a4ea247c903b50a2ce45b134c46b16
a1_sft_s0_rl10_task4_state_baseline,6,4,18,8,10000068,0,0.0,0.0,300,3e8bf8a939a4ea247c903b50a2ce45b134c46b16
a1_sft_s0_rl10_task4_state_baseline,6,4,19,9,10000069,0,0.0,0.0,300,3e8bf8a939a4ea247c903b50a2ce45b134c46b16
a1_sft_s0_rl10_task4_state_baseline,7,4,20,0,10000070,1,1.0,0.0,80,3e8bf8a939a4ea247c903b50a2ce45b134c46b16
a1_sft_s0_rl10_task4_state_baseline,7,4,21,1,10000071,1,1.0,0.0,86,3e8bf8a939a4ea247c903b50a2ce45b134c46b16
a1_sft_s0_rl10_task4_state_baseline,7,4,22,2,10000072,0,0.0,0.0,300,3e8bf8a939a4ea247c903b50a2ce45b134c46b16
a1_sft_s0_rl10_task4_state_baseline,7,4,23,3,10000073,0,0.0,0.0,300,3e8bf8a939a4ea247c903b50a2ce45b134c46b16
a1_sft_s0_rl10_task4_state_baseline,7,4,24,4,10000074,0,0.0,0.0,300,3e8bf8a939a4ea247c903b50a2ce45b134c46b16
a1_sft_s0_rl10_task4_state_baseline,7,4,25,5,10000075,1,0.0,1.0,82,3e8bf8a939a4ea247c903b50a2ce45b134c46b16
a1_sft_s0_rl10_task4_state_baseline,7,4,26,6,10000076,0,1.0,-1.0,300,3e8bf8a939a4ea247c903b50a2ce45b134c46b16
a1_sft_s0_rl10_task4_state_baseline,7,4,27,7,10000077,1,1.0,0.0,82,3e8bf8a939a4ea247c903b50a2ce45b134c46b16
a1_sft_s0_rl10_task4_state_baseline,7,4,28,8,10000078,1,1.0,0.0,79,3e8bf8a939a4ea247c903b50a2ce45b134c46b16
a1_sft_s0_rl10_task4_state_baseline,7,4,29,9,10000079,0,0.0,0.0,300,3e8bf8a939a4ea247c903b50a2ce45b134c46b16
a1_sft_s0_rl10_task4_state_baseline,8,4,30,0,10000080,1,0.0,1.0,79,3e8bf8a939a4ea247c903b50a2ce45b134c46b16
a1_sft_s0_rl10_task4_state_baseline,8,4,31,1,10000081,1,1.0,0.0,80,3e8bf8a939a4ea247c903b50a2ce45b134c46b16
a1_sft_s0_rl10_task4_state_baseline,8,4,32,2,10000082,0,0.0,0.0,300,3e8bf8a939a4ea247c903b50a2ce45b134c46b16
a1_sft_s0_rl10_task4_state_baseline,8,4,33,3,10000083,0,0.0,0.0,300,3e8bf8a939a4ea247c903b50a2ce45b134c46b16
a1_sft_s0_rl10_task4_state_baseline,8,4,34,4,10000084,1,1.0,0.0,85,3e8bf8a939a4ea247c903b50a2ce45b134c46b16
a1_sft_s0_rl10_task4_state_baseline,8,4,35,5,10000085,1,1.0,0.0,79,3e8bf8a939a4ea247c903b50a2ce45b134c46b16
a1_sft_s0_rl10_task4_state_baseline,8,4,36,6,10000086,1,1.0,0.0,86,3e8bf8a939a4ea247c903b50a2ce45b134c46b16
a1_sft_s0_rl10_task4_state_baseline,8,4,37,7,10000087,0,0.0,0.0,300,3e8bf8a939a4ea247c903b50a2ce45b134c46b16
a1_sft_s0_rl10_task4_state_baseline,8,4,38,8,10000088,0,0.0,0.0,300,3e8bf8a939a4ea247c903b50a2ce45b134c46b16
a1_sft_s0_rl10_task4_state_baseline,8,4,39,9,10000089,0,0.0,0.0,300,3e8bf8a939a4ea247c903b50a2ce45b134c46b16
a1_sft_s0_rl10_task4_state_baseline,9,4,40,0,10000090,0,0.0,0.0,300,3e8bf8a939a4ea247c903b50a2ce45b134c46b16
a1_sft_s0_rl10_task4_state_baseline,9,4,41,1,10000091,1,1.0,0.0,82,3e8bf8a939a4ea247c903b50a2ce45b134c46b16
a1_sft_s0_rl10_task4_state_baseline,9,4,42,2,10000092,0,1.0,-1.0,300,3e8bf8a939a4ea247c903b50a2ce45b134c46b16
a1_sft_s0_rl10_task4_state_baseline,9,4,43,3,10000093,1,1.0,0.0,78,3e8bf8a939a4ea247c903b50a2ce45b134c46b16
a1_sft_s0_rl10_task4_state_baseline,9,4,44,4,10000094,1,1.0,0.0,79,3e8bf8a939a4ea247c903b50a2ce45b134c46b16
a1_sft_s0_rl10_task4_state_baseline,9,4,45,5,10000095,1,1.0,0.0,78,3e8bf8a939a4ea247c903b50a2ce45b134c46b16
a1_sft_s0_rl10_task4_state_baseline,9,4,46,6,10000096,1,1.0,0.0,82,3e8bf8a939a4ea247c903b50a2ce45b134c46b16
a1_sft_s0_rl10_task4_state_baseline,9,4,47,7,10000097,0,0.0,0.0,300,3e8bf8a939a4ea247c903b50a2ce45b134c46b16
a1_sft_s0_rl10_task4_state_baseline,9,4,48,8,10000098,0,0.0,0.0,300,3e8bf8a939a4ea247c903b50a2ce45b134c46b16
a1_sft_s0_rl10_task4_state_baseline,9,4,49,9,10000099,1,1.0,0.0,87,3e8bf8a939a4ea247c903b50a2ce45b134c46b16
a1_sft_s0_rl10_task4_state_baseline,10,4,0,0,10000100,0,0.0,0.0,300,3e8bf8a939a4ea247c903b50a2ce45b134c46b16
a1_sft_s0_rl10_task4_state_baseline,10,4,1,1,10000101,1,1.0,0.0,86,3e8bf8a939a4ea247c903b50a2ce45b134c46b16
a1_sft_s0_rl10_task4_state_baseline,10,4,2,2,10000102,1,1.0,0.0,81,3e8bf8a939a4ea247c903b50a2ce45b134c46b16
a1_sft_s0_rl10_task4_state_baseline,10,4,3,3,10000103,0,0.0,0.0,300,3e8bf8a939a4ea247c903b50a2ce45b134c46b16
a1_sft_s0_rl10_task4_state_baseline,10,4,4,4,10000104,0,1.0,-1.0,300,3e8bf8a939a4ea247c903b50a2ce45b134c46b16
a1_sft_s0_rl10_task4_state_baseline,10,4,5,5,10000105,1,1.0,0.0,85,3e8bf8a939a4ea247c903b50a2ce45b134c46b16
a1_sft_s0_rl10_task4_state_baseline,10,4,6,6,10000106,0,0.0,0.0,300,3e8bf8a939a4ea247c903b50a2ce45b134c46b16
a1_sft_s0_rl10_task4_state_baseline,10,4,7,7,10000107,0,0.5,-0.5,300,3e8bf8a939a4ea247c903b50a2ce45b134c46b16
a1_sft_s0_rl10_task4_state_baseline,10,4,8,8,10000108,0,0.0,0.0,300,3e8bf8a939a4ea247c903b50a2ce45b134c46b16
a1_sft_s0_rl10_task4_state_baseline,10,4,9,9,10000109,0,0.0,0.0,300,3e8bf8a939a4ea247c903b50a2ce45b134c46b16
a1_sft_s0_rl10_task4_state_baseline,11,4,10,0,10000110,0,0.0,0.0,300,3e8bf8a939a4ea247c903b50a2ce45b134c46b16
a1_sft_s0_rl10_task4_state_baseline,11,4,11,1,10000111,0,0.0,0.0,300,3e8bf8a939a4ea247c903b50a2ce45b134c46b16
a1_sft_s0_rl10_task4_state_baseline,11,4,12,2,10000112,1,1.0,0.0,78,3e8bf8a939a4ea247c903b50a2ce45b134c46b16
a1_sft_s0_rl10_task4_state_baseline,11,4,13,3,10000113,1,1.0,0.0,77,3e8bf8a939a4ea247c903b50a2ce45b134c46b16
a1_sft_s0_rl10_task4_state_baseline,11,4,14,4,10000114,0,0.0,0.0,300,3e8bf8a939a4ea247c903b50a2ce45b134c46b16
a1_sft_s0_rl10_task4_state_baseline,11,4,15,5,10000115,1,1.0,0.0,88,3e8bf8a939a4ea247c903b50a2ce45b134c46b16
a1_sft_s0_rl10_task4_state_baseline,11,4,16,6,10000116,1,1.0,0.0,78,3e8bf8a939a4ea247c903b50a2ce45b134c46b16
a1_sft_s0_rl10_task4_state_baseline,11,4,17,7,10000117,0,0.5,-0.5,300,3e8bf8a939a4ea247c903b50a2ce45b134c46b16
a1_sft_s0_rl10_task4_state_baseline,11,4,18,8,10000118,0,0.0,0.0,300,3e8bf8a939a4ea247c903b50a2ce45b134c46b16
a1_sft_s0_rl10_task4_state_baseline,11,4,19,9,10000119,0,0.0,0.0,300,3e8bf8a939a4ea247c903b50a2ce45b134c46b16
a1_sft_s0_rl10_task4_state_baseline,12,4,20,0,10000120,1,1.0,0.0,70,3e8bf8a939a4ea247c903b50a2ce45b134c46b16
a1_sft_s0_rl10_task4_state_baseline,12,4,21,1,10000121,1,1.0,0.0,87,3e8bf8a939a4ea247c903b50a2ce45b134c46b16
a1_sft_s0_rl10_task4_state_baseline,12,4,22,2,10000122,0,0.0,0.0,300,3e8bf8a939a4ea247c903b50a2ce45b134c46b16
a1_sft_s0_rl10_task4_state_baseline,12,4,23,3,10000123,0,0.0,0.0,300,3e8bf8a939a4ea247c903b50a2ce45b134c46b16
a1_sft_s0_rl10_task4_state_baseline,12,4,24,4,10000124,0,0.0,0.0,300,3e8bf8a939a4ea247c903b50a2ce45b134c46b16
a1_sft_s0_rl10_task4_state_baseline,12,4,25,5,10000125,0,0.5,-0.5,300,3e8bf8a939a4ea247c903b50a2ce45b134c46b16
a1_sft_s0_rl10_task4_state_baseline,12,4,26,6,10000126,0,0.5,-0.5,300,3e8bf8a939a4ea247c903b50a2ce45b134c46b16
a1_sft_s0_rl10_task4_state_baseline,12,4,27,7,10000127,1,1.0,0.0,82,3e8bf8a939a4ea247c903b50a2ce45b134c46b16
a1_sft_s0_rl10_task4_state_baseline,12,4,28,8,10000128,1,1.0,0.0,89,3e8bf8a939a4ea247c903b50a2ce45b134c46b16
a1_sft_s0_rl10_task4_state_baseline,12,4,29,9,10000129,0,0.0,0.0,300,3e8bf8a939a4ea247c903b50a2ce45b134c46b16
a1_sft_s0_rl10_task4_state_baseline,13,4,30,0,10000130,1,0.5,0.5,79,3e8bf8a939a4ea247c903b50a2ce45b134c46b16
a1_sft_s0_rl10_task4_state_baseline,13,4,31,1,10000131,1,1.0,0.0,92,3e8bf8a939a4ea247c903b50a2ce45b134c46b16
a1_sft_s0_rl10_task4_state_baseline,13,4,32,2,10000132,0,0.0,0.0,300,3e8bf8a939a4ea247c903b50a2ce45b134c46b16
a1_sft_s0_rl10_task4_state_baseline,13,4,33,3,10000133,0,0.0,0.0,300,3e8bf8a939a4ea247c903b50a2ce45b134c46b16
a1_sft_s0_rl10_task4_state_baseline,13,4,34,4,10000134,1,1.0,0.0,83,3e8bf8a939a4ea247c903b50a2ce45b134c46b16
a1_sft_s0_rl10_task4_state_baseline,13,4,35,5,10000135,1,1.0,0.0,76,3e8bf8a939a4ea247c903b50a2ce45b134c46b16
a1_sft_s0_rl10_task4_state_baseline,13,4,36,6,10000136,1,1.0,0.0,87,3e8bf8a939a4ea247c903b50a2ce45b134c46b16
a1_sft_s0_rl10_task4_state_baseline,13,4,37,7,10000137,0,0.0,0.0,300,3e8bf8a939a4ea247c903b50a2ce45b134c46b16
a1_sft_s0_rl10_task4_state_baseline,13,4,38,8,10000138,0,0.0,0.0,300,3e8bf8a939a4ea247c903b50a2ce45b134c46b16
a1_sft_s0_rl10_task4_state_baseline,13,4,39,9,10000139,0,0.0,0.0,300,3e8bf8a939a4ea247c903b50a2ce45b134c46b16
a1_sft_s0_rl10_task4_state_baseline,14,4,40,0,10000140,0,0.0,0.0,300,3e8bf8a939a4ea247c903b50a2ce45b134c46b16
a1_sft_s0_rl10_task4_state_baseline,14,4,41,1,10000141,1,1.0,0.0,78,3e8bf8a939a4ea247c903b50a2ce45b134c46b16
a1_sft_s0_rl10_task4_state_baseline,14,4,42,2,10000142,0,0.5,-0.5,300,3e8bf8a939a4ea247c903b50a2ce45b134c46b16
a1_sft_s0_rl10_task4_state_baseline,14,4,43,3,10000143,1,1.0,0.0,81,3e8bf8a939a4ea247c903b50a2ce45b134c46b16
a1_sft_s0_rl10_task4_state_baseline,14,4,44,4,10000144,1,1.0,0.0,80,3e8bf8a939a4ea247c903b50a2ce45b134c46b16
a1_sft_s0_rl10_task4_state_baseline,14,4,45,5,10000145,1,1.0,0.0,80,3e8bf8a939a4ea247c903b50a2ce45b134c46b16
a1_sft_s0_rl10_task4_state_baseline,14,4,46,6,10000146,1,1.0,0.0,79,3e8bf8a939a4ea247c903b50a2ce45b134c46b16
a1_sft_s0_rl10_task4_state_baseline,14,4,47,7,10000147,0,0.0,0.0,300,3e8bf8a939a4ea247c903b50a2ce45b134c46b16
a1_sft_s0_rl10_task4_state_baseline,14,4,48,8,10000148,0,0.0,0.0,300,3e8bf8a939a4ea247c903b50a2ce45b134c46b16
a1_sft_s0_rl10_task4_state_baseline,14,4,49,9,10000149,1,1.0,0.0,81,3e8bf8a939a4ea247c903b50a2ce45b134c46b16
a1_sft_s0_rl10_task4_state_baseline,15,4,0,0,10000150,0,0.0,0.0,300,3e8bf8a939a4ea247c903b50a2ce45b134c46b16
a1_sft_s0_rl10_task4_state_baseline,15,4,1,1,10000151,1,1.0,0.0,86,3e8bf8a939a4ea247c903b50a2ce45b134c46b16
a1_sft_s0_rl10_task4_state_baseline,15,4,2,2,10000152,1,1.0,0.0,80,3e8bf8a939a4ea247c903b50a2ce45b134c46b16
a1_sft_s0_rl10_task4_state_baseline,15,4,3,3,10000153,0,0.0,0.0,300,3e8bf8a939a4ea247c903b50a2ce45b134c46b16
a1_sft_s0_rl10_task4_state_baseline,15,4,4,4,10000154,1,0.6666666865348816,0.3333333134651184,77,3e8bf8a939a4ea247c903b50a2ce45b134c46b16
a1_sft_s0_rl10_task4_state_baseline,15,4,5,5,10000155,1,1.0,0.0,85,3e8bf8a939a4ea247c903b50a2ce45b134c46b16
a1_sft_s0_rl10_task4_state_baseline,15,4,6,6,10000156,0,0.0,0.0,300,3e8bf8a939a4ea247c903b50a2ce45b134c46b16
a1_sft_s0_rl10_task4_state_baseline,15,4,7,7,10000157,1,0.3333333432674408,0.6666666269302368,77,3e8bf8a939a4ea247c903b50a2ce45b134c46b16
a1_sft_s0_rl10_task4_state_baseline,15,4,8,8,10000158,0,0.0,0.0,300,3e8bf8a939a4ea247c903b50a2ce45b134c46b16
a1_sft_s0_rl10_task4_state_baseline,15,4,9,9,10000159,1,0.0,1.0,77,3e8bf8a939a4ea247c903b50a2ce45b134c46b16
a1_sft_s0_rl10_task4_state_baseline,16,4,10,0,10000160,0,0.0,0.0,300,3e8bf8a939a4ea247c903b50a2ce45b134c46b16
a1_sft_s0_rl10_task4_state_baseline,16,4,11,1,10000161,0,0.0,0.0,300,3e8bf8a939a4ea247c903b50a2ce45b134c46b16
a1_sft_s0_rl10_task4_state_baseline,16,4,12,2,10000162,1,1.0,0.0,75,3e8bf8a939a4ea247c903b50a2ce45b134c46b16
a1_sft_s0_rl10_task4_state_baseline,16,4,13,3,10000163,1,1.0,0.0,77,3e8bf8a939a4ea247c903b50a2ce45b134c46b16
a1_sft_s0_rl10_task4_state_baseline,16,4,14,4,10000164,0,0.0,0.0,300,3e8bf8a939a4ea247c903b50a2ce45b134c46b16
a1_sft_s0_rl10_task4_state_baseline,16,4,15,5,10000165,1,1.0,0.0,86,3e8bf8a939a4ea247c903b50a2ce45b134c46b16
a1_sft_s0_rl10_task4_state_baseline,16,4,16,6,10000166,1,1.0,0.0,81,3e8bf8a939a4ea247c903b50a2ce45b134c46b16
a1_sft_s0_rl10_task4_state_baseline,16,4,17,7,10000167,1,0.3333333432674408,0.6666666269302368,86,3e8bf8a939a4ea247c903b50a2ce45b134c46b16
a1_sft_s0_rl10_task4_state_baseline,16,4,18,8,10000168,0,0.0,0.0,300,3e8bf8a939a4ea247c903b50a2ce45b134c46b16
a1_sft_s0_rl10_task4_state_baseline,16,4,19,9,10000169,1,0.0,1.0,79,3e8bf8a939a4ea247c903b50a2ce45b134c46b16
a1_sft_s0_rl10_task4_state_baseline,17,4,20,0,10000170,1,1.0,0.0,78,3e8bf8a939a4ea247c903b50a2ce45b134c46b16
a1_sft_s0_rl10_task4_state_baseline,17,4,21,1,10000171,1,1.0,0.0,85,3e8bf8a939a4ea247c903b50a2ce45b134c46b16
a1_sft_s0_rl10_task4_state_baseline,17,4,22,2,10000172,0,0.0,0.0,300,3e8bf8a939a4ea247c903b50a2ce45b134c46b16
a1_sft_s0_rl10_task4_state_baseline,17,4,23,3,10000173,0,0.0,0.0,300,3e8bf8a939a4ea247c903b50a2ce45b134c46b16
a1_sft_s0_rl10_task4_state_baseline,17,4,24,4,10000174,0,0.0,0.0,300,3e8bf8a939a4ea247c903b50a2ce45b134c46b16
a1_sft_s0_rl10_task4_state_baseline,17,4,25,5,10000175,1,0.3333333432674408,0.6666666269302368,77,3e8bf8a939a4ea247c903b50a2ce45b134c46b16
a1_sft_s0_rl10_task4_state_baseline,17,4,26,6,10000176,1,0.3333333432674408,0.6666666269302368,86,3e8bf8a939a4ea247c903b50a2ce45b134c46b16
a1_sft_s0_rl10_task4_state_baseline,17,4,27,7,10000177,1,1.0,0.0,80,3e8bf8a939a4ea247c903b50a2ce45b134c46b16
a1_sft_s0_rl10_task4_state_baseline,17,4,28,8,10000178,1,1.0,0.0,79,3e8bf8a939a4ea247c903b50a2ce45b134c46b16
a1_sft_s0_rl10_task4_state_baseline,17,4,29,9,10000179,0,0.0,0.0,300,3e8bf8a939a4ea247c903b50a2ce45b134c46b16
a1_sft_s0_rl10_task4_state_baseline,18,4,30,0,10000180,0,0.6666666865348816,-0.6666666865348816,300,3e8bf8a939a4ea247c903b50a2ce45b134c46b16
a1_sft_s0_rl10_task4_state_baseline,18,4,31,1,10000181,1,1.0,0.0,83,3e8bf8a939a4ea247c903b50a2ce45b134c46b16
a1_sft_s0_rl10_task4_state_baseline,18,4,32,2,10000182,0,0.0,0.0,300,3e8bf8a939a4ea247c903b50a2ce45b134c46b16
a1_sft_s0_rl10_task4_state_baseline,18,4,33,3,10000183,0,0.0,0.0,300,3e8bf8a939a4ea247c903b50a2ce45b134c46b16
a1_sft_s0_rl10_task4_state_baseline,18,4,34,4,10000184,1,1.0,0.0,81,3e8bf8a939a4ea247c903b50a2ce45b134c46b16
a1_sft_s0_rl10_task4_state_baseline,18,4,35,5,10000185,1,1.0,0.0,79,3e8bf8a939a4ea247c903b50a2ce45b134c46b16
a1_sft_s0_rl10_task4_state_baseline,18,4,36,6,10000186,1,1.0,0.0,88,3e8bf8a939a4ea247c903b50a2ce45b134c46b16
a1_sft_s0_rl10_task4_state_baseline,18,4,37,7,10000187,1,0.0,1.0,83,3e8bf8a939a4ea247c903b50a2ce45b134c46b16
a1_sft_s0_rl10_task4_state_baseline,18,4,38,8,10000188,0,0.0,0.0,300,3e8bf8a939a4ea247c903b50a2ce45b134c46b16
a1_sft_s0_rl10_task4_state_baseline,18,4,39,9,10000189,0,0.0,0.0,300,3e8bf8a939a4ea247c903b50a2ce45b134c46b16
a1_sft_s0_rl10_task4_state_baseline,19,4,40,0,10000190,0,0.0,0.0,300,3e8bf8a939a4ea247c903b50a2ce45b134c46b16
a1_sft_s0_rl10_task4_state_baseline,19,4,41,1,10000191,1,1.0,0.0,78,3e8bf8a939a4ea247c903b50a2ce45b134c46b16
a1_sft_s0_rl10_task4_state_baseline,19,4,42,2,10000192,1,0.3333333432674408,0.6666666269302368,72,3e8bf8a939a4ea247c903b50a2ce45b134c46b16
a1_sft_s0_rl10_task4_state_baseline,19,4,43,3,10000193,1,1.0,0.0,80,3e8bf8a939a4ea247c903b50a2ce45b134c46b16
a1_sft_s0_rl10_task4_state_baseline,19,4,44,4,10000194,0,1.0,-1.0,300,3e8bf8a939a4ea247c903b50a2ce45b134c46b16
a1_sft_s0_rl10_task4_state_baseline,19,4,45,5,10000195,1,1.0,0.0,78,3e8bf8a939a4ea247c903b50a2ce45b134c46b16
a1_sft_s0_rl10_task4_state_baseline,19,4,46,6,10000196,1,1.0,0.0,85,3e8bf8a939a4ea247c903b50a2ce45b134c46b16
a1_sft_s0_rl10_task4_state_baseline,19,4,47,7,10000197,0,0.0,0.0,300,3e8bf8a939a4ea247c903b50a2ce45b134c46b16
a1_sft_s0_rl10_task4_state_baseline,19,4,48,8,10000198,0,0.0,0.0,300,3e8bf8a939a4ea247c903b50a2ce45b134c46b16
a1_sft_s0_rl10_task4_state_baseline,19,4,49,9,10000199,1,1.0,0.0,82,3e8bf8a939a4ea247c903b50a2ce45b134c46b16
a1_sft_s0_rl10_task4_state_baseline,20,4,0,0,10000200,0,0.0,0.0,300,3e8bf8a939a4ea247c903b50a2ce45b134c46b16
a1_sft_s0_rl10_task4_state_baseline,20,4,1,1,10000201,1,1.0,0.0,88,3e8bf8a939a4ea247c903b50a2ce45b134c46b16
a1_sft_s0_rl10_task4_state_baseline,20,4,2,2,10000202,1,1.0,0.0,79,3e8bf8a939a4ea247c903b50a2ce45b134c46b16
a1_sft_s0_rl10_task4_state_baseline,20,4,3,3,10000203,0,0.0,0.0,300,3e8bf8a939a4ea247c903b50a2ce45b134c46b16
a1_sft_s0_rl10_task4_state_baseline,20,4,4,4,10000204,1,0.75,0.25,80,3e8bf8a939a4ea247c903b50a2ce45b134c46b16
a1_sft_s0_rl10_task4_state_baseline,20,4,5,5,10000205,1,1.0,0.0,84,3e8bf8a939a4ea247c903b50a2ce45b134c46b16
a1_sft_s0_rl10_task4_state_baseline,20,4,6,6,10000206,0,0.0,0.0,300,3e8bf8a939a4ea247c903b50a2ce45b134c46b16
a1_sft_s0_rl10_task4_state_baseline,20,4,7,7,10000207,0,0.5,-0.5,300,3e8bf8a939a4ea247c903b50a2ce45b134c46b16
a1_sft_s0_rl10_task4_state_baseline,20,4,8,8,10000208,0,0.0,0.0,300,3e8bf8a939a4ea247c903b50a2ce45b134c46b16
a1_sft_s0_rl10_task4_state_baseline,20,4,9,9,10000209,0,0.25,-0.25,300,3e8bf8a939a4ea247c903b50a2ce45b134c46b16
a1_sft_s0_rl10_task4_state_baseline,21,4,10,0,10000210,0,0.0,0.0,300,3e8bf8a939a4ea247c903b50a2ce45b134c46b16
a1_sft_s0_rl10_task4_state_baseline,21,4,11,1,10000211,0,0.0,0.0,300,3e8bf8a939a4ea247c903b50a2ce45b134c46b16
a1_sft_s0_rl10_task4_state_baseline,21,4,12,2,10000212,1,1.0,0.0,79,3e8bf8a939a4ea247c903b50a2ce45b134c46b16
a1_sft_s0_rl10_task4_state_baseline,21,4,13,3,10000213,1,1.0,0.0,78,3e8bf8a939a4ea247c903b50a2ce45b134c46b16
a1_sft_s0_rl10_task4_state_baseline,21,4,14,4,10000214,0,0.0,0.0,300,3e8bf8a939a4ea247c903b50a2ce45b134c46b16
a1_sft_s0_rl10_task4_state_baseline,21,4,15,5,10000215,1,1.0,0.0,88,3e8bf8a939a4ea247c903b50a2ce45b134c46b16
a1_sft_s0_rl10_task4_state_baseline,21,4,16,6,10000216,1,1.0,0.0,82,3e8bf8a939a4ea247c903b50a2ce45b134c46b16
a1_sft_s0_rl10_task4_state_baseline,21,4,17,7,10000217,1,0.5,0.5,89,3e8bf8a939a4ea247c903b50a2ce45b134c46b16
a1_sft_s0_rl10_task4_state_baseline,21,4,18,8,10000218,0,0.0,0.0,300,3e8bf8a939a4ea247c903b50a2ce45b134c46b16
a1_sft_s0_rl10_task4_state_baseline,21,4,19,9,10000219,0,0.25,-0.25,300,3e8bf8a939a4ea247c903b50a2ce45b134c46b16
a1_sft_s0_rl10_task4_state_baseline,22,4,20,0,10000220,1,1.0,0.0,82,3e8bf8a939a4ea247c903b50a2ce45b134c46b16
a1_sft_s0_rl10_task4_state_baseline,22,4,21,1,10000221,1,1.0,0.0,88,3e8bf8a939a4ea247c903b50a2ce45b134c46b16
a1_sft_s0_rl10_task4_state_baseline,22,4,22,2,10000222,0,0.0,0.0,300,3e8bf8a939a4ea247c903b50a2ce45b134c46b16
a1_sft_s0_rl10_task4_state_baseline,22,4,23,3,10000223,0,0.0,0.0,300,3e8bf8a939a4ea247c903b50a2ce45b134c46b16
a1_sft_s0_rl10_task4_state_baseline,22,4,24,4,10000224,0,0.0,0.0,300,3e8bf8a939a4ea247c903b50a2ce45b134c46b16
a1_sft_s0_rl10_task4_state_baseline,22,4,25,5,10000225,1,0.5,0.5,78,3e8bf8a939a4ea247c903b50a2ce45b134c46b16
a1_sft_s0_rl10_task4_state_baseline,22,4,26,6,10000226,1,0.5,0.5,81,3e8bf8a939a4ea247c903b50a2ce45b134c46b16
a1_sft_s0_rl10_task4_state_baseline,22,4,27,7,10000227,1,1.0,0.0,80,3e8bf8a939a4ea247c903b50a2ce45b134c46b16
a1_sft_s0_rl10_task4_state_baseline,22,4,28,8,10000228,1,1.0,0.0,84,3e8bf8a939a4ea247c903b50a2ce45b134c46b16
a1_sft_s0_rl10_task4_state_baseline,22,4,29,9,10000229,1,0.0,1.0,81,3e8bf8a939a4ea247c903b50a2ce45b134c46b16
a1_sft_s0_rl10_task4_state_baseline,23,4,30,0,10000230,1,0.5,0.5,80,3e8bf8a939a4ea247c903b50a2ce45b134c46b16
a1_sft_s0_rl10_task4_state_baseline,23,4,31,1,10000231,1,1.0,0.0,81,3e8bf8a939a4ea247c903b50a2ce45b134c46b16
a1_sft_s0_rl10_task4_state_baseline,23,4,32,2,10000232,0,0.0,0.0,300,3e8bf8a939a4ea247c903b50a2ce45b134c46b16
a1_sft_s0_rl10_task4_state_baseline,23,4,33,3,10000233,1,0.0,1.0,86,3e8bf8a939a4ea247c903b50a2ce45b134c46b16
a1_sft_s0_rl10_task4_state_baseline,23,4,34,4,10000234,1,1.0,0.0,78,3e8bf8a939a4ea247c903b50a2ce45b134c46b16
a1_sft_s0_rl10_task4_state_baseline,23,4,35,5,10000235,1,1.0,0.0,77,3e8bf8a939a4ea247c903b50a2ce45b134c46b16
a1_sft_s0_rl10_task4_state_baseline,23,4,36,6,10000236,1,1.0,0.0,86,3e8bf8a939a4ea247c903b50a2ce45b134c46b16
a1_sft_s0_rl10_task4_state_baseline,23,4,37,7,10000237,1,0.25,0.75,83,3e8bf8a939a4ea247c903b50a2ce45b134c46b16
a1_sft_s0_rl10_task4_state_baseline,23,4,38,8,10000238,0,0.0,0.0,300,3e8bf8a939a4ea247c903b50a2ce45b134c46b16
a1_sft_s0_rl10_task4_state_baseline,23,4,39,9,10000239,0,0.0,0.0,300,3e8bf8a939a4ea247c903b50a2ce45b134c46b16
a1_sft_s0_rl10_task4_state_baseline,24,4,40,0,10000240,0,0.0,0.0,300,3e8bf8a939a4ea247c903b50a2ce45b134c46b16
a1_sft_s0_rl10_task4_state_baseline,24,4,41,1,10000241,1,1.0,0.0,79,3e8bf8a939a4ea247c903b50a2ce45b134c46b16
a1_sft_s0_rl10_task4_state_baseline,24,4,42,2,10000242,1,0.5,0.5,69,3e8bf8a939a4ea247c903b50a2ce45b134c46b16
a1_sft_s0_rl10_task4_state_baseline,24,4,43,3,10000243,1,1.0,0.0,81,3e8bf8a939a4ea247c903b50a2ce45b134c46b16
a1_sft_s0_rl10_task4_state_baseline,24,4,44,4,10000244,1,0.75,0.25,80,3e8bf8a939a4ea247c903b50a2ce45b134c46b16
a1_sft_s0_rl10_task4_state_baseline,24,4,45,5,10000245,1,1.0,0.0,77,3e8bf8a939a4ea247c903b50a2ce45b134c46b16
a1_sft_s0_rl10_task4_state_baseline,24,4,46,6,10000246,1,1.0,0.0,84,3e8bf8a939a4ea247c903b50a2ce45b134c46b16
a1_sft_s0_rl10_task4_state_baseline,24,4,47,7,10000247,0,0.0,0.0,300,3e8bf8a939a4ea247c903b50a2ce45b134c46b16
a1_sft_s0_rl10_task4_state_baseline,24,4,48,8,10000248,0,0.0,0.0,300,3e8bf8a939a4ea247c903b50a2ce45b134c46b16
a1_sft_s0_rl10_task4_state_baseline,24,4,49,9,10000249,1,1.0,0.0,85,3e8bf8a939a4ea247c903b50a2ce45b134c46b16
a1_sft_s0_rl10_task4_state_baseline,25,4,0,0,10000250,0,0.0,0.0,300,3e8bf8a939a4ea247c903b50a2ce45b134c46b16
a1_sft_s0_rl10_task4_state_baseline,25,4,1,1,10000251,1,1.0,0.0,83,3e8bf8a939a4ea247c903b50a2ce45b134c46b16
a1_sft_s0_rl10_task4_state_baseline,25,4,2,2,10000252,1,1.0,0.0,82,3e8bf8a939a4ea247c903b50a2ce45b134c46b16
a1_sft_s0_rl10_task4_state_baseline,25,4,3,3,10000253,1,0.0,1.0,81,3e8bf8a939a4ea247c903b50a2ce45b134c46b16
a1_sft_s0_rl10_task4_state_baseline,25,4,4,4,10000254,1,0.800000011920929,0.19999998807907104,80,3e8bf8a939a4ea247c903b50a2ce45b134c46b16
a1_sft_s0_rl10_task4_state_baseline,25,4,5,5,10000255,1,1.0,0.0,80,3e8bf8a939a4ea247c903b50a2ce45b134c46b16
a1_sft_s0_rl10_task4_state_baseline,25,4,6,6,10000256,0,0.0,0.0,300,3e8bf8a939a4ea247c903b50a2ce45b134c46b16
a1_sft_s0_rl10_task4_state_baseline,25,4,7,7,10000257,0,0.4000000059604645,-0.4000000059604645,300,3e8bf8a939a4ea247c903b50a2ce45b134c46b16
a1_sft_s0_rl10_task4_state_baseline,25,4,8,8,10000258,0,0.0,0.0,300,3e8bf8a939a4ea247c903b50a2ce45b134c46b16
a1_sft_s0_rl10_task4_state_baseline,25,4,9,9,10000259,1,0.20000000298023224,0.800000011920929,76,3e8bf8a939a4ea247c903b50a2ce45b134c46b16
a1_sft_s0_rl10_task4_state_baseline,26,4,10,0,10000260,0,0.0,0.0,300,3e8bf8a939a4ea247c903b50a2ce45b134c46b16
a1_sft_s0_rl10_task4_state_baseline,26,4,11,1,10000261,0,0.0,0.0,300,3e8bf8a939a4ea247c903b50a2ce45b134c46b16
a1_sft_s0_rl10_task4_state_baseline,26,4,12,2,10000262,1,1.0,0.0,78,3e8bf8a939a4ea247c903b50a2ce45b134c46b16
a1_sft_s0_rl10_task4_state_baseline,26,4,13,3,10000263,1,1.0,0.0,75,3e8bf8a939a4ea247c903b50a2ce45b134c46b16
a1_sft_s0_rl10_task4_state_baseline,26,4,14,4,10000264,0,0.0,0.0,300,3e8bf8a939a4ea247c903b50a2ce45b134c46b16
a1_sft_s0_rl10_task4_state_baseline,26,4,15,5,10000265,1,1.0,0.0,86,3e8bf8a939a4ea247c903b50a2ce45b134c46b16
a1_sft_s0_rl10_task4_state_baseline,26,4,16,6,10000266,1,1.0,0.0,83,3e8bf8a939a4ea247c903b50a2ce45b134c46b16
a1_sft_s0_rl10_task4_state_baseline,26,4,17,7,10000267,1,0.6000000238418579,0.3999999761581421,83,3e8bf8a939a4ea247c903b50a2ce45b134c46b16
a1_sft_s0_rl10_task4_state_baseline,26,4,18,8,10000268,0,0.0,0.0,300,3e8bf8a939a4ea247c903b50a2ce45b134c46b16
a1_sft_s0_rl10_task4_state_baseline,26,4,19,9,10000269,1,0.20000000298023224,0.800000011920929,75,3e8bf8a939a4ea247c903b50a2ce45b134c46b16
a1_sft_s0_rl10_task4_state_baseline,27,4,20,0,10000270,0,1.0,-1.0,300,3e8bf8a939a4ea247c903b50a2ce45b134c46b16
a1_sft_s0_rl10_task4_state_baseline,27,4,21,1,10000271,1,1.0,0.0,84,3e8bf8a939a4ea247c903b50a2ce45b134c46b16
a1_sft_s0_rl10_task4_state_baseline,27,4,22,2,10000272,0,0.0,0.0,300,3e8bf8a939a4ea247c903b50a2ce45b134c46b16
a1_sft_s0_rl10_task4_state_baseline,27,4,23,3,10000273,0,0.0,0.0,300,3e8bf8a939a4ea247c903b50a2ce45b134c46b16
a1_sft_s0_rl10_task4_state_baseline,27,4,24,4,10000274,0,0.0,0.0,300,3e8bf8a939a4ea247c903b50a2ce45b134c46b16
a1_sft_s0_rl10_task4_state_baseline,27,4,25,5,10000275,0,0.6000000238418579,-0.6000000238418579,300,3e8bf8a939a4ea247c903b50a2ce45b134c46b16
a1_sft_s0_rl10_task4_state_baseline,27,4,26,6,10000276,1,0.6000000238418579,0.3999999761581421,76,3e8bf8a939a4ea247c903b50a2ce45b134c46b16
a1_sft_s0_rl10_task4_state_baseline,27,4,27,7,10000277,1,1.0,0.0,80,3e8bf8a939a4ea247c903b50a2ce45b134c46b16
a1_sft_s0_rl10_task4_state_baseline,27,4,28,8,10000278,1,1.0,0.0,80,3e8bf8a939a4ea247c903b50a2ce45b134c46b16
a1_sft_s0_rl10_task4_state_baseline,27,4,29,9,10000279,0,0.20000000298023224,-0.20000000298023224,300,3e8bf8a939a4ea247c903b50a2ce45b134c46b16
a1_sft_s0_rl10_task4_state_baseline,28,4,30,0,10000280,1,0.6000000238418579,0.3999999761581421,86,3e8bf8a939a4ea247c903b50a2ce45b134c46b16
a1_sft_s0_rl10_task4_state_baseline,28,4,31,1,10000281,1,1.0,0.0,88,3e8bf8a939a4ea247c903b50a2ce45b134c46b16
a1_sft_s0_rl10_task4_state_baseline,28,4,32,2,10000282,0,0.0,0.0,300,3e8bf8a939a4ea247c903b50a2ce45b134c46b16
a1_sft_s0_rl10_task4_state_baseline,28,4,33,3,10000283,1,0.20000000298023224,0.800000011920929,81,3e8bf8a939a4ea247c903b50a2ce45b134c46b16
a1_sft_s0_rl10_task4_state_baseline,28,4,34,4,10000284,1,1.0,0.0,77,3e8bf8a939a4ea247c903b50a2ce45b134c46b16
a1_sft_s0_rl10_task4_state_baseline,28,4,35,5,10000285,1,1.0,0.0,78,3e8bf8a939a4ea247c903b50a2ce45b134c46b16
a1_sft_s0_rl10_task4_state_baseline,28,4,36,6,10000286,0,1.0,-1.0,300,3e8bf8a939a4ea247c903b50a2ce45b134c46b16
a1_sft_s0_rl10_task4_state_baseline,28,4,37,7,10000287,1,0.4000000059604645,0.6000000238418579,87,3e8bf8a939a4ea247c903b50a2ce45b134c46b16
a1_sft_s0_rl10_task4_state_baseline,28,4,38,8,10000288,0,0.0,0.0,300,3e8bf8a939a4ea247c903b50a2ce45b134c46b16
a1_sft_s0_rl10_task4_state_baseline,28,4,39,9,10000289,0,0.0,0.0,300,3e8bf8a939a4ea247c903b50a2ce45b134c46b16
a1_sft_s0_rl10_task4_state_baseline,29,4,40,0,10000290,0,0.0,0.0,300,3e8bf8a939a4ea247c903b50a2ce45b134c46b16
a1_sft_s0_rl10_task4_state_baseline,29,4,41,1,10000291,1,1.0,0.0,79,3e8bf8a939a4ea247c903b50a2ce45b134c46b16
a1_sft_s0_rl10_task4_state_baseline,29,4,42,2,10000292,1,0.6000000238418579,0.3999999761581421,71,3e8bf8a939a4ea247c903b50a2ce45b134c46b16
a1_sft_s0_rl10_task4_state_baseline,29,4,43,3,10000293,1,1.0,0.0,78,3e8bf8a939a4ea247c903b50a2ce45b134c46b16
a1_sft_s0_rl10_task4_state_baseline,29,4,44,4,10000294,0,0.800000011920929,-0.800000011920929,300,3e8bf8a939a4ea247c903b50a2ce45b134c46b16
a1_sft_s0_rl10_task4_state_baseline,29,4,45,5,10000295,1,1.0,0.0,75,3e8bf8a939a4ea247c903b50a2ce45b134c46b16
a1_sft_s0_rl10_task4_state_baseline,29,4,46,6,10000296,1,1.0,0.0,84,3e8bf8a939a4ea247c903b50a2ce45b134c46b16
a1_sft_s0_rl10_task4_state_baseline,29,4,47,7,10000297,0,0.0,0.0,300,3e8bf8a939a4ea247c903b50a2ce45b134c46b16
a1_sft_s0_rl10_task4_state_baseline,29,4,48,8,10000298,0,0.0,0.0,300,3e8bf8a939a4ea247c903b50a2ce45b134c46b16
a1_sft_s0_rl10_task4_state_baseline,29,4,49,9,10000299,1,1.0,0.0,83,3e8bf8a939a4ea247c903b50a2ce45b134c46b16
a1_sft_s0_task4_accum20_joint15_lr2.5e-7,0,4,0,0,0,0,0.5,-0.5,300,0bfe38b55a35001adceea50f5e698a778f89aece
a1_sft_s0_task4_accum20_joint15_lr2.5e-7,0,4,1,1,1,1,0.5,0.5,79,0bfe38b55a35001adceea50f5e698a778f89aece
a1_sft_s0_task4_accum20_joint15_lr2.5e-7,0,4,2,2,2,1,0.5,0.5,84,0bfe38b55a35001adceea50f5e698a778f89aece
a1_sft_s0_task4_accum20_joint15_lr2.5e-7,0,4,3,3,3,0,0.5,-0.5,300,0bfe38b55a35001adceea50f5e698a778f89aece
a1_sft_s0_task4_accum20_joint15_lr2.5e-7,0,4,4,4,4,1,0.5,0.5,74,0bfe38b55a35001adceea50f5e698a778f89aece
a1_sft_s0_task4_accum20_joint15_lr2.5e-7,0,4,5,5,5,1,0.5,0.5,81,0bfe38b55a35001adceea50f5e698a778f89aece
a1_sft_s0_task4_accum20_joint15_lr2.5e-7,0,4,6,6,6,0,0.5,-0.5,300,0bfe38b55a35001adceea50f5e698a778f89aece
a1_sft_s0_task4_accum20_joint15_lr2.5e-7,0,4,7,7,7,1,0.5,0.5,82,0bfe38b55a35001adceea50f5e698a778f89aece
a1_sft_s0_task4_accum20_joint15_lr2.5e-7,0,4,8,8,8,0,0.5,-0.5,300,0bfe38b55a35001adceea50f5e698a778f89aece
a1_sft_s0_task4_accum20_joint15_lr2.5e-7,0,4,9,9,9,0,0.5,-0.5,300,0bfe38b55a35001adceea50f5e698a778f89aece
a1_sft_s0_task4_accum20_joint15_lr2.5e-7,1,4,10,0,10,0,0.5,-0.5,300,0bfe38b55a35001adceea50f5e698a778f89aece
a1_sft_s0_task4_accum20_joint15_lr2.5e-7,1,4,11,1,11,0,0.5,-0.5,300,0bfe38b55a35001adceea50f5e698a778f89aece
a1_sft_s0_task4_accum20_joint15_lr2.5e-7,1,4,12,2,12,1,0.5,0.5,76,0bfe38b55a35001adceea50f5e698a778f89aece
a1_sft_s0_task4_accum20_joint15_lr2.5e-7,1,4,13,3,13,1,0.5,0.5,79,0bfe38b55a35001adceea50f5e698a778f89aece
a1_sft_s0_task4_accum20_joint15_lr2.5e-7,1,4,14,4,14,0,0.5,-0.5,300,0bfe38b55a35001adceea50f5e698a778f89aece
a1_sft_s0_task4_accum20_joint15_lr2.5e-7,1,4,15,5,15,1,0.5,0.5,90,0bfe38b55a35001adceea50f5e698a778f89aece
a1_sft_s0_task4_accum20_joint15_lr2.5e-7,1,4,16,6,16,1,0.5,0.5,84,0bfe38b55a35001adceea50f5e698a778f89aece
a1_sft_s0_task4_accum20_joint15_lr2.5e-7,1,4,17,7,17,1,0.5,0.5,81,0bfe38b55a35001adceea50f5e698a778f89aece
a1_sft_s0_task4_accum20_joint15_lr2.5e-7,1,4,18,8,18,0,0.5,-0.5,300,0bfe38b55a35001adceea50f5e698a778f89aece
a1_sft_s0_task4_accum20_joint15_lr2.5e-7,1,4,19,9,19,0,0.5,-0.5,300,0bfe38b55a35001adceea50f5e698a778f89aece
a1_sft_s0_task4_accum20_joint15_lr2.5e-7,2,4,20,0,20,1,0.6000000238418579,0.3999999761581421,89,0bfe38b55a35001adceea50f5e698a778f89aece
a1_sft_s0_task4_accum20_joint15_lr2.5e-7,2,4,21,1,21,1,0.6000000238418579,0.3999999761581421,77,0bfe38b55a35001adceea50f5e698a778f89aece
a1_sft_s0_task4_accum20_joint15_lr2.5e-7,2,4,22,2,22,0,0.6000000238418579,-0.6000000238418579,300,0bfe38b55a35001adceea50f5e698a778f89aece
a1_sft_s0_task4_accum20_joint15_lr2.5e-7,2,4,23,3,23,0,0.6000000238418579,-0.6000000238418579,300,0bfe38b55a35001adceea50f5e698a778f89aece
a1_sft_s0_task4_accum20_joint15_lr2.5e-7,2,4,24,4,24,0,0.6000000238418579,-0.6000000238418579,300,0bfe38b55a35001adceea50f5e698a778f89aece
a1_sft_s0_task4_accum20_joint15_lr2.5e-7,2,4,25,5,25,0,0.6000000238418579,-0.6000000238418579,300,0bfe38b55a35001adceea50f5e698a778f89aece
a1_sft_s0_task4_accum20_joint15_lr2.5e-7,2,4,26,6,26,1,0.6000000238418579,0.3999999761581421,81,0bfe38b55a35001adceea50f5e698a778f89aece
a1_sft_s0_task4_accum20_joint15_lr2.5e-7,2,4,27,7,27,1,0.6000000238418579,0.3999999761581421,83,0bfe38b55a35001adceea50f5e698a778f89aece
a1_sft_s0_task4_accum20_joint15_lr2.5e-7,2,4,28,8,28,1,0.6000000238418579,0.3999999761581421,78,0bfe38b55a35001adceea50f5e698a778f89aece
a1_sft_s0_task4_accum20_joint15_lr2.5e-7,2,4,29,9,29,1,0.6000000238418579,0.3999999761581421,83,0bfe38b55a35001adceea50f5e698a778f89aece
a1_sft_s0_task4_accum20_joint15_lr2.5e-7,3,4,30,0,30,1,0.5,0.5,86,0bfe38b55a35001adceea50f5e698a778f89aece
a1_sft_s0_task4_accum20_joint15_lr2.5e-7,3,4,31,1,31,1,0.5,0.5,85,0bfe38b55a35001adceea50f5e698a778f89aece
a1_sft_s0_task4_accum20_joint15_lr2.5e-7,3,4,32,2,32,0,0.5,-0.5,300,0bfe38b55a35001adceea50f5e698a778f89aece
a1_sft_s0_task4_accum20_joint15_lr2.5e-7,3,4,33,3,33,0,0.5,-0.5,300,0bfe38b55a35001adceea50f5e698a778f89aece
a1_sft_s0_task4_accum20_joint15_lr2.5e-7,3,4,34,4,34,1,0.5,0.5,80,0bfe38b55a35001adceea50f5e698a778f89aece
a1_sft_s0_task4_accum20_joint15_lr2.5e-7,3,4,35,5,35,0,0.5,-0.5,300,0bfe38b55a35001adceea50f5e698a778f89aece
a1_sft_s0_task4_accum20_joint15_lr2.5e-7,3,4,36,6,36,1,0.5,0.5,86,0bfe38b55a35001adceea50f5e698a778f89aece
a1_sft_s0_task4_accum20_joint15_lr2.5e-7,3,4,37,7,37,1,0.5,0.5,80,0bfe38b55a35001adceea50f5e698a778f89aece
a1_sft_s0_task4_accum20_joint15_lr2.5e-7,3,4,38,8,38,0,0.5,-0.5,300,0bfe38b55a35001adceea50f5e698a778f89aece
a1_sft_s0_task4_accum20_joint15_lr2.5e-7,3,4,39,9,39,0,0.5,-0.5,300,0bfe38b55a35001adceea50f5e698a778f89aece
a1_sft_s0_task4_accum20_joint15_lr2.5e-7,4,4,40,0,40,0,0.6000000238418579,-0.6000000238418579,300,0bfe38b55a35001adceea50f5e698a778f89aece
a1_sft_s0_task4_accum20_joint15_lr2.5e-7,4,4,41,1,41,1,0.6000000238418579,0.3999999761581421,81,0bfe38b55a35001adceea50f5e698a778f89aece
a1_sft_s0_task4_accum20_joint15_lr2.5e-7,4,4,42,2,42,1,0.6000000238418579,0.3999999761581421,73,0bfe38b55a35001adceea50f5e698a778f89aece
a1_sft_s0_task4_accum20_joint15_lr2.5e-7,4,4,43,3,43,1,0.6000000238418579,0.3999999761581421,85,0bfe38b55a35001adceea50f5e698a778f89aece
a1_sft_s0_task4_accum20_joint15_lr2.5e-7,4,4,44,4,44,0,0.6000000238418579,-0.6000000238418579,300,0bfe38b55a35001adceea50f5e698a778f89aece
a1_sft_s0_task4_accum20_joint15_lr2.5e-7,4,4,45,5,45,1,0.6000000238418579,0.3999999761581421,79,0bfe38b55a35001adceea50f5e698a778f89aece
a1_sft_s0_task4_accum20_joint15_lr2.5e-7,4,4,46,6,46,1,0.6000000238418579,0.3999999761581421,80,0bfe38b55a35001adceea50f5e698a778f89aece
a1_sft_s0_task4_accum20_joint15_lr2.5e-7,4,4,47,7,47,0,0.6000000238418579,-0.6000000238418579,300,0bfe38b55a35001adceea50f5e698a778f89aece
a1_sft_s0_task4_accum20_joint15_lr2.5e-7,4,4,48,8,48,0,0.6000000238418579,-0.6000000238418579,300,0bfe38b55a35001adceea50f5e698a778f89aece
a1_sft_s0_task4_accum20_joint15_lr2.5e-7,4,4,49,9,49,1,0.6000000238418579,0.3999999761581421,88,0bfe38b55a35001adceea50f5e698a778f89aece
a1_sft_s0_task4_accum20_joint15_lr2.5e-7,5,4,0,0,50,0,0.0,0.0,300,0bfe38b55a35001adceea50f5e698a778f89aece
a1_sft_s0_task4_accum20_joint15_lr2.5e-7,5,4,1,1,51,1,1.0,0.0,90,0bfe38b55a35001adceea50f5e698a778f89aece
a1_sft_s0_task4_accum20_joint15_lr2.5e-7,5,4,2,2,52,1,1.0,0.0,78,0bfe38b55a35001adceea50f5e698a778f89aece
a1_sft_s0_task4_accum20_joint15_lr2.5e-7,5,4,3,3,53,1,0.0,1.0,77,0bfe38b55a35001adceea50f5e698a778f89aece
a1_sft_s0_task4_accum20_joint15_lr2.5e-7,5,4,4,4,54,0,1.0,-1.0,300,0bfe38b55a35001adceea50f5e698a778f89aece
a1_sft_s0_task4_accum20_joint15_lr2.5e-7,5,4,5,5,55,1,1.0,0.0,87,0bfe38b55a35001adceea50f5e698a778f89aece
a1_sft_s0_task4_accum20_joint15_lr2.5e-7,5,4,6,6,56,0,0.0,0.0,300,0bfe38b55a35001adceea50f5e698a778f89aece
a1_sft_s0_task4_accum20_joint15_lr2.5e-7,5,4,7,7,57,1,1.0,0.0,82,0bfe38b55a35001adceea50f5e698a778f89aece
a1_sft_s0_task4_accum20_joint15_lr2.5e-7,5,4,8,8,58,0,0.0,0.0,300,0bfe38b55a35001adceea50f5e698a778f89aece
a1_sft_s0_task4_accum20_joint15_lr2.5e-7,5,4,9,9,59,1,0.0,1.0,82,0bfe38b55a35001adceea50f5e698a778f89aece
a1_sft_s0_task4_accum20_joint15_lr2.5e-7,6,4,10,0,60,0,0.0,0.0,300,0bfe38b55a35001adceea50f5e698a778f89aece
a1_sft_s0_task4_accum20_joint15_lr2.5e-7,6,4,11,1,61,1,0.0,1.0,91,0bfe38b55a35001adceea50f5e698a778f89aece
a1_sft_s0_task4_accum20_joint15_lr2.5e-7,6,4,12,2,62,1,1.0,0.0,80,0bfe38b55a35001adceea50f5e698a778f89aece
a1_sft_s0_task4_accum20_joint15_lr2.5e-7,6,4,13,3,63,1,1.0,0.0,79,0bfe38b55a35001adceea50f5e698a778f89aece
a1_sft_s0_task4_accum20_joint15_lr2.5e-7,6,4,14,4,64,0,0.0,0.0,300,0bfe38b55a35001adceea50f5e698a778f89aece
a1_sft_s0_task4_accum20_joint15_lr2.5e-7,6,4,15,5,65,1,1.0,0.0,75,0bfe38b55a35001adceea50f5e698a778f89aece
a1_sft_s0_task4_accum20_joint15_lr2.5e-7,6,4,16,6,66,0,1.0,-1.0,300,0bfe38b55a35001adceea50f5e698a778f89aece
a1_sft_s0_task4_accum20_joint15_lr2.5e-7,6,4,17,7,67,0,1.0,-1.0,300,0bfe38b55a35001adceea50f5e698a778f89aece
a1_sft_s0_task4_accum20_joint15_lr2.5e-7,6,4,18,8,68,0,0.0,0.0,300,0bfe38b55a35001adceea50f5e698a778f89aece
a1_sft_s0_task4_accum20_joint15_lr2.5e-7,6,4,19,9,69,0,0.0,0.0,300,0bfe38b55a35001adceea50f5e698a778f89aece
a1_sft_s0_task4_accum20_joint15_lr2.5e-7,7,4,20,0,70,1,1.0,0.0,81,0bfe38b55a35001adceea50f5e698a778f89aece
a1_sft_s0_task4_accum20_joint15_lr2.5e-7,7,4,21,1,71,1,1.0,0.0,81,0bfe38b55a35001adceea50f5e698a778f89aece
a1_sft_s0_task4_accum20_joint15_lr2.5e-7,7,4,22,2,72,0,0.0,0.0,300,0bfe38b55a35001adceea50f5e698a778f89aece
a1_sft_s0_task4_accum20_joint15_lr2.5e-7,7,4,23,3,73,0,0.0,0.0,300,0bfe38b55a35001adceea50f5e698a778f89aece
a1_sft_s0_task4_accum20_joint15_lr2.5e-7,7,4,24,4,74,0,0.0,0.0,300,0bfe38b55a35001adceea50f5e698a778f89aece
a1_sft_s0_task4_accum20_joint15_lr2.5e-7,7,4,25,5,75,1,0.0,1.0,76,0bfe38b55a35001adceea50f5e698a778f89aece
a1_sft_s0_task4_accum20_joint15_lr2.5e-7,7,4,26,6,76,1,1.0,0.0,82,0bfe38b55a35001adceea50f5e698a778f89aece
a1_sft_s0_task4_accum20_joint15_lr2.5e-7,7,4,27,7,77,1,1.0,0.0,74,0bfe38b55a35001adceea50f5e698a778f89aece
a1_sft_s0_task4_accum20_joint15_lr2.5e-7,7,4,28,8,78,1,1.0,0.0,78,0bfe38b55a35001adceea50f5e698a778f89aece
a1_sft_s0_task4_accum20_joint15_lr2.5e-7,7,4,29,9,79,1,1.0,0.0,93,0bfe38b55a35001adceea50f5e698a778f89aece
a1_sft_s0_task4_accum20_joint15_lr2.5e-7,8,4,30,0,80,1,1.0,0.0,82,0bfe38b55a35001adceea50f5e698a778f89aece
a1_sft_s0_task4_accum20_joint15_lr2.5e-7,8,4,31,1,81,0,1.0,-1.0,300,0bfe38b55a35001adceea50f5e698a778f89aece
a1_sft_s0_task4_accum20_joint15_lr2.5e-7,8,4,32,2,82,1,0.0,1.0,79,0bfe38b55a35001adceea50f5e698a778f89aece
a1_sft_s0_task4_accum20_joint15_lr2.5e-7,8,4,33,3,83,1,0.0,1.0,79,0bfe38b55a35001adceea50f5e698a778f89aece
a1_sft_s0_task4_accum20_joint15_lr2.5e-7,8,4,34,4,84,1,1.0,0.0,76,0bfe38b55a35001adceea50f5e698a778f89aece
a1_sft_s0_task4_accum20_joint15_lr2.5e-7,8,4,35,5,85,1,0.0,1.0,77,0bfe38b55a35001adceea50f5e698a778f89aece
a1_sft_s0_task4_accum20_joint15_lr2.5e-7,8,4,36,6,86,1,1.0,0.0,88,0bfe38b55a35001adceea50f5e698a778f89aece
a1_sft_s0_task4_accum20_joint15_lr2.5e-7,8,4,37,7,87,1,1.0,0.0,87,0bfe38b55a35001adceea50f5e698a778f89aece
a1_sft_s0_task4_accum20_joint15_lr2.5e-7,8,4,38,8,88,0,0.0,0.0,300,0bfe38b55a35001adceea50f5e698a778f89aece
a1_sft_s0_task4_accum20_joint15_lr2.5e-7,8,4,39,9,89,0,0.0,0.0,300,0bfe38b55a35001adceea50f5e698a778f89aece
a1_sft_s0_task4_accum20_joint15_lr2.5e-7,9,4,40,0,90,0,0.0,0.0,300,0bfe38b55a35001adceea50f5e698a778f89aece
a1_sft_s0_task4_accum20_joint15_lr2.5e-7,9,4,41,1,91,1,1.0,0.0,80,0bfe38b55a35001adceea50f5e698a778f89aece
a1_sft_s0_task4_accum20_joint15_lr2.5e-7,9,4,42,2,92,1,1.0,0.0,77,0bfe38b55a35001adceea50f5e698a778f89aece
a1_sft_s0_task4_accum20_joint15_lr2.5e-7,9,4,43,3,93,1,1.0,0.0,82,0bfe38b55a35001adceea50f5e698a778f89aece
a1_sft_s0_task4_accum20_joint15_lr2.5e-7,9,4,44,4,94,1,0.0,1.0,76,0bfe38b55a35001adceea50f5e698a778f89aece
a1_sft_s0_task4_accum20_joint15_lr2.5e-7,9,4,45,5,95,1,1.0,0.0,80,0bfe38b55a35001adceea50f5e698a778f89aece
a1_sft_s0_task4_accum20_joint15_lr2.5e-7,9,4,46,6,96,1,1.0,0.0,86,0bfe38b55a35001adceea50f5e698a778f89aece
a1_sft_s0_task4_accum20_joint15_lr2.5e-7,9,4,47,7,97,0,0.0,0.0,300,0bfe38b55a35001adceea50f5e698a778f89aece
a1_sft_s0_task4_accum20_joint15_lr2.5e-7,9,4,48,8,98,0,0.0,0.0,300,0bfe38b55a35001adceea50f5e698a778f89aece
a1_sft_s0_task4_accum20_joint15_lr2.5e-7,9,4,49,9,99,0,1.0,-1.0,300,0bfe38b55a35001adceea50f5e698a778f89aece
a1_sft_s0_task4_accum20_joint15_lr2.5e-7,10,4,0,0,100,0,0.0,0.0,300,0bfe38b55a35001adceea50f5e698a778f89aece
a1_sft_s0_task4_accum20_joint15_lr2.5e-7,10,4,1,1,101,1,1.0,0.0,91,0bfe38b55a35001adceea50f5e698a778f89aece
a1_sft_s0_task4_accum20_joint15_lr2.5e-7,10,4,2,2,102,1,1.0,0.0,76,0bfe38b55a35001adceea50f5e698a778f89aece
a1_sft_s0_task4_accum20_joint15_lr2.5e-7,10,4,3,3,103,0,0.5,-0.5,300,0bfe38b55a35001adceea50f5e698a778f89aece
a1_sft_s0_task4_accum20_joint15_lr2.5e-7,10,4,4,4,104,0,0.5,-0.5,300,0bfe38b55a35001adceea50f5e698a778f89aece
a1_sft_s0_task4_accum20_joint15_lr2.5e-7,10,4,5,5,105,0,1.0,-1.0,300,0bfe38b55a35001adceea50f5e698a778f89aece
a1_sft_s0_task4_accum20_joint15_lr2.5e-7,10,4,6,6,106,0,0.0,0.0,300,0bfe38b55a35001adceea50f5e698a778f89aece
a1_sft_s0_task4_accum20_joint15_lr2.5e-7,10,4,7,7,107,1,1.0,0.0,79,0bfe38b55a35001adceea50f5e698a778f89aece
a1_sft_s0_task4_accum20_joint15_lr2.5e-7,10,4,8,8,108,0,0.0,0.0,300,0bfe38b55a35001adceea50f5e698a778f89aece
a1_sft_s0_task4_accum20_joint15_lr2.5e-7,10,4,9,9,109,1,0.5,0.5,78,0bfe38b55a35001adceea50f5e698a778f89aece
a1_sft_s0_task4_accum20_joint15_lr2.5e-7,11,4,10,0,110,0,0.0,0.0,300,0bfe38b55a35001adceea50f5e698a778f89aece
a1_sft_s0_task4_accum20_joint15_lr2.5e-7,11,4,11,1,111,0,0.5,-0.5,300,0bfe38b55a35001adceea50f5e698a778f89aece
a1_sft_s0_task4_accum20_joint15_lr2.5e-7,11,4,12,2,112,0,1.0,-1.0,300,0bfe38b55a35001adceea50f5e698a778f89aece
a1_sft_s0_task4_accum20_joint15_lr2.5e-7,11,4,13,3,113,1,1.0,0.0,75,0bfe38b55a35001adceea50f5e698a778f89aece
a1_sft_s0_task4_accum20_joint15_lr2.5e-7,11,4,14,4,114,0,0.0,0.0,300,0bfe38b55a35001adceea50f5e698a778f89aece
a1_sft_s0_task4_accum20_joint15_lr2.5e-7,11,4,15,5,115,1,1.0,0.0,91,0bfe38b55a35001adceea50f5e698a778f89aece
a1_sft_s0_task4_accum20_joint15_lr2.5e-7,11,4,16,6,116,1,0.5,0.5,84,0bfe38b55a35001adceea50f5e698a778f89aece
a1_sft_s0_task4_accum20_joint15_lr2.5e-7,11,4,17,7,117,1,0.5,0.5,81,0bfe38b55a35001adceea50f5e698a778f89aece
a1_sft_s0_task4_accum20_joint15_lr2.5e-7,11,4,18,8,118,0,0.0,0.0,300,0bfe38b55a35001adceea50f5e698a778f89aece
a1_sft_s0_task4_accum20_joint15_lr2.5e-7,11,4,19,9,119,0,0.0,0.0,300,0bfe38b55a35001adceea50f5e698a778f89aece
a1_sft_s0_task4_accum20_joint15_lr2.5e-7,12,4,20,0,120,1,1.0,0.0,83,0bfe38b55a35001adceea50f5e698a778f89aece
a1_sft_s0_task4_accum20_joint15_lr2.5e-7,12,4,21,1,121,1,1.0,0.0,86,0bfe38b55a35001adceea50f5e698a778f89aece
a1_sft_s0_task4_accum20_joint15_lr2.5e-7,12,4,22,2,122,0,0.0,0.0,300,0bfe38b55a35001adceea50f5e698a778f89aece
a1_sft_s0_task4_accum20_joint15_lr2.5e-7,12,4,23,3,123,0,0.0,0.0,300,0bfe38b55a35001adceea50f5e698a778f89aece
a1_sft_s0_task4_accum20_joint15_lr2.5e-7,12,4,24,4,124,0,0.0,0.0,300,0bfe38b55a35001adceea50f5e698a778f89aece
a1_sft_s0_task4_accum20_joint15_lr2.5e-7,12,4,25,5,125,0,0.5,-0.5,300,0bfe38b55a35001adceea50f5e698a778f89aece
a1_sft_s0_task4_accum20_joint15_lr2.5e-7,12,4,26,6,126,0,1.0,-1.0,300,0bfe38b55a35001adceea50f5e698a778f89aece
a1_sft_s0_task4_accum20_joint15_lr2.5e-7,12,4,27,7,127,1,1.0,0.0,79,0bfe38b55a35001adceea50f5e698a778f89aece
a1_sft_s0_task4_accum20_joint15_lr2.5e-7,12,4,28,8,128,1,1.0,0.0,85,0bfe38b55a35001adceea50f5e698a778f89aece
a1_sft_s0_task4_accum20_joint15_lr2.5e-7,12,4,29,9,129,0,1.0,-1.0,300,0bfe38b55a35001adceea50f5e698a778f89aece
a1_sft_s0_task4_accum20_joint15_lr2.5e-7,13,4,30,0,130,1,1.0,0.0,78,0bfe38b55a35001adceea50f5e698a778f89aece
a1_sft_s0_task4_accum20_joint15_lr2.5e-7,13,4,31,1,131,1,0.5,0.5,81,0bfe38b55a35001adceea50f5e698a778f89aece
a1_sft_s0_task4_accum20_joint15_lr2.5e-7,13,4,32,2,132,0,0.5,-0.5,300,0bfe38b55a35001adceea50f5e698a778f89aece
a1_sft_s0_task4_accum20_joint15_lr2.5e-7,13,4,33,3,133,0,0.5,-0.5,300,0bfe38b55a35001adceea50f5e698a778f89aece
a1_sft_s0_task4_accum20_joint15_lr2.5e-7,13,4,34,4,134,0,1.0,-1.0,300,0bfe38b55a35001adceea50f5e698a778f89aece
a1_sft_s0_task4_accum20_joint15_lr2.5e-7,13,4,35,5,135,1,0.5,0.5,73,0bfe38b55a35001adceea50f5e698a778f89aece
a1_sft_s0_task4_accum20_joint15_lr2.5e-7,13,4,36,6,136,1,1.0,0.0,77,0bfe38b55a35001adceea50f5e698a778f89aece
a1_sft_s0_task4_accum20_joint15_lr2.5e-7,13,4,37,7,137,1,1.0,0.0,90,0bfe38b55a35001adceea50f5e698a778f89aece
a1_sft_s0_task4_accum20_joint15_lr2.5e-7,13,4,38,8,138,0,0.0,0.0,300,0bfe38b55a35001adceea50f5e698a778f89aece
a1_sft_s0_task4_accum20_joint15_lr2.5e-7,13,4,39,9,139,0,0.0,0.0,300,0bfe38b55a35001adceea50f5e698a778f89aece
a1_sft_s0_task4_accum20_joint15_lr2.5e-7,14,4,40,0,140,0,0.0,0.0,300,0bfe38b55a35001adceea50f5e698a778f89aece
a1_sft_s0_task4_accum20_joint15_lr2.5e-7,14,4,41,1,141,1,1.0,0.0,80,0bfe38b55a35001adceea50f5e698a778f89aece
a1_sft_s0_task4_accum20_joint15_lr2.5e-7,14,4,42,2,142,0,1.0,-1.0,300,0bfe38b55a35001adceea50f5e698a778f89aece
a1_sft_s0_task4_accum20_joint15_lr2.5e-7,14,4,43,3,143,0,1.0,-1.0,300,0bfe38b55a35001adceea50f5e698a778f89aece
a1_sft_s0_task4_accum20_joint15_lr2.5e-7,14,4,44,4,144,0,0.5,-0.5,300,0bfe38b55a35001adceea50f5e698a778f89aece
a1_sft_s0_task4_accum20_joint15_lr2.5e-7,14,4,45,5,145,1,1.0,0.0,80,0bfe38b55a35001adceea50f5e698a778f89aece
a1_sft_s0_task4_accum20_joint15_lr2.5e-7,14,4,46,6,146,1,1.0,0.0,82,0bfe38b55a35001adceea50f5e698a778f89aece
a1_sft_s0_task4_accum20_joint15_lr2.5e-7,14,4,47,7,147,0,0.0,0.0,300,0bfe38b55a35001adceea50f5e698a778f89aece
a1_sft_s0_task4_accum20_joint15_lr2.5e-7,14,4,48,8,148,0,0.0,0.0,300,0bfe38b55a35001adceea50f5e698a778f89aece
a1_sft_s0_task4_accum20_joint15_lr2.5e-7,14,4,49,9,149,1,0.5,0.5,86,0bfe38b55a35001adceea50f5e698a778f89aece
a1_sft_s0_task4_accum20_joint15_lr2.5e-7,15,4,0,0,150,0,0.0,0.0,300,0bfe38b55a35001adceea50f5e698a778f89aece
a1_sft_s0_task4_accum20_joint15_lr2.5e-7,15,4,1,1,151,1,1.0,0.0,84,0bfe38b55a35001adceea50f5e698a778f89aece
a1_sft_s0_task4_accum20_joint15_lr2.5e-7,15,4,2,2,152,1,1.0,0.0,78,0bfe38b55a35001adceea50f5e698a778f89aece
a1_sft_s0_task4_accum20_joint15_lr2.5e-7,15,4,3,3,153,0,0.3333333432674408,-0.3333333432674408,300,0bfe38b55a35001adceea50f5e698a778f89aece
a1_sft_s0_task4_accum20_joint15_lr2.5e-7,15,4,4,4,154,0,0.3333333432674408,-0.3333333432674408,300,0bfe38b55a35001adceea50f5e698a778f89aece
a1_sft_s0_task4_accum20_joint15_lr2.5e-7,15,4,5,5,155,1,0.6666666865348816,0.3333333134651184,86,0bfe38b55a35001adceea50f5e698a778f89aece
a1_sft_s0_task4_accum20_joint15_lr2.5e-7,15,4,6,6,156,0,0.0,0.0,300,0bfe38b55a35001adceea50f5e698a778f89aece
a1_sft_s0_task4_accum20_joint15_lr2.5e-7,15,4,7,7,157,1,1.0,0.0,83,0bfe38b55a35001adceea50f5e698a778f89aece
a1_sft_s0_task4_accum20_joint15_lr2.5e-7,15,4,8,8,158,0,0.0,0.0,300,0bfe38b55a35001adceea50f5e698a778f89aece
a1_sft_s0_task4_accum20_joint15_lr2.5e-7,15,4,9,9,159,0,0.6666666865348816,-0.6666666865348816,300,0bfe38b55a35001adceea50f5e698a778f89aece
a1_sft_s0_task4_accum20_joint15_lr2.5e-7,16,4,10,0,160,0,0.0,0.0,300,0bfe38b55a35001adceea50f5e698a778f89aece
a1_sft_s0_task4_accum20_joint15_lr2.5e-7,16,4,11,1,161,0,0.3333333432674408,-0.3333333432674408,300,0bfe38b55a35001adceea50f5e698a778f89aece
a1_sft_s0_task4_accum20_joint15_lr2.5e-7,16,4,12,2,162,1,0.6666666865348816,0.3333333134651184,76,0bfe38b55a35001adceea50f5e698a778f89aece
a1_sft_s0_task4_accum20_joint15_lr2.5e-7,16,4,13,3,163,1,1.0,0.0,83,0bfe38b55a35001adceea50f5e698a778f89aece
a1_sft_s0_task4_accum20_joint15_lr2.5e-7,16,4,14,4,164,0,0.0,0.0,300,0bfe38b55a35001adceea50f5e698a778f89aece
a1_sft_s0_task4_accum20_joint15_lr2.5e-7,16,4,15,5,165,0,1.0,-1.0,300,0bfe38b55a35001adceea50f5e698a778f89aece
a1_sft_s0_task4_accum20_joint15_lr2.5e-7,16,4,16,6,166,1,0.6666666865348816,0.3333333134651184,80,0bfe38b55a35001adceea50f5e698a778f89aece
a1_sft_s0_task4_accum20_joint15_lr2.5e-7,16,4,17,7,167,1,0.6666666865348816,0.3333333134651184,86,0bfe38b55a35001adceea50f5e698a778f89aece
a1_sft_s0_task4_accum20_joint15_lr2.5e-7,16,4,18,8,168,0,0.0,0.0,300,0bfe38b55a35001adceea50f5e698a778f89aece
a1_sft_s0_task4_accum20_joint15_lr2.5e-7,16,4,19,9,169,0,0.0,0.0,300,0bfe38b55a35001adceea50f5e698a778f89aece
a1_sft_s0_task4_accum20_joint15_lr2.5e-7,17,4,20,0,170,0,1.0,-1.0,300,0bfe38b55a35001adceea50f5e698a778f89aece
a1_sft_s0_task4_accum20_joint15_lr2.5e-7,17,4,21,1,171,1,1.0,0.0,87,0bfe38b55a35001adceea50f5e698a778f89aece
a1_sft_s0_task4_accum20_joint15_lr2.5e-7,17,4,22,2,172,0,0.0,0.0,300,0bfe38b55a35001adceea50f5e698a778f89aece
a1_sft_s0_task4_accum20_joint15_lr2.5e-7,17,4,23,3,173,0,0.0,0.0,300,0bfe38b55a35001adceea50f5e698a778f89aece
a1_sft_s0_task4_accum20_joint15_lr2.5e-7,17,4,24,4,174,0,0.0,0.0,300,0bfe38b55a35001adceea50f5e698a778f89aece
a1_sft_s0_task4_accum20_joint15_lr2.5e-7,17,4,25,5,175,0,0.3333333432674408,-0.3333333432674408,300,0bfe38b55a35001adceea50f5e698a778f89aece
a1_sft_s0_task4_accum20_joint15_lr2.5e-7,17,4,26,6,176,1,0.6666666865348816,0.3333333134651184,84,0bfe38b55a35001adceea50f5e698a778f89aece
a1_sft_s0_task4_accum20_joint15_lr2.5e-7,17,4,27,7,177,1,1.0,0.0,78,0bfe38b55a35001adceea50f5e698a778f89aece
a1_sft_s0_task4_accum20_joint15_lr2.5e-7,17,4,28,8,178,1,1.0,0.0,76,0bfe38b55a35001adceea50f5e698a778f89aece
a1_sft_s0_task4_accum20_joint15_lr2.5e-7,17,4,29,9,179,1,0.6666666865348816,0.3333333134651184,83,0bfe38b55a35001adceea50f5e698a778f89aece
a1_sft_s0_task4_accum20_joint15_lr2.5e-7,18,4,30,0,180,1,1.0,0.0,90,0bfe38b55a35001adceea50f5e698a778f89aece
a1_sft_s0_task4_accum20_joint15_lr2.5e-7,18,4,31,1,181,1,0.6666666865348816,0.3333333134651184,82,0bfe38b55a35001adceea50f5e698a778f89aece
a1_sft_s0_task4_accum20_joint15_lr2.5e-7,18,4,32,2,182,1,0.3333333432674408,0.6666666269302368,80,0bfe38b55a35001adceea50f5e698a778f89aece
a1_sft_s0_task4_accum20_joint15_lr2.5e-7,18,4,33,3,183,0,0.3333333432674408,-0.3333333432674408,300,0bfe38b55a35001adceea50f5e698a778f89aece
a1_sft_s0_task4_accum20_joint15_lr2.5e-7,18,4,34,4,184,1,0.6666666865348816,0.3333333134651184,83,0bfe38b55a35001adceea50f5e698a778f89aece
a1_sft_s0_task4_accum20_joint15_lr2.5e-7,18,4,35,5,185,1,0.6666666865348816,0.3333333134651184,80,0bfe38b55a35001adceea50f5e698a778f89aece
a1_sft_s0_task4_accum20_joint15_lr2.5e-7,18,4,36,6,186,1,1.0,0.0,83,0bfe38b55a35001adceea50f5e698a778f89aece
a1_sft_s0_task4_accum20_joint15_lr2.5e-7,18,4,37,7,187,1,1.0,0.0,83,0bfe38b55a35001adceea50f5e698a778f89aece
a1_sft_s0_task4_accum20_joint15_lr2.5e-7,18,4,38,8,188,0,0.0,0.0,300,0bfe38b55a35001adceea50f5e698a778f89aece
a1_sft_s0_task4_accum20_joint15_lr2.5e-7,18,4,39,9,189,0,0.0,0.0,300,0bfe38b55a35001adceea50f5e698a778f89aece
a1_sft_s0_task4_accum20_joint15_lr2.5e-7,19,4,40,0,190,0,0.0,0.0,300,0bfe38b55a35001adceea50f5e698a778f89aece
a1_sft_s0_task4_accum20_joint15_lr2.5e-7,19,4,41,1,191,1,1.0,0.0,79,0bfe38b55a35001adceea50f5e698a778f89aece
a1_sft_s0_task4_accum20_joint15_lr2.5e-7,19,4,42,2,192,0,0.6666666865348816,-0.6666666865348816,300,0bfe38b55a35001adceea50f5e698a778f89aece
a1_sft_s0_task4_accum20_joint15_lr2.5e-7,19,4,43,3,193,1,0.6666666865348816,0.3333333134651184,81,0bfe38b55a35001adceea50f5e698a778f89aece
a1_sft_s0_task4_accum20_joint15_lr2.5e-7,19,4,44,4,194,1,0.3333333432674408,0.6666666269302368,79,0bfe38b55a35001adceea50f5e698a778f89aece
a1_sft_s0_task4_accum20_joint15_lr2.5e-7,19,4,45,5,195,1,1.0,0.0,79,0bfe38b55a35001adceea50f5e698a778f89aece
a1_sft_s0_task4_accum20_joint15_lr2.5e-7,19,4,46,6,196,1,1.0,0.0,82,0bfe38b55a35001adceea50f5e698a778f89aece
a1_sft_s0_task4_accum20_joint15_lr2.5e-7,19,4,47,7,197,0,0.0,0.0,300,0bfe38b55a35001adceea50f5e698a778f89aece
a1_sft_s0_task4_accum20_joint15_lr2.5e-7,19,4,48,8,198,0,0.0,0.0,300,0bfe38b55a35001adceea50f5e698a778f89aece
a1_sft_s0_task4_accum20_joint15_lr2.5e-7,19,4,49,9,199,1,0.6666666865348816,0.3333333134651184,86,0bfe38b55a35001adceea50f5e698a778f89aece
a1_sft_s0_task4_accum20_joint15_lr2.5e-7,20,4,0,0,200,0,0.0,0.0,300,0bfe38b55a35001adceea50f5e698a778f89aece
a1_sft_s0_task4_accum20_joint15_lr2.5e-7,20,4,1,1,201,1,1.0,0.0,82,0bfe38b55a35001adceea50f5e698a778f89aece
a1_sft_s0_task4_accum20_joint15_lr2.5e-7,20,4,2,2,202,1,1.0,0.0,82,0bfe38b55a35001adceea50f5e698a778f89aece
a1_sft_s0_task4_accum20_joint15_lr2.5e-7,20,4,3,3,203,0,0.25,-0.25,300,0bfe38b55a35001adceea50f5e698a778f89aece
a1_sft_s0_task4_accum20_joint15_lr2.5e-7,20,4,4,4,204,0,0.25,-0.25,300,0bfe38b55a35001adceea50f5e698a778f89aece
a1_sft_s0_task4_accum20_joint15_lr2.5e-7,20,4,5,5,205,0,0.75,-0.75,300,0bfe38b55a35001adceea50f5e698a778f89aece
a1_sft_s0_task4_accum20_joint15_lr2.5e-7,20,4,6,6,206,0,0.0,0.0,300,0bfe38b55a35001adceea50f5e698a778f89aece
a1_sft_s0_task4_accum20_joint15_lr2.5e-7,20,4,7,7,207,1,1.0,0.0,81,0bfe38b55a35001adceea50f5e698a778f89aece
a1_sft_s0_task4_accum20_joint15_lr2.5e-7,20,4,8,8,208,0,0.0,0.0,300,0bfe38b55a35001adceea50f5e698a778f89aece
a1_sft_s0_task4_accum20_joint15_lr2.5e-7,20,4,9,9,209,1,0.5,0.5,77,0bfe38b55a35001adceea50f5e698a778f89aece
a1_sft_s0_task4_accum20_joint15_lr2.5e-7,21,4,10,0,210,0,0.0,0.0,300,0bfe38b55a35001adceea50f5e698a778f89aece
a1_sft_s0_task4_accum20_joint15_lr2.5e-7,21,4,11,1,211,0,0.25,-0.25,300,0bfe38b55a35001adceea50f5e698a778f89aece
a1_sft_s0_task4_accum20_joint15_lr2.5e-7,21,4,12,2,212,1,0.75,0.25,77,0bfe38b55a35001adceea50f5e698a778f89aece
a1_sft_s0_task4_accum20_joint15_lr2.5e-7,21,4,13,3,213,1,1.0,0.0,81,0bfe38b55a35001adceea50f5e698a778f89aece
a1_sft_s0_task4_accum20_joint15_lr2.5e-7,21,4,14,4,214,0,0.0,0.0,300,0bfe38b55a35001adceea50f5e698a778f89aece
a1_sft_s0_task4_accum20_joint15_lr2.5e-7,21,4,15,5,215,1,0.75,0.25,87,0bfe38b55a35001adceea50f5e698a778f89aece
a1_sft_s0_task4_accum20_joint15_lr2.5e-7,21,4,16,6,216,1,0.75,0.25,81,0bfe38b55a35001adceea50f5e698a778f89aece
a1_sft_s0_task4_accum20_joint15_lr2.5e-7,21,4,17,7,217,1,0.75,0.25,84,0bfe38b55a35001adceea50f5e698a778f89aece
a1_sft_s0_task4_accum20_joint15_lr2.5e-7,21,4,18,8,218,0,0.0,0.0,300,0bfe38b55a35001adceea50f5e698a778f89aece
a1_sft_s0_task4_accum20_joint15_lr2.5e-7,21,4,19,9,219,0,0.0,0.0,300,0bfe38b55a35001adceea50f5e698a778f89aece
a1_sft_s0_task4_accum20_joint15_lr2.5e-7,22,4,20,0,220,1,0.75,0.25,91,0bfe38b55a35001adceea50f5e698a778f89aece
a1_sft_s0_task4_accum20_joint15_lr2.5e-7,22,4,21,1,221,1,1.0,0.0,89,0bfe38b55a35001adceea50f5e698a778f89aece
a1_sft_s0_task4_accum20_joint15_lr2.5e-7,22,4,22,2,222,0,0.0,0.0,300,0bfe38b55a35001adceea50f5e698a778f89aece
a1_sft_s0_task4_accum20_joint15_lr2.5e-7,22,4,23,3,223,0,0.0,0.0,300,0bfe38b55a35001adceea50f5e698a778f89aece
a1_sft_s0_task4_accum20_joint15_lr2.5e-7,22,4,24,4,224,0,0.0,0.0,300,0bfe38b55a35001adceea50f5e698a778f89aece
a1_sft_s0_task4_accum20_joint15_lr2.5e-7,22,4,25,5,225,1,0.25,0.75,74,0bfe38b55a35001adceea50f5e698a778f89aece
a1_sft_s0_task4_accum20_joint15_lr2.5e-7,22,4,26,6,226,0,0.75,-0.75,300,0bfe38b55a35001adceea50f5e698a778f89aece
a1_sft_s0_task4_accum20_joint15_lr2.5e-7,22,4,27,7,227,1,1.0,0.0,89,0bfe38b55a35001adceea50f5e698a778f89aece
a1_sft_s0_task4_accum20_joint15_lr2.5e-7,22,4,28,8,228,1,1.0,0.0,83,0bfe38b55a35001adceea50f5e698a778f89aece
a1_sft_s0_task4_accum20_joint15_lr2.5e-7,22,4,29,9,229,1,0.75,0.25,78,0bfe38b55a35001adceea50f5e698a778f89aece
a1_sft_s0_task4_accum20_joint15_lr2.5e-7,23,4,30,0,230,1,1.0,0.0,81,0bfe38b55a35001adceea50f5e698a778f89aece
a1_sft_s0_task4_accum20_joint15_lr2.5e-7,23,4,31,1,231,1,0.75,0.25,85,0bfe38b55a35001adceea50f5e698a778f89aece
a1_sft_s0_task4_accum20_joint15_lr2.5e-7,23,4,32,2,232,0,0.5,-0.5,300,0bfe38b55a35001adceea50f5e698a778f89aece
a1_sft_s0_task4_accum20_joint15_lr2.5e-7,23,4,33,3,233,0,0.25,-0.25,300,0bfe38b55a35001adceea50f5e698a778f89aece
a1_sft_s0_task4_accum20_joint15_lr2.5e-7,23,4,34,4,234,1,0.75,0.25,90,0bfe38b55a35001adceea50f5e698a778f89aece
a1_sft_s0_task4_accum20_joint15_lr2.5e-7,23,4,35,5,235,1,0.75,0.25,74,0bfe38b55a35001adceea50f5e698a778f89aece
a1_sft_s0_task4_accum20_joint15_lr2.5e-7,23,4,36,6,236,1,1.0,0.0,90,0bfe38b55a35001adceea50f5e698a778f89aece
a1_sft_s0_task4_accum20_joint15_lr2.5e-7,23,4,37,7,237,1,1.0,0.0,85,0bfe38b55a35001adceea50f5e698a778f89aece
a1_sft_s0_task4_accum20_joint15_lr2.5e-7,23,4,38,8,238,0,0.0,0.0,300,0bfe38b55a35001adceea50f5e698a778f89aece
a1_sft_s0_task4_accum20_joint15_lr2.5e-7,23,4,39,9,239,0,0.0,0.0,300,0bfe38b55a35001adceea50f5e698a778f89aece
a1_sft_s0_task4_accum20_joint15_lr2.5e-7,24,4,40,0,240,0,0.0,0.0,300,0bfe38b55a35001adceea50f5e698a778f89aece
a1_sft_s0_task4_accum20_joint15_lr2.5e-7,24,4,41,1,241,1,1.0,0.0,80,0bfe38b55a35001adceea50f5e698a778f89aece
a1_sft_s0_task4_accum20_joint15_lr2.5e-7,24,4,42,2,242,1,0.5,0.5,79,0bfe38b55a35001adceea50f5e698a778f89aece
a1_sft_s0_task4_accum20_joint15_lr2.5e-7,24,4,43,3,243,1,0.75,0.25,84,0bfe38b55a35001adceea50f5e698a778f89aece
a1_sft_s0_task4_accum20_joint15_lr2.5e-7,24,4,44,4,244,1,0.5,0.5,76,0bfe38b55a35001adceea50f5e698a778f89aece
a1_sft_s0_task4_accum20_joint15_lr2.5e-7,24,4,45,5,245,0,1.0,-1.0,300,0bfe38b55a35001adceea50f5e698a778f89aece
a1_sft_s0_task4_accum20_joint15_lr2.5e-7,24,4,46,6,246,1,1.0,0.0,81,0bfe38b55a35001adceea50f5e698a778f89aece
a1_sft_s0_task4_accum20_joint15_lr2.5e-7,24,4,47,7,247,0,0.0,0.0,300,0bfe38b55a35001adceea50f5e698a778f89aece
a1_sft_s0_task4_accum20_joint15_lr2.5e-7,24,4,48,8,248,0,0.0,0.0,300,0bfe38b55a35001adceea50f5e698a778f89aece
a1_sft_s0_task4_accum20_joint15_lr2.5e-7,24,4,49,9,249,1,0.75,0.25,85,0bfe38b55a35001adceea50f5e698a778f89aece
a1_sft_s0_task4_accum20_joint15_lr2.5e-7,25,4,0,0,250,0,0.0,0.0,300,0bfe38b55a35001adceea50f5e698a778f89aece
a1_sft_s0_task4_accum20_joint15_lr2.5e-7,25,4,1,1,251,1,1.0,0.0,84,0bfe38b55a35001adceea50f5e698a778f89aece
a1_sft_s0_task4_accum20_joint15_lr2.5e-7,25,4,2,2,252,1,1.0,0.0,80,0bfe38b55a35001adceea50f5e698a778f89aece
a1_sft_s0_task4_accum20_joint15_lr2.5e-7,25,4,3,3,253,1,0.20000000298023224,0.800000011920929,84,0bfe38b55a35001adceea50f5e698a778f89aece
a1_sft_s0_task4_accum20_joint15_lr2.5e-7,25,4,4,4,254,0,0.20000000298023224,-0.20000000298023224,300,0bfe38b55a35001adceea50f5e698a778f89aece
a1_sft_s0_task4_accum20_joint15_lr2.5e-7,25,4,5,5,255,1,0.6000000238418579,0.3999999761581421,81,0bfe38b55a35001adceea50f5e698a778f89aece
a1_sft_s0_task4_accum20_joint15_lr2.5e-7,25,4,6,6,256,0,0.0,0.0,300,0bfe38b55a35001adceea50f5e698a778f89aece
a1_sft_s0_task4_accum20_joint15_lr2.5e-7,25,4,7,7,257,0,1.0,-1.0,300,0bfe38b55a35001adceea50f5e698a778f89aece
a1_sft_s0_task4_accum20_joint15_lr2.5e-7,25,4,8,8,258,0,0.0,0.0,300,0bfe38b55a35001adceea50f5e698a778f89aece
a1_sft_s0_task4_accum20_joint15_lr2.5e-7,25,4,9,9,259,1,0.6000000238418579,0.3999999761581421,80,0bfe38b55a35001adceea50f5e698a778f89aece
a1_sft_s0_task4_accum20_joint15_lr2.5e-7,26,4,10,0,260,1,0.0,1.0,77,0bfe38b55a35001adceea50f5e698a778f89aece
a1_sft_s0_task4_accum20_joint15_lr2.5e-7,26,4,11,1,261,1,0.20000000298023224,0.800000011920929,75,0bfe38b55a35001adceea50f5e698a778f89aece
a1_sft_s0_task4_accum20_joint15_lr2.5e-7,26,4,12,2,262,0,0.800000011920929,-0.800000011920929,300,0bfe38b55a35001adceea50f5e698a778f89aece
a1_sft_s0_task4_accum20_joint15_lr2.5e-7,26,4,13,3,263,1,1.0,0.0,79,0bfe38b55a35001adceea50f5e698a778f89aece
a1_sft_s0_task4_accum20_joint15_lr2.5e-7,26,4,14,4,264,0,0.0,0.0,300,0bfe38b55a35001adceea50f5e698a778f89aece
a1_sft_s0_task4_accum20_joint15_lr2.5e-7,26,4,15,5,265,1,0.800000011920929,0.19999998807907104,92,0bfe38b55a35001adceea50f5e698a778f89aece
a1_sft_s0_task4_accum20_joint15_lr2.5e-7,26,4,16,6,266,1,0.800000011920929,0.19999998807907104,79,0bfe38b55a35001adceea50f5e698a778f89aece
a1_sft_s0_task4_accum20_joint15_lr2.5e-7,26,4,17,7,267,1,0.800000011920929,0.19999998807907104,83,0bfe38b55a35001adceea50f5e698a778f89aece
a1_sft_s0_task4_accum20_joint15_lr2.5e-7,26,4,18,8,268,0,0.0,0.0,300,0bfe38b55a35001adceea50f5e698a778f89aece
a1_sft_s0_task4_accum20_joint15_lr2.5e-7,26,4,19,9,269,0,0.0,0.0,300,0bfe38b55a35001adceea50f5e698a778f89aece
a1_sft_s0_task4_accum20_joint15_lr2.5e-7,27,4,20,0,270,1,0.800000011920929,0.19999998807907104,77,0bfe38b55a35001adceea50f5e698a778f89aece
a1_sft_s0_task4_accum20_joint15_lr2.5e-7,27,4,21,1,271,1,1.0,0.0,86,0bfe38b55a35001adceea50f5e698a778f89aece
a1_sft_s0_task4_accum20_joint15_lr2.5e-7,27,4,22,2,272,0,0.0,0.0,300,0bfe38b55a35001adceea50f5e698a778f89aece
a1_sft_s0_task4_accum20_joint15_lr2.5e-7,27,4,23,3,273,0,0.0,0.0,300,0bfe38b55a35001adceea50f5e698a778f89aece
a1_sft_s0_task4_accum20_joint15_lr2.5e-7,27,4,24,4,274,0,0.0,0.0,300,0bfe38b55a35001adceea50f5e698a778f89aece
a1_sft_s0_task4_accum20_joint15_lr2.5e-7,27,4,25,5,275,0,0.4000000059604645,-0.4000000059604645,300,0bfe38b55a35001adceea50f5e698a778f89aece
a1_sft_s0_task4_accum20_joint15_lr2.5e-7,27,4,26,6,276,0,0.6000000238418579,-0.6000000238418579,300,0bfe38b55a35001adceea50f5e698a778f89aece
a1_sft_s0_task4_accum20_joint15_lr2.5e-7,27,4,27,7,277,1,1.0,0.0,79,0bfe38b55a35001adceea50f5e698a778f89aece
a1_sft_s0_task4_accum20_joint15_lr2.5e-7,27,4,28,8,278,1,1.0,0.0,78,0bfe38b55a35001adceea50f5e698a778f89aece
a1_sft_s0_task4_accum20_joint15_lr2.5e-7,27,4,29,9,279,0,0.800000011920929,-0.800000011920929,300,0bfe38b55a35001adceea50f5e698a778f89aece
a1_sft_s0_task4_accum20_joint15_lr2.5e-7,28,4,30,0,280,1,1.0,0.0,81,0bfe38b55a35001adceea50f5e698a778f89aece
a1_sft_s0_task4_accum20_joint15_lr2.5e-7,28,4,31,1,281,1,0.800000011920929,0.19999998807907104,74,0bfe38b55a35001adceea50f5e698a778f89aece
a1_sft_s0_task4_accum20_joint15_lr2.5e-7,28,4,32,2,282,0,0.4000000059604645,-0.4000000059604645,300,0bfe38b55a35001adceea50f5e698a778f89aece
a1_sft_s0_task4_accum20_joint15_lr2.5e-7,28,4,33,3,283,0,0.20000000298023224,-0.20000000298023224,300,0bfe38b55a35001adceea50f5e698a778f89aece
a1_sft_s0_task4_accum20_joint15_lr2.5e-7,28,4,34,4,284,1,0.800000011920929,0.19999998807907104,79,0bfe38b55a35001adceea50f5e698a778f89aece
a1_sft_s0_task4_accum20_joint15_lr2.5e-7,28,4,35,5,285,1,0.800000011920929,0.19999998807907104,76,0bfe38b55a35001adceea50f5e698a778f89aece
a1_sft_s0_task4_accum20_joint15_lr2.5e-7,28,4,36,6,286,1,1.0,0.0,87,0bfe38b55a35001adceea50f5e698a778f89aece
a1_sft_s0_task4_accum20_joint15_lr2.5e-7,28,4,37,7,287,1,1.0,0.0,86,0bfe38b55a35001adceea50f5e698a778f89aece
a1_sft_s0_task4_accum20_joint15_lr2.5e-7,28,4,38,8,288,0,0.0,0.0,300,0bfe38b55a35001adceea50f5e698a778f89aece
a1_sft_s0_task4_accum20_joint15_lr2.5e-7,28,4,39,9,289,0,0.0,0.0,300,0bfe38b55a35001adceea50f5e698a778f89aece
a1_sft_s0_task4_accum20_joint15_lr2.5e-7,29,4,40,0,290,0,0.0,0.0,300,0bfe38b55a35001adceea50f5e698a778f89aece
a1_sft_s0_task4_accum20_joint15_lr2.5e-7,29,4,41,1,291,0,1.0,-1.0,300,0bfe38b55a35001adceea50f5e698a778f89aece
a1_sft_s0_task4_accum20_joint15_lr2.5e-7,29,4,42,2,292,1,0.6000000238418579,0.3999999761581421,75,0bfe38b55a35001adceea50f5e698a778f89aece
a1_sft_s0_task4_accum20_joint15_lr2.5e-7,29,4,43,3,293,1,0.800000011920929,0.19999998807907104,83,0bfe38b55a35001adceea50f5e698a778f89aece
a1_sft_s0_task4_accum20_joint15_lr2.5e-7,29,4,44,4,294,0,0.6000000238418579,-0.6000000238418579,300,0bfe38b55a35001adceea50f5e698a778f89aece
a1_sft_s0_task4_accum20_joint15_lr2.5e-7,29,4,45,5,295,1,0.800000011920929,0.19999998807907104,81,0bfe38b55a35001adceea50f5e698a778f89aece
a1_sft_s0_task4_accum20_joint15_lr2.5e-7,29,4,46,6,296,1,1.0,0.0,83,0bfe38b55a35001adceea50f5e698a778f89aece
a1_sft_s0_task4_accum20_joint15_lr2.5e-7,29,4,47,7,297,0,0.0,0.0,300,0bfe38b55a35001adceea50f5e698a778f89aece
a1_sft_s0_task4_accum20_joint15_lr2.5e-7,29,4,48,8,298,0,0.0,0.0,300,0bfe38b55a35001adceea50f5e698a778f89aece
a1_sft_s0_task4_accum20_joint15_lr2.5e-7,29,4,49,9,299,1,0.800000011920929,0.19999998807907104,94,0bfe38b55a35001adceea50f5e698a778f89aece
a1_sft_s0_task4_accum20_joint15_lr2.5e-7,30,4,0,0,300,0,0.0,0.0,300,0bfe38b55a35001adceea50f5e698a778f89aece
a1_sft_s0_task4_accum20_joint15_lr2.5e-7,30,4,1,1,301,0,1.0,-1.0,300,0bfe38b55a35001adceea50f5e698a778f89aece
a1_sft_s0_task4_accum20_joint15_lr2.5e-7,30,4,2,2,302,1,1.0,0.0,81,0bfe38b55a35001adceea50f5e698a778f89aece
a1_sft_s0_task4_accum20_joint15_lr2.5e-7,30,4,3,3,303,0,0.4000000059604645,-0.4000000059604645,300,0bfe38b55a35001adceea50f5e698a778f89aece
a1_sft_s0_task4_accum20_joint15_lr2.5e-7,30,4,4,4,304,1,0.0,1.0,78,0bfe38b55a35001adceea50f5e698a778f89aece
a1_sft_s0_task4_accum20_joint15_lr2.5e-7,30,4,5,5,305,1,0.6000000238418579,0.3999999761581421,77,0bfe38b55a35001adceea50f5e698a778f89aece
a1_sft_s0_task4_accum20_joint15_lr2.5e-7,30,4,6,6,306,0,0.0,0.0,300,0bfe38b55a35001adceea50f5e698a778f89aece
a1_sft_s0_task4_accum20_joint15_lr2.5e-7,30,4,7,7,307,1,0.800000011920929,0.19999998807907104,82,0bfe38b55a35001adceea50f5e698a778f89aece
a1_sft_s0_task4_accum20_joint15_lr2.5e-7,30,4,8,8,308,0,0.0,0.0,300,0bfe38b55a35001adceea50f5e698a778f89aece
a1_sft_s0_task4_accum20_joint15_lr2.5e-7,30,4,9,9,309,0,0.800000011920929,-0.800000011920929,300,0bfe38b55a35001adceea50f5e698a778f89aece
a1_sft_s0_task4_accum20_joint15_lr2.5e-7,31,4,10,0,310,0,0.20000000298023224,-0.20000000298023224,300,0bfe38b55a35001adceea50f5e698a778f89aece
a1_sft_s0_task4_accum20_joint15_lr2.5e-7,31,4,11,1,311,0,0.4000000059604645,-0.4000000059604645,300,0bfe38b55a35001adceea50f5e698a778f89aece
a1_sft_s0_task4_accum20_joint15_lr2.5e-7,31,4,12,2,312,1,0.6000000238418579,0.3999999761581421,73,0bfe38b55a35001adceea50f5e698a778f89aece
a1_sft_s0_task4_accum20_joint15_lr2.5e-7,31,4,13,3,313,1,1.0,0.0,82,0bfe38b55a35001adceea50f5e698a778f89aece
a1_sft_s0_task4_accum20_joint15_lr2.5e-7,31,4,14,4,314,0,0.0,0.0,300,0bfe38b55a35001adceea50f5e698a778f89aece
a1_sft_s0_task4_accum20_joint15_lr2.5e-7,31,4,15,5,315,1,0.800000011920929,0.19999998807907104,79,0bfe38b55a35001adceea50f5e698a778f89aece
a1_sft_s0_task4_accum20_joint15_lr2.5e-7,31,4,16,6,316,1,0.800000011920929,0.19999998807907104,79,0bfe38b55a35001adceea50f5e698a778f89aece
a1_sft_s0_task4_accum20_joint15_lr2.5e-7,31,4,17,7,317,0,0.800000011920929,-0.800000011920929,300,0bfe38b55a35001adceea50f5e698a778f89aece
a1_sft_s0_task4_accum20_joint15_lr2.5e-7,31,4,18,8,318,0,0.0,0.0,300,0bfe38b55a35001adceea50f5e698a778f89aece
a1_sft_s0_task4_accum20_joint15_lr2.5e-7,31,4,19,9,319,0,0.0,0.0,300,0bfe38b55a35001adceea50f5e698a778f89aece
a1_sft_s0_task4_accum20_joint15_lr2.5e-7,32,4,20,0,320,1,0.800000011920929,0.19999998807907104,78,0bfe38b55a35001adceea50f5e698a778f89aece
a1_sft_s0_task4_accum20_joint15_lr2.5e-7,32,4,21,1,321,0,1.0,-1.0,300,0bfe38b55a35001adceea50f5e698a778f89aece
a1_sft_s0_task4_accum20_joint15_lr2.5e-7,32,4,22,2,322,0,0.0,0.0,300,0bfe38b55a35001adceea50f5e698a778f89aece
a1_sft_s0_task4_accum20_joint15_lr2.5e-7,32,4,23,3,323,0,0.0,0.0,300,0bfe38b55a35001adceea50f5e698a778f89aece
a1_sft_s0_task4_accum20_joint15_lr2.5e-7,32,4,24,4,324,0,0.0,0.0,300,0bfe38b55a35001adceea50f5e698a778f89aece
a1_sft_s0_task4_accum20_joint15_lr2.5e-7,32,4,25,5,325,0,0.4000000059604645,-0.4000000059604645,300,0bfe38b55a35001adceea50f5e698a778f89aece
a1_sft_s0_task4_accum20_joint15_lr2.5e-7,32,4,26,6,326,1,0.4000000059604645,0.6000000238418579,77,0bfe38b55a35001adceea50f5e698a778f89aece
a1_sft_s0_task4_accum20_joint15_lr2.5e-7,32,4,27,7,327,1,1.0,0.0,82,0bfe38b55a35001adceea50f5e698a778f89aece
a1_sft_s0_task4_accum20_joint15_lr2.5e-7,32,4,28,8,328,1,1.0,0.0,77,0bfe38b55a35001adceea50f5e698a778f89aece
a1_sft_s0_task4_accum20_joint15_lr2.5e-7,32,4,29,9,329,0,0.6000000238418579,-0.6000000238418579,300,0bfe38b55a35001adceea50f5e698a778f89aece
a1_sft_s0_task4_accum20_joint15_lr2.5e-7,33,4,30,0,330,0,1.0,-1.0,300,0bfe38b55a35001adceea50f5e698a778f89aece
a1_sft_s0_task4_accum20_joint15_lr2.5e-7,33,4,31,1,331,1,0.800000011920929,0.19999998807907104,88,0bfe38b55a35001adceea50f5e698a778f89aece
a1_sft_s0_task4_accum20_joint15_lr2.5e-7,33,4,32,2,332,1,0.4000000059604645,0.6000000238418579,85,0bfe38b55a35001adceea50f5e698a778f89aece
a1_sft_s0_task4_accum20_joint15_lr2.5e-7,33,4,33,3,333,0,0.20000000298023224,-0.20000000298023224,300,0bfe38b55a35001adceea50f5e698a778f89aece
a1_sft_s0_task4_accum20_joint15_lr2.5e-7,33,4,34,4,334,1,0.800000011920929,0.19999998807907104,79,0bfe38b55a35001adceea50f5e698a778f89aece
a1_sft_s0_task4_accum20_joint15_lr2.5e-7,33,4,35,5,335,1,1.0,0.0,75,0bfe38b55a35001adceea50f5e698a778f89aece
a1_sft_s0_task4_accum20_joint15_lr2.5e-7,33,4,36,6,336,1,1.0,0.0,79,0bfe38b55a35001adceea50f5e698a778f89aece
a1_sft_s0_task4_accum20_joint15_lr2.5e-7,33,4,37,7,337,0,1.0,-1.0,300,0bfe38b55a35001adceea50f5e698a778f89aece
a1_sft_s0_task4_accum20_joint15_lr2.5e-7,33,4,38,8,338,0,0.0,0.0,300,0bfe38b55a35001adceea50f5e698a778f89aece
a1_sft_s0_task4_accum20_joint15_lr2.5e-7,33,4,39,9,339,0,0.0,0.0,300,0bfe38b55a35001adceea50f5e698a778f89aece
a1_sft_s0_task4_accum20_joint15_lr2.5e-7,34,4,40,0,340,0,0.0,0.0,300,0bfe38b55a35001adceea50f5e698a778f89aece
a1_sft_s0_task4_accum20_joint15_lr2.5e-7,34,4,41,1,341,1,0.800000011920929,0.19999998807907104,85,0bfe38b55a35001adceea50f5e698a778f89aece
a1_sft_s0_task4_accum20_joint15_lr2.5e-7,34,4,42,2,342,1,0.6000000238418579,0.3999999761581421,74,0bfe38b55a35001adceea50f5e698a778f89aece
a1_sft_s0_task4_accum20_joint15_lr2.5e-7,34,4,43,3,343,1,0.800000011920929,0.19999998807907104,77,0bfe38b55a35001adceea50f5e698a778f89aece
a1_sft_s0_task4_accum20_joint15_lr2.5e-7,34,4,44,4,344,1,0.6000000238418579,0.3999999761581421,77,0bfe38b55a35001adceea50f5e698a778f89aece
a1_sft_s0_task4_accum20_joint15_lr2.5e-7,34,4,45,5,345,1,0.800000011920929,0.19999998807907104,79,0bfe38b55a35001adceea50f5e698a778f89aece
a1_sft_s0_task4_accum20_joint15_lr2.5e-7,34,4,46,6,346,1,1.0,0.0,81,0bfe38b55a35001adceea50f5e698a778f89aece
a1_sft_s0_task4_accum20_joint15_lr2.5e-7,34,4,47,7,347,0,0.0,0.0,300,0bfe38b55a35001adceea50f5e698a778f89aece
a1_sft_s0_task4_accum20_joint15_lr2.5e-7,34,4,48,8,348,0,0.0,0.0,300,0bfe38b55a35001adceea50f5e698a778f89aece
a1_sft_s0_task4_accum20_joint15_lr2.5e-7,34,4,49,9,349,1,0.800000011920929,0.19999998807907104,91,0bfe38b55a35001adceea50f5e698a778f89aece
a1_sft_s0_task4_accum20_joint15_lr2.5e-7,35,4,0,0,350,0,0.0,0.0,300,0bfe38b55a35001adceea50f5e698a778f89aece
a1_sft_s0_task4_accum20_joint15_lr2.5e-7,35,4,1,1,351,1,0.800000011920929,0.19999998807907104,81,0bfe38b55a35001adceea50f5e698a778f89aece
a1_sft_s0_task4_accum20_joint15_lr2.5e-7,35,4,2,2,352,1,1.0,0.0,80,0bfe38b55a35001adceea50f5e698a778f89aece
a1_sft_s0_task4_accum20_joint15_lr2.5e-7,35,4,3,3,353,0,0.20000000298023224,-0.20000000298023224,300,0bfe38b55a35001adceea50f5e698a778f89aece
a1_sft_s0_task4_accum20_joint15_lr2.5e-7,35,4,4,4,354,0,0.20000000298023224,-0.20000000298023224,300,0bfe38b55a35001adceea50f5e698a778f89aece
a1_sft_s0_task4_accum20_joint15_lr2.5e-7,35,4,5,5,355,1,0.6000000238418579,0.3999999761581421,83,0bfe38b55a35001adceea50f5e698a778f89aece
a1_sft_s0_task4_accum20_joint15_lr2.5e-7,35,4,6,6,356,0,0.0,0.0,300,0bfe38b55a35001adceea50f5e698a778f89aece
a1_sft_s0_task4_accum20_joint15_lr2.5e-7,35,4,7,7,357,0,0.800000011920929,-0.800000011920929,300,0bfe38b55a35001adceea50f5e698a778f89aece
a1_sft_s0_task4_accum20_joint15_lr2.5e-7,35,4,8,8,358,0,0.0,0.0,300,0bfe38b55a35001adceea50f5e698a778f89aece
a1_sft_s0_task4_accum20_joint15_lr2.5e-7,35,4,9,9,359,0,0.6000000238418579,-0.6000000238418579,300,0bfe38b55a35001adceea50f5e698a778f89aece
a1_sft_s0_task4_accum20_joint15_lr2.5e-7,36,4,10,0,360,0,0.20000000298023224,-0.20000000298023224,300,0bfe38b55a35001adceea50f5e698a778f89aece
a1_sft_s0_task4_accum20_joint15_lr2.5e-7,36,4,11,1,361,0,0.20000000298023224,-0.20000000298023224,300,0bfe38b55a35001adceea50f5e698a778f89aece
a1_sft_s0_task4_accum20_joint15_lr2.5e-7,36,4,12,2,362,0,0.6000000238418579,-0.6000000238418579,300,0bfe38b55a35001adceea50f5e698a778f89aece
a1_sft_s0_task4_accum20_joint15_lr2.5e-7,36,4,13,3,363,1,1.0,0.0,81,0bfe38b55a35001adceea50f5e698a778f89aece
a1_sft_s0_task4_accum20_joint15_lr2.5e-7,36,4,14,4,364,0,0.0,0.0,300,0bfe38b55a35001adceea50f5e698a778f89aece
a1_sft_s0_task4_accum20_joint15_lr2.5e-7,36,4,15,5,365,1,0.800000011920929,0.19999998807907104,87,0bfe38b55a35001adceea50f5e698a778f89aece
a1_sft_s0_task4_accum20_joint15_lr2.5e-7,36,4,16,6,366,1,1.0,0.0,83,0bfe38b55a35001adceea50f5e698a778f89aece
a1_sft_s0_task4_accum20_joint15_lr2.5e-7,36,4,17,7,367,0,0.800000011920929,-0.800000011920929,300,0bfe38b55a35001adceea50f5e698a778f89aece
a1_sft_s0_task4_accum20_joint15_lr2.5e-7,36,4,18,8,368,0,0.0,0.0,300,0bfe38b55a35001adceea50f5e698a778f89aece
a1_sft_s0_task4_accum20_joint15_lr2.5e-7,36,4,19,9,369,1,0.0,1.0,77,0bfe38b55a35001adceea50f5e698a778f89aece
a1_sft_s0_task4_accum20_joint15_lr2.5e-7,37,4,20,0,370,1,0.800000011920929,0.19999998807907104,81,0bfe38b55a35001adceea50f5e698a778f89aece
a1_sft_s0_task4_accum20_joint15_lr2.5e-7,37,4,21,1,371,1,0.800000011920929,0.19999998807907104,79,0bfe38b55a35001adceea50f5e698a778f89aece
a1_sft_s0_task4_accum20_joint15_lr2.5e-7,37,4,22,2,372,0,0.0,0.0,300,0bfe38b55a35001adceea50f5e698a778f89aece
a1_sft_s0_task4_accum20_joint15_lr2.5e-7,37,4,23,3,373,0,0.0,0.0,300,0bfe38b55a35001adceea50f5e698a778f89aece
a1_sft_s0_task4_accum20_joint15_lr2.5e-7,37,4,24,4,374,0,0.0,0.0,300,0bfe38b55a35001adceea50f5e698a778f89aece
a1_sft_s0_task4_accum20_joint15_lr2.5e-7,37,4,25,5,375,0,0.20000000298023224,-0.20000000298023224,300,0bfe38b55a35001adceea50f5e698a778f89aece
a1_sft_s0_task4_accum20_joint15_lr2.5e-7,37,4,26,6,376,1,0.4000000059604645,0.6000000238418579,79,0bfe38b55a35001adceea50f5e698a778f89aece
a1_sft_s0_task4_accum20_joint15_lr2.5e-7,37,4,27,7,377,1,1.0,0.0,81,0bfe38b55a35001adceea50f5e698a778f89aece
a1_sft_s0_task4_accum20_joint15_lr2.5e-7,37,4,28,8,378,1,1.0,0.0,83,0bfe38b55a35001adceea50f5e698a778f89aece
a1_sft_s0_task4_accum20_joint15_lr2.5e-7,37,4,29,9,379,1,0.4000000059604645,0.6000000238418579,76,0bfe38b55a35001adceea50f5e698a778f89aece
a1_sft_s0_task4_accum20_joint15_lr2.5e-7,38,4,30,0,380,1,0.800000011920929,0.19999998807907104,84,0bfe38b55a35001adceea50f5e698a778f89aece
a1_sft_s0_task4_accum20_joint15_lr2.5e-7,38,4,31,1,381,1,1.0,0.0,82,0bfe38b55a35001adceea50f5e698a778f89aece
a1_sft_s0_task4_accum20_joint15_lr2.5e-7,38,4,32,2,382,0,0.4000000059604645,-0.4000000059604645,300,0bfe38b55a35001adceea50f5e698a778f89aece
a1_sft_s0_task4_accum20_joint15_lr2.5e-7,38,4,33,3,383,0,0.0,0.0,300,0bfe38b55a35001adceea50f5e698a778f89aece
a1_sft_s0_task4_accum20_joint15_lr2.5e-7,38,4,34,4,384,1,0.800000011920929,0.19999998807907104,83,0bfe38b55a35001adceea50f5e698a778f89aece
a1_sft_s0_task4_accum20_joint15_lr2.5e-7,38,4,35,5,385,1,1.0,0.0,81,0bfe38b55a35001adceea50f5e698a778f89aece
a1_sft_s0_task4_accum20_joint15_lr2.5e-7,38,4,36,6,386,1,1.0,0.0,85,0bfe38b55a35001adceea50f5e698a778f89aece
a1_sft_s0_task4_accum20_joint15_lr2.5e-7,38,4,37,7,387,1,0.800000011920929,0.19999998807907104,72,0bfe38b55a35001adceea50f5e698a778f89aece
a1_sft_s0_task4_accum20_joint15_lr2.5e-7,38,4,38,8,388,0,0.0,0.0,300,0bfe38b55a35001adceea50f5e698a778f89aece
a1_sft_s0_task4_accum20_joint15_lr2.5e-7,38,4,39,9,389,0,0.0,0.0,300,0bfe38b55a35001adceea50f5e698a778f89aece
a1_sft_s0_task4_accum20_joint15_lr2.5e-7,39,4,40,0,390,0,0.0,0.0,300,0bfe38b55a35001adceea50f5e698a778f89aece
a1_sft_s0_task4_accum20_joint15_lr2.5e-7,39,4,41,1,391,1,0.800000011920929,0.19999998807907104,78,0bfe38b55a35001adceea50f5e698a778f89aece
a1_sft_s0_task4_accum20_joint15_lr2.5e-7,39,4,42,2,392,1,0.6000000238418579,0.3999999761581421,78,0bfe38b55a35001adceea50f5e698a778f89aece
a1_sft_s0_task4_accum20_joint15_lr2.5e-7,39,4,43,3,393,1,0.800000011920929,0.19999998807907104,76,0bfe38b55a35001adceea50f5e698a778f89aece
a1_sft_s0_task4_accum20_joint15_lr2.5e-7,39,4,44,4,394,1,0.6000000238418579,0.3999999761581421,84,0bfe38b55a35001adceea50f5e698a778f89aece
a1_sft_s0_task4_accum20_joint15_lr2.5e-7,39,4,45,5,395,1,0.800000011920929,0.19999998807907104,79,0bfe38b55a35001adceea50f5e698a778f89aece
a1_sft_s0_task4_accum20_joint15_lr2.5e-7,39,4,46,6,396,1,1.0,0.0,83,0bfe38b55a35001adceea50f5e698a778f89aece
a1_sft_s0_task4_accum20_joint15_lr2.5e-7,39,4,47,7,397,0,0.0,0.0,300,0bfe38b55a35001adceea50f5e698a778f89aece
a1_sft_s0_task4_accum20_joint15_lr2.5e-7,39,4,48,8,398,0,0.0,0.0,300,0bfe38b55a35001adceea50f5e698a778f89aece
a1_sft_s0_task4_accum20_joint15_lr2.5e-7,39,4,49,9,399,1,1.0,0.0,86,0bfe38b55a35001adceea50f5e698a778f89aece
a1_sft_s0_task4_accum20_joint15_lr2.5e-7,40,4,0,0,400,0,0.0,0.0,300,0bfe38b55a35001adceea50f5e698a778f89aece
a1_sft_s0_task4_accum20_joint15_lr2.5e-7,40,4,1,1,401,1,0.800000011920929,0.19999998807907104,84,0bfe38b55a35001adceea50f5e698a778f89aece
a1_sft_s0_task4_accum20_joint15_lr2.5e-7,40,4,2,2,402,1,1.0,0.0,75,0bfe38b55a35001adceea50f5e698a778f89aece
a1_sft_s0_task4_accum20_joint15_lr2.5e-7,40,4,3,3,403,1,0.20000000298023224,0.800000011920929,90,0bfe38b55a35001adceea50f5e698a778f89aece
a1_sft_s0_task4_accum20_joint15_lr2.5e-7,40,4,4,4,404,1,0.20000000298023224,0.800000011920929,79,0bfe38b55a35001adceea50f5e698a778f89aece
a1_sft_s0_task4_accum20_joint15_lr2.5e-7,40,4,5,5,405,1,0.800000011920929,0.19999998807907104,91,0bfe38b55a35001adceea50f5e698a778f89aece
a1_sft_s0_task4_accum20_joint15_lr2.5e-7,40,4,6,6,406,0,0.0,0.0,300,0bfe38b55a35001adceea50f5e698a778f89aece
a1_sft_s0_task4_accum20_joint15_lr2.5e-7,40,4,7,7,407,1,0.6000000238418579,0.3999999761581421,74,0bfe38b55a35001adceea50f5e698a778f89aece
a1_sft_s0_task4_accum20_joint15_lr2.5e-7,40,4,8,8,408,0,0.0,0.0,300,0bfe38b55a35001adceea50f5e698a778f89aece
a1_sft_s0_task4_accum20_joint15_lr2.5e-7,40,4,9,9,409,0,0.4000000059604645,-0.4000000059604645,300,0bfe38b55a35001adceea50f5e698a778f89aece
a1_sft_s0_task4_accum20_joint15_lr2.5e-7,41,4,10,0,410,0,0.20000000298023224,-0.20000000298023224,300,0bfe38b55a35001adceea50f5e698a778f89aece
a1_sft_s0_task4_accum20_joint15_lr2.5e-7,41,4,11,1,411,0,0.20000000298023224,-0.20000000298023224,300,0bfe38b55a35001adceea50f5e698a778f89aece
a1_sft_s0_task4_accum20_joint15_lr2.5e-7,41,4,12,2,412,1,0.6000000238418579,0.3999999761581421,82,0bfe38b55a35001adceea50f5e698a778f89aece
a1_sft_s0_task4_accum20_joint15_lr2.5e-7,41,4,13,3,413,1,1.0,0.0,82,0bfe38b55a35001adceea50f5e698a778f89aece
a1_sft_s0_task4_accum20_joint15_lr2.5e-7,41,4,14,4,414,0,0.0,0.0,300,0bfe38b55a35001adceea50f5e698a778f89aece
a1_sft_s0_task4_accum20_joint15_lr2.5e-7,41,4,15,5,415,1,0.800000011920929,0.19999998807907104,79,0bfe38b55a35001adceea50f5e698a778f89aece
a1_sft_s0_task4_accum20_joint15_lr2.5e-7,41,4,16,6,416,1,1.0,0.0,83,0bfe38b55a35001adceea50f5e698a778f89aece
a1_sft_s0_task4_accum20_joint15_lr2.5e-7,41,4,17,7,417,1,0.6000000238418579,0.3999999761581421,91,0bfe38b55a35001adceea50f5e698a778f89aece
a1_sft_s0_task4_accum20_joint15_lr2.5e-7,41,4,18,8,418,0,0.0,0.0,300,0bfe38b55a35001adceea50f5e698a778f89aece
a1_sft_s0_task4_accum20_joint15_lr2.5e-7,41,4,19,9,419,0,0.20000000298023224,-0.20000000298023224,300,0bfe38b55a35001adceea50f5e698a778f89aece
a1_sft_s0_task4_accum20_joint15_lr2.5e-7,42,4,20,0,420,1,0.800000011920929,0.19999998807907104,79,0bfe38b55a35001adceea50f5e698a778f89aece
a1_sft_s0_task4_accum20_joint15_lr2.5e-7,42,4,21,1,421,1,0.800000011920929,0.19999998807907104,81,0bfe38b55a35001adceea50f5e698a778f89aece
a1_sft_s0_task4_accum20_joint15_lr2.5e-7,42,4,22,2,422,0,0.0,0.0,300,0bfe38b55a35001adceea50f5e698a778f89aece
a1_sft_s0_task4_accum20_joint15_lr2.5e-7,42,4,23,3,423,1,0.0,1.0,87,0bfe38b55a35001adceea50f5e698a778f89aece
a1_sft_s0_task4_accum20_joint15_lr2.5e-7,42,4,24,4,424,0,0.0,0.0,300,0bfe38b55a35001adceea50f5e698a778f89aece
a1_sft_s0_task4_accum20_joint15_lr2.5e-7,42,4,25,5,425,0,0.20000000298023224,-0.20000000298023224,300,0bfe38b55a35001adceea50f5e698a778f89aece
a1_sft_s0_task4_accum20_joint15_lr2.5e-7,42,4,26,6,426,1,0.6000000238418579,0.3999999761581421,75,0bfe38b55a35001adceea50f5e698a778f89aece
a1_sft_s0_task4_accum20_joint15_lr2.5e-7,42,4,27,7,427,1,1.0,0.0,84,0bfe38b55a35001adceea50f5e698a778f89aece
a1_sft_s0_task4_accum20_joint15_lr2.5e-7,42,4,28,8,428,1,1.0,0.0,79,0bfe38b55a35001adceea50f5e698a778f89aece
a1_sft_s0_task4_accum20_joint15_lr2.5e-7,42,4,29,9,429,0,0.6000000238418579,-0.6000000238418579,300,0bfe38b55a35001adceea50f5e698a778f89aece
a1_sft_s0_task4_accum20_joint15_lr2.5e-7,43,4,30,0,430,0,0.800000011920929,-0.800000011920929,300,0bfe38b55a35001adceea50f5e698a778f89aece
a1_sft_s0_task4_accum20_joint15_lr2.5e-7,43,4,31,1,431,1,1.0,0.0,88,0bfe38b55a35001adceea50f5e698a778f89aece
a1_sft_s0_task4_accum20_joint15_lr2.5e-7,43,4,32,2,432,0,0.4000000059604645,-0.4000000059604645,300,0bfe38b55a35001adceea50f5e698a778f89aece
a1_sft_s0_task4_accum20_joint15_lr2.5e-7,43,4,33,3,433,1,0.0,1.0,78,0bfe38b55a35001adceea50f5e698a778f89aece
a1_sft_s0_task4_accum20_joint15_lr2.5e-7,43,4,34,4,434,1,1.0,0.0,77,0bfe38b55a35001adceea50f5e698a778f89aece
a1_sft_s0_task4_accum20_joint15_lr2.5e-7,43,4,35,5,435,1,1.0,0.0,77,0bfe38b55a35001adceea50f5e698a778f89aece
a1_sft_s0_task4_accum20_joint15_lr2.5e-7,43,4,36,6,436,1,1.0,0.0,84,0bfe38b55a35001adceea50f5e698a778f89aece
a1_sft_s0_task4_accum20_joint15_lr2.5e-7,43,4,37,7,437,0,0.800000011920929,-0.800000011920929,300,0bfe38b55a35001adceea50f5e698a778f89aece
a1_sft_s0_task4_accum20_joint15_lr2.5e-7,43,4,38,8,438,0,0.0,0.0,300,0bfe38b55a35001adceea50f5e698a778f89aece
a1_sft_s0_task4_accum20_joint15_lr2.5e-7,43,4,39,9,439,0,0.0,0.0,300,0bfe38b55a35001adceea50f5e698a778f89aece
a1_sft_s0_task4_accum20_joint15_lr2.5e-7,44,4,40,0,440,0,0.0,0.0,300,0bfe38b55a35001adceea50f5e698a778f89aece
a1_sft_s0_task4_accum20_joint15_lr2.5e-7,44,4,41,1,441,1,0.800000011920929,0.19999998807907104,86,0bfe38b55a35001adceea50f5e698a778f89aece
a1_sft_s0_task4_accum20_joint15_lr2.5e-7,44,4,42,2,442,0,0.800000011920929,-0.800000011920929,300,0bfe38b55a35001adceea50f5e698a778f89aece
a1_sft_s0_task4_accum20_joint15_lr2.5e-7,44,4,43,3,443,1,1.0,0.0,82,0bfe38b55a35001adceea50f5e698a778f89aece
a1_sft_s0_task4_accum20_joint15_lr2.5e-7,44,4,44,4,444,1,0.800000011920929,0.19999998807907104,91,0bfe38b55a35001adceea50f5e698a778f89aece
a1_sft_s0_task4_accum20_joint15_lr2.5e-7,44,4,45,5,445,1,0.800000011920929,0.19999998807907104,79,0bfe38b55a35001adceea50f5e698a778f89aece
a1_sft_s0_task4_accum20_joint15_lr2.5e-7,44,4,46,6,446,1,1.0,0.0,83,0bfe38b55a35001adceea50f5e698a778f89aece
a1_sft_s0_task4_accum20_joint15_lr2.5e-7,44,4,47,7,447,0,0.0,0.0,300,0bfe38b55a35001adceea50f5e698a778f89aece
a1_sft_s0_task4_accum20_joint15_lr2.5e-7,44,4,48,8,448,0,0.0,0.0,300,0bfe38b55a35001adceea50f5e698a778f89aece
a1_sft_s0_task4_accum20_joint15_lr2.5e-7,44,4,49,9,449,1,1.0,0.0,86,0bfe38b55a35001adceea50f5e698a778f89aece
a1_sft_s0_task4_accum20_joint15_lr2.5e-7,45,4,0,0,450,0,0.0,0.0,300,0bfe38b55a35001adceea50f5e698a778f89aece
a1_sft_s0_task4_accum20_joint15_lr2.5e-7,45,4,1,1,451,1,0.800000011920929,0.19999998807907104,87,0bfe38b55a35001adceea50f5e698a778f89aece
a1_sft_s0_task4_accum20_joint15_lr2.5e-7,45,4,2,2,452,1,1.0,0.0,74,0bfe38b55a35001adceea50f5e698a778f89aece
a1_sft_s0_task4_accum20_joint15_lr2.5e-7,45,4,3,3,453,0,0.4000000059604645,-0.4000000059604645,300,0bfe38b55a35001adceea50f5e698a778f89aece
a1_sft_s0_task4_accum20_joint15_lr2.5e-7,45,4,4,4,454,0,0.4000000059604645,-0.4000000059604645,300,0bfe38b55a35001adceea50f5e698a778f89aece
a1_sft_s0_task4_accum20_joint15_lr2.5e-7,45,4,5,5,455,1,0.800000011920929,0.19999998807907104,79,0bfe38b55a35001adceea50f5e698a778f89aece
a1_sft_s0_task4_accum20_joint15_lr2.5e-7,45,4,6,6,456,0,0.0,0.0,300,0bfe38b55a35001adceea50f5e698a778f89aece
a1_sft_s0_task4_accum20_joint15_lr2.5e-7,45,4,7,7,457,1,0.6000000238418579,0.3999999761581421,81,0bfe38b55a35001adceea50f5e698a778f89aece
a1_sft_s0_task4_accum20_joint15_lr2.5e-7,45,4,8,8,458,0,0.0,0.0,300,0bfe38b55a35001adceea50f5e698a778f89aece
a1_sft_s0_task4_accum20_joint15_lr2.5e-7,45,4,9,9,459,1,0.4000000059604645,0.6000000238418579,76,0bfe38b55a35001adceea50f5e698a778f89aece
a1_sft_s0_task4_accum20_joint15_lr2.5e-7,46,4,10,0,460,0,0.20000000298023224,-0.20000000298023224,300,0bfe38b55a35001adceea50f5e698a778f89aece
a1_sft_s0_task4_accum20_joint15_lr2.5e-7,46,4,11,1,461,0,0.20000000298023224,-0.20000000298023224,300,0bfe38b55a35001adceea50f5e698a778f89aece
a1_sft_s0_task4_accum20_joint15_lr2.5e-7,46,4,12,2,462,0,0.6000000238418579,-0.6000000238418579,300,0bfe38b55a35001adceea50f5e698a778f89aece
a1_sft_s0_task4_accum20_joint15_lr2.5e-7,46,4,13,3,463,1,1.0,0.0,78,0bfe38b55a35001adceea50f5e698a778f89aece
a1_sft_s0_task4_accum20_joint15_lr2.5e-7,46,4,14,4,464,0,0.0,0.0,300,0bfe38b55a35001adceea50f5e698a778f89aece
a1_sft_s0_task4_accum20_joint15_lr2.5e-7,46,4,15,5,465,1,1.0,0.0,84,0bfe38b55a35001adceea50f5e698a778f89aece
a1_sft_s0_task4_accum20_joint15_lr2.5e-7,46,4,16,6,466,1,1.0,0.0,82,0bfe38b55a35001adceea50f5e698a778f89aece
a1_sft_s0_task4_accum20_joint15_lr2.5e-7,46,4,17,7,467,1,0.6000000238418579,0.3999999761581421,86,0bfe38b55a35001adceea50f5e698a778f89aece
a1_sft_s0_task4_accum20_joint15_lr2.5e-7,46,4,18,8,468,0,0.0,0.0,300,0bfe38b55a35001adceea50f5e698a778f89aece
a1_sft_s0_task4_accum20_joint15_lr2.5e-7,46,4,19,9,469,0,0.20000000298023224,-0.20000000298023224,300,0bfe38b55a35001adceea50f5e698a778f89aece
a1_sft_s0_task4_accum20_joint15_lr2.5e-7,47,4,20,0,470,1,1.0,0.0,78,0bfe38b55a35001adceea50f5e698a778f89aece
a1_sft_s0_task4_accum20_joint15_lr2.5e-7,47,4,21,1,471,1,0.800000011920929,0.19999998807907104,80,0bfe38b55a35001adceea50f5e698a778f89aece
a1_sft_s0_task4_accum20_joint15_lr2.5e-7,47,4,22,2,472,0,0.0,0.0,300,0bfe38b55a35001adceea50f5e698a778f89aece
a1_sft_s0_task4_accum20_joint15_lr2.5e-7,47,4,23,3,473,0,0.20000000298023224,-0.20000000298023224,300,0bfe38b55a35001adceea50f5e698a778f89aece
a1_sft_s0_task4_accum20_joint15_lr2.5e-7,47,4,24,4,474,0,0.0,0.0,300,0bfe38b55a35001adceea50f5e698a778f89aece
a1_sft_s0_task4_accum20_joint15_lr2.5e-7,47,4,25,5,475,0,0.20000000298023224,-0.20000000298023224,300,0bfe38b55a35001adceea50f5e698a778f89aece
a1_sft_s0_task4_accum20_joint15_lr2.5e-7,47,4,26,6,476,0,0.6000000238418579,-0.6000000238418579,300,0bfe38b55a35001adceea50f5e698a778f89aece
a1_sft_s0_task4_accum20_joint15_lr2.5e-7,47,4,27,7,477,1,1.0,0.0,86,0bfe38b55a35001adceea50f5e698a778f89aece
a1_sft_s0_task4_accum20_joint15_lr2.5e-7,47,4,28,8,478,1,1.0,0.0,84,0bfe38b55a35001adceea50f5e698a778f89aece
a1_sft_s0_task4_accum20_joint15_lr2.5e-7,47,4,29,9,479,1,0.4000000059604645,0.6000000238418579,82,0bfe38b55a35001adceea50f5e698a778f89aece
a1_sft_s0_task4_accum20_joint15_lr2.5e-7,48,4,30,0,480,1,0.6000000238418579,0.3999999761581421,79,0bfe38b55a35001adceea50f5e698a778f89aece
a1_sft_s0_task4_accum20_joint15_lr2.5e-7,48,4,31,1,481,1,1.0,0.0,85,0bfe38b55a35001adceea50f5e698a778f89aece
a1_sft_s0_task4_accum20_joint15_lr2.5e-7,48,4,32,2,482,1,0.20000000298023224,0.800000011920929,86,0bfe38b55a35001adceea50f5e698a778f89aece
a1_sft_s0_task4_accum20_joint15_lr2.5e-7,48,4,33,3,483,0,0.20000000298023224,-0.20000000298023224,300,0bfe38b55a35001adceea50f5e698a778f89aece
a1_sft_s0_task4_accum20_joint15_lr2.5e-7,48,4,34,4,484,1,1.0,0.0,82,0bfe38b55a35001adceea50f5e698a778f89aece
a1_sft_s0_task4_accum20_joint15_lr2.5e-7,48,4,35,5,485,1,1.0,0.0,83,0bfe38b55a35001adceea50f5e698a778f89aece
a1_sft_s0_task4_accum20_joint15_lr2.5e-7,48,4,36,6,486,1,1.0,0.0,77,0bfe38b55a35001adceea50f5e698a778f89aece
a1_sft_s0_task4_accum20_joint15_lr2.5e-7,48,4,37,7,487,0,0.6000000238418579,-0.6000000238418579,300,0bfe38b55a35001adceea50f5e698a778f89aece
a1_sft_s0_task4_accum20_joint15_lr2.5e-7,48,4,38,8,488,0,0.0,0.0,300,0bfe38b55a35001adceea50f5e698a778f89aece
a1_sft_s0_task4_accum20_joint15_lr2.5e-7,48,4,39,9,489,0,0.0,0.0,300,0bfe38b55a35001adceea50f5e698a778f89aece
a1_sft_s0_task4_accum20_joint15_lr2.5e-7,49,4,40,0,490,0,0.0,0.0,300,0bfe38b55a35001adceea50f5e698a778f89aece
a1_sft_s0_task4_accum20_joint15_lr2.5e-7,49,4,41,1,491,1,0.800000011920929,0.19999998807907104,80,0bfe38b55a35001adceea50f5e698a778f89aece
a1_sft_s0_task4_accum20_joint15_lr2.5e-7,49,4,42,2,492,0,0.800000011920929,-0.800000011920929,300,0bfe38b55a35001adceea50f5e698a778f89aece
a1_sft_s0_task4_accum20_joint15_lr2.5e-7,49,4,43,3,493,1,1.0,0.0,86,0bfe38b55a35001adceea50f5e698a778f89aece
a1_sft_s0_task4_accum20_joint15_lr2.5e-7,49,4,44,4,494,1,0.800000011920929,0.19999998807907104,82,0bfe38b55a35001adceea50f5e698a778f89aece
a1_sft_s0_task4_accum20_joint15_lr2.5e-7,49,4,45,5,495,1,0.800000011920929,0.19999998807907104,80,0bfe38b55a35001adceea50f5e698a778f89aece
a1_sft_s0_task4_accum20_joint15_lr2.5e-7,49,4,46,6,496,1,1.0,0.0,80,0bfe38b55a35001adceea50f5e698a778f89aece
a1_sft_s0_task4_accum20_joint15_lr2.5e-7,49,4,47,7,497,0,0.0,0.0,300,0bfe38b55a35001adceea50f5e698a778f89aece
a1_sft_s0_task4_accum20_joint15_lr2.5e-7,49,4,48,8,498,0,0.0,0.0,300,0bfe38b55a35001adceea50f5e698a778f89aece
a1_sft_s0_task4_accum20_joint15_lr2.5e-7,49,4,49,9,499,1,1.0,0.0,81,0bfe38b55a35001adceea50f5e698a778f89aece
a1_sft_s0_task4_accum20_joint15_lr2.5e-7,50,4,0,0,500,0,0.0,0.0,300,0bfe38b55a35001adceea50f5e698a778f89aece
a1_sft_s0_task4_accum20_joint15_lr2.5e-7,50,4,1,1,501,1,0.800000011920929,0.19999998807907104,85,0bfe38b55a35001adceea50f5e698a778f89aece
a1_sft_s0_task4_accum20_joint15_lr2.5e-7,50,4,2,2,502,1,1.0,0.0,74,0bfe38b55a35001adceea50f5e698a778f89aece
a1_sft_s0_task4_accum20_joint15_lr2.5e-7,50,4,3,3,503,1,0.4000000059604645,0.6000000238418579,91,0bfe38b55a35001adceea50f5e698a778f89aece
a1_sft_s0_task4_accum20_joint15_lr2.5e-7,50,4,4,4,504,1,0.4000000059604645,0.6000000238418579,76,0bfe38b55a35001adceea50f5e698a778f89aece
a1_sft_s0_task4_accum20_joint15_lr2.5e-7,50,4,5,5,505,1,1.0,0.0,80,0bfe38b55a35001adceea50f5e698a778f89aece
a1_sft_s0_task4_accum20_joint15_lr2.5e-7,50,4,6,6,506,0,0.0,0.0,300,0bfe38b55a35001adceea50f5e698a778f89aece
a1_sft_s0_task4_accum20_joint15_lr2.5e-7,50,4,7,7,507,1,0.6000000238418579,0.3999999761581421,83,0bfe38b55a35001adceea50f5e698a778f89aece
a1_sft_s0_task4_accum20_joint15_lr2.5e-7,50,4,8,8,508,0,0.0,0.0,300,0bfe38b55a35001adceea50f5e698a778f89aece
a1_sft_s0_task4_accum20_joint15_lr2.5e-7,50,4,9,9,509,0,0.4000000059604645,-0.4000000059604645,300,0bfe38b55a35001adceea50f5e698a778f89aece
a1_sft_s0_task4_accum20_joint15_lr2.5e-7,51,4,10,0,510,0,0.20000000298023224,-0.20000000298023224,300,0bfe38b55a35001adceea50f5e698a778f89aece
a1_sft_s0_task4_accum20_joint15_lr2.5e-7,51,4,11,1,511,1,0.20000000298023224,0.800000011920929,79,0bfe38b55a35001adceea50f5e698a778f89aece
a1_sft_s0_task4_accum20_joint15_lr2.5e-7,51,4,12,2,512,1,0.4000000059604645,0.6000000238418579,77,0bfe38b55a35001adceea50f5e698a778f89aece
a1_sft_s0_task4_accum20_joint15_lr2.5e-7,51,4,13,3,513,1,1.0,0.0,79,0bfe38b55a35001adceea50f5e698a778f89aece
a1_sft_s0_task4_accum20_joint15_lr2.5e-7,51,4,14,4,514,0,0.0,0.0,300,0bfe38b55a35001adceea50f5e698a778f89aece
a1_sft_s0_task4_accum20_joint15_lr2.5e-7,51,4,15,5,515,1,1.0,0.0,94,0bfe38b55a35001adceea50f5e698a778f89aece
a1_sft_s0_task4_accum20_joint15_lr2.5e-7,51,4,16,6,516,1,1.0,0.0,81,0bfe38b55a35001adceea50f5e698a778f89aece
a1_sft_s0_task4_accum20_joint15_lr2.5e-7,51,4,17,7,517,1,0.6000000238418579,0.3999999761581421,85,0bfe38b55a35001adceea50f5e698a778f89aece
a1_sft_s0_task4_accum20_joint15_lr2.5e-7,51,4,18,8,518,0,0.0,0.0,300,0bfe38b55a35001adceea50f5e698a778f89aece
a1_sft_s0_task4_accum20_joint15_lr2.5e-7,51,4,19,9,519,0,0.20000000298023224,-0.20000000298023224,300,0bfe38b55a35001adceea50f5e698a778f89aece
a1_sft_s0_task4_accum20_joint15_lr2.5e-7,52,4,20,0,520,1,1.0,0.0,82,0bfe38b55a35001adceea50f5e698a778f89aece
a1_sft_s0_task4_accum20_joint15_lr2.5e-7,52,4,21,1,521,1,0.800000011920929,0.19999998807907104,84,0bfe38b55a35001adceea50f5e698a778f89aece
a1_sft_s0_task4_accum20_joint15_lr2.5e-7,52,4,22,2,522,0,0.0,0.0,300,0bfe38b55a35001adceea50f5e698a778f89aece
a1_sft_s0_task4_accum20_joint15_lr2.5e-7,52,4,23,3,523,0,0.20000000298023224,-0.20000000298023224,300,0bfe38b55a35001adceea50f5e698a778f89aece
a1_sft_s0_task4_accum20_joint15_lr2.5e-7,52,4,24,4,524,0,0.0,0.0,300,0bfe38b55a35001adceea50f5e698a778f89aece
a1_sft_s0_task4_accum20_joint15_lr2.5e-7,52,4,25,5,525,0,0.0,0.0,300,0bfe38b55a35001adceea50f5e698a778f89aece
a1_sft_s0_task4_accum20_joint15_lr2.5e-7,52,4,26,6,526,0,0.6000000238418579,-0.6000000238418579,300,0bfe38b55a35001adceea50f5e698a778f89aece
a1_sft_s0_task4_accum20_joint15_lr2.5e-7,52,4,27,7,527,1,1.0,0.0,81,0bfe38b55a35001adceea50f5e698a778f89aece
a1_sft_s0_task4_accum20_joint15_lr2.5e-7,52,4,28,8,528,1,1.0,0.0,91,0bfe38b55a35001adceea50f5e698a778f89aece
a1_sft_s0_task4_accum20_joint15_lr2.5e-7,52,4,29,9,529,1,0.4000000059604645,0.6000000238418579,83,0bfe38b55a35001adceea50f5e698a778f89aece
a1_sft_s0_task4_accum20_joint15_lr2.5e-7,53,4,30,0,530,0,0.6000000238418579,-0.6000000238418579,300,0bfe38b55a35001adceea50f5e698a778f89aece
a1_sft_s0_task4_accum20_joint15_lr2.5e-7,53,4,31,1,531,1,1.0,0.0,86,0bfe38b55a35001adceea50f5e698a778f89aece
a1_sft_s0_task4_accum20_joint15_lr2.5e-7,53,4,32,2,532,0,0.4000000059604645,-0.4000000059604645,300,0bfe38b55a35001adceea50f5e698a778f89aece
a1_sft_s0_task4_accum20_joint15_lr2.5e-7,53,4,33,3,533,0,0.20000000298023224,-0.20000000298023224,300,0bfe38b55a35001adceea50f5e698a778f89aece
a1_sft_s0_task4_accum20_joint15_lr2.5e-7,53,4,34,4,534,1,1.0,0.0,79,0bfe38b55a35001adceea50f5e698a778f89aece
a1_sft_s0_task4_accum20_joint15_lr2.5e-7,53,4,35,5,535,1,1.0,0.0,81,0bfe38b55a35001adceea50f5e698a778f89aece
a1_sft_s0_task4_accum20_joint15_lr2.5e-7,53,4,36,6,536,0,1.0,-1.0,300,0bfe38b55a35001adceea50f5e698a778f89aece
a1_sft_s0_task4_accum20_joint15_lr2.5e-7,53,4,37,7,537,1,0.4000000059604645,0.6000000238418579,86,0bfe38b55a35001adceea50f5e698a778f89aece
a1_sft_s0_task4_accum20_joint15_lr2.5e-7,53,4,38,8,538,0,0.0,0.0,300,0bfe38b55a35001adceea50f5e698a778f89aece
a1_sft_s0_task4_accum20_joint15_lr2.5e-7,53,4,39,9,539,0,0.0,0.0,300,0bfe38b55a35001adceea50f5e698a778f89aece
a1_sft_s0_task4_accum20_joint15_lr2.5e-7,54,4,40,0,540,0,0.0,0.0,300,0bfe38b55a35001adceea50f5e698a778f89aece
a1_sft_s0_task4_accum20_joint15_lr2.5e-7,54,4,41,1,541,0,0.800000011920929,-0.800000011920929,300,0bfe38b55a35001adceea50f5e698a778f89aece
a1_sft_s0_task4_accum20_joint15_lr2.5e-7,54,4,42,2,542,0,0.6000000238418579,-0.6000000238418579,300,0bfe38b55a35001adceea50f5e698a778f89aece
a1_sft_s0_task4_accum20_joint15_lr2.5e-7,54,4,43,3,543,1,1.0,0.0,78,0bfe38b55a35001adceea50f5e698a778f89aece
a1_sft_s0_task4_accum20_joint15_lr2.5e-7,54,4,44,4,544,1,0.800000011920929,0.19999998807907104,80,0bfe38b55a35001adceea50f5e698a778f89aece
a1_sft_s0_task4_accum20_joint15_lr2.5e-7,54,4,45,5,545,1,1.0,0.0,78,0bfe38b55a35001adceea50f5e698a778f89aece
a1_sft_s0_task4_accum20_joint15_lr2.5e-7,54,4,46,6,546,1,1.0,0.0,81,0bfe38b55a35001adceea50f5e698a778f89aece
a1_sft_s0_task4_accum20_joint15_lr2.5e-7,54,4,47,7,547,0,0.0,0.0,300,0bfe38b55a35001adceea50f5e698a778f89aece
a1_sft_s0_task4_accum20_joint15_lr2.5e-7,54,4,48,8,548,0,0.0,0.0,300,0bfe38b55a35001adceea50f5e698a778f89aece
a1_sft_s0_task4_accum20_joint15_lr2.5e-7,54,4,49,9,549,1,1.0,0.0,84,0bfe38b55a35001adceea50f5e698a778f89aece
a1_sft_s0_task4_accum20_joint15_lr2.5e-7,55,4,0,0,550,0,0.0,0.0,300,0bfe38b55a35001adceea50f5e698a778f89aece
a1_sft_s0_task4_accum20_joint15_lr2.5e-7,55,4,1,1,551,1,0.800000011920929,0.19999998807907104,84,0bfe38b55a35001adceea50f5e698a778f89aece
a1_sft_s0_task4_accum20_joint15_lr2.5e-7,55,4,2,2,552,1,1.0,0.0,81,0bfe38b55a35001adceea50f5e698a778f89aece
a1_sft_s0_task4_accum20_joint15_lr2.5e-7,55,4,3,3,553,0,0.4000000059604645,-0.4000000059604645,300,0bfe38b55a35001adceea50f5e698a778f89aece
a1_sft_s0_task4_accum20_joint15_lr2.5e-7,55,4,4,4,554,0,0.6000000238418579,-0.6000000238418579,300,0bfe38b55a35001adceea50f5e698a778f89aece
a1_sft_s0_task4_accum20_joint15_lr2.5e-7,55,4,5,5,555,1,1.0,0.0,89,0bfe38b55a35001adceea50f5e698a778f89aece
a1_sft_s0_task4_accum20_joint15_lr2.5e-7,55,4,6,6,556,0,0.0,0.0,300,0bfe38b55a35001adceea50f5e698a778f89aece
a1_sft_s0_task4_accum20_joint15_lr2.5e-7,55,4,7,7,557,1,0.800000011920929,0.19999998807907104,79,0bfe38b55a35001adceea50f5e698a778f89aece
a1_sft_s0_task4_accum20_joint15_lr2.5e-7,55,4,8,8,558,0,0.0,0.0,300,0bfe38b55a35001adceea50f5e698a778f89aece
a1_sft_s0_task4_accum20_joint15_lr2.5e-7,55,4,9,9,559,0,0.20000000298023224,-0.20000000298023224,300,0bfe38b55a35001adceea50f5e698a778f89aece
a1_sft_s0_task4_accum20_joint15_lr2.5e-7,56,4,10,0,560,0,0.0,0.0,300,0bfe38b55a35001adceea50f5e698a778f89aece
a1_sft_s0_task4_accum20_joint15_lr2.5e-7,56,4,11,1,561,0,0.20000000298023224,-0.20000000298023224,300,0bfe38b55a35001adceea50f5e698a778f89aece
a1_sft_s0_task4_accum20_joint15_lr2.5e-7,56,4,12,2,562,1,0.6000000238418579,0.3999999761581421,77,0bfe38b55a35001adceea50f5e698a778f89aece
a1_sft_s0_task4_accum20_joint15_lr2.5e-7,56,4,13,3,563,1,1.0,0.0,77,0bfe38b55a35001adceea50f5e698a778f89aece
a1_sft_s0_task4_accum20_joint15_lr2.5e-7,56,4,14,4,564,0,0.0,0.0,300,0bfe38b55a35001adceea50f5e698a778f89aece
a1_sft_s0_task4_accum20_joint15_lr2.5e-7,56,4,15,5,565,1,1.0,0.0,82,0bfe38b55a35001adceea50f5e698a778f89aece
a1_sft_s0_task4_accum20_joint15_lr2.5e-7,56,4,16,6,566,1,1.0,0.0,80,0bfe38b55a35001adceea50f5e698a778f89aece
a1_sft_s0_task4_accum20_joint15_lr2.5e-7,56,4,17,7,567,1,0.6000000238418579,0.3999999761581421,83,0bfe38b55a35001adceea50f5e698a778f89aece
a1_sft_s0_task4_accum20_joint15_lr2.5e-7,56,4,18,8,568,0,0.0,0.0,300,0bfe38b55a35001adceea50f5e698a778f89aece
a1_sft_s0_task4_accum20_joint15_lr2.5e-7,56,4,19,9,569,1,0.20000000298023224,0.800000011920929,77,0bfe38b55a35001adceea50f5e698a778f89aece
a1_sft_s0_task4_accum20_joint15_lr2.5e-7,57,4,20,0,570,1,1.0,0.0,78,0bfe38b55a35001adceea50f5e698a778f89aece
a1_sft_s0_task4_accum20_joint15_lr2.5e-7,57,4,21,1,571,1,0.800000011920929,0.19999998807907104,77,0bfe38b55a35001adceea50f5e698a778f89aece
a1_sft_s0_task4_accum20_joint15_lr2.5e-7,57,4,22,2,572,0,0.0,0.0,300,0bfe38b55a35001adceea50f5e698a778f89aece
a1_sft_s0_task4_accum20_joint15_lr2.5e-7,57,4,23,3,573,1,0.20000000298023224,0.800000011920929,87,0bfe38b55a35001adceea50f5e698a778f89aece
a1_sft_s0_task4_accum20_joint15_lr2.5e-7,57,4,24,4,574,0,0.0,0.0,300,0bfe38b55a35001adceea50f5e698a778f89aece
a1_sft_s0_task4_accum20_joint15_lr2.5e-7,57,4,25,5,575,1,0.0,1.0,77,0bfe38b55a35001adceea50f5e698a778f89aece
a1_sft_s0_task4_accum20_joint15_lr2.5e-7,57,4,26,6,576,1,0.6000000238418579,0.3999999761581421,80,0bfe38b55a35001adceea50f5e698a778f89aece
a1_sft_s0_task4_accum20_joint15_lr2.5e-7,57,4,27,7,577,1,1.0,0.0,83,0bfe38b55a35001adceea50f5e698a778f89aece
a1_sft_s0_task4_accum20_joint15_lr2.5e-7,57,4,28,8,578,1,1.0,0.0,77,0bfe38b55a35001adceea50f5e698a778f89aece
a1_sft_s0_task4_accum20_joint15_lr2.5e-7,57,4,29,9,579,1,0.6000000238418579,0.3999999761581421,80,0bfe38b55a35001adceea50f5e698a778f89aece
a1_sft_s0_task4_accum20_joint15_lr2.5e-7,58,4,30,0,580,1,0.4000000059604645,0.6000000238418579,78,0bfe38b55a35001adceea50f5e698a778f89aece
a1_sft_s0_task4_accum20_joint15_lr2.5e-7,58,4,31,1,581,1,1.0,0.0,87,0bfe38b55a35001adceea50f5e698a778f89aece
a1_sft_s0_task4_accum20_joint15_lr2.5e-7,58,4,32,2,582,0,0.4000000059604645,-0.4000000059604645,300,0bfe38b55a35001adceea50f5e698a778f89aece
a1_sft_s0_task4_accum20_joint15_lr2.5e-7,58,4,33,3,583,0,0.20000000298023224,-0.20000000298023224,300,0bfe38b55a35001adceea50f5e698a778f89aece
a1_sft_s0_task4_accum20_joint15_lr2.5e-7,58,4,34,4,584,1,1.0,0.0,87,0bfe38b55a35001adceea50f5e698a778f89aece
a1_sft_s0_task4_accum20_joint15_lr2.5e-7,58,4,35,5,585,1,1.0,0.0,80,0bfe38b55a35001adceea50f5e698a778f89aece
a1_sft_s0_task4_accum20_joint15_lr2.5e-7,58,4,36,6,586,1,0.800000011920929,0.19999998807907104,86,0bfe38b55a35001adceea50f5e698a778f89aece
a1_sft_s0_task4_accum20_joint15_lr2.5e-7,58,4,37,7,587,1,0.4000000059604645,0.6000000238418579,86,0bfe38b55a35001adceea50f5e698a778f89aece
a1_sft_s0_task4_accum20_joint15_lr2.5e-7,58,4,38,8,588,0,0.0,0.0,300,0bfe38b55a35001adceea50f5e698a778f89aece
a1_sft_s0_task4_accum20_joint15_lr2.5e-7,58,4,39,9,589,0,0.0,0.0,300,0bfe38b55a35001adceea50f5e698a778f89aece
a1_sft_s0_task4_accum20_joint15_lr2.5e-7,59,4,40,0,590,0,0.0,0.0,300,0bfe38b55a35001adceea50f5e698a778f89aece
a1_sft_s0_task4_accum20_joint15_lr2.5e-7,59,4,41,1,591,1,0.800000011920929,0.19999998807907104,77,0bfe38b55a35001adceea50f5e698a778f89aece
a1_sft_s0_task4_accum20_joint15_lr2.5e-7,59,4,42,2,592,1,0.4000000059604645,0.6000000238418579,78,0bfe38b55a35001adceea50f5e698a778f89aece
a1_sft_s0_task4_accum20_joint15_lr2.5e-7,59,4,43,3,593,1,1.0,0.0,86,0bfe38b55a35001adceea50f5e698a778f89aece
a1_sft_s0_task4_accum20_joint15_lr2.5e-7,59,4,44,4,594,0,1.0,-1.0,300,0bfe38b55a35001adceea50f5e698a778f89aece
a1_sft_s0_task4_accum20_joint15_lr2.5e-7,59,4,45,5,595,1,1.0,0.0,79,0bfe38b55a35001adceea50f5e698a778f89aece
a1_sft_s0_task4_accum20_joint15_lr2.5e-7,59,4,46,6,596,1,1.0,0.0,85,0bfe38b55a35001adceea50f5e698a778f89aece
a1_sft_s0_task4_accum20_joint15_lr2.5e-7,59,4,47,7,597,0,0.0,0.0,300,0bfe38b55a35001adceea50f5e698a778f89aece
a1_sft_s0_task4_accum20_joint15_lr2.5e-7,59,4,48,8,598,0,0.0,0.0,300,0bfe38b55a35001adceea50f5e698a778f89aece
a1_sft_s0_task4_accum20_joint15_lr2.5e-7,59,4,49,9,599,0,1.0,-1.0,300,0bfe38b55a35001adceea50f5e698a778f89aece
a1_sft_s0_task4_accum20_joint15_lr2.5e-7,60,4,0,0,600,0,0.0,0.0,300,0bfe38b55a35001adceea50f5e698a778f89aece
a1_sft_s0_task4_accum20_joint15_lr2.5e-7,60,4,1,1,601,1,1.0,0.0,93,0bfe38b55a35001adceea50f5e698a778f89aece
a1_sft_s0_task4_accum20_joint15_lr2.5e-7,60,4,2,2,602,1,1.0,0.0,82,0bfe38b55a35001adceea50f5e698a778f89aece
a1_sft_s0_task4_accum20_joint15_lr2.5e-7,60,4,3,3,603,0,0.4000000059604645,-0.4000000059604645,300,0bfe38b55a35001adceea50f5e698a778f89aece
a1_sft_s0_task4_accum20_joint15_lr2.5e-7,60,4,4,4,604,0,0.4000000059604645,-0.4000000059604645,300,0bfe38b55a35001adceea50f5e698a778f89aece
a1_sft_s0_task4_accum20_joint15_lr2.5e-7,60,4,5,5,605,1,1.0,0.0,89,0bfe38b55a35001adceea50f5e698a778f89aece
a1_sft_s0_task4_accum20_joint15_lr2.5e-7,60,4,6,6,606,0,0.0,0.0,300,0bfe38b55a35001adceea50f5e698a778f89aece
a1_sft_s0_task4_accum20_joint15_lr2.5e-7,60,4,7,7,607,1,0.800000011920929,0.19999998807907104,80,0bfe38b55a35001adceea50f5e698a778f89aece
a1_sft_s0_task4_accum20_joint15_lr2.5e-7,60,4,8,8,608,0,0.0,0.0,300,0bfe38b55a35001adceea50f5e698a778f89aece
a1_sft_s0_task4_accum20_joint15_lr2.5e-7,60,4,9,9,609,1,0.20000000298023224,0.800000011920929,78,0bfe38b55a35001adceea50f5e698a778f89aece
a1_sft_s0_task4_accum20_joint15_lr2.5e-7,61,4,10,0,610,0,0.0,0.0,300,0bfe38b55a35001adceea50f5e698a778f89aece
a1_sft_s0_task4_accum20_joint15_lr2.5e-7,61,4,11,1,611,0,0.20000000298023224,-0.20000000298023224,300,0bfe38b55a35001adceea50f5e698a778f89aece
a1_sft_s0_task4_accum20_joint15_lr2.5e-7,61,4,12,2,612,1,0.6000000238418579,0.3999999761581421,74,0bfe38b55a35001adceea50f5e698a778f89aece
a1_sft_s0_task4_accum20_joint15_lr2.5e-7,61,4,13,3,613,1,1.0,0.0,83,0bfe38b55a35001adceea50f5e698a778f89aece
a1_sft_s0_task4_accum20_joint15_lr2.5e-7,61,4,14,4,614,0,0.0,0.0,300,0bfe38b55a35001adceea50f5e698a778f89aece
a1_sft_s0_task4_accum20_joint15_lr2.5e-7,61,4,15,5,615,1,1.0,0.0,92,0bfe38b55a35001adceea50f5e698a778f89aece
a1_sft_s0_task4_accum20_joint15_lr2.5e-7,61,4,16,6,616,1,1.0,0.0,78,0bfe38b55a35001adceea50f5e698a778f89aece
a1_sft_s0_task4_accum20_joint15_lr2.5e-7,61,4,17,7,617,1,0.800000011920929,0.19999998807907104,80,0bfe38b55a35001adceea50f5e698a778f89aece
a1_sft_s0_task4_accum20_joint15_lr2.5e-7,61,4,18,8,618,0,0.0,0.0,300,0bfe38b55a35001adceea50f5e698a778f89aece
a1_sft_s0_task4_accum20_joint15_lr2.5e-7,61,4,19,9,619,1,0.4000000059604645,0.6000000238418579,77,0bfe38b55a35001adceea50f5e698a778f89aece
a1_sft_s0_task4_accum20_joint15_lr2.5e-7,62,4,20,0,620,1,1.0,0.0,86,0bfe38b55a35001adceea50f5e698a778f89aece
a1_sft_s0_task4_accum20_joint15_lr2.5e-7,62,4,21,1,621,1,1.0,0.0,92,0bfe38b55a35001adceea50f5e698a778f89aece
a1_sft_s0_task4_accum20_joint15_lr2.5e-7,62,4,22,2,622,0,0.0,0.0,300,0bfe38b55a35001adceea50f5e698a778f89aece
a1_sft_s0_task4_accum20_joint15_lr2.5e-7,62,4,23,3,623,0,0.4000000059604645,-0.4000000059604645,300,0bfe38b55a35001adceea50f5e698a778f89aece
a1_sft_s0_task4_accum20_joint15_lr2.5e-7,62,4,24,4,624,0,0.0,0.0,300,0bfe38b55a35001adceea50f5e698a778f89aece
a1_sft_s0_task4_accum20_joint15_lr2.5e-7,62,4,25,5,625,0,0.20000000298023224,-0.20000000298023224,300,0bfe38b55a35001adceea50f5e698a778f89aece
a1_sft_s0_task4_accum20_joint15_lr2.5e-7,62,4,26,6,626,1,0.6000000238418579,0.3999999761581421,76,0bfe38b55a35001adceea50f5e698a778f89aece
a1_sft_s0_task4_accum20_joint15_lr2.5e-7,62,4,27,7,627,0,1.0,-1.0,300,0bfe38b55a35001adceea50f5e698a778f89aece
a1_sft_s0_task4_accum20_joint15_lr2.5e-7,62,4,28,8,628,1,1.0,0.0,87,0bfe38b55a35001adceea50f5e698a778f89aece
a1_sft_s0_task4_accum20_joint15_lr2.5e-7,62,4,29,9,629,0,0.800000011920929,-0.800000011920929,300,0bfe38b55a35001adceea50f5e698a778f89aece
a1_sft_s0_task4_accum20_joint15_lr2.5e-7,63,4,30,0,630,1,0.6000000238418579,0.3999999761581421,78,0bfe38b55a35001adceea50f5e698a778f89aece
a1_sft_s0_task4_accum20_joint15_lr2.5e-7,63,4,31,1,631,1,1.0,0.0,81,0bfe38b55a35001adceea50f5e698a778f89aece
a1_sft_s0_task4_accum20_joint15_lr2.5e-7,63,4,32,2,632,0,0.20000000298023224,-0.20000000298023224,300,0bfe38b55a35001adceea50f5e698a778f89aece
a1_sft_s0_task4_accum20_joint15_lr2.5e-7,63,4,33,3,633,0,0.20000000298023224,-0.20000000298023224,300,0bfe38b55a35001adceea50f5e698a778f89aece
a1_sft_s0_task4_accum20_joint15_lr2.5e-7,63,4,34,4,634,1,1.0,0.0,81,0bfe38b55a35001adceea50f5e698a778f89aece
a1_sft_s0_task4_accum20_joint15_lr2.5e-7,63,4,35,5,635,1,1.0,0.0,76,0bfe38b55a35001adceea50f5e698a778f89aece
a1_sft_s0_task4_accum20_joint15_lr2.5e-7,63,4,36,6,636,1,0.800000011920929,0.19999998807907104,89,0bfe38b55a35001adceea50f5e698a778f89aece
a1_sft_s0_task4_accum20_joint15_lr2.5e-7,63,4,37,7,637,1,0.6000000238418579,0.3999999761581421,83,0bfe38b55a35001adceea50f5e698a778f89aece
a1_sft_s0_task4_accum20_joint15_lr2.5e-7,63,4,38,8,638,0,0.0,0.0,300,0bfe38b55a35001adceea50f5e698a778f89aece
a1_sft_s0_task4_accum20_joint15_lr2.5e-7,63,4,39,9,639,0,0.0,0.0,300,0bfe38b55a35001adceea50f5e698a778f89aece
a1_sft_s0_task4_accum20_joint15_lr2.5e-7,64,4,40,0,640,0,0.0,0.0,300,0bfe38b55a35001adceea50f5e698a778f89aece
a1_sft_s0_task4_accum20_joint15_lr2.5e-7,64,4,41,1,641,1,0.800000011920929,0.19999998807907104,79,0bfe38b55a35001adceea50f5e698a778f89aece
a1_sft_s0_task4_accum20_joint15_lr2.5e-7,64,4,42,2,642,0,0.4000000059604645,-0.4000000059604645,300,0bfe38b55a35001adceea50f5e698a778f89aece
a1_sft_s0_task4_accum20_joint15_lr2.5e-7,64,4,43,3,643,1,1.0,0.0,78,0bfe38b55a35001adceea50f5e698a778f89aece
a1_sft_s0_task4_accum20_joint15_lr2.5e-7,64,4,44,4,644,0,0.800000011920929,-0.800000011920929,300,0bfe38b55a35001adceea50f5e698a778f89aece
a1_sft_s0_task4_accum20_joint15_lr2.5e-7,64,4,45,5,645,1,1.0,0.0,78,0bfe38b55a35001adceea50f5e698a778f89aece
a1_sft_s0_task4_accum20_joint15_lr2.5e-7,64,4,46,6,646,1,1.0,0.0,80,0bfe38b55a35001adceea50f5e698a778f89aece
a1_sft_s0_task4_accum20_joint15_lr2.5e-7,64,4,47,7,647,0,0.0,0.0,300,0bfe38b55a35001adceea50f5e698a778f89aece
a1_sft_s0_task4_accum20_joint15_lr2.5e-7,64,4,48,8,648,0,0.0,0.0,300,0bfe38b55a35001adceea50f5e698a778f89aece
a1_sft_s0_task4_accum20_joint15_lr2.5e-7,64,4,49,9,649,1,0.800000011920929,0.19999998807907104,76,0bfe38b55a35001adceea50f5e698a778f89aece
a1_sft_s0_task4_accum20_joint15_lr2.5e-7,65,4,0,0,650,0,0.0,0.0,300,0bfe38b55a35001adceea50f5e698a778f89aece
a1_sft_s0_task4_accum20_joint15_lr2.5e-7,65,4,1,1,651,1,1.0,0.0,84,0bfe38b55a35001adceea50f5e698a778f89aece
a1_sft_s0_task4_accum20_joint15_lr2.5e-7,65,4,2,2,652,1,1.0,0.0,80,0bfe38b55a35001adceea50f5e698a778f89aece
a1_sft_s0_task4_accum20_joint15_lr2.5e-7,65,4,3,3,653,1,0.4000000059604645,0.6000000238418579,85,0bfe38b55a35001adceea50f5e698a778f89aece
a1_sft_s0_task4_accum20_joint15_lr2.5e-7,65,4,4,4,654,1,0.4000000059604645,0.6000000238418579,76,0bfe38b55a35001adceea50f5e698a778f89aece
a1_sft_s0_task4_accum20_joint15_lr2.5e-7,65,4,5,5,655,1,1.0,0.0,79,0bfe38b55a35001adceea50f5e698a778f89aece
a1_sft_s0_task4_accum20_joint15_lr2.5e-7,65,4,6,6,656,0,0.0,0.0,300,0bfe38b55a35001adceea50f5e698a778f89aece
a1_sft_s0_task4_accum20_joint15_lr2.5e-7,65,4,7,7,657,1,1.0,0.0,86,0bfe38b55a35001adceea50f5e698a778f89aece
a1_sft_s0_task4_accum20_joint15_lr2.5e-7,65,4,8,8,658,1,0.0,1.0,79,0bfe38b55a35001adceea50f5e698a778f89aece
a1_sft_s0_task4_accum20_joint15_lr2.5e-7,65,4,9,9,659,1,0.4000000059604645,0.6000000238418579,80,0bfe38b55a35001adceea50f5e698a778f89aece
a1_sft_s0_task4_accum20_joint15_lr2.5e-7,66,4,10,0,660,0,0.0,0.0,300,0bfe38b55a35001adceea50f5e698a778f89aece
a1_sft_s0_task4_accum20_joint15_lr2.5e-7,66,4,11,1,661,0,0.20000000298023224,-0.20000000298023224,300,0bfe38b55a35001adceea50f5e698a778f89aece
a1_sft_s0_task4_accum20_joint15_lr2.5e-7,66,4,12,2,662,1,0.800000011920929,0.19999998807907104,78,0bfe38b55a35001adceea50f5e698a778f89aece
a1_sft_s0_task4_accum20_joint15_lr2.5e-7,66,4,13,3,663,1,1.0,0.0,81,0bfe38b55a35001adceea50f5e698a778f89aece
a1_sft_s0_task4_accum20_joint15_lr2.5e-7,66,4,14,4,664,0,0.0,0.0,300,0bfe38b55a35001adceea50f5e698a778f89aece
a1_sft_s0_task4_accum20_joint15_lr2.5e-7,66,4,15,5,665,1,1.0,0.0,83,0bfe38b55a35001adceea50f5e698a778f89aece
a1_sft_s0_task4_accum20_joint15_lr2.5e-7,66,4,16,6,666,1,1.0,0.0,79,0bfe38b55a35001adceea50f5e698a778f89aece
a1_sft_s0_task4_accum20_joint15_lr2.5e-7,66,4,17,7,667,0,1.0,-1.0,300,0bfe38b55a35001adceea50f5e698a778f89aece
a1_sft_s0_task4_accum20_joint15_lr2.5e-7,66,4,18,8,668,0,0.0,0.0,300,0bfe38b55a35001adceea50f5e698a778f89aece
a1_sft_s0_task4_accum20_joint15_lr2.5e-7,66,4,19,9,669,0,0.4000000059604645,-0.4000000059604645,300,0bfe38b55a35001adceea50f5e698a778f89aece
a1_sft_s0_task4_accum20_joint15_lr2.5e-7,67,4,20,0,670,0,1.0,-1.0,300,0bfe38b55a35001adceea50f5e698a778f89aece
a1_sft_s0_task4_accum20_joint15_lr2.5e-7,67,4,21,1,671,1,1.0,0.0,84,0bfe38b55a35001adceea50f5e698a778f89aece
a1_sft_s0_task4_accum20_joint15_lr2.5e-7,67,4,22,2,672,0,0.0,0.0,300,0bfe38b55a35001adceea50f5e698a778f89aece
a1_sft_s0_task4_accum20_joint15_lr2.5e-7,67,4,23,3,673,0,0.4000000059604645,-0.4000000059604645,300,0bfe38b55a35001adceea50f5e698a778f89aece
a1_sft_s0_task4_accum20_joint15_lr2.5e-7,67,4,24,4,674,0,0.0,0.0,300,0bfe38b55a35001adceea50f5e698a778f89aece
a1_sft_s0_task4_accum20_joint15_lr2.5e-7,67,4,25,5,675,1,0.20000000298023224,0.800000011920929,88,0bfe38b55a35001adceea50f5e698a778f89aece
a1_sft_s0_task4_accum20_joint15_lr2.5e-7,67,4,26,6,676,1,0.6000000238418579,0.3999999761581421,80,0bfe38b55a35001adceea50f5e698a778f89aece
a1_sft_s0_task4_accum20_joint15_lr2.5e-7,67,4,27,7,677,1,0.800000011920929,0.19999998807907104,83,0bfe38b55a35001adceea50f5e698a778f89aece
a1_sft_s0_task4_accum20_joint15_lr2.5e-7,67,4,28,8,678,1,1.0,0.0,80,0bfe38b55a35001adceea50f5e698a778f89aece
a1_sft_s0_task4_accum20_joint15_lr2.5e-7,67,4,29,9,679,1,0.6000000238418579,0.3999999761581421,86,0bfe38b55a35001adceea50f5e698a778f89aece
a1_sft_s0_task4_accum20_joint15_lr2.5e-7,68,4,30,0,680,0,0.6000000238418579,-0.6000000238418579,300,0bfe38b55a35001adceea50f5e698a778f89aece
a1_sft_s0_task4_accum20_joint15_lr2.5e-7,68,4,31,1,681,1,1.0,0.0,82,0bfe38b55a35001adceea50f5e698a778f89aece
a1_sft_s0_task4_accum20_joint15_lr2.5e-7,68,4,32,2,682,0,0.20000000298023224,-0.20000000298023224,300,0bfe38b55a35001adceea50f5e698a778f89aece
a1_sft_s0_task4_accum20_joint15_lr2.5e-7,68,4,33,3,683,0,0.20000000298023224,-0.20000000298023224,300,0bfe38b55a35001adceea50f5e698a778f89aece
a1_sft_s0_task4_accum20_joint15_lr2.5e-7,68,4,34,4,684,1,1.0,0.0,82,0bfe38b55a35001adceea50f5e698a778f89aece
a1_sft_s0_task4_accum20_joint15_lr2.5e-7,68,4,35,5,685,1,1.0,0.0,81,0bfe38b55a35001adceea50f5e698a778f89aece
a1_sft_s0_task4_accum20_joint15_lr2.5e-7,68,4,36,6,686,1,0.800000011920929,0.19999998807907104,85,0bfe38b55a35001adceea50f5e698a778f89aece
a1_sft_s0_task4_accum20_joint15_lr2.5e-7,68,4,37,7,687,1,0.6000000238418579,0.3999999761581421,80,0bfe38b55a35001adceea50f5e698a778f89aece
a1_sft_s0_task4_accum20_joint15_lr2.5e-7,68,4,38,8,688,0,0.0,0.0,300,0bfe38b55a35001adceea50f5e698a778f89aece
a1_sft_s0_task4_accum20_joint15_lr2.5e-7,68,4,39,9,689,0,0.0,0.0,300,0bfe38b55a35001adceea50f5e698a778f89aece
a1_sft_s0_task4_accum20_joint15_lr2.5e-7,69,4,40,0,690,0,0.0,0.0,300,0bfe38b55a35001adceea50f5e698a778f89aece
a1_sft_s0_task4_accum20_joint15_lr2.5e-7,69,4,41,1,691,1,0.800000011920929,0.19999998807907104,82,0bfe38b55a35001adceea50f5e698a778f89aece
a1_sft_s0_task4_accum20_joint15_lr2.5e-7,69,4,42,2,692,1,0.20000000298023224,0.800000011920929,77,0bfe38b55a35001adceea50f5e698a778f89aece
a1_sft_s0_task4_accum20_joint15_lr2.5e-7,69,4,43,3,693,1,1.0,0.0,77,0bfe38b55a35001adceea50f5e698a778f89aece
a1_sft_s0_task4_accum20_joint15_lr2.5e-7,69,4,44,4,694,0,0.6000000238418579,-0.6000000238418579,300,0bfe38b55a35001adceea50f5e698a778f89aece
a1_sft_s0_task4_accum20_joint15_lr2.5e-7,69,4,45,5,695,1,1.0,0.0,86,0bfe38b55a35001adceea50f5e698a778f89aece
a1_sft_s0_task4_accum20_joint15_lr2.5e-7,69,4,46,6,696,1,1.0,0.0,78,0bfe38b55a35001adceea50f5e698a778f89aece
a1_sft_s0_task4_accum20_joint15_lr2.5e-7,69,4,47,7,697,0,0.0,0.0,300,0bfe38b55a35001adceea50f5e698a778f89aece
a1_sft_s0_task4_accum20_joint15_lr2.5e-7,69,4,48,8,698,0,0.0,0.0,300,0bfe38b55a35001adceea50f5e698a778f89aece
a1_sft_s0_task4_accum20_joint15_lr2.5e-7,69,4,49,9,699,1,0.800000011920929,0.19999998807907104,87,0bfe38b55a35001adceea50f5e698a778f89aece
a1_sft_s0_task4_accum20_joint15_lr2.5e-7,70,4,0,0,700,0,0.0,0.0,300,0bfe38b55a35001adceea50f5e698a778f89aece
a1_sft_s0_task4_accum20_joint15_lr2.5e-7,70,4,1,1,701,1,1.0,0.0,83,0bfe38b55a35001adceea50f5e698a778f89aece
a1_sft_s0_task4_accum20_joint15_lr2.5e-7,70,4,2,2,702,0,1.0,-1.0,300,0bfe38b55a35001adceea50f5e698a778f89aece
a1_sft_s0_task4_accum20_joint15_lr2.5e-7,70,4,3,3,703,0,0.4000000059604645,-0.4000000059604645,300,0bfe38b55a35001adceea50f5e698a778f89aece
a1_sft_s0_task4_accum20_joint15_lr2.5e-7,70,4,4,4,704,1,0.4000000059604645,0.6000000238418579,79,0bfe38b55a35001adceea50f5e698a778f89aece
a1_sft_s0_task4_accum20_joint15_lr2.5e-7,70,4,5,5,705,1,1.0,0.0,86,0bfe38b55a35001adceea50f5e698a778f89aece
a1_sft_s0_task4_accum20_joint15_lr2.5e-7,70,4,6,6,706,0,0.0,0.0,300,0bfe38b55a35001adceea50f5e698a778f89aece
a1_sft_s0_task4_accum20_joint15_lr2.5e-7,70,4,7,7,707,1,1.0,0.0,79,0bfe38b55a35001adceea50f5e698a778f89aece
a1_sft_s0_task4_accum20_joint15_lr2.5e-7,70,4,8,8,708,0,0.20000000298023224,-0.20000000298023224,300,0bfe38b55a35001adceea50f5e698a778f89aece
a1_sft_s0_task4_accum20_joint15_lr2.5e-7,70,4,9,9,709,1,0.6000000238418579,0.3999999761581421,75,0bfe38b55a35001adceea50f5e698a778f89aece
a1_sft_s0_task4_accum20_joint15_lr2.5e-7,71,4,10,0,710,0,0.0,0.0,300,0bfe38b55a35001adceea50f5e698a778f89aece
a1_sft_s0_task4_accum20_joint15_lr2.5e-7,71,4,11,1,711,0,0.20000000298023224,-0.20000000298023224,300,0bfe38b55a35001adceea50f5e698a778f89aece
a1_sft_s0_task4_accum20_joint15_lr2.5e-7,71,4,12,2,712,1,0.800000011920929,0.19999998807907104,78,0bfe38b55a35001adceea50f5e698a778f89aece
a1_sft_s0_task4_accum20_joint15_lr2.5e-7,71,4,13,3,713,1,1.0,0.0,79,0bfe38b55a35001adceea50f5e698a778f89aece
a1_sft_s0_task4_accum20_joint15_lr2.5e-7,71,4,14,4,714,0,0.0,0.0,300,0bfe38b55a35001adceea50f5e698a778f89aece
a1_sft_s0_task4_accum20_joint15_lr2.5e-7,71,4,15,5,715,1,1.0,0.0,94,0bfe38b55a35001adceea50f5e698a778f89aece
a1_sft_s0_task4_accum20_joint15_lr2.5e-7,71,4,16,6,716,1,1.0,0.0,78,0bfe38b55a35001adceea50f5e698a778f89aece
a1_sft_s0_task4_accum20_joint15_lr2.5e-7,71,4,17,7,717,0,0.800000011920929,-0.800000011920929,300,0bfe38b55a35001adceea50f5e698a778f89aece
a1_sft_s0_task4_accum20_joint15_lr2.5e-7,71,4,18,8,718,0,0.0,0.0,300,0bfe38b55a35001adceea50f5e698a778f89aece
a1_sft_s0_task4_accum20_joint15_lr2.5e-7,71,4,19,9,719,0,0.4000000059604645,-0.4000000059604645,300,0bfe38b55a35001adceea50f5e698a778f89aece
a1_sft_s0_task4_accum20_joint15_lr2.5e-7,72,4,20,0,720,1,0.800000011920929,0.19999998807907104,78,0bfe38b55a35001adceea50f5e698a778f89aece
a1_sft_s0_task4_accum20_joint15_lr2.5e-7,72,4,21,1,721,1,1.0,0.0,84,0bfe38b55a35001adceea50f5e698a778f89aece
a1_sft_s0_task4_accum20_joint15_lr2.5e-7,72,4,22,2,722,0,0.0,0.0,300,0bfe38b55a35001adceea50f5e698a778f89aece
a1_sft_s0_task4_accum20_joint15_lr2.5e-7,72,4,23,3,723,0,0.20000000298023224,-0.20000000298023224,300,0bfe38b55a35001adceea50f5e698a778f89aece
a1_sft_s0_task4_accum20_joint15_lr2.5e-7,72,4,24,4,724,0,0.0,0.0,300,0bfe38b55a35001adceea50f5e698a778f89aece
a1_sft_s0_task4_accum20_joint15_lr2.5e-7,72,4,25,5,725,1,0.4000000059604645,0.6000000238418579,74,0bfe38b55a35001adceea50f5e698a778f89aece
a1_sft_s0_task4_accum20_joint15_lr2.5e-7,72,4,26,6,726,0,0.6000000238418579,-0.6000000238418579,300,0bfe38b55a35001adceea50f5e698a778f89aece
a1_sft_s0_task4_accum20_joint15_lr2.5e-7,72,4,27,7,727,1,0.800000011920929,0.19999998807907104,79,0bfe38b55a35001adceea50f5e698a778f89aece
a1_sft_s0_task4_accum20_joint15_lr2.5e-7,72,4,28,8,728,1,1.0,0.0,80,0bfe38b55a35001adceea50f5e698a778f89aece
a1_sft_s0_task4_accum20_joint15_lr2.5e-7,72,4,29,9,729,1,0.800000011920929,0.19999998807907104,93,0bfe38b55a35001adceea50f5e698a778f89aece
a1_sft_s0_task4_accum20_joint15_lr2.5e-7,73,4,30,0,730,1,0.6000000238418579,0.3999999761581421,76,0bfe38b55a35001adceea50f5e698a778f89aece
a1_sft_s0_task4_accum20_joint15_lr2.5e-7,73,4,31,1,731,1,1.0,0.0,90,0bfe38b55a35001adceea50f5e698a778f89aece
a1_sft_s0_task4_accum20_joint15_lr2.5e-7,73,4,32,2,732,0,0.20000000298023224,-0.20000000298023224,300,0bfe38b55a35001adceea50f5e698a778f89aece
a1_sft_s0_task4_accum20_joint15_lr2.5e-7,73,4,33,3,733,0,0.0,0.0,300,0bfe38b55a35001adceea50f5e698a778f89aece
a1_sft_s0_task4_accum20_joint15_lr2.5e-7,73,4,34,4,734,1,1.0,0.0,77,0bfe38b55a35001adceea50f5e698a778f89aece
a1_sft_s0_task4_accum20_joint15_lr2.5e-7,73,4,35,5,735,1,1.0,0.0,77,0bfe38b55a35001adceea50f5e698a778f89aece
a1_sft_s0_task4_accum20_joint15_lr2.5e-7,73,4,36,6,736,1,0.800000011920929,0.19999998807907104,80,0bfe38b55a35001adceea50f5e698a778f89aece
a1_sft_s0_task4_accum20_joint15_lr2.5e-7,73,4,37,7,737,0,0.800000011920929,-0.800000011920929,300,0bfe38b55a35001adceea50f5e698a778f89aece
a1_sft_s0_task4_accum20_joint15_lr2.5e-7,73,4,38,8,738,0,0.0,0.0,300,0bfe38b55a35001adceea50f5e698a778f89aece
a1_sft_s0_task4_accum20_joint15_lr2.5e-7,73,4,39,9,739,0,0.0,0.0,300,0bfe38b55a35001adceea50f5e698a778f89aece
a1_sft_s0_task4_accum20_joint15_lr2.5e-7,74,4,40,0,740,0,0.0,0.0,300,0bfe38b55a35001adceea50f5e698a778f89aece
a1_sft_s0_task4_accum20_joint15_lr2.5e-7,74,4,41,1,741,1,0.800000011920929,0.19999998807907104,77,0bfe38b55a35001adceea50f5e698a778f89aece
a1_sft_s0_task4_accum20_joint15_lr2.5e-7,74,4,42,2,742,1,0.4000000059604645,0.6000000238418579,77,0bfe38b55a35001adceea50f5e698a778f89aece
a1_sft_s0_task4_accum20_joint15_lr2.5e-7,74,4,43,3,743,1,1.0,0.0,84,0bfe38b55a35001adceea50f5e698a778f89aece
a1_sft_s0_task4_accum20_joint15_lr2.5e-7,74,4,44,4,744,0,0.4000000059604645,-0.4000000059604645,300,0bfe38b55a35001adceea50f5e698a778f89aece
a1_sft_s0_task4_accum20_joint15_lr2.5e-7,74,4,45,5,745,1,1.0,0.0,79,0bfe38b55a35001adceea50f5e698a778f89aece
a1_sft_s0_task4_accum20_joint15_lr2.5e-7,74,4,46,6,746,1,1.0,0.0,83,0bfe38b55a35001adceea50f5e698a778f89aece
a1_sft_s0_task4_accum20_joint15_lr2.5e-7,74,4,47,7,747,0,0.0,0.0,300,0bfe38b55a35001adceea50f5e698a778f89aece
a1_sft_s0_task4_accum20_joint15_lr2.5e-7,74,4,48,8,748,0,0.0,0.0,300,0bfe38b55a35001adceea50f5e698a778f89aece
a1_sft_s0_task4_accum20_joint15_lr2.5e-7,74,4,49,9,749,1,0.800000011920929,0.19999998807907104,85,0bfe38b55a35001adceea50f5e698a778f89aece
a1_sft_s0_task4_accum20_joint15_lr2.5e-7,75,4,0,0,750,0,0.0,0.0,300,0bfe38b55a35001adceea50f5e698a778f89aece
a1_sft_s0_task4_accum20_joint15_lr2.5e-7,75,4,1,1,751,1,1.0,0.0,89,0bfe38b55a35001adceea50f5e698a778f89aece
a1_sft_s0_task4_accum20_joint15_lr2.5e-7,75,4,2,2,752,1,0.800000011920929,0.19999998807907104,82,0bfe38b55a35001adceea50f5e698a778f89aece
a1_sft_s0_task4_accum20_joint15_lr2.5e-7,75,4,3,3,753,1,0.4000000059604645,0.6000000238418579,86,0bfe38b55a35001adceea50f5e698a778f89aece
a1_sft_s0_task4_accum20_joint15_lr2.5e-7,75,4,4,4,754,0,0.6000000238418579,-0.6000000238418579,300,0bfe38b55a35001adceea50f5e698a778f89aece
a1_sft_s0_task4_accum20_joint15_lr2.5e-7,75,4,5,5,755,0,1.0,-1.0,300,0bfe38b55a35001adceea50f5e698a778f89aece
a1_sft_s0_task4_accum20_joint15_lr2.5e-7,75,4,6,6,756,0,0.0,0.0,300,0bfe38b55a35001adceea50f5e698a778f89aece
a1_sft_s0_task4_accum20_joint15_lr2.5e-7,75,4,7,7,757,0,1.0,-1.0,300,0bfe38b55a35001adceea50f5e698a778f89aece
a1_sft_s0_task4_accum20_joint15_lr2.5e-7,75,4,8,8,758,0,0.20000000298023224,-0.20000000298023224,300,0bfe38b55a35001adceea50f5e698a778f89aece
a1_sft_s0_task4_accum20_joint15_lr2.5e-7,75,4,9,9,759,0,0.6000000238418579,-0.6000000238418579,300,0bfe38b55a35001adceea50f5e698a778f89aece
a1_sft_s0_task4_accum20_joint15_lr2.5e-7,76,4,10,0,760,0,0.0,0.0,300,0bfe38b55a35001adceea50f5e698a778f89aece
a1_sft_s0_task4_accum20_joint15_lr2.5e-7,76,4,11,1,761,0,0.20000000298023224,-0.20000000298023224,300,0bfe38b55a35001adceea50f5e698a778f89aece
a1_sft_s0_task4_accum20_joint15_lr2.5e-7,76,4,12,2,762,1,1.0,0.0,74,0bfe38b55a35001adceea50f5e698a778f89aece
a1_sft_s0_task4_accum20_joint15_lr2.5e-7,76,4,13,3,763,1,1.0,0.0,83,0bfe38b55a35001adceea50f5e698a778f89aece
a1_sft_s0_task4_accum20_joint15_lr2.5e-7,76,4,14,4,764,0,0.0,0.0,300,0bfe38b55a35001adceea50f5e698a778f89aece
a1_sft_s0_task4_accum20_joint15_lr2.5e-7,76,4,15,5,765,1,1.0,0.0,91,0bfe38b55a35001adceea50f5e698a778f89aece
a1_sft_s0_task4_accum20_joint15_lr2.5e-7,76,4,16,6,766,1,1.0,0.0,77,0bfe38b55a35001adceea50f5e698a778f89aece
a1_sft_s0_task4_accum20_joint15_lr2.5e-7,76,4,17,7,767,1,0.6000000238418579,0.3999999761581421,92,0bfe38b55a35001adceea50f5e698a778f89aece
a1_sft_s0_task4_accum20_joint15_lr2.5e-7,76,4,18,8,768,1,0.0,1.0,79,0bfe38b55a35001adceea50f5e698a778f89aece
a1_sft_s0_task4_accum20_joint15_lr2.5e-7,76,4,19,9,769,0,0.4000000059604645,-0.4000000059604645,300,0bfe38b55a35001adceea50f5e698a778f89aece
a1_sft_s0_task4_accum20_joint15_lr2.5e-7,77,4,20,0,770,1,0.800000011920929,0.19999998807907104,80,0bfe38b55a35001adceea50f5e698a778f89aece
a1_sft_s0_task4_accum20_joint15_lr2.5e-7,77,4,21,1,771,1,1.0,0.0,85,0bfe38b55a35001adceea50f5e698a778f89aece
a1_sft_s0_task4_accum20_joint15_lr2.5e-7,77,4,22,2,772,0,0.0,0.0,300,0bfe38b55a35001adceea50f5e698a778f89aece
a1_sft_s0_task4_accum20_joint15_lr2.5e-7,77,4,23,3,773,0,0.20000000298023224,-0.20000000298023224,300,0bfe38b55a35001adceea50f5e698a778f89aece
a1_sft_s0_task4_accum20_joint15_lr2.5e-7,77,4,24,4,774,0,0.0,0.0,300,0bfe38b55a35001adceea50f5e698a778f89aece
a1_sft_s0_task4_accum20_joint15_lr2.5e-7,77,4,25,5,775,0,0.6000000238418579,-0.6000000238418579,300,0bfe38b55a35001adceea50f5e698a778f89aece
a1_sft_s0_task4_accum20_joint15_lr2.5e-7,77,4,26,6,776,1,0.6000000238418579,0.3999999761581421,91,0bfe38b55a35001adceea50f5e698a778f89aece
a1_sft_s0_task4_accum20_joint15_lr2.5e-7,77,4,27,7,777,1,0.800000011920929,0.19999998807907104,78,0bfe38b55a35001adceea50f5e698a778f89aece
a1_sft_s0_task4_accum20_joint15_lr2.5e-7,77,4,28,8,778,1,1.0,0.0,80,0bfe38b55a35001adceea50f5e698a778f89aece
a1_sft_s0_task4_accum20_joint15_lr2.5e-7,77,4,29,9,779,1,0.800000011920929,0.19999998807907104,82,0bfe38b55a35001adceea50f5e698a778f89aece
a1_sft_s0_task4_accum20_joint15_lr2.5e-7,78,4,30,0,780,1,0.6000000238418579,0.3999999761581421,78,0bfe38b55a35001adceea50f5e698a778f89aece
a1_sft_s0_task4_accum20_joint15_lr2.5e-7,78,4,31,1,781,1,1.0,0.0,83,0bfe38b55a35001adceea50f5e698a778f89aece
a1_sft_s0_task4_accum20_joint15_lr2.5e-7,78,4,32,2,782,0,0.0,0.0,300,0bfe38b55a35001adceea50f5e698a778f89aece
a1_sft_s0_task4_accum20_joint15_lr2.5e-7,78,4,33,3,783,0,0.0,0.0,300,0bfe38b55a35001adceea50f5e698a778f89aece
a1_sft_s0_task4_accum20_joint15_lr2.5e-7,78,4,34,4,784,0,1.0,-1.0,300,0bfe38b55a35001adceea50f5e698a778f89aece
a1_sft_s0_task4_accum20_joint15_lr2.5e-7,78,4,35,5,785,1,1.0,0.0,75,0bfe38b55a35001adceea50f5e698a778f89aece
a1_sft_s0_task4_accum20_joint15_lr2.5e-7,78,4,36,6,786,1,0.800000011920929,0.19999998807907104,80,0bfe38b55a35001adceea50f5e698a778f89aece
a1_sft_s0_task4_accum20_joint15_lr2.5e-7,78,4,37,7,787,1,0.800000011920929,0.19999998807907104,84,0bfe38b55a35001adceea50f5e698a778f89aece
a1_sft_s0_task4_accum20_joint15_lr2.5e-7,78,4,38,8,788,0,0.0,0.0,300,0bfe38b55a35001adceea50f5e698a778f89aece
a1_sft_s0_task4_accum20_joint15_lr2.5e-7,78,4,39,9,789,0,0.0,0.0,300,0bfe38b55a35001adceea50f5e698a778f89aece
a1_sft_s0_task4_accum20_joint15_lr2.5e-7,79,4,40,0,790,0,0.0,0.0,300,0bfe38b55a35001adceea50f5e698a778f89aece
a1_sft_s0_task4_accum20_joint15_lr2.5e-7,79,4,41,1,791,1,0.800000011920929,0.19999998807907104,84,0bfe38b55a35001adceea50f5e698a778f89aece
a1_sft_s0_task4_accum20_joint15_lr2.5e-7,79,4,42,2,792,1,0.6000000238418579,0.3999999761581421,79,0bfe38b55a35001adceea50f5e698a778f89aece
a1_sft_s0_task4_accum20_joint15_lr2.5e-7,79,4,43,3,793,1,1.0,0.0,84,0bfe38b55a35001adceea50f5e698a778f89aece
a1_sft_s0_task4_accum20_joint15_lr2.5e-7,79,4,44,4,794,0,0.20000000298023224,-0.20000000298023224,300,0bfe38b55a35001adceea50f5e698a778f89aece
a1_sft_s0_task4_accum20_joint15_lr2.5e-7,79,4,45,5,795,1,1.0,0.0,78,0bfe38b55a35001adceea50f5e698a778f89aece
a1_sft_s0_task4_accum20_joint15_lr2.5e-7,79,4,46,6,796,0,1.0,-1.0,300,0bfe38b55a35001adceea50f5e698a778f89aece
a1_sft_s0_task4_accum20_joint15_lr2.5e-7,79,4,47,7,797,0,0.0,0.0,300,0bfe38b55a35001adceea50f5e698a778f89aece
a1_sft_s0_task4_accum20_joint15_lr2.5e-7,79,4,48,8,798,1,0.0,1.0,77,0bfe38b55a35001adceea50f5e698a778f89aece
a1_sft_s0_task4_accum20_joint15_lr2.5e-7,79,4,49,9,799,1,0.800000011920929,0.19999998807907104,86,0bfe38b55a35001adceea50f5e698a778f89aece
a1_sft_s0_task4_accum20_joint15_lr2.5e-7,80,4,0,0,800,0,0.0,0.0,300,0bfe38b55a35001adceea50f5e698a778f89aece
a1_sft_s0_task4_accum20_joint15_lr2.5e-7,80,4,1,1,801,1,1.0,0.0,82,0bfe38b55a35001adceea50f5e698a778f89aece
a1_sft_s0_task4_accum20_joint15_lr2.5e-7,80,4,2,2,802,1,0.800000011920929,0.19999998807907104,80,0bfe38b55a35001adceea50f5e698a778f89aece
a1_sft_s0_task4_accum20_joint15_lr2.5e-7,80,4,3,3,803,1,0.4000000059604645,0.6000000238418579,80,0bfe38b55a35001adceea50f5e698a778f89aece
a1_sft_s0_task4_accum20_joint15_lr2.5e-7,80,4,4,4,804,1,0.4000000059604645,0.6000000238418579,76,0bfe38b55a35001adceea50f5e698a778f89aece
a1_sft_s0_task4_accum20_joint15_lr2.5e-7,80,4,5,5,805,0,0.800000011920929,-0.800000011920929,300,0bfe38b55a35001adceea50f5e698a778f89aece
a1_sft_s0_task4_accum20_joint15_lr2.5e-7,80,4,6,6,806,0,0.0,0.0,300,0bfe38b55a35001adceea50f5e698a778f89aece
a1_sft_s0_task4_accum20_joint15_lr2.5e-7,80,4,7,7,807,1,0.800000011920929,0.19999998807907104,87,0bfe38b55a35001adceea50f5e698a778f89aece
a1_sft_s0_task4_accum20_joint15_lr2.5e-7,80,4,8,8,808,0,0.20000000298023224,-0.20000000298023224,300,0bfe38b55a35001adceea50f5e698a778f89aece
a1_sft_s0_task4_accum20_joint15_lr2.5e-7,80,4,9,9,809,1,0.6000000238418579,0.3999999761581421,78,0bfe38b55a35001adceea50f5e698a778f89aece
a1_sft_s0_task4_accum20_joint15_lr2.5e-7,81,4,10,0,810,0,0.0,0.0,300,0bfe38b55a35001adceea50f5e698a778f89aece
a1_sft_s0_task4_accum20_joint15_lr2.5e-7,81,4,11,1,811,1,0.0,1.0,79,0bfe38b55a35001adceea50f5e698a778f89aece
a1_sft_s0_task4_accum20_joint15_lr2.5e-7,81,4,12,2,812,0,1.0,-1.0,300,0bfe38b55a35001adceea50f5e698a778f89aece
a1_sft_s0_task4_accum20_joint15_lr2.5e-7,81,4,13,3,813,1,1.0,0.0,75,0bfe38b55a35001adceea50f5e698a778f89aece
a1_sft_s0_task4_accum20_joint15_lr2.5e-7,81,4,14,4,814,0,0.0,0.0,300,0bfe38b55a35001adceea50f5e698a778f89aece
a1_sft_s0_task4_accum20_joint15_lr2.5e-7,81,4,15,5,815,1,1.0,0.0,76,0bfe38b55a35001adceea50f5e698a778f89aece
a1_sft_s0_task4_accum20_joint15_lr2.5e-7,81,4,16,6,816,1,1.0,0.0,81,0bfe38b55a35001adceea50f5e698a778f89aece
a1_sft_s0_task4_accum20_joint15_lr2.5e-7,81,4,17,7,817,1,0.6000000238418579,0.3999999761581421,81,0bfe38b55a35001adceea50f5e698a778f89aece
a1_sft_s0_task4_accum20_joint15_lr2.5e-7,81,4,18,8,818,0,0.20000000298023224,-0.20000000298023224,300,0bfe38b55a35001adceea50f5e698a778f89aece
a1_sft_s0_task4_accum20_joint15_lr2.5e-7,81,4,19,9,819,0,0.4000000059604645,-0.4000000059604645,300,0bfe38b55a35001adceea50f5e698a778f89aece
a1_sft_s0_task4_accum20_joint15_lr2.5e-7,82,4,20,0,820,1,0.800000011920929,0.19999998807907104,78,0bfe38b55a35001adceea50f5e698a778f89aece
a1_sft_s0_task4_accum20_joint15_lr2.5e-7,82,4,21,1,821,1,1.0,0.0,92,0bfe38b55a35001adceea50f5e698a778f89aece
a1_sft_s0_task4_accum20_joint15_lr2.5e-7,82,4,22,2,822,0,0.0,0.0,300,0bfe38b55a35001adceea50f5e698a778f89aece
a1_sft_s0_task4_accum20_joint15_lr2.5e-7,82,4,23,3,823,1,0.20000000298023224,0.800000011920929,83,0bfe38b55a35001adceea50f5e698a778f89aece
a1_sft_s0_task4_accum20_joint15_lr2.5e-7,82,4,24,4,824,0,0.0,0.0,300,0bfe38b55a35001adceea50f5e698a778f89aece
a1_sft_s0_task4_accum20_joint15_lr2.5e-7,82,4,25,5,825,0,0.6000000238418579,-0.6000000238418579,300,0bfe38b55a35001adceea50f5e698a778f89aece
a1_sft_s0_task4_accum20_joint15_lr2.5e-7,82,4,26,6,826,1,0.800000011920929,0.19999998807907104,81,0bfe38b55a35001adceea50f5e698a778f89aece
a1_sft_s0_task4_accum20_joint15_lr2.5e-7,82,4,27,7,827,1,0.800000011920929,0.19999998807907104,85,0bfe38b55a35001adceea50f5e698a778f89aece
a1_sft_s0_task4_accum20_joint15_lr2.5e-7,82,4,28,8,828,1,1.0,0.0,89,0bfe38b55a35001adceea50f5e698a778f89aece
a1_sft_s0_task4_accum20_joint15_lr2.5e-7,82,4,29,9,829,0,0.800000011920929,-0.800000011920929,300,0bfe38b55a35001adceea50f5e698a778f89aece
a1_sft_s0_task4_accum20_joint15_lr2.5e-7,83,4,30,0,830,0,0.800000011920929,-0.800000011920929,300,0bfe38b55a35001adceea50f5e698a778f89aece
a1_sft_s0_task4_accum20_joint15_lr2.5e-7,83,4,31,1,831,1,1.0,0.0,86,0bfe38b55a35001adceea50f5e698a778f89aece
a1_sft_s0_task4_accum20_joint15_lr2.5e-7,83,4,32,2,832,0,0.0,0.0,300,0bfe38b55a35001adceea50f5e698a778f89aece
a1_sft_s0_task4_accum20_joint15_lr2.5e-7,83,4,33,3,833,1,0.0,1.0,89,0bfe38b55a35001adceea50f5e698a778f89aece
a1_sft_s0_task4_accum20_joint15_lr2.5e-7,83,4,34,4,834,1,0.800000011920929,0.19999998807907104,80,0bfe38b55a35001adceea50f5e698a778f89aece
a1_sft_s0_task4_accum20_joint15_lr2.5e-7,83,4,35,5,835,1,1.0,0.0,79,0bfe38b55a35001adceea50f5e698a778f89aece
a1_sft_s0_task4_accum20_joint15_lr2.5e-7,83,4,36,6,836,1,1.0,0.0,81,0bfe38b55a35001adceea50f5e698a778f89aece
a1_sft_s0_task4_accum20_joint15_lr2.5e-7,83,4,37,7,837,1,0.800000011920929,0.19999998807907104,88,0bfe38b55a35001adceea50f5e698a778f89aece
a1_sft_s0_task4_accum20_joint15_lr2.5e-7,83,4,38,8,838,0,0.0,0.0,300,0bfe38b55a35001adceea50f5e698a778f89aece
a1_sft_s0_task4_accum20_joint15_lr2.5e-7,83,4,39,9,839,0,0.0,0.0,300,0bfe38b55a35001adceea50f5e698a778f89aece
a1_sft_s0_task4_accum20_joint15_lr2.5e-7,84,4,40,0,840,0,0.0,0.0,300,0bfe38b55a35001adceea50f5e698a778f89aece
a1_sft_s0_task4_accum20_joint15_lr2.5e-7,84,4,41,1,841,1,1.0,0.0,77,0bfe38b55a35001adceea50f5e698a778f89aece
a1_sft_s0_task4_accum20_joint15_lr2.5e-7,84,4,42,2,842,1,0.800000011920929,0.19999998807907104,75,0bfe38b55a35001adceea50f5e698a778f89aece
a1_sft_s0_task4_accum20_joint15_lr2.5e-7,84,4,43,3,843,1,1.0,0.0,80,0bfe38b55a35001adceea50f5e698a778f89aece
a1_sft_s0_task4_accum20_joint15_lr2.5e-7,84,4,44,4,844,0,0.0,0.0,300,0bfe38b55a35001adceea50f5e698a778f89aece
a1_sft_s0_task4_accum20_joint15_lr2.5e-7,84,4,45,5,845,1,1.0,0.0,77,0bfe38b55a35001adceea50f5e698a778f89aece
a1_sft_s0_task4_accum20_joint15_lr2.5e-7,84,4,46,6,846,1,0.800000011920929,0.19999998807907104,80,0bfe38b55a35001adceea50f5e698a778f89aece
a1_sft_s0_task4_accum20_joint15_lr2.5e-7,84,4,47,7,847,0,0.0,0.0,300,0bfe38b55a35001adceea50f5e698a778f89aece
a1_sft_s0_task4_accum20_joint15_lr2.5e-7,84,4,48,8,848,0,0.20000000298023224,-0.20000000298023224,300,0bfe38b55a35001adceea50f5e698a778f89aece
a1_sft_s0_task4_accum20_joint15_lr2.5e-7,84,4,49,9,849,0,0.800000011920929,-0.800000011920929,300,0bfe38b55a35001adceea50f5e698a778f89aece
a1_sft_s0_task4_accum20_joint15_lr2.5e-7,85,4,0,0,850,0,0.0,0.0,300,0bfe38b55a35001adceea50f5e698a778f89aece
a1_sft_s0_task4_accum20_joint15_lr2.5e-7,85,4,1,1,851,1,1.0,0.0,84,0bfe38b55a35001adceea50f5e698a778f89aece
a1_sft_s0_task4_accum20_joint15_lr2.5e-7,85,4,2,2,852,1,0.800000011920929,0.19999998807907104,80,0bfe38b55a35001adceea50f5e698a778f89aece
a1_sft_s0_task4_accum20_joint15_lr2.5e-7,85,4,3,3,853,1,0.6000000238418579,0.3999999761581421,79,0bfe38b55a35001adceea50f5e698a778f89aece
a1_sft_s0_task4_accum20_joint15_lr2.5e-7,85,4,4,4,854,1,0.6000000238418579,0.3999999761581421,79,0bfe38b55a35001adceea50f5e698a778f89aece
a1_sft_s0_task4_accum20_joint15_lr2.5e-7,85,4,5,5,855,1,0.6000000238418579,0.3999999761581421,86,0bfe38b55a35001adceea50f5e698a778f89aece
a1_sft_s0_task4_accum20_joint15_lr2.5e-7,85,4,6,6,856,0,0.0,0.0,300,0bfe38b55a35001adceea50f5e698a778f89aece
a1_sft_s0_task4_accum20_joint15_lr2.5e-7,85,4,7,7,857,0,0.800000011920929,-0.800000011920929,300,0bfe38b55a35001adceea50f5e698a778f89aece
a1_sft_s0_task4_accum20_joint15_lr2.5e-7,85,4,8,8,858,0,0.20000000298023224,-0.20000000298023224,300,0bfe38b55a35001adceea50f5e698a778f89aece
a1_sft_s0_task4_accum20_joint15_lr2.5e-7,85,4,9,9,859,1,0.800000011920929,0.19999998807907104,77,0bfe38b55a35001adceea50f5e698a778f89aece
a1_sft_s0_task4_accum20_joint15_lr2.5e-7,86,4,10,0,860,0,0.0,0.0,300,0bfe38b55a35001adceea50f5e698a778f89aece
a1_sft_s0_task4_accum20_joint15_lr2.5e-7,86,4,11,1,861,0,0.20000000298023224,-0.20000000298023224,300,0bfe38b55a35001adceea50f5e698a778f89aece
a1_sft_s0_task4_accum20_joint15_lr2.5e-7,86,4,12,2,862,1,0.800000011920929,0.19999998807907104,77,0bfe38b55a35001adceea50f5e698a778f89aece
a1_sft_s0_task4_accum20_joint15_lr2.5e-7,86,4,13,3,863,1,1.0,0.0,79,0bfe38b55a35001adceea50f5e698a778f89aece
a1_sft_s0_task4_accum20_joint15_lr2.5e-7,86,4,14,4,864,0,0.0,0.0,300,0bfe38b55a35001adceea50f5e698a778f89aece
a1_sft_s0_task4_accum20_joint15_lr2.5e-7,86,4,15,5,865,1,1.0,0.0,78,0bfe38b55a35001adceea50f5e698a778f89aece
a1_sft_s0_task4_accum20_joint15_lr2.5e-7,86,4,16,6,866,1,1.0,0.0,82,0bfe38b55a35001adceea50f5e698a778f89aece
a1_sft_s0_task4_accum20_joint15_lr2.5e-7,86,4,17,7,867,1,0.6000000238418579,0.3999999761581421,87,0bfe38b55a35001adceea50f5e698a778f89aece
a1_sft_s0_task4_accum20_joint15_lr2.5e-7,86,4,18,8,868,0,0.20000000298023224,-0.20000000298023224,300,0bfe38b55a35001adceea50f5e698a778f89aece
a1_sft_s0_task4_accum20_joint15_lr2.5e-7,86,4,19,9,869,0,0.20000000298023224,-0.20000000298023224,300,0bfe38b55a35001adceea50f5e698a778f89aece
a1_sft_s0_task4_accum20_joint15_lr2.5e-7,87,4,20,0,870,1,0.800000011920929,0.19999998807907104,82,0bfe38b55a35001adceea50f5e698a778f89aece
a1_sft_s0_task4_accum20_joint15_lr2.5e-7,87,4,21,1,871,1,1.0,0.0,79,0bfe38b55a35001adceea50f5e698a778f89aece
a1_sft_s0_task4_accum20_joint15_lr2.5e-7,87,4,22,2,872,0,0.0,0.0,300,0bfe38b55a35001adceea50f5e698a778f89aece
a1_sft_s0_task4_accum20_joint15_lr2.5e-7,87,4,23,3,873,1,0.20000000298023224,0.800000011920929,81,0bfe38b55a35001adceea50f5e698a778f89aece
a1_sft_s0_task4_accum20_joint15_lr2.5e-7,87,4,24,4,874,0,0.0,0.0,300,0bfe38b55a35001adceea50f5e698a778f89aece
a1_sft_s0_task4_accum20_joint15_lr2.5e-7,87,4,25,5,875,1,0.4000000059604645,0.6000000238418579,77,0bfe38b55a35001adceea50f5e698a778f89aece
a1_sft_s0_task4_accum20_joint15_lr2.5e-7,87,4,26,6,876,1,0.800000011920929,0.19999998807907104,76,0bfe38b55a35001adceea50f5e698a778f89aece
a1_sft_s0_task4_accum20_joint15_lr2.5e-7,87,4,27,7,877,1,0.800000011920929,0.19999998807907104,84,0bfe38b55a35001adceea50f5e698a778f89aece
a1_sft_s0_task4_accum20_joint15_lr2.5e-7,87,4,28,8,878,1,1.0,0.0,84,0bfe38b55a35001adceea50f5e698a778f89aece
a1_sft_s0_task4_accum20_joint15_lr2.5e-7,87,4,29,9,879,1,0.6000000238418579,0.3999999761581421,82,0bfe38b55a35001adceea50f5e698a778f89aece
a1_sft_s0_task4_accum20_joint15_lr2.5e-7,88,4,30,0,880,1,0.6000000238418579,0.3999999761581421,78,0bfe38b55a35001adceea50f5e698a778f89aece
a1_sft_s0_task4_accum20_joint15_lr2.5e-7,88,4,31,1,881,1,1.0,0.0,82,0bfe38b55a35001adceea50f5e698a778f89aece
a1_sft_s0_task4_accum20_joint15_lr2.5e-7,88,4,32,2,882,1,0.0,1.0,81,0bfe38b55a35001adceea50f5e698a778f89aece
a1_sft_s0_task4_accum20_joint15_lr2.5e-7,88,4,33,3,883,0,0.20000000298023224,-0.20000000298023224,300,0bfe38b55a35001adceea50f5e698a778f89aece
a1_sft_s0_task4_accum20_joint15_lr2.5e-7,88,4,34,4,884,1,0.800000011920929,0.19999998807907104,81,0bfe38b55a35001adceea50f5e698a778f89aece
a1_sft_s0_task4_accum20_joint15_lr2.5e-7,88,4,35,5,885,1,1.0,0.0,80,0bfe38b55a35001adceea50f5e698a778f89aece
a1_sft_s0_task4_accum20_joint15_lr2.5e-7,88,4,36,6,886,1,1.0,0.0,85,0bfe38b55a35001adceea50f5e698a778f89aece
a1_sft_s0_task4_accum20_joint15_lr2.5e-7,88,4,37,7,887,1,0.800000011920929,0.19999998807907104,85,0bfe38b55a35001adceea50f5e698a778f89aece
a1_sft_s0_task4_accum20_joint15_lr2.5e-7,88,4,38,8,888,0,0.0,0.0,300,0bfe38b55a35001adceea50f5e698a778f89aece
a1_sft_s0_task4_accum20_joint15_lr2.5e-7,88,4,39,9,889,0,0.0,0.0,300,0bfe38b55a35001adceea50f5e698a778f89aece
a1_sft_s0_task4_accum20_joint15_lr2.5e-7,89,4,40,0,890,0,0.0,0.0,300,0bfe38b55a35001adceea50f5e698a778f89aece
a1_sft_s0_task4_accum20_joint15_lr2.5e-7,89,4,41,1,891,1,1.0,0.0,82,0bfe38b55a35001adceea50f5e698a778f89aece
a1_sft_s0_task4_accum20_joint15_lr2.5e-7,89,4,42,2,892,1,0.800000011920929,0.19999998807907104,79,0bfe38b55a35001adceea50f5e698a778f89aece
a1_sft_s0_task4_accum20_joint15_lr2.5e-7,89,4,43,3,893,1,1.0,0.0,81,0bfe38b55a35001adceea50f5e698a778f89aece
a1_sft_s0_task4_accum20_joint15_lr2.5e-7,89,4,44,4,894,1,0.0,1.0,81,0bfe38b55a35001adceea50f5e698a778f89aece
a1_sft_s0_task4_accum20_joint15_lr2.5e-7,89,4,45,5,895,1,1.0,0.0,74,0bfe38b55a35001adceea50f5e698a778f89aece
a1_sft_s0_task4_accum20_joint15_lr2.5e-7,89,4,46,6,896,0,0.800000011920929,-0.800000011920929,300,0bfe38b55a35001adceea50f5e698a778f89aece
a1_sft_s0_task4_accum20_joint15_lr2.5e-7,89,4,47,7,897,0,0.0,0.0,300,0bfe38b55a35001adceea50f5e698a778f89aece
a1_sft_s0_task4_accum20_joint15_lr2.5e-7,89,4,48,8,898,0,0.20000000298023224,-0.20000000298023224,300,0bfe38b55a35001adceea50f5e698a778f89aece
a1_sft_s0_task4_accum20_joint15_lr2.5e-7,89,4,49,9,899,1,0.800000011920929,0.19999998807907104,82,0bfe38b55a35001adceea50f5e698a778f89aece
a1_sft_s0_task4_accum20_joint15_lr2.5e-7,90,4,0,0,900,0,0.0,0.0,300,0bfe38b55a35001adceea50f5e698a778f89aece
a1_sft_s0_task4_accum20_joint15_lr2.5e-7,90,4,1,1,901,1,1.0,0.0,84,0bfe38b55a35001adceea50f5e698a778f89aece
a1_sft_s0_task4_accum20_joint15_lr2.5e-7,90,4,2,2,902,1,0.800000011920929,0.19999998807907104,78,0bfe38b55a35001adceea50f5e698a778f89aece
a1_sft_s0_task4_accum20_joint15_lr2.5e-7,90,4,3,3,903,0,0.800000011920929,-0.800000011920929,300,0bfe38b55a35001adceea50f5e698a778f89aece
a1_sft_s0_task4_accum20_joint15_lr2.5e-7,90,4,4,4,904,0,0.800000011920929,-0.800000011920929,300,0bfe38b55a35001adceea50f5e698a778f89aece
a1_sft_s0_task4_accum20_joint15_lr2.5e-7,90,4,5,5,905,1,0.6000000238418579,0.3999999761581421,82,0bfe38b55a35001adceea50f5e698a778f89aece
a1_sft_s0_task4_accum20_joint15_lr2.5e-7,90,4,6,6,906,0,0.0,0.0,300,0bfe38b55a35001adceea50f5e698a778f89aece
a1_sft_s0_task4_accum20_joint15_lr2.5e-7,90,4,7,7,907,1,0.6000000238418579,0.3999999761581421,77,0bfe38b55a35001adceea50f5e698a778f89aece
a1_sft_s0_task4_accum20_joint15_lr2.5e-7,90,4,8,8,908,0,0.20000000298023224,-0.20000000298023224,300,0bfe38b55a35001adceea50f5e698a778f89aece
a1_sft_s0_task4_accum20_joint15_lr2.5e-7,90,4,9,9,909,0,0.800000011920929,-0.800000011920929,300,0bfe38b55a35001adceea50f5e698a778f89aece
a1_sft_s0_task4_accum20_joint15_lr2.5e-7,91,4,10,0,910,0,0.0,0.0,300,0bfe38b55a35001adceea50f5e698a778f89aece
a1_sft_s0_task4_accum20_joint15_lr2.5e-7,91,4,11,1,911,0,0.20000000298023224,-0.20000000298023224,300,0bfe38b55a35001adceea50f5e698a778f89aece
a1_sft_s0_task4_accum20_joint15_lr2.5e-7,91,4,12,2,912,1,0.800000011920929,0.19999998807907104,80,0bfe38b55a35001adceea50f5e698a778f89aece
a1_sft_s0_task4_accum20_joint15_lr2.5e-7,91,4,13,3,913,1,1.0,0.0,76,0bfe38b55a35001adceea50f5e698a778f89aece
a1_sft_s0_task4_accum20_joint15_lr2.5e-7,91,4,14,4,914,0,0.0,0.0,300,0bfe38b55a35001adceea50f5e698a778f89aece
a1_sft_s0_task4_accum20_joint15_lr2.5e-7,91,4,15,5,915,1,1.0,0.0,88,0bfe38b55a35001adceea50f5e698a778f89aece
a1_sft_s0_task4_accum20_joint15_lr2.5e-7,91,4,16,6,916,1,1.0,0.0,84,0bfe38b55a35001adceea50f5e698a778f89aece
a1_sft_s0_task4_accum20_joint15_lr2.5e-7,91,4,17,7,917,0,0.6000000238418579,-0.6000000238418579,300,0bfe38b55a35001adceea50f5e698a778f89aece
a1_sft_s0_task4_accum20_joint15_lr2.5e-7,91,4,18,8,918,0,0.20000000298023224,-0.20000000298023224,300,0bfe38b55a35001adceea50f5e698a778f89aece
a1_sft_s0_task4_accum20_joint15_lr2.5e-7,91,4,19,9,919,0,0.0,0.0,300,0bfe38b55a35001adceea50f5e698a778f89aece
a1_sft_s0_task4_accum20_joint15_lr2.5e-7,92,4,20,0,920,0,0.800000011920929,-0.800000011920929,300,0bfe38b55a35001adceea50f5e698a778f89aece
a1_sft_s0_task4_accum20_joint15_lr2.5e-7,92,4,21,1,921,1,1.0,0.0,87,0bfe38b55a35001adceea50f5e698a778f89aece
a1_sft_s0_task4_accum20_joint15_lr2.5e-7,92,4,22,2,922,0,0.0,0.0,300,0bfe38b55a35001adceea50f5e698a778f89aece
a1_sft_s0_task4_accum20_joint15_lr2.5e-7,92,4,23,3,923,0,0.4000000059604645,-0.4000000059604645,300,0bfe38b55a35001adceea50f5e698a778f89aece
a1_sft_s0_task4_accum20_joint15_lr2.5e-7,92,4,24,4,924,0,0.0,0.0,300,0bfe38b55a35001adceea50f5e698a778f89aece
a1_sft_s0_task4_accum20_joint15_lr2.5e-7,92,4,25,5,925,1,0.6000000238418579,0.3999999761581421,79,0bfe38b55a35001adceea50f5e698a778f89aece
a1_sft_s0_task4_accum20_joint15_lr2.5e-7,92,4,26,6,926,0,0.800000011920929,-0.800000011920929,300,0bfe38b55a35001adceea50f5e698a778f89aece
a1_sft_s0_task4_accum20_joint15_lr2.5e-7,92,4,27,7,927,1,1.0,0.0,90,0bfe38b55a35001adceea50f5e698a778f89aece
a1_sft_s0_task4_accum20_joint15_lr2.5e-7,92,4,28,8,928,1,1.0,0.0,78,0bfe38b55a35001adceea50f5e698a778f89aece
a1_sft_s0_task4_accum20_joint15_lr2.5e-7,92,4,29,9,929,0,0.800000011920929,-0.800000011920929,300,0bfe38b55a35001adceea50f5e698a778f89aece
a1_sft_s0_task4_accum20_joint15_lr2.5e-7,93,4,30,0,930,1,0.6000000238418579,0.3999999761581421,83,0bfe38b55a35001adceea50f5e698a778f89aece
a1_sft_s0_task4_accum20_joint15_lr2.5e-7,93,4,31,1,931,1,1.0,0.0,88,0bfe38b55a35001adceea50f5e698a778f89aece
a1_sft_s0_task4_accum20_joint15_lr2.5e-7,93,4,32,2,932,0,0.20000000298023224,-0.20000000298023224,300,0bfe38b55a35001adceea50f5e698a778f89aece
a1_sft_s0_task4_accum20_joint15_lr2.5e-7,93,4,33,3,933,0,0.20000000298023224,-0.20000000298023224,300,0bfe38b55a35001adceea50f5e698a778f89aece
a1_sft_s0_task4_accum20_joint15_lr2.5e-7,93,4,34,4,934,0,0.800000011920929,-0.800000011920929,300,0bfe38b55a35001adceea50f5e698a778f89aece
a1_sft_s0_task4_accum20_joint15_lr2.5e-7,93,4,35,5,935,1,1.0,0.0,77,0bfe38b55a35001adceea50f5e698a778f89aece
a1_sft_s0_task4_accum20_joint15_lr2.5e-7,93,4,36,6,936,1,1.0,0.0,87,0bfe38b55a35001adceea50f5e698a778f89aece
a1_sft_s0_task4_accum20_joint15_lr2.5e-7,93,4,37,7,937,1,0.800000011920929,0.19999998807907104,84,0bfe38b55a35001adceea50f5e698a778f89aece
a1_sft_s0_task4_accum20_joint15_lr2.5e-7,93,4,38,8,938,0,0.0,0.0,300,0bfe38b55a35001adceea50f5e698a778f89aece
a1_sft_s0_task4_accum20_joint15_lr2.5e-7,93,4,39,9,939,0,0.0,0.0,300,0bfe38b55a35001adceea50f5e698a778f89aece
a1_sft_s0_task4_accum20_joint15_lr2.5e-7,94,4,40,0,940,0,0.0,0.0,300,0bfe38b55a35001adceea50f5e698a778f89aece
a1_sft_s0_task4_accum20_joint15_lr2.5e-7,94,4,41,1,941,1,1.0,0.0,80,0bfe38b55a35001adceea50f5e698a778f89aece
a1_sft_s0_task4_accum20_joint15_lr2.5e-7,94,4,42,2,942,1,1.0,0.0,78,0bfe38b55a35001adceea50f5e698a778f89aece
a1_sft_s0_task4_accum20_joint15_lr2.5e-7,94,4,43,3,943,1,1.0,0.0,85,0bfe38b55a35001adceea50f5e698a778f89aece
a1_sft_s0_task4_accum20_joint15_lr2.5e-7,94,4,44,4,944,1,0.20000000298023224,0.800000011920929,76,0bfe38b55a35001adceea50f5e698a778f89aece
a1_sft_s0_task4_accum20_joint15_lr2.5e-7,94,4,45,5,945,1,1.0,0.0,82,0bfe38b55a35001adceea50f5e698a778f89aece
a1_sft_s0_task4_accum20_joint15_lr2.5e-7,94,4,46,6,946,1,0.6000000238418579,0.3999999761581421,82,0bfe38b55a35001adceea50f5e698a778f89aece
a1_sft_s0_task4_accum20_joint15_lr2.5e-7,94,4,47,7,947,0,0.0,0.0,300,0bfe38b55a35001adceea50f5e698a778f89aece
a1_sft_s0_task4_accum20_joint15_lr2.5e-7,94,4,48,8,948,0,0.20000000298023224,-0.20000000298023224,300,0bfe38b55a35001adceea50f5e698a778f89aece
a1_sft_s0_task4_accum20_joint15_lr2.5e-7,94,4,49,9,949,1,0.800000011920929,0.19999998807907104,86,0bfe38b55a35001adceea50f5e698a778f89aece
a1_sft_s0_task4_accum20_joint15_lr2.5e-7,95,4,0,0,950,0,0.0,0.0,300,0bfe38b55a35001adceea50f5e698a778f89aece
a1_sft_s0_task4_accum20_joint15_lr2.5e-7,95,4,1,1,951,1,1.0,0.0,84,0bfe38b55a35001adceea50f5e698a778f89aece
a1_sft_s0_task4_accum20_joint15_lr2.5e-7,95,4,2,2,952,1,0.800000011920929,0.19999998807907104,82,0bfe38b55a35001adceea50f5e698a778f89aece
a1_sft_s0_task4_accum20_joint15_lr2.5e-7,95,4,3,3,953,1,0.6000000238418579,0.3999999761581421,86,0bfe38b55a35001adceea50f5e698a778f89aece
a1_sft_s0_task4_accum20_joint15_lr2.5e-7,95,4,4,4,954,0,0.6000000238418579,-0.6000000238418579,300,0bfe38b55a35001adceea50f5e698a778f89aece
a1_sft_s0_task4_accum20_joint15_lr2.5e-7,95,4,5,5,955,1,0.6000000238418579,0.3999999761581421,80,0bfe38b55a35001adceea50f5e698a778f89aece
a1_sft_s0_task4_accum20_joint15_lr2.5e-7,95,4,6,6,956,0,0.0,0.0,300,0bfe38b55a35001adceea50f5e698a778f89aece
a1_sft_s0_task4_accum20_joint15_lr2.5e-7,95,4,7,7,957,1,0.6000000238418579,0.3999999761581421,81,0bfe38b55a35001adceea50f5e698a778f89aece
a1_sft_s0_task4_accum20_joint15_lr2.5e-7,95,4,8,8,958,0,0.0,0.0,300,0bfe38b55a35001adceea50f5e698a778f89aece
a1_sft_s0_task4_accum20_joint15_lr2.5e-7,95,4,9,9,959,1,0.6000000238418579,0.3999999761581421,80,0bfe38b55a35001adceea50f5e698a778f89aece
a1_sft_s0_task4_accum20_joint15_lr2.5e-7,96,4,10,0,960,0,0.0,0.0,300,0bfe38b55a35001adceea50f5e698a778f89aece
a1_sft_s0_task4_accum20_joint15_lr2.5e-7,96,4,11,1,961,1,0.20000000298023224,0.800000011920929,79,0bfe38b55a35001adceea50f5e698a778f89aece
a1_sft_s0_task4_accum20_joint15_lr2.5e-7,96,4,12,2,962,1,0.800000011920929,0.19999998807907104,78,0bfe38b55a35001adceea50f5e698a778f89aece
a1_sft_s0_task4_accum20_joint15_lr2.5e-7,96,4,13,3,963,1,1.0,0.0,83,0bfe38b55a35001adceea50f5e698a778f89aece
a1_sft_s0_task4_accum20_joint15_lr2.5e-7,96,4,14,4,964,0,0.0,0.0,300,0bfe38b55a35001adceea50f5e698a778f89aece
a1_sft_s0_task4_accum20_joint15_lr2.5e-7,96,4,15,5,965,1,1.0,0.0,89,0bfe38b55a35001adceea50f5e698a778f89aece
a1_sft_s0_task4_accum20_joint15_lr2.5e-7,96,4,16,6,966,1,1.0,0.0,79,0bfe38b55a35001adceea50f5e698a778f89aece
a1_sft_s0_task4_accum20_joint15_lr2.5e-7,96,4,17,7,967,1,0.6000000238418579,0.3999999761581421,90,0bfe38b55a35001adceea50f5e698a778f89aece
a1_sft_s0_task4_accum20_joint15_lr2.5e-7,96,4,18,8,968,0,0.20000000298023224,-0.20000000298023224,300,0bfe38b55a35001adceea50f5e698a778f89aece
a1_sft_s0_task4_accum20_joint15_lr2.5e-7,96,4,19,9,969,0,0.0,0.0,300,0bfe38b55a35001adceea50f5e698a778f89aece
a1_sft_s0_task4_accum20_joint15_lr2.5e-7,97,4,20,0,970,1,0.800000011920929,0.19999998807907104,85,0bfe38b55a35001adceea50f5e698a778f89aece
a1_sft_s0_task4_accum20_joint15_lr2.5e-7,97,4,21,1,971,1,1.0,0.0,79,0bfe38b55a35001adceea50f5e698a778f89aece
a1_sft_s0_task4_accum20_joint15_lr2.5e-7,97,4,22,2,972,0,0.0,0.0,300,0bfe38b55a35001adceea50f5e698a778f89aece
a1_sft_s0_task4_accum20_joint15_lr2.5e-7,97,4,23,3,973,1,0.4000000059604645,0.6000000238418579,86,0bfe38b55a35001adceea50f5e698a778f89aece
a1_sft_s0_task4_accum20_joint15_lr2.5e-7,97,4,24,4,974,0,0.0,0.0,300,0bfe38b55a35001adceea50f5e698a778f89aece
a1_sft_s0_task4_accum20_joint15_lr2.5e-7,97,4,25,5,975,0,0.6000000238418579,-0.6000000238418579,300,0bfe38b55a35001adceea50f5e698a778f89aece
a1_sft_s0_task4_accum20_joint15_lr2.5e-7,97,4,26,6,976,1,0.6000000238418579,0.3999999761581421,93,0bfe38b55a35001adceea50f5e698a778f89aece
a1_sft_s0_task4_accum20_joint15_lr2.5e-7,97,4,27,7,977,1,1.0,0.0,79,0bfe38b55a35001adceea50f5e698a778f89aece
a1_sft_s0_task4_accum20_joint15_lr2.5e-7,97,4,28,8,978,1,1.0,0.0,88,0bfe38b55a35001adceea50f5e698a778f89aece
a1_sft_s0_task4_accum20_joint15_lr2.5e-7,97,4,29,9,979,1,0.6000000238418579,0.3999999761581421,81,0bfe38b55a35001adceea50f5e698a778f89aece
a1_sft_s0_task4_accum20_joint15_lr2.5e-7,98,4,30,0,980,1,0.800000011920929,0.19999998807907104,77,0bfe38b55a35001adceea50f5e698a778f89aece
a1_sft_s0_task4_accum20_joint15_lr2.5e-7,98,4,31,1,981,1,1.0,0.0,90,0bfe38b55a35001adceea50f5e698a778f89aece
a1_sft_s0_task4_accum20_joint15_lr2.5e-7,98,4,32,2,982,0,0.20000000298023224,-0.20000000298023224,300,0bfe38b55a35001adceea50f5e698a778f89aece
a1_sft_s0_task4_accum20_joint15_lr2.5e-7,98,4,33,3,983,0,0.20000000298023224,-0.20000000298023224,300,0bfe38b55a35001adceea50f5e698a778f89aece
a1_sft_s0_task4_accum20_joint15_lr2.5e-7,98,4,34,4,984,1,0.6000000238418579,0.3999999761581421,76,0bfe38b55a35001adceea50f5e698a778f89aece
a1_sft_s0_task4_accum20_joint15_lr2.5e-7,98,4,35,5,985,1,1.0,0.0,74,0bfe38b55a35001adceea50f5e698a778f89aece
a1_sft_s0_task4_accum20_joint15_lr2.5e-7,98,4,36,6,986,1,1.0,0.0,80,0bfe38b55a35001adceea50f5e698a778f89aece
a1_sft_s0_task4_accum20_joint15_lr2.5e-7,98,4,37,7,987,0,0.800000011920929,-0.800000011920929,300,0bfe38b55a35001adceea50f5e698a778f89aece
a1_sft_s0_task4_accum20_joint15_lr2.5e-7,98,4,38,8,988,0,0.0,0.0,300,0bfe38b55a35001adceea50f5e698a778f89aece
a1_sft_s0_task4_accum20_joint15_lr2.5e-7,98,4,39,9,989,0,0.0,0.0,300,0bfe38b55a35001adceea50f5e698a778f89aece
a1_sft_s0_task4_accum20_joint15_lr2.5e-7,99,4,40,0,990,0,0.0,0.0,300,0bfe38b55a35001adceea50f5e698a778f89aece
a1_sft_s0_task4_accum20_joint15_lr2.5e-7,99,4,41,1,991,1,1.0,0.0,80,0bfe38b55a35001adceea50f5e698a778f89aece
a1_sft_s0_task4_accum20_joint15_lr2.5e-7,99,4,42,2,992,1,1.0,0.0,79,0bfe38b55a35001adceea50f5e698a778f89aece
a1_sft_s0_task4_accum20_joint15_lr2.5e-7,99,4,43,3,993,1,1.0,0.0,83,0bfe38b55a35001adceea50f5e698a778f89aece
a1_sft_s0_task4_accum20_joint15_lr2.5e-7,99,4,44,4,994,1,0.4000000059604645,0.6000000238418579,80,0bfe38b55a35001adceea50f5e698a778f89aece
a1_sft_s0_task4_accum20_joint15_lr2.5e-7,99,4,45,5,995,0,1.0,-1.0,300,0bfe38b55a35001adceea50f5e698a778f89aece
a1_sft_s0_task4_accum20_joint15_lr2.5e-7,99,4,46,6,996,1,0.6000000238418579,0.3999999761581421,81,0bfe38b55a35001adceea50f5e698a778f89aece
a1_sft_s0_task4_accum20_joint15_lr2.5e-7,99,4,47,7,997,0,0.0,0.0,300,0bfe38b55a35001adceea50f5e698a778f89aece
a1_sft_s0_task4_accum20_joint15_lr2.5e-7,99,4,48,8,998,0,0.20000000298023224,-0.20000000298023224,300,0bfe38b55a35001adceea50f5e698a778f89aece
a1_sft_s0_task4_accum20_joint15_lr2.5e-7,99,4,49,9,999,1,0.800000011920929,0.19999998807907104,88,0bfe38b55a35001adceea50f5e698a778f89aece
a1_sft_s0_task4_accum20_joint15_lr2.5e-7,100,4,0,0,1000,0,0.0,0.0,300,0bfe38b55a35001adceea50f5e698a778f89aece
a1_sft_s0_task4_accum20_joint15_lr2.5e-7,100,4,1,1,1001,1,1.0,0.0,87,0bfe38b55a35001adceea50f5e698a778f89aece
a1_sft_s0_task4_accum20_joint15_lr2.5e-7,100,4,2,2,1002,1,1.0,0.0,81,0bfe38b55a35001adceea50f5e698a778f89aece
a1_sft_s0_task4_accum20_joint15_lr2.5e-7,100,4,3,3,1003,0,0.800000011920929,-0.800000011920929,300,0bfe38b55a35001adceea50f5e698a778f89aece
a1_sft_s0_task4_accum20_joint15_lr2.5e-7,100,4,4,4,1004,1,0.4000000059604645,0.6000000238418579,76,0bfe38b55a35001adceea50f5e698a778f89aece
a1_sft_s0_task4_accum20_joint15_lr2.5e-7,100,4,5,5,1005,1,0.6000000238418579,0.3999999761581421,85,0bfe38b55a35001adceea50f5e698a778f89aece
a1_sft_s0_task4_accum20_joint15_lr2.5e-7,100,4,6,6,1006,0,0.0,0.0,300,0bfe38b55a35001adceea50f5e698a778f89aece
a1_sft_s0_task4_accum20_joint15_lr2.5e-7,100,4,7,7,1007,1,0.6000000238418579,0.3999999761581421,80,0bfe38b55a35001adceea50f5e698a778f89aece
a1_sft_s0_task4_accum20_joint15_lr2.5e-7,100,4,8,8,1008,0,0.0,0.0,300,0bfe38b55a35001adceea50f5e698a778f89aece
a1_sft_s0_task4_accum20_joint15_lr2.5e-7,100,4,9,9,1009,0,0.6000000238418579,-0.6000000238418579,300,0bfe38b55a35001adceea50f5e698a778f89aece
a1_sft_s0_task4_accum20_joint15_lr2.5e-7,101,4,10,0,1010,0,0.0,0.0,300,0bfe38b55a35001adceea50f5e698a778f89aece
a1_sft_s0_task4_accum20_joint15_lr2.5e-7,101,4,11,1,1011,0,0.4000000059604645,-0.4000000059604645,300,0bfe38b55a35001adceea50f5e698a778f89aece
a1_sft_s0_task4_accum20_joint15_lr2.5e-7,101,4,12,2,1012,1,0.800000011920929,0.19999998807907104,75,0bfe38b55a35001adceea50f5e698a778f89aece
a1_sft_s0_task4_accum20_joint15_lr2.5e-7,101,4,13,3,1013,1,1.0,0.0,79,0bfe38b55a35001adceea50f5e698a778f89aece
a1_sft_s0_task4_accum20_joint15_lr2.5e-7,101,4,14,4,1014,0,0.0,0.0,300,0bfe38b55a35001adceea50f5e698a778f89aece
a1_sft_s0_task4_accum20_joint15_lr2.5e-7,101,4,15,5,1015,1,1.0,0.0,91,0bfe38b55a35001adceea50f5e698a778f89aece
a1_sft_s0_task4_accum20_joint15_lr2.5e-7,101,4,16,6,1016,1,1.0,0.0,79,0bfe38b55a35001adceea50f5e698a778f89aece
a1_sft_s0_task4_accum20_joint15_lr2.5e-7,101,4,17,7,1017,1,0.800000011920929,0.19999998807907104,91,0bfe38b55a35001adceea50f5e698a778f89aece
a1_sft_s0_task4_accum20_joint15_lr2.5e-7,101,4,18,8,1018,0,0.20000000298023224,-0.20000000298023224,300,0bfe38b55a35001adceea50f5e698a778f89aece
a1_sft_s0_task4_accum20_joint15_lr2.5e-7,101,4,19,9,1019,0,0.0,0.0,300,0bfe38b55a35001adceea50f5e698a778f89aece
a1_sft_s0_task4_accum20_joint15_lr2.5e-7,102,4,20,0,1020,0,0.800000011920929,-0.800000011920929,300,0bfe38b55a35001adceea50f5e698a778f89aece
a1_sft_s0_task4_accum20_joint15_lr2.5e-7,102,4,21,1,1021,1,1.0,0.0,81,0bfe38b55a35001adceea50f5e698a778f89aece
a1_sft_s0_task4_accum20_joint15_lr2.5e-7,102,4,22,2,1022,0,0.0,0.0,300,0bfe38b55a35001adceea50f5e698a778f89aece
a1_sft_s0_task4_accum20_joint15_lr2.5e-7,102,4,23,3,1023,0,0.6000000238418579,-0.6000000238418579,300,0bfe38b55a35001adceea50f5e698a778f89aece
a1_sft_s0_task4_accum20_joint15_lr2.5e-7,102,4,24,4,1024,0,0.0,0.0,300,0bfe38b55a35001adceea50f5e698a778f89aece
a1_sft_s0_task4_accum20_joint15_lr2.5e-7,102,4,25,5,1025,1,0.4000000059604645,0.6000000238418579,78,0bfe38b55a35001adceea50f5e698a778f89aece
a1_sft_s0_task4_accum20_joint15_lr2.5e-7,102,4,26,6,1026,0,0.800000011920929,-0.800000011920929,300,0bfe38b55a35001adceea50f5e698a778f89aece
a1_sft_s0_task4_accum20_joint15_lr2.5e-7,102,4,27,7,1027,1,1.0,0.0,78,0bfe38b55a35001adceea50f5e698a778f89aece
a1_sft_s0_task4_accum20_joint15_lr2.5e-7,102,4,28,8,1028,1,1.0,0.0,76,0bfe38b55a35001adceea50f5e698a778f89aece
a1_sft_s0_task4_accum20_joint15_lr2.5e-7,102,4,29,9,1029,0,0.6000000238418579,-0.6000000238418579,300,0bfe38b55a35001adceea50f5e698a778f89aece
a1_sft_s0_task4_accum20_joint15_lr2.5e-7,103,4,30,0,1030,1,0.800000011920929,0.19999998807907104,77,0bfe38b55a35001adceea50f5e698a778f89aece
a1_sft_s0_task4_accum20_joint15_lr2.5e-7,103,4,31,1,1031,1,1.0,0.0,86,0bfe38b55a35001adceea50f5e698a778f89aece
a1_sft_s0_task4_accum20_joint15_lr2.5e-7,103,4,32,2,1032,0,0.20000000298023224,-0.20000000298023224,300,0bfe38b55a35001adceea50f5e698a778f89aece
a1_sft_s0_task4_accum20_joint15_lr2.5e-7,103,4,33,3,1033,0,0.20000000298023224,-0.20000000298023224,300,0bfe38b55a35001adceea50f5e698a778f89aece
a1_sft_s0_task4_accum20_joint15_lr2.5e-7,103,4,34,4,1034,1,0.6000000238418579,0.3999999761581421,78,0bfe38b55a35001adceea50f5e698a778f89aece
a1_sft_s0_task4_accum20_joint15_lr2.5e-7,103,4,35,5,1035,1,1.0,0.0,76,0bfe38b55a35001adceea50f5e698a778f89aece
a1_sft_s0_task4_accum20_joint15_lr2.5e-7,103,4,36,6,1036,1,1.0,0.0,85,0bfe38b55a35001adceea50f5e698a778f89aece
a1_sft_s0_task4_accum20_joint15_lr2.5e-7,103,4,37,7,1037,1,0.800000011920929,0.19999998807907104,82,0bfe38b55a35001adceea50f5e698a778f89aece
a1_sft_s0_task4_accum20_joint15_lr2.5e-7,103,4,38,8,1038,0,0.0,0.0,300,0bfe38b55a35001adceea50f5e698a778f89aece
a1_sft_s0_task4_accum20_joint15_lr2.5e-7,103,4,39,9,1039,0,0.0,0.0,300,0bfe38b55a35001adceea50f5e698a778f89aece
a1_sft_s0_task4_accum20_joint15_lr2.5e-7,104,4,40,0,1040,0,0.0,0.0,300,0bfe38b55a35001adceea50f5e698a778f89aece
a1_sft_s0_task4_accum20_joint15_lr2.5e-7,104,4,41,1,1041,1,1.0,0.0,76,0bfe38b55a35001adceea50f5e698a778f89aece
a1_sft_s0_task4_accum20_joint15_lr2.5e-7,104,4,42,2,1042,0,1.0,-1.0,300,0bfe38b55a35001adceea50f5e698a778f89aece
a1_sft_s0_task4_accum20_joint15_lr2.5e-7,104,4,43,3,1043,1,1.0,0.0,82,0bfe38b55a35001adceea50f5e698a778f89aece
a1_sft_s0_task4_accum20_joint15_lr2.5e-7,104,4,44,4,1044,1,0.6000000238418579,0.3999999761581421,86,0bfe38b55a35001adceea50f5e698a778f89aece
a1_sft_s0_task4_accum20_joint15_lr2.5e-7,104,4,45,5,1045,1,0.800000011920929,0.19999998807907104,75,0bfe38b55a35001adceea50f5e698a778f89aece
a1_sft_s0_task4_accum20_joint15_lr2.5e-7,104,4,46,6,1046,1,0.6000000238418579,0.3999999761581421,85,0bfe38b55a35001adceea50f5e698a778f89aece
a1_sft_s0_task4_accum20_joint15_lr2.5e-7,104,4,47,7,1047,0,0.0,0.0,300,0bfe38b55a35001adceea50f5e698a778f89aece
a1_sft_s0_task4_accum20_joint15_lr2.5e-7,104,4,48,8,1048,0,0.20000000298023224,-0.20000000298023224,300,0bfe38b55a35001adceea50f5e698a778f89aece
a1_sft_s0_task4_accum20_joint15_lr2.5e-7,104,4,49,9,1049,1,0.800000011920929,0.19999998807907104,78,0bfe38b55a35001adceea50f5e698a778f89aece
a1_sft_s0_task4_accum20_joint15_lr2.5e-7,105,4,0,0,1050,0,0.0,0.0,300,0bfe38b55a35001adceea50f5e698a778f89aece
a1_sft_s0_task4_accum20_joint15_lr2.5e-7,105,4,1,1,1051,1,1.0,0.0,88,0bfe38b55a35001adceea50f5e698a778f89aece
a1_sft_s0_task4_accum20_joint15_lr2.5e-7,105,4,2,2,1052,1,1.0,0.0,80,0bfe38b55a35001adceea50f5e698a778f89aece
a1_sft_s0_task4_accum20_joint15_lr2.5e-7,105,4,3,3,1053,1,0.6000000238418579,0.3999999761581421,79,0bfe38b55a35001adceea50f5e698a778f89aece
a1_sft_s0_task4_accum20_joint15_lr2.5e-7,105,4,4,4,1054,0,0.6000000238418579,-0.6000000238418579,300,0bfe38b55a35001adceea50f5e698a778f89aece
a1_sft_s0_task4_accum20_joint15_lr2.5e-7,105,4,5,5,1055,1,0.800000011920929,0.19999998807907104,80,0bfe38b55a35001adceea50f5e698a778f89aece
a1_sft_s0_task4_accum20_joint15_lr2.5e-7,105,4,6,6,1056,0,0.0,0.0,300,0bfe38b55a35001adceea50f5e698a778f89aece
a1_sft_s0_task4_accum20_joint15_lr2.5e-7,105,4,7,7,1057,1,0.800000011920929,0.19999998807907104,82,0bfe38b55a35001adceea50f5e698a778f89aece
a1_sft_s0_task4_accum20_joint15_lr2.5e-7,105,4,8,8,1058,0,0.0,0.0,300,0bfe38b55a35001adceea50f5e698a778f89aece
a1_sft_s0_task4_accum20_joint15_lr2.5e-7,105,4,9,9,1059,1,0.6000000238418579,0.3999999761581421,76,0bfe38b55a35001adceea50f5e698a778f89aece
a1_sft_s0_task4_accum20_joint15_lr2.5e-7,106,4,10,0,1060,0,0.0,0.0,300,0bfe38b55a35001adceea50f5e698a778f89aece
a1_sft_s0_task4_accum20_joint15_lr2.5e-7,106,4,11,1,1061,0,0.4000000059604645,-0.4000000059604645,300,0bfe38b55a35001adceea50f5e698a778f89aece
a1_sft_s0_task4_accum20_joint15_lr2.5e-7,106,4,12,2,1062,1,0.800000011920929,0.19999998807907104,81,0bfe38b55a35001adceea50f5e698a778f89aece
a1_sft_s0_task4_accum20_joint15_lr2.5e-7,106,4,13,3,1063,1,1.0,0.0,76,0bfe38b55a35001adceea50f5e698a778f89aece
a1_sft_s0_task4_accum20_joint15_lr2.5e-7,106,4,14,4,1064,0,0.0,0.0,300,0bfe38b55a35001adceea50f5e698a778f89aece
a1_sft_s0_task4_accum20_joint15_lr2.5e-7,106,4,15,5,1065,1,1.0,0.0,80,0bfe38b55a35001adceea50f5e698a778f89aece
a1_sft_s0_task4_accum20_joint15_lr2.5e-7,106,4,16,6,1066,1,1.0,0.0,78,0bfe38b55a35001adceea50f5e698a778f89aece
a1_sft_s0_task4_accum20_joint15_lr2.5e-7,106,4,17,7,1067,0,0.800000011920929,-0.800000011920929,300,0bfe38b55a35001adceea50f5e698a778f89aece
a1_sft_s0_task4_accum20_joint15_lr2.5e-7,106,4,18,8,1068,0,0.0,0.0,300,0bfe38b55a35001adceea50f5e698a778f89aece
a1_sft_s0_task4_accum20_joint15_lr2.5e-7,106,4,19,9,1069,1,0.0,1.0,79,0bfe38b55a35001adceea50f5e698a778f89aece
a1_sft_s0_task4_accum20_joint15_lr2.5e-7,107,4,20,0,1070,1,0.6000000238418579,0.3999999761581421,88,0bfe38b55a35001adceea50f5e698a778f89aece
a1_sft_s0_task4_accum20_joint15_lr2.5e-7,107,4,21,1,1071,1,1.0,0.0,78,0bfe38b55a35001adceea50f5e698a778f89aece
a1_sft_s0_task4_accum20_joint15_lr2.5e-7,107,4,22,2,1072,0,0.0,0.0,300,0bfe38b55a35001adceea50f5e698a778f89aece
a1_sft_s0_task4_accum20_joint15_lr2.5e-7,107,4,23,3,1073,0,0.6000000238418579,-0.6000000238418579,300,0bfe38b55a35001adceea50f5e698a778f89aece
a1_sft_s0_task4_accum20_joint15_lr2.5e-7,107,4,24,4,1074,0,0.0,0.0,300,0bfe38b55a35001adceea50f5e698a778f89aece
a1_sft_s0_task4_accum20_joint15_lr2.5e-7,107,4,25,5,1075,1,0.6000000238418579,0.3999999761581421,79,0bfe38b55a35001adceea50f5e698a778f89aece
a1_sft_s0_task4_accum20_joint15_lr2.5e-7,107,4,26,6,1076,1,0.6000000238418579,0.3999999761581421,77,0bfe38b55a35001adceea50f5e698a778f89aece
a1_sft_s0_task4_accum20_joint15_lr2.5e-7,107,4,27,7,1077,1,1.0,0.0,79,0bfe38b55a35001adceea50f5e698a778f89aece
a1_sft_s0_task4_accum20_joint15_lr2.5e-7,107,4,28,8,1078,1,1.0,0.0,81,0bfe38b55a35001adceea50f5e698a778f89aece
a1_sft_s0_task4_accum20_joint15_lr2.5e-7,107,4,29,9,1079,1,0.4000000059604645,0.6000000238418579,80,0bfe38b55a35001adceea50f5e698a778f89aece
a1_sft_s0_task4_accum20_joint15_lr2.5e-7,108,4,30,0,1080,1,0.800000011920929,0.19999998807907104,75,0bfe38b55a35001adceea50f5e698a778f89aece
a1_sft_s0_task4_accum20_joint15_lr2.5e-7,108,4,31,1,1081,1,1.0,0.0,84,0bfe38b55a35001adceea50f5e698a778f89aece
a1_sft_s0_task4_accum20_joint15_lr2.5e-7,108,4,32,2,1082,1,0.20000000298023224,0.800000011920929,82,0bfe38b55a35001adceea50f5e698a778f89aece
a1_sft_s0_task4_accum20_joint15_lr2.5e-7,108,4,33,3,1083,1,0.20000000298023224,0.800000011920929,77,0bfe38b55a35001adceea50f5e698a778f89aece
a1_sft_s0_task4_accum20_joint15_lr2.5e-7,108,4,34,4,1084,1,0.800000011920929,0.19999998807907104,80,0bfe38b55a35001adceea50f5e698a778f89aece
a1_sft_s0_task4_accum20_joint15_lr2.5e-7,108,4,35,5,1085,1,1.0,0.0,80,0bfe38b55a35001adceea50f5e698a778f89aece
a1_sft_s0_task4_accum20_joint15_lr2.5e-7,108,4,36,6,1086,0,1.0,-1.0,300,0bfe38b55a35001adceea50f5e698a778f89aece
a1_sft_s0_task4_accum20_joint15_lr2.5e-7,108,4,37,7,1087,0,0.800000011920929,-0.800000011920929,300,0bfe38b55a35001adceea50f5e698a778f89aece
a1_sft_s0_task4_accum20_joint15_lr2.5e-7,108,4,38,8,1088,0,0.0,0.0,300,0bfe38b55a35001adceea50f5e698a778f89aece
a1_sft_s0_task4_accum20_joint15_lr2.5e-7,108,4,39,9,1089,0,0.0,0.0,300,0bfe38b55a35001adceea50f5e698a778f89aece
a1_sft_s0_task4_accum20_joint15_lr2.5e-7,109,4,40,0,1090,0,0.0,0.0,300,0bfe38b55a35001adceea50f5e698a778f89aece
a1_sft_s0_task4_accum20_joint15_lr2.5e-7,109,4,41,1,1091,1,1.0,0.0,88,0bfe38b55a35001adceea50f5e698a778f89aece
a1_sft_s0_task4_accum20_joint15_lr2.5e-7,109,4,42,2,1092,1,0.800000011920929,0.19999998807907104,73,0bfe38b55a35001adceea50f5e698a778f89aece
a1_sft_s0_task4_accum20_joint15_lr2.5e-7,109,4,43,3,1093,1,1.0,0.0,81,0bfe38b55a35001adceea50f5e698a778f89aece
a1_sft_s0_task4_accum20_joint15_lr2.5e-7,109,4,44,4,1094,0,0.800000011920929,-0.800000011920929,300,0bfe38b55a35001adceea50f5e698a778f89aece
a1_sft_s0_task4_accum20_joint15_lr2.5e-7,109,4,45,5,1095,1,0.800000011920929,0.19999998807907104,82,0bfe38b55a35001adceea50f5e698a778f89aece
a1_sft_s0_task4_accum20_joint15_lr2.5e-7,109,4,46,6,1096,1,0.800000011920929,0.19999998807907104,82,0bfe38b55a35001adceea50f5e698a778f89aece
a1_sft_s0_task4_accum20_joint15_lr2.5e-7,109,4,47,7,1097,0,0.0,0.0,300,0bfe38b55a35001adceea50f5e698a778f89aece
a1_sft_s0_task4_accum20_joint15_lr2.5e-7,109,4,48,8,1098,0,0.0,0.0,300,0bfe38b55a35001adceea50f5e698a778f89aece
a1_sft_s0_task4_accum20_joint15_lr2.5e-7,109,4,49,9,1099,1,0.800000011920929,0.19999998807907104,88,0bfe38b55a35001adceea50f5e698a778f89aece
a1_sft_s0_task4_accum20_joint15_lr2.5e-7,110,4,0,0,1100,0,0.0,0.0,300,0bfe38b55a35001adceea50f5e698a778f89aece
a1_sft_s0_task4_accum20_joint15_lr2.5e-7,110,4,1,1,1101,1,1.0,0.0,84,0bfe38b55a35001adceea50f5e698a778f89aece
a1_sft_s0_task4_accum20_joint15_lr2.5e-7,110,4,2,2,1102,1,1.0,0.0,86,0bfe38b55a35001adceea50f5e698a778f89aece
a1_sft_s0_task4_accum20_joint15_lr2.5e-7,110,4,3,3,1103,1,0.6000000238418579,0.3999999761581421,70,0bfe38b55a35001adceea50f5e698a778f89aece
a1_sft_s0_task4_accum20_joint15_lr2.5e-7,110,4,4,4,1104,0,0.4000000059604645,-0.4000000059604645,300,0bfe38b55a35001adceea50f5e698a778f89aece
a1_sft_s0_task4_accum20_joint15_lr2.5e-7,110,4,5,5,1105,1,1.0,0.0,81,0bfe38b55a35001adceea50f5e698a778f89aece
a1_sft_s0_task4_accum20_joint15_lr2.5e-7,110,4,6,6,1106,0,0.0,0.0,300,0bfe38b55a35001adceea50f5e698a778f89aece
a1_sft_s0_task4_accum20_joint15_lr2.5e-7,110,4,7,7,1107,1,0.800000011920929,0.19999998807907104,85,0bfe38b55a35001adceea50f5e698a778f89aece
a1_sft_s0_task4_accum20_joint15_lr2.5e-7,110,4,8,8,1108,0,0.0,0.0,300,0bfe38b55a35001adceea50f5e698a778f89aece
a1_sft_s0_task4_accum20_joint15_lr2.5e-7,110,4,9,9,1109,0,0.6000000238418579,-0.6000000238418579,300,0bfe38b55a35001adceea50f5e698a778f89aece
a1_sft_s0_task4_accum20_joint15_lr2.5e-7,111,4,10,0,1110,0,0.0,0.0,300,0bfe38b55a35001adceea50f5e698a778f89aece
a1_sft_s0_task4_accum20_joint15_lr2.5e-7,111,4,11,1,1111,0,0.20000000298023224,-0.20000000298023224,300,0bfe38b55a35001adceea50f5e698a778f89aece
a1_sft_s0_task4_accum20_joint15_lr2.5e-7,111,4,12,2,1112,1,1.0,0.0,75,0bfe38b55a35001adceea50f5e698a778f89aece
a1_sft_s0_task4_accum20_joint15_lr2.5e-7,111,4,13,3,1113,1,1.0,0.0,79,0bfe38b55a35001adceea50f5e698a778f89aece
a1_sft_s0_task4_accum20_joint15_lr2.5e-7,111,4,14,4,1114,0,0.0,0.0,300,0bfe38b55a35001adceea50f5e698a778f89aece
a1_sft_s0_task4_accum20_joint15_lr2.5e-7,111,4,15,5,1115,1,1.0,0.0,86,0bfe38b55a35001adceea50f5e698a778f89aece
a1_sft_s0_task4_accum20_joint15_lr2.5e-7,111,4,16,6,1116,1,1.0,0.0,77,0bfe38b55a35001adceea50f5e698a778f89aece
a1_sft_s0_task4_accum20_joint15_lr2.5e-7,111,4,17,7,1117,1,0.6000000238418579,0.3999999761581421,92,0bfe38b55a35001adceea50f5e698a778f89aece
a1_sft_s0_task4_accum20_joint15_lr2.5e-7,111,4,18,8,1118,0,0.0,0.0,300,0bfe38b55a35001adceea50f5e698a778f89aece
a1_sft_s0_task4_accum20_joint15_lr2.5e-7,111,4,19,9,1119,0,0.20000000298023224,-0.20000000298023224,300,0bfe38b55a35001adceea50f5e698a778f89aece
a1_sft_s0_task4_accum20_joint15_lr2.5e-7,112,4,20,0,1120,1,0.6000000238418579,0.3999999761581421,79,0bfe38b55a35001adceea50f5e698a778f89aece
a1_sft_s0_task4_accum20_joint15_lr2.5e-7,112,4,21,1,1121,1,1.0,0.0,86,0bfe38b55a35001adceea50f5e698a778f89aece
a1_sft_s0_task4_accum20_joint15_lr2.5e-7,112,4,22,2,1122,0,0.0,0.0,300,0bfe38b55a35001adceea50f5e698a778f89aece
a1_sft_s0_task4_accum20_joint15_lr2.5e-7,112,4,23,3,1123,0,0.4000000059604645,-0.4000000059604645,300,0bfe38b55a35001adceea50f5e698a778f89aece
a1_sft_s0_task4_accum20_joint15_lr2.5e-7,112,4,24,4,1124,0,0.0,0.0,300,0bfe38b55a35001adceea50f5e698a778f89aece
a1_sft_s0_task4_accum20_joint15_lr2.5e-7,112,4,25,5,1125,0,0.800000011920929,-0.800000011920929,300,0bfe38b55a35001adceea50f5e698a778f89aece
a1_sft_s0_task4_accum20_joint15_lr2.5e-7,112,4,26,6,1126,1,0.6000000238418579,0.3999999761581421,85,0bfe38b55a35001adceea50f5e698a778f89aece
a1_sft_s0_task4_accum20_joint15_lr2.5e-7,112,4,27,7,1127,1,1.0,0.0,85,0bfe38b55a35001adceea50f5e698a778f89aece
a1_sft_s0_task4_accum20_joint15_lr2.5e-7,112,4,28,8,1128,1,1.0,0.0,79,0bfe38b55a35001adceea50f5e698a778f89aece
a1_sft_s0_task4_accum20_joint15_lr2.5e-7,112,4,29,9,1129,1,0.6000000238418579,0.3999999761581421,93,0bfe38b55a35001adceea50f5e698a778f89aece
a1_sft_s0_task4_accum20_joint15_lr2.5e-7,113,4,30,0,1130,0,1.0,-1.0,300,0bfe38b55a35001adceea50f5e698a778f89aece
a1_sft_s0_task4_accum20_joint15_lr2.5e-7,113,4,31,1,1131,1,1.0,0.0,81,0bfe38b55a35001adceea50f5e698a778f89aece
a1_sft_s0_task4_accum20_joint15_lr2.5e-7,113,4,32,2,1132,0,0.4000000059604645,-0.4000000059604645,300,0bfe38b55a35001adceea50f5e698a778f89aece
a1_sft_s0_task4_accum20_joint15_lr2.5e-7,113,4,33,3,1133,1,0.20000000298023224,0.800000011920929,79,0bfe38b55a35001adceea50f5e698a778f89aece
a1_sft_s0_task4_accum20_joint15_lr2.5e-7,113,4,34,4,1134,1,0.800000011920929,0.19999998807907104,78,0bfe38b55a35001adceea50f5e698a778f89aece
a1_sft_s0_task4_accum20_joint15_lr2.5e-7,113,4,35,5,1135,1,1.0,0.0,77,0bfe38b55a35001adceea50f5e698a778f89aece
a1_sft_s0_task4_accum20_joint15_lr2.5e-7,113,4,36,6,1136,1,0.800000011920929,0.19999998807907104,81,0bfe38b55a35001adceea50f5e698a778f89aece
a1_sft_s0_task4_accum20_joint15_lr2.5e-7,113,4,37,7,1137,0,0.6000000238418579,-0.6000000238418579,300,0bfe38b55a35001adceea50f5e698a778f89aece
a1_sft_s0_task4_accum20_joint15_lr2.5e-7,113,4,38,8,1138,0,0.0,0.0,300,0bfe38b55a35001adceea50f5e698a778f89aece
a1_sft_s0_task4_accum20_joint15_lr2.5e-7,113,4,39,9,1139,0,0.0,0.0,300,0bfe38b55a35001adceea50f5e698a778f89aece
a1_sft_s0_task4_accum20_joint15_lr2.5e-7,114,4,40,0,1140,0,0.0,0.0,300,0bfe38b55a35001adceea50f5e698a778f89aece
a1_sft_s0_task4_accum20_joint15_lr2.5e-7,114,4,41,1,1141,1,1.0,0.0,76,0bfe38b55a35001adceea50f5e698a778f89aece
a1_sft_s0_task4_accum20_joint15_lr2.5e-7,114,4,42,2,1142,1,0.800000011920929,0.19999998807907104,83,0bfe38b55a35001adceea50f5e698a778f89aece
a1_sft_s0_task4_accum20_joint15_lr2.5e-7,114,4,43,3,1143,1,1.0,0.0,81,0bfe38b55a35001adceea50f5e698a778f89aece
a1_sft_s0_task4_accum20_joint15_lr2.5e-7,114,4,44,4,1144,1,0.800000011920929,0.19999998807907104,80,0bfe38b55a35001adceea50f5e698a778f89aece
a1_sft_s0_task4_accum20_joint15_lr2.5e-7,114,4,45,5,1145,1,0.800000011920929,0.19999998807907104,79,0bfe38b55a35001adceea50f5e698a778f89aece
a1_sft_s0_task4_accum20_joint15_lr2.5e-7,114,4,46,6,1146,1,0.800000011920929,0.19999998807907104,81,0bfe38b55a35001adceea50f5e698a778f89aece
a1_sft_s0_task4_accum20_joint15_lr2.5e-7,114,4,47,7,1147,0,0.0,0.0,300,0bfe38b55a35001adceea50f5e698a778f89aece
a1_sft_s0_task4_accum20_joint15_lr2.5e-7,114,4,48,8,1148,0,0.0,0.0,300,0bfe38b55a35001adceea50f5e698a778f89aece
a1_sft_s0_task4_accum20_joint15_lr2.5e-7,114,4,49,9,1149,0,1.0,-1.0,300,0bfe38b55a35001adceea50f5e698a778f89aece
a1_sft_s0_task4_accum20_joint15_lr2.5e-7,115,4,0,0,1150,0,0.0,0.0,300,0bfe38b55a35001adceea50f5e698a778f89aece
a1_sft_s0_task4_accum20_joint15_lr2.5e-7,115,4,1,1,1151,1,1.0,0.0,85,0bfe38b55a35001adceea50f5e698a778f89aece
a1_sft_s0_task4_accum20_joint15_lr2.5e-7,115,4,2,2,1152,1,1.0,0.0,80,0bfe38b55a35001adceea50f5e698a778f89aece
a1_sft_s0_task4_accum20_joint15_lr2.5e-7,115,4,3,3,1153,0,0.6000000238418579,-0.6000000238418579,300,0bfe38b55a35001adceea50f5e698a778f89aece
a1_sft_s0_task4_accum20_joint15_lr2.5e-7,115,4,4,4,1154,0,0.20000000298023224,-0.20000000298023224,300,0bfe38b55a35001adceea50f5e698a778f89aece
a1_sft_s0_task4_accum20_joint15_lr2.5e-7,115,4,5,5,1155,1,1.0,0.0,84,0bfe38b55a35001adceea50f5e698a778f89aece
a1_sft_s0_task4_accum20_joint15_lr2.5e-7,115,4,6,6,1156,0,0.0,0.0,300,0bfe38b55a35001adceea50f5e698a778f89aece
a1_sft_s0_task4_accum20_joint15_lr2.5e-7,115,4,7,7,1157,1,1.0,0.0,79,0bfe38b55a35001adceea50f5e698a778f89aece
a1_sft_s0_task4_accum20_joint15_lr2.5e-7,115,4,8,8,1158,0,0.0,0.0,300,0bfe38b55a35001adceea50f5e698a778f89aece
a1_sft_s0_task4_accum20_joint15_lr2.5e-7,115,4,9,9,1159,0,0.4000000059604645,-0.4000000059604645,300,0bfe38b55a35001adceea50f5e698a778f89aece
a1_sft_s0_task4_accum20_joint15_lr2.5e-7,116,4,10,0,1160,0,0.0,0.0,300,0bfe38b55a35001adceea50f5e698a778f89aece
a1_sft_s0_task4_accum20_joint15_lr2.5e-7,116,4,11,1,1161,1,0.20000000298023224,0.800000011920929,82,0bfe38b55a35001adceea50f5e698a778f89aece
a1_sft_s0_task4_accum20_joint15_lr2.5e-7,116,4,12,2,1162,1,1.0,0.0,79,0bfe38b55a35001adceea50f5e698a778f89aece
a1_sft_s0_task4_accum20_joint15_lr2.5e-7,116,4,13,3,1163,1,1.0,0.0,77,0bfe38b55a35001adceea50f5e698a778f89aece
a1_sft_s0_task4_accum20_joint15_lr2.5e-7,116,4,14,4,1164,1,0.0,1.0,78,0bfe38b55a35001adceea50f5e698a778f89aece
a1_sft_s0_task4_accum20_joint15_lr2.5e-7,116,4,15,5,1165,1,1.0,0.0,76,0bfe38b55a35001adceea50f5e698a778f89aece
a1_sft_s0_task4_accum20_joint15_lr2.5e-7,116,4,16,6,1166,0,1.0,-1.0,300,0bfe38b55a35001adceea50f5e698a778f89aece
a1_sft_s0_task4_accum20_joint15_lr2.5e-7,116,4,17,7,1167,0,0.6000000238418579,-0.6000000238418579,300,0bfe38b55a35001adceea50f5e698a778f89aece
a1_sft_s0_task4_accum20_joint15_lr2.5e-7,116,4,18,8,1168,0,0.0,0.0,300,0bfe38b55a35001adceea50f5e698a778f89aece
a1_sft_s0_task4_accum20_joint15_lr2.5e-7,116,4,19,9,1169,1,0.20000000298023224,0.800000011920929,77,0bfe38b55a35001adceea50f5e698a778f89aece
a1_sft_s0_task4_accum20_joint15_lr2.5e-7,117,4,20,0,1170,1,0.6000000238418579,0.3999999761581421,80,0bfe38b55a35001adceea50f5e698a778f89aece
a1_sft_s0_task4_accum20_joint15_lr2.5e-7,117,4,21,1,1171,1,1.0,0.0,84,0bfe38b55a35001adceea50f5e698a778f89aece
a1_sft_s0_task4_accum20_joint15_lr2.5e-7,117,4,22,2,1172,0,0.0,0.0,300,0bfe38b55a35001adceea50f5e698a778f89aece
a1_sft_s0_task4_accum20_joint15_lr2.5e-7,117,4,23,3,1173,1,0.20000000298023224,0.800000011920929,84,0bfe38b55a35001adceea50f5e698a778f89aece
a1_sft_s0_task4_accum20_joint15_lr2.5e-7,117,4,24,4,1174,0,0.0,0.0,300,0bfe38b55a35001adceea50f5e698a778f89aece
a1_sft_s0_task4_accum20_joint15_lr2.5e-7,117,4,25,5,1175,0,0.6000000238418579,-0.6000000238418579,300,0bfe38b55a35001adceea50f5e698a778f89aece
a1_sft_s0_task4_accum20_joint15_lr2.5e-7,117,4,26,6,1176,1,0.6000000238418579,0.3999999761581421,80,0bfe38b55a35001adceea50f5e698a778f89aece
a1_sft_s0_task4_accum20_joint15_lr2.5e-7,117,4,27,7,1177,1,1.0,0.0,88,0bfe38b55a35001adceea50f5e698a778f89aece
a1_sft_s0_task4_accum20_joint15_lr2.5e-7,117,4,28,8,1178,1,1.0,0.0,85,0bfe38b55a35001adceea50f5e698a778f89aece
a1_sft_s0_task4_accum20_joint15_lr2.5e-7,117,4,29,9,1179,1,0.6000000238418579,0.3999999761581421,76,0bfe38b55a35001adceea50f5e698a778f89aece
a1_sft_s0_task4_accum20_joint15_lr2.5e-7,118,4,30,0,1180,1,0.800000011920929,0.19999998807907104,84,0bfe38b55a35001adceea50f5e698a778f89aece
a1_sft_s0_task4_accum20_joint15_lr2.5e-7,118,4,31,1,1181,1,1.0,0.0,82,0bfe38b55a35001adceea50f5e698a778f89aece
a1_sft_s0_task4_accum20_joint15_lr2.5e-7,118,4,32,2,1182,0,0.20000000298023224,-0.20000000298023224,300,0bfe38b55a35001adceea50f5e698a778f89aece
a1_sft_s0_task4_accum20_joint15_lr2.5e-7,118,4,33,3,1183,0,0.4000000059604645,-0.4000000059604645,300,0bfe38b55a35001adceea50f5e698a778f89aece
a1_sft_s0_task4_accum20_joint15_lr2.5e-7,118,4,34,4,1184,0,0.800000011920929,-0.800000011920929,300,0bfe38b55a35001adceea50f5e698a778f89aece
a1_sft_s0_task4_accum20_joint15_lr2.5e-7,118,4,35,5,1185,1,1.0,0.0,85,0bfe38b55a35001adceea50f5e698a778f89aece
a1_sft_s0_task4_accum20_joint15_lr2.5e-7,118,4,36,6,1186,1,0.800000011920929,0.19999998807907104,90,0bfe38b55a35001adceea50f5e698a778f89aece
a1_sft_s0_task4_accum20_joint15_lr2.5e-7,118,4,37,7,1187,1,0.4000000059604645,0.6000000238418579,93,0bfe38b55a35001adceea50f5e698a778f89aece
a1_sft_s0_task4_accum20_joint15_lr2.5e-7,118,4,38,8,1188,0,0.0,0.0,300,0bfe38b55a35001adceea50f5e698a778f89aece
a1_sft_s0_task4_accum20_joint15_lr2.5e-7,118,4,39,9,1189,0,0.0,0.0,300,0bfe38b55a35001adceea50f5e698a778f89aece
a1_sft_s0_task4_accum20_joint15_lr2.5e-7,119,4,40,0,1190,0,0.0,0.0,300,0bfe38b55a35001adceea50f5e698a778f89aece
a1_sft_s0_task4_accum20_joint15_lr2.5e-7,119,4,41,1,1191,1,1.0,0.0,82,0bfe38b55a35001adceea50f5e698a778f89aece
a1_sft_s0_task4_accum20_joint15_lr2.5e-7,119,4,42,2,1192,1,0.800000011920929,0.19999998807907104,75,0bfe38b55a35001adceea50f5e698a778f89aece
a1_sft_s0_task4_accum20_joint15_lr2.5e-7,119,4,43,3,1193,1,1.0,0.0,87,0bfe38b55a35001adceea50f5e698a778f89aece
a1_sft_s0_task4_accum20_joint15_lr2.5e-7,119,4,44,4,1194,0,0.800000011920929,-0.800000011920929,300,0bfe38b55a35001adceea50f5e698a778f89aece
a1_sft_s0_task4_accum20_joint15_lr2.5e-7,119,4,45,5,1195,1,0.800000011920929,0.19999998807907104,84,0bfe38b55a35001adceea50f5e698a778f89aece
a1_sft_s0_task4_accum20_joint15_lr2.5e-7,119,4,46,6,1196,1,1.0,0.0,80,0bfe38b55a35001adceea50f5e698a778f89aece
a1_sft_s0_task4_accum20_joint15_lr2.5e-7,119,4,47,7,1197,0,0.0,0.0,300,0bfe38b55a35001adceea50f5e698a778f89aece
a1_sft_s0_task4_accum20_joint15_lr2.5e-7,119,4,48,8,1198,0,0.0,0.0,300,0bfe38b55a35001adceea50f5e698a778f89aece
a1_sft_s0_task4_accum20_joint15_lr2.5e-7,119,4,49,9,1199,1,0.800000011920929,0.19999998807907104,87,0bfe38b55a35001adceea50f5e698a778f89aece
a1_sft_s0_task4_accum20_joint15_lr2.5e-7,120,4,0,0,1200,0,0.0,0.0,300,0bfe38b55a35001adceea50f5e698a778f89aece
a1_sft_s0_task4_accum20_joint15_lr2.5e-7,120,4,1,1,1201,1,1.0,0.0,83,0bfe38b55a35001adceea50f5e698a778f89aece
a1_sft_s0_task4_accum20_joint15_lr2.5e-7,120,4,2,2,1202,1,1.0,0.0,79,0bfe38b55a35001adceea50f5e698a778f89aece
a1_sft_s0_task4_accum20_joint15_lr2.5e-7,120,4,3,3,1203,0,0.6000000238418579,-0.6000000238418579,300,0bfe38b55a35001adceea50f5e698a778f89aece
a1_sft_s0_task4_accum20_joint15_lr2.5e-7,120,4,4,4,1204,1,0.20000000298023224,0.800000011920929,77,0bfe38b55a35001adceea50f5e698a778f89aece
a1_sft_s0_task4_accum20_joint15_lr2.5e-7,120,4,5,5,1205,0,1.0,-1.0,300,0bfe38b55a35001adceea50f5e698a778f89aece
a1_sft_s0_task4_accum20_joint15_lr2.5e-7,120,4,6,6,1206,0,0.0,0.0,300,0bfe38b55a35001adceea50f5e698a778f89aece
a1_sft_s0_task4_accum20_joint15_lr2.5e-7,120,4,7,7,1207,1,1.0,0.0,82,0bfe38b55a35001adceea50f5e698a778f89aece
a1_sft_s0_task4_accum20_joint15_lr2.5e-7,120,4,8,8,1208,0,0.0,0.0,300,0bfe38b55a35001adceea50f5e698a778f89aece
a1_sft_s0_task4_accum20_joint15_lr2.5e-7,120,4,9,9,1209,1,0.4000000059604645,0.6000000238418579,80,0bfe38b55a35001adceea50f5e698a778f89aece
a1_sft_s0_task4_accum20_joint15_lr2.5e-7,121,4,10,0,1210,0,0.0,0.0,300,0bfe38b55a35001adceea50f5e698a778f89aece
a1_sft_s0_task4_accum20_joint15_lr2.5e-7,121,4,11,1,1211,1,0.4000000059604645,0.6000000238418579,80,0bfe38b55a35001adceea50f5e698a778f89aece
a1_sft_s0_task4_accum20_joint15_lr2.5e-7,121,4,12,2,1212,1,1.0,0.0,76,0bfe38b55a35001adceea50f5e698a778f89aece
a1_sft_s0_task4_accum20_joint15_lr2.5e-7,121,4,13,3,1213,1,1.0,0.0,80,0bfe38b55a35001adceea50f5e698a778f89aece
a1_sft_s0_task4_accum20_joint15_lr2.5e-7,121,4,14,4,1214,0,0.20000000298023224,-0.20000000298023224,300,0bfe38b55a35001adceea50f5e698a778f89aece
a1_sft_s0_task4_accum20_joint15_lr2.5e-7,121,4,15,5,1215,0,1.0,-1.0,300,0bfe38b55a35001adceea50f5e698a778f89aece
a1_sft_s0_task4_accum20_joint15_lr2.5e-7,121,4,16,6,1216,1,0.800000011920929,0.19999998807907104,83,0bfe38b55a35001adceea50f5e698a778f89aece
a1_sft_s0_task4_accum20_joint15_lr2.5e-7,121,4,17,7,1217,1,0.6000000238418579,0.3999999761581421,90,0bfe38b55a35001adceea50f5e698a778f89aece
a1_sft_s0_task4_accum20_joint15_lr2.5e-7,121,4,18,8,1218,0,0.0,0.0,300,0bfe38b55a35001adceea50f5e698a778f89aece
a1_sft_s0_task4_accum20_joint15_lr2.5e-7,121,4,19,9,1219,0,0.4000000059604645,-0.4000000059604645,300,0bfe38b55a35001adceea50f5e698a778f89aece
a1_sft_s0_task4_accum20_joint15_lr2.5e-7,122,4,20,0,1220,1,0.800000011920929,0.19999998807907104,91,0bfe38b55a35001adceea50f5e698a778f89aece
a1_sft_s0_task4_accum20_joint15_lr2.5e-7,122,4,21,1,1221,1,1.0,0.0,84,0bfe38b55a35001adceea50f5e698a778f89aece
a1_sft_s0_task4_accum20_joint15_lr2.5e-7,122,4,22,2,1222,0,0.0,0.0,300,0bfe38b55a35001adceea50f5e698a778f89aece
a1_sft_s0_task4_accum20_joint15_lr2.5e-7,122,4,23,3,1223,0,0.4000000059604645,-0.4000000059604645,300,0bfe38b55a35001adceea50f5e698a778f89aece
a1_sft_s0_task4_accum20_joint15_lr2.5e-7,122,4,24,4,1224,0,0.0,0.0,300,0bfe38b55a35001adceea50f5e698a778f89aece
a1_sft_s0_task4_accum20_joint15_lr2.5e-7,122,4,25,5,1225,1,0.4000000059604645,0.6000000238418579,83,0bfe38b55a35001adceea50f5e698a778f89aece
a1_sft_s0_task4_accum20_joint15_lr2.5e-7,122,4,26,6,1226,1,0.800000011920929,0.19999998807907104,77,0bfe38b55a35001adceea50f5e698a778f89aece
a1_sft_s0_task4_accum20_joint15_lr2.5e-7,122,4,27,7,1227,1,1.0,0.0,80,0bfe38b55a35001adceea50f5e698a778f89aece
a1_sft_s0_task4_accum20_joint15_lr2.5e-7,122,4,28,8,1228,1,1.0,0.0,86,0bfe38b55a35001adceea50f5e698a778f89aece
a1_sft_s0_task4_accum20_joint15_lr2.5e-7,122,4,29,9,1229,1,0.800000011920929,0.19999998807907104,87,0bfe38b55a35001adceea50f5e698a778f89aece
a1_sft_s0_task4_accum20_joint15_lr2.5e-7,123,4,30,0,1230,0,0.800000011920929,-0.800000011920929,300,0bfe38b55a35001adceea50f5e698a778f89aece
a1_sft_s0_task4_accum20_joint15_lr2.5e-7,123,4,31,1,1231,1,1.0,0.0,84,0bfe38b55a35001adceea50f5e698a778f89aece
a1_sft_s0_task4_accum20_joint15_lr2.5e-7,123,4,32,2,1232,0,0.20000000298023224,-0.20000000298023224,300,0bfe38b55a35001adceea50f5e698a778f89aece
a1_sft_s0_task4_accum20_joint15_lr2.5e-7,123,4,33,3,1233,0,0.4000000059604645,-0.4000000059604645,300,0bfe38b55a35001adceea50f5e698a778f89aece
a1_sft_s0_task4_accum20_joint15_lr2.5e-7,123,4,34,4,1234,1,0.800000011920929,0.19999998807907104,81,0bfe38b55a35001adceea50f5e698a778f89aece
a1_sft_s0_task4_accum20_joint15_lr2.5e-7,123,4,35,5,1235,1,1.0,0.0,80,0bfe38b55a35001adceea50f5e698a778f89aece
a1_sft_s0_task4_accum20_joint15_lr2.5e-7,123,4,36,6,1236,1,0.800000011920929,0.19999998807907104,83,0bfe38b55a35001adceea50f5e698a778f89aece
a1_sft_s0_task4_accum20_joint15_lr2.5e-7,123,4,37,7,1237,0,0.4000000059604645,-0.4000000059604645,300,0bfe38b55a35001adceea50f5e698a778f89aece
a1_sft_s0_task4_accum20_joint15_lr2.5e-7,123,4,38,8,1238,0,0.0,0.0,300,0bfe38b55a35001adceea50f5e698a778f89aece
a1_sft_s0_task4_accum20_joint15_lr2.5e-7,123,4,39,9,1239,0,0.0,0.0,300,0bfe38b55a35001adceea50f5e698a778f89aece
a1_sft_s0_task4_accum20_joint15_lr2.5e-7,124,4,40,0,1240,0,0.0,0.0,300,0bfe38b55a35001adceea50f5e698a778f89aece
a1_sft_s0_task4_accum20_joint15_lr2.5e-7,124,4,41,1,1241,1,1.0,0.0,79,0bfe38b55a35001adceea50f5e698a778f89aece
a1_sft_s0_task4_accum20_joint15_lr2.5e-7,124,4,42,2,1242,1,0.800000011920929,0.19999998807907104,76,0bfe38b55a35001adceea50f5e698a778f89aece
a1_sft_s0_task4_accum20_joint15_lr2.5e-7,124,4,43,3,1243,1,1.0,0.0,78,0bfe38b55a35001adceea50f5e698a778f89aece
a1_sft_s0_task4_accum20_joint15_lr2.5e-7,124,4,44,4,1244,0,0.6000000238418579,-0.6000000238418579,300,0bfe38b55a35001adceea50f5e698a778f89aece
a1_sft_s0_task4_accum20_joint15_lr2.5e-7,124,4,45,5,1245,1,0.800000011920929,0.19999998807907104,82,0bfe38b55a35001adceea50f5e698a778f89aece
a1_sft_s0_task4_accum20_joint15_lr2.5e-7,124,4,46,6,1246,1,1.0,0.0,84,0bfe38b55a35001adceea50f5e698a778f89aece
a1_sft_s0_task4_accum20_joint15_lr2.5e-7,124,4,47,7,1247,0,0.0,0.0,300,0bfe38b55a35001adceea50f5e698a778f89aece
a1_sft_s0_task4_accum20_joint15_lr2.5e-7,124,4,48,8,1248,0,0.0,0.0,300,0bfe38b55a35001adceea50f5e698a778f89aece
a1_sft_s0_task4_accum20_joint15_lr2.5e-7,124,4,49,9,1249,1,0.800000011920929,0.19999998807907104,90,0bfe38b55a35001adceea50f5e698a778f89aece
a1_sft_s0_task4_accum20_joint15_lr2.5e-7,125,4,0,0,1250,0,0.0,0.0,300,0bfe38b55a35001adceea50f5e698a778f89aece
a1_sft_s0_task4_accum20_joint15_lr2.5e-7,125,4,1,1,1251,1,1.0,0.0,86,0bfe38b55a35001adceea50f5e698a778f89aece
a1_sft_s0_task4_accum20_joint15_lr2.5e-7,125,4,2,2,1252,1,1.0,0.0,80,0bfe38b55a35001adceea50f5e698a778f89aece
a1_sft_s0_task4_accum20_joint15_lr2.5e-7,125,4,3,3,1253,0,0.4000000059604645,-0.4000000059604645,300,0bfe38b55a35001adceea50f5e698a778f89aece
a1_sft_s0_task4_accum20_joint15_lr2.5e-7,125,4,4,4,1254,1,0.4000000059604645,0.6000000238418579,78,0bfe38b55a35001adceea50f5e698a778f89aece
a1_sft_s0_task4_accum20_joint15_lr2.5e-7,125,4,5,5,1255,1,0.800000011920929,0.19999998807907104,88,0bfe38b55a35001adceea50f5e698a778f89aece
a1_sft_s0_task4_accum20_joint15_lr2.5e-7,125,4,6,6,1256,0,0.0,0.0,300,0bfe38b55a35001adceea50f5e698a778f89aece
a1_sft_s0_task4_accum20_joint15_lr2.5e-7,125,4,7,7,1257,1,1.0,0.0,78,0bfe38b55a35001adceea50f5e698a778f89aece
a1_sft_s0_task4_accum20_joint15_lr2.5e-7,125,4,8,8,1258,1,0.0,1.0,75,0bfe38b55a35001adceea50f5e698a778f89aece
a1_sft_s0_task4_accum20_joint15_lr2.5e-7,125,4,9,9,1259,0,0.4000000059604645,-0.4000000059604645,300,0bfe38b55a35001adceea50f5e698a778f89aece
a1_sft_s0_task4_accum20_joint15_lr2.5e-7,126,4,10,0,1260,0,0.0,0.0,300,0bfe38b55a35001adceea50f5e698a778f89aece
a1_sft_s0_task4_accum20_joint15_lr2.5e-7,126,4,11,1,1261,0,0.4000000059604645,-0.4000000059604645,300,0bfe38b55a35001adceea50f5e698a778f89aece
a1_sft_s0_task4_accum20_joint15_lr2.5e-7,126,4,12,2,1262,1,1.0,0.0,76,0bfe38b55a35001adceea50f5e698a778f89aece
a1_sft_s0_task4_accum20_joint15_lr2.5e-7,126,4,13,3,1263,1,1.0,0.0,80,0bfe38b55a35001adceea50f5e698a778f89aece
a1_sft_s0_task4_accum20_joint15_lr2.5e-7,126,4,14,4,1264,0,0.20000000298023224,-0.20000000298023224,300,0bfe38b55a35001adceea50f5e698a778f89aece
a1_sft_s0_task4_accum20_joint15_lr2.5e-7,126,4,15,5,1265,1,0.800000011920929,0.19999998807907104,88,0bfe38b55a35001adceea50f5e698a778f89aece
a1_sft_s0_task4_accum20_joint15_lr2.5e-7,126,4,16,6,1266,1,0.800000011920929,0.19999998807907104,79,0bfe38b55a35001adceea50f5e698a778f89aece
a1_sft_s0_task4_accum20_joint15_lr2.5e-7,126,4,17,7,1267,0,0.6000000238418579,-0.6000000238418579,300,0bfe38b55a35001adceea50f5e698a778f89aece
a1_sft_s0_task4_accum20_joint15_lr2.5e-7,126,4,18,8,1268,0,0.0,0.0,300,0bfe38b55a35001adceea50f5e698a778f89aece
a1_sft_s0_task4_accum20_joint15_lr2.5e-7,126,4,19,9,1269,0,0.4000000059604645,-0.4000000059604645,300,0bfe38b55a35001adceea50f5e698a778f89aece
a1_sft_s0_task4_accum20_joint15_lr2.5e-7,127,4,20,0,1270,1,0.800000011920929,0.19999998807907104,78,0bfe38b55a35001adceea50f5e698a778f89aece
a1_sft_s0_task4_accum20_joint15_lr2.5e-7,127,4,21,1,1271,1,1.0,0.0,86,0bfe38b55a35001adceea50f5e698a778f89aece
a1_sft_s0_task4_accum20_joint15_lr2.5e-7,127,4,22,2,1272,1,0.0,1.0,80,0bfe38b55a35001adceea50f5e698a778f89aece
a1_sft_s0_task4_accum20_joint15_lr2.5e-7,127,4,23,3,1273,0,0.20000000298023224,-0.20000000298023224,300,0bfe38b55a35001adceea50f5e698a778f89aece
a1_sft_s0_task4_accum20_joint15_lr2.5e-7,127,4,24,4,1274,0,0.0,0.0,300,0bfe38b55a35001adceea50f5e698a778f89aece
a1_sft_s0_task4_accum20_joint15_lr2.5e-7,127,4,25,5,1275,1,0.6000000238418579,0.3999999761581421,78,0bfe38b55a35001adceea50f5e698a778f89aece
a1_sft_s0_task4_accum20_joint15_lr2.5e-7,127,4,26,6,1276,0,0.800000011920929,-0.800000011920929,300,0bfe38b55a35001adceea50f5e698a778f89aece
a1_sft_s0_task4_accum20_joint15_lr2.5e-7,127,4,27,7,1277,1,1.0,0.0,83,0bfe38b55a35001adceea50f5e698a778f89aece
a1_sft_s0_task4_accum20_joint15_lr2.5e-7,127,4,28,8,1278,0,1.0,-1.0,300,0bfe38b55a35001adceea50f5e698a778f89aece
a1_sft_s0_task4_accum20_joint15_lr2.5e-7,127,4,29,9,1279,1,0.800000011920929,0.19999998807907104,92,0bfe38b55a35001adceea50f5e698a778f89aece
a1_sft_s0_task4_accum20_joint15_lr2.5e-7,128,4,30,0,1280,1,0.6000000238418579,0.3999999761581421,78,0bfe38b55a35001adceea50f5e698a778f89aece
a1_sft_s0_task4_accum20_joint15_lr2.5e-7,128,4,31,1,1281,0,1.0,-1.0,300,0bfe38b55a35001adceea50f5e698a778f89aece
a1_sft_s0_task4_accum20_joint15_lr2.5e-7,128,4,32,2,1282,0,0.20000000298023224,-0.20000000298023224,300,0bfe38b55a35001adceea50f5e698a778f89aece
a1_sft_s0_task4_accum20_joint15_lr2.5e-7,128,4,33,3,1283,0,0.4000000059604645,-0.4000000059604645,300,0bfe38b55a35001adceea50f5e698a778f89aece
a1_sft_s0_task4_accum20_joint15_lr2.5e-7,128,4,34,4,1284,1,0.800000011920929,0.19999998807907104,89,0bfe38b55a35001adceea50f5e698a778f89aece
a1_sft_s0_task4_accum20_joint15_lr2.5e-7,128,4,35,5,1285,1,1.0,0.0,76,0bfe38b55a35001adceea50f5e698a778f89aece
a1_sft_s0_task4_accum20_joint15_lr2.5e-7,128,4,36,6,1286,1,0.800000011920929,0.19999998807907104,91,0bfe38b55a35001adceea50f5e698a778f89aece
a1_sft_s0_task4_accum20_joint15_lr2.5e-7,128,4,37,7,1287,1,0.4000000059604645,0.6000000238418579,84,0bfe38b55a35001adceea50f5e698a778f89aece
a1_sft_s0_task4_accum20_joint15_lr2.5e-7,128,4,38,8,1288,1,0.0,1.0,84,0bfe38b55a35001adceea50f5e698a778f89aece
a1_sft_s0_task4_accum20_joint15_lr2.5e-7,128,4,39,9,1289,0,0.0,0.0,300,0bfe38b55a35001adceea50f5e698a778f89aece
a1_sft_s0_task4_accum20_joint15_lr2.5e-7,129,4,40,0,1290,0,0.0,0.0,300,0bfe38b55a35001adceea50f5e698a778f89aece
a1_sft_s0_task4_accum20_joint15_lr2.5e-7,129,4,41,1,1291,1,1.0,0.0,82,0bfe38b55a35001adceea50f5e698a778f89aece
a1_sft_s0_task4_accum20_joint15_lr2.5e-7,129,4,42,2,1292,0,0.800000011920929,-0.800000011920929,300,0bfe38b55a35001adceea50f5e698a778f89aece
a1_sft_s0_task4_accum20_joint15_lr2.5e-7,129,4,43,3,1293,1,1.0,0.0,82,0bfe38b55a35001adceea50f5e698a778f89aece
a1_sft_s0_task4_accum20_joint15_lr2.5e-7,129,4,44,4,1294,1,0.4000000059604645,0.6000000238418579,76,0bfe38b55a35001adceea50f5e698a778f89aece
a1_sft_s0_task4_accum20_joint15_lr2.5e-7,129,4,45,5,1295,1,1.0,0.0,81,0bfe38b55a35001adceea50f5e698a778f89aece
a1_sft_s0_task4_accum20_joint15_lr2.5e-7,129,4,46,6,1296,1,1.0,0.0,82,0bfe38b55a35001adceea50f5e698a778f89aece
a1_sft_s0_task4_accum20_joint15_lr2.5e-7,129,4,47,7,1297,0,0.0,0.0,300,0bfe38b55a35001adceea50f5e698a778f89aece
a1_sft_s0_task4_accum20_joint15_lr2.5e-7,129,4,48,8,1298,0,0.0,0.0,300,0bfe38b55a35001adceea50f5e698a778f89aece
a1_sft_s0_task4_accum20_joint15_lr2.5e-7,129,4,49,9,1299,1,0.800000011920929,0.19999998807907104,81,0bfe38b55a35001adceea50f5e698a778f89aece
a1_sft_s0_task4_accum20_joint15_lr2.5e-7,130,4,0,0,1300,0,0.0,0.0,300,0bfe38b55a35001adceea50f5e698a778f89aece
a1_sft_s0_task4_accum20_joint15_lr2.5e-7,130,4,1,1,1301,1,1.0,0.0,84,0bfe38b55a35001adceea50f5e698a778f89aece
a1_sft_s0_task4_accum20_joint15_lr2.5e-7,130,4,2,2,1302,1,1.0,0.0,86,0bfe38b55a35001adceea50f5e698a778f89aece
a1_sft_s0_task4_accum20_joint15_lr2.5e-7,130,4,3,3,1303,1,0.4000000059604645,0.6000000238418579,80,0bfe38b55a35001adceea50f5e698a778f89aece
a1_sft_s0_task4_accum20_joint15_lr2.5e-7,130,4,4,4,1304,0,0.4000000059604645,-0.4000000059604645,300,0bfe38b55a35001adceea50f5e698a778f89aece
a1_sft_s0_task4_accum20_joint15_lr2.5e-7,130,4,5,5,1305,0,0.800000011920929,-0.800000011920929,300,0bfe38b55a35001adceea50f5e698a778f89aece
a1_sft_s0_task4_accum20_joint15_lr2.5e-7,130,4,6,6,1306,0,0.0,0.0,300,0bfe38b55a35001adceea50f5e698a778f89aece
a1_sft_s0_task4_accum20_joint15_lr2.5e-7,130,4,7,7,1307,1,1.0,0.0,85,0bfe38b55a35001adceea50f5e698a778f89aece
a1_sft_s0_task4_accum20_joint15_lr2.5e-7,130,4,8,8,1308,0,0.20000000298023224,-0.20000000298023224,300,0bfe38b55a35001adceea50f5e698a778f89aece
a1_sft_s0_task4_accum20_joint15_lr2.5e-7,130,4,9,9,1309,1,0.4000000059604645,0.6000000238418579,80,0bfe38b55a35001adceea50f5e698a778f89aece
a1_sft_s0_task4_accum20_joint15_lr2.5e-7,131,4,10,0,1310,0,0.0,0.0,300,0bfe38b55a35001adceea50f5e698a778f89aece
a1_sft_s0_task4_accum20_joint15_lr2.5e-7,131,4,11,1,1311,0,0.4000000059604645,-0.4000000059604645,300,0bfe38b55a35001adceea50f5e698a778f89aece
a1_sft_s0_task4_accum20_joint15_lr2.5e-7,131,4,12,2,1312,1,1.0,0.0,75,0bfe38b55a35001adceea50f5e698a778f89aece
a1_sft_s0_task4_accum20_joint15_lr2.5e-7,131,4,13,3,1313,1,1.0,0.0,80,0bfe38b55a35001adceea50f5e698a778f89aece
a1_sft_s0_task4_accum20_joint15_lr2.5e-7,131,4,14,4,1314,0,0.20000000298023224,-0.20000000298023224,300,0bfe38b55a35001adceea50f5e698a778f89aece
a1_sft_s0_task4_accum20_joint15_lr2.5e-7,131,4,15,5,1315,1,0.800000011920929,0.19999998807907104,90,0bfe38b55a35001adceea50f5e698a778f89aece
a1_sft_s0_task4_accum20_joint15_lr2.5e-7,131,4,16,6,1316,1,0.800000011920929,0.19999998807907104,74,0bfe38b55a35001adceea50f5e698a778f89aece
a1_sft_s0_task4_accum20_joint15_lr2.5e-7,131,4,17,7,1317,0,0.4000000059604645,-0.4000000059604645,300,0bfe38b55a35001adceea50f5e698a778f89aece
a1_sft_s0_task4_accum20_joint15_lr2.5e-7,131,4,18,8,1318,0,0.0,0.0,300,0bfe38b55a35001adceea50f5e698a778f89aece
a1_sft_s0_task4_accum20_joint15_lr2.5e-7,131,4,19,9,1319,0,0.4000000059604645,-0.4000000059604645,300,0bfe38b55a35001adceea50f5e698a778f89aece
a1_sft_s0_task4_accum20_joint15_lr2.5e-7,132,4,20,0,1320,1,1.0,0.0,89,0bfe38b55a35001adceea50f5e698a778f89aece
a1_sft_s0_task4_accum20_joint15_lr2.5e-7,132,4,21,1,1321,1,1.0,0.0,80,0bfe38b55a35001adceea50f5e698a778f89aece
a1_sft_s0_task4_accum20_joint15_lr2.5e-7,132,4,22,2,1322,0,0.20000000298023224,-0.20000000298023224,300,0bfe38b55a35001adceea50f5e698a778f89aece
a1_sft_s0_task4_accum20_joint15_lr2.5e-7,132,4,23,3,1323,0,0.20000000298023224,-0.20000000298023224,300,0bfe38b55a35001adceea50f5e698a778f89aece
a1_sft_s0_task4_accum20_joint15_lr2.5e-7,132,4,24,4,1324,0,0.0,0.0,300,0bfe38b55a35001adceea50f5e698a778f89aece
a1_sft_s0_task4_accum20_joint15_lr2.5e-7,132,4,25,5,1325,1,0.6000000238418579,0.3999999761581421,79,0bfe38b55a35001adceea50f5e698a778f89aece
a1_sft_s0_task4_accum20_joint15_lr2.5e-7,132,4,26,6,1326,1,0.800000011920929,0.19999998807907104,80,0bfe38b55a35001adceea50f5e698a778f89aece
a1_sft_s0_task4_accum20_joint15_lr2.5e-7,132,4,27,7,1327,1,1.0,0.0,81,0bfe38b55a35001adceea50f5e698a778f89aece
a1_sft_s0_task4_accum20_joint15_lr2.5e-7,132,4,28,8,1328,1,0.800000011920929,0.19999998807907104,81,0bfe38b55a35001adceea50f5e698a778f89aece
a1_sft_s0_task4_accum20_joint15_lr2.5e-7,132,4,29,9,1329,1,1.0,0.0,81,0bfe38b55a35001adceea50f5e698a778f89aece
a1_sft_s0_task4_accum20_joint15_lr2.5e-7,133,4,30,0,1330,0,0.6000000238418579,-0.6000000238418579,300,0bfe38b55a35001adceea50f5e698a778f89aece
a1_sft_s0_task4_accum20_joint15_lr2.5e-7,133,4,31,1,1331,1,0.800000011920929,0.19999998807907104,83,0bfe38b55a35001adceea50f5e698a778f89aece
a1_sft_s0_task4_accum20_joint15_lr2.5e-7,133,4,32,2,1332,0,0.20000000298023224,-0.20000000298023224,300,0bfe38b55a35001adceea50f5e698a778f89aece
a1_sft_s0_task4_accum20_joint15_lr2.5e-7,133,4,33,3,1333,1,0.4000000059604645,0.6000000238418579,85,0bfe38b55a35001adceea50f5e698a778f89aece
a1_sft_s0_task4_accum20_joint15_lr2.5e-7,133,4,34,4,1334,1,0.800000011920929,0.19999998807907104,71,0bfe38b55a35001adceea50f5e698a778f89aece
a1_sft_s0_task4_accum20_joint15_lr2.5e-7,133,4,35,5,1335,1,1.0,0.0,74,0bfe38b55a35001adceea50f5e698a778f89aece
a1_sft_s0_task4_accum20_joint15_lr2.5e-7,133,4,36,6,1336,0,0.800000011920929,-0.800000011920929,300,0bfe38b55a35001adceea50f5e698a778f89aece
a1_sft_s0_task4_accum20_joint15_lr2.5e-7,133,4,37,7,1337,1,0.4000000059604645,0.6000000238418579,88,0bfe38b55a35001adceea50f5e698a778f89aece
a1_sft_s0_task4_accum20_joint15_lr2.5e-7,133,4,38,8,1338,0,0.20000000298023224,-0.20000000298023224,300,0bfe38b55a35001adceea50f5e698a778f89aece
a1_sft_s0_task4_accum20_joint15_lr2.5e-7,133,4,39,9,1339,0,0.0,0.0,300,0bfe38b55a35001adceea50f5e698a778f89aece
a1_sft_s0_task4_accum20_joint15_lr2.5e-7,134,4,40,0,1340,0,0.0,0.0,300,0bfe38b55a35001adceea50f5e698a778f89aece
a1_sft_s0_task4_accum20_joint15_lr2.5e-7,134,4,41,1,1341,1,1.0,0.0,83,0bfe38b55a35001adceea50f5e698a778f89aece
a1_sft_s0_task4_accum20_joint15_lr2.5e-7,134,4,42,2,1342,1,0.800000011920929,0.19999998807907104,77,0bfe38b55a35001adceea50f5e698a778f89aece
a1_sft_s0_task4_accum20_joint15_lr2.5e-7,134,4,43,3,1343,1,1.0,0.0,85,0bfe38b55a35001adceea50f5e698a778f89aece
a1_sft_s0_task4_accum20_joint15_lr2.5e-7,134,4,44,4,1344,1,0.4000000059604645,0.6000000238418579,77,0bfe38b55a35001adceea50f5e698a778f89aece
a1_sft_s0_task4_accum20_joint15_lr2.5e-7,134,4,45,5,1345,1,1.0,0.0,74,0bfe38b55a35001adceea50f5e698a778f89aece
a1_sft_s0_task4_accum20_joint15_lr2.5e-7,134,4,46,6,1346,1,1.0,0.0,81,0bfe38b55a35001adceea50f5e698a778f89aece
a1_sft_s0_task4_accum20_joint15_lr2.5e-7,134,4,47,7,1347,0,0.0,0.0,300,0bfe38b55a35001adceea50f5e698a778f89aece
a1_sft_s0_task4_accum20_joint15_lr2.5e-7,134,4,48,8,1348,0,0.0,0.0,300,0bfe38b55a35001adceea50f5e698a778f89aece
a1_sft_s0_task4_accum20_joint15_lr2.5e-7,134,4,49,9,1349,1,0.800000011920929,0.19999998807907104,87,0bfe38b55a35001adceea50f5e698a778f89aece
a1_sft_s0_task4_accum20_joint15_lr2.5e-7,135,4,0,0,1350,0,0.0,0.0,300,0bfe38b55a35001adceea50f5e698a778f89aece
a1_sft_s0_task4_accum20_joint15_lr2.5e-7,135,4,1,1,1351,1,1.0,0.0,83,0bfe38b55a35001adceea50f5e698a778f89aece
a1_sft_s0_task4_accum20_joint15_lr2.5e-7,135,4,2,2,1352,1,1.0,0.0,82,0bfe38b55a35001adceea50f5e698a778f89aece
a1_sft_s0_task4_accum20_joint15_lr2.5e-7,135,4,3,3,1353,1,0.4000000059604645,0.6000000238418579,88,0bfe38b55a35001adceea50f5e698a778f89aece
a1_sft_s0_task4_accum20_joint15_lr2.5e-7,135,4,4,4,1354,1,0.4000000059604645,0.6000000238418579,78,0bfe38b55a35001adceea50f5e698a778f89aece
a1_sft_s0_task4_accum20_joint15_lr2.5e-7,135,4,5,5,1355,0,0.6000000238418579,-0.6000000238418579,300,0bfe38b55a35001adceea50f5e698a778f89aece
a1_sft_s0_task4_accum20_joint15_lr2.5e-7,135,4,6,6,1356,0,0.0,0.0,300,0bfe38b55a35001adceea50f5e698a778f89aece
a1_sft_s0_task4_accum20_joint15_lr2.5e-7,135,4,7,7,1357,0,1.0,-1.0,300,0bfe38b55a35001adceea50f5e698a778f89aece
a1_sft_s0_task4_accum20_joint15_lr2.5e-7,135,4,8,8,1358,0,0.20000000298023224,-0.20000000298023224,300,0bfe38b55a35001adceea50f5e698a778f89aece
a1_sft_s0_task4_accum20_joint15_lr2.5e-7,135,4,9,9,1359,0,0.4000000059604645,-0.4000000059604645,300,0bfe38b55a35001adceea50f5e698a778f89aece
a1_sft_s0_task4_accum20_joint15_lr2.5e-7,136,4,10,0,1360,0,0.0,0.0,300,0bfe38b55a35001adceea50f5e698a778f89aece
a1_sft_s0_task4_accum20_joint15_lr2.5e-7,136,4,11,1,1361,0,0.4000000059604645,-0.4000000059604645,300,0bfe38b55a35001adceea50f5e698a778f89aece
a1_sft_s0_task4_accum20_joint15_lr2.5e-7,136,4,12,2,1362,1,1.0,0.0,80,0bfe38b55a35001adceea50f5e698a778f89aece
a1_sft_s0_task4_accum20_joint15_lr2.5e-7,136,4,13,3,1363,1,1.0,0.0,78,0bfe38b55a35001adceea50f5e698a778f89aece
a1_sft_s0_task4_accum20_joint15_lr2.5e-7,136,4,14,4,1364,0,0.20000000298023224,-0.20000000298023224,300,0bfe38b55a35001adceea50f5e698a778f89aece
a1_sft_s0_task4_accum20_joint15_lr2.5e-7,136,4,15,5,1365,1,0.800000011920929,0.19999998807907104,88,0bfe38b55a35001adceea50f5e698a778f89aece
a1_sft_s0_task4_accum20_joint15_lr2.5e-7,136,4,16,6,1366,1,0.800000011920929,0.19999998807907104,79,0bfe38b55a35001adceea50f5e698a778f89aece
a1_sft_s0_task4_accum20_joint15_lr2.5e-7,136,4,17,7,1367,0,0.4000000059604645,-0.4000000059604645,300,0bfe38b55a35001adceea50f5e698a778f89aece
a1_sft_s0_task4_accum20_joint15_lr2.5e-7,136,4,18,8,1368,0,0.0,0.0,300,0bfe38b55a35001adceea50f5e698a778f89aece
a1_sft_s0_task4_accum20_joint15_lr2.5e-7,136,4,19,9,1369,0,0.20000000298023224,-0.20000000298023224,300,0bfe38b55a35001adceea50f5e698a778f89aece
a1_sft_s0_task4_accum20_joint15_lr2.5e-7,137,4,20,0,1370,1,1.0,0.0,81,0bfe38b55a35001adceea50f5e698a778f89aece
a1_sft_s0_task4_accum20_joint15_lr2.5e-7,137,4,21,1,1371,1,1.0,0.0,88,0bfe38b55a35001adceea50f5e698a778f89aece
a1_sft_s0_task4_accum20_joint15_lr2.5e-7,137,4,22,2,1372,0,0.20000000298023224,-0.20000000298023224,300,0bfe38b55a35001adceea50f5e698a778f89aece
a1_sft_s0_task4_accum20_joint15_lr2.5e-7,137,4,23,3,1373,1,0.20000000298023224,0.800000011920929,78,0bfe38b55a35001adceea50f5e698a778f89aece
a1_sft_s0_task4_accum20_joint15_lr2.5e-7,137,4,24,4,1374,0,0.0,0.0,300,0bfe38b55a35001adceea50f5e698a778f89aece
a1_sft_s0_task4_accum20_joint15_lr2.5e-7,137,4,25,5,1375,1,0.6000000238418579,0.3999999761581421,75,0bfe38b55a35001adceea50f5e698a778f89aece
a1_sft_s0_task4_accum20_joint15_lr2.5e-7,137,4,26,6,1376,0,0.800000011920929,-0.800000011920929,300,0bfe38b55a35001adceea50f5e698a778f89aece
a1_sft_s0_task4_accum20_joint15_lr2.5e-7,137,4,27,7,1377,1,1.0,0.0,76,0bfe38b55a35001adceea50f5e698a778f89aece
a1_sft_s0_task4_accum20_joint15_lr2.5e-7,137,4,28,8,1378,1,0.800000011920929,0.19999998807907104,79,0bfe38b55a35001adceea50f5e698a778f89aece
a1_sft_s0_task4_accum20_joint15_lr2.5e-7,137,4,29,9,1379,1,1.0,0.0,78,0bfe38b55a35001adceea50f5e698a778f89aece
a1_sft_s0_task4_accum20_joint15_lr2.5e-7,138,4,30,0,1380,1,0.4000000059604645,0.6000000238418579,85,0bfe38b55a35001adceea50f5e698a778f89aece
a1_sft_s0_task4_accum20_joint15_lr2.5e-7,138,4,31,1,1381,1,0.800000011920929,0.19999998807907104,77,0bfe38b55a35001adceea50f5e698a778f89aece
a1_sft_s0_task4_accum20_joint15_lr2.5e-7,138,4,32,2,1382,0,0.0,0.0,300,0bfe38b55a35001adceea50f5e698a778f89aece
a1_sft_s0_task4_accum20_joint15_lr2.5e-7,138,4,33,3,1383,0,0.4000000059604645,-0.4000000059604645,300,0bfe38b55a35001adceea50f5e698a778f89aece
a1_sft_s0_task4_accum20_joint15_lr2.5e-7,138,4,34,4,1384,1,0.800000011920929,0.19999998807907104,84,0bfe38b55a35001adceea50f5e698a778f89aece
a1_sft_s0_task4_accum20_joint15_lr2.5e-7,138,4,35,5,1385,1,1.0,0.0,78,0bfe38b55a35001adceea50f5e698a778f89aece
a1_sft_s0_task4_accum20_joint15_lr2.5e-7,138,4,36,6,1386,1,0.800000011920929,0.19999998807907104,88,0bfe38b55a35001adceea50f5e698a778f89aece
a1_sft_s0_task4_accum20_joint15_lr2.5e-7,138,4,37,7,1387,0,0.6000000238418579,-0.6000000238418579,300,0bfe38b55a35001adceea50f5e698a778f89aece
a1_sft_s0_task4_accum20_joint15_lr2.5e-7,138,4,38,8,1388,0,0.20000000298023224,-0.20000000298023224,300,0bfe38b55a35001adceea50f5e698a778f89aece
a1_sft_s0_task4_accum20_joint15_lr2.5e-7,138,4,39,9,1389,0,0.0,0.0,300,0bfe38b55a35001adceea50f5e698a778f89aece
a1_sft_s0_task4_accum20_joint15_lr2.5e-7,139,4,40,0,1390,0,0.0,0.0,300,0bfe38b55a35001adceea50f5e698a778f89aece
a1_sft_s0_task4_accum20_joint15_lr2.5e-7,139,4,41,1,1391,1,1.0,0.0,84,0bfe38b55a35001adceea50f5e698a778f89aece
a1_sft_s0_task4_accum20_joint15_lr2.5e-7,139,4,42,2,1392,1,0.800000011920929,0.19999998807907104,75,0bfe38b55a35001adceea50f5e698a778f89aece
a1_sft_s0_task4_accum20_joint15_lr2.5e-7,139,4,43,3,1393,1,1.0,0.0,84,0bfe38b55a35001adceea50f5e698a778f89aece
a1_sft_s0_task4_accum20_joint15_lr2.5e-7,139,4,44,4,1394,1,0.6000000238418579,0.3999999761581421,79,0bfe38b55a35001adceea50f5e698a778f89aece
a1_sft_s0_task4_accum20_joint15_lr2.5e-7,139,4,45,5,1395,0,1.0,-1.0,300,0bfe38b55a35001adceea50f5e698a778f89aece
a1_sft_s0_task4_accum20_joint15_lr2.5e-7,139,4,46,6,1396,1,1.0,0.0,89,0bfe38b55a35001adceea50f5e698a778f89aece
a1_sft_s0_task4_accum20_joint15_lr2.5e-7,139,4,47,7,1397,0,0.0,0.0,300,0bfe38b55a35001adceea50f5e698a778f89aece
a1_sft_s0_task4_accum20_joint15_lr2.5e-7,139,4,48,8,1398,0,0.0,0.0,300,0bfe38b55a35001adceea50f5e698a778f89aece
a1_sft_s0_task4_accum20_joint15_lr2.5e-7,139,4,49,9,1399,0,0.800000011920929,-0.800000011920929,300,0bfe38b55a35001adceea50f5e698a778f89aece
a1_sft_s0_task4_accum20_joint15_lr2.5e-7,140,4,0,0,1400,0,0.0,0.0,300,0bfe38b55a35001adceea50f5e698a778f89aece
a1_sft_s0_task4_accum20_joint15_lr2.5e-7,140,4,1,1,1401,1,1.0,0.0,88,0bfe38b55a35001adceea50f5e698a778f89aece
a1_sft_s0_task4_accum20_joint15_lr2.5e-7,140,4,2,2,1402,1,1.0,0.0,81,0bfe38b55a35001adceea50f5e698a778f89aece
a1_sft_s0_task4_accum20_joint15_lr2.5e-7,140,4,3,3,1403,1,0.4000000059604645,0.6000000238418579,77,0bfe38b55a35001adceea50f5e698a778f89aece
a1_sft_s0_task4_accum20_joint15_lr2.5e-7,140,4,4,4,1404,0,0.6000000238418579,-0.6000000238418579,300,0bfe38b55a35001adceea50f5e698a778f89aece
a1_sft_s0_task4_accum20_joint15_lr2.5e-7,140,4,5,5,1405,1,0.4000000059604645,0.6000000238418579,81,0bfe38b55a35001adceea50f5e698a778f89aece
a1_sft_s0_task4_accum20_joint15_lr2.5e-7,140,4,6,6,1406,0,0.0,0.0,300,0bfe38b55a35001adceea50f5e698a778f89aece
a1_sft_s0_task4_accum20_joint15_lr2.5e-7,140,4,7,7,1407,1,0.800000011920929,0.19999998807907104,86,0bfe38b55a35001adceea50f5e698a778f89aece
a1_sft_s0_task4_accum20_joint15_lr2.5e-7,140,4,8,8,1408,0,0.20000000298023224,-0.20000000298023224,300,0bfe38b55a35001adceea50f5e698a778f89aece
a1_sft_s0_task4_accum20_joint15_lr2.5e-7,140,4,9,9,1409,1,0.4000000059604645,0.6000000238418579,79,0bfe38b55a35001adceea50f5e698a778f89aece
a1_sft_s0_task4_accum20_joint15_lr2.5e-7,141,4,10,0,1410,0,0.0,0.0,300,0bfe38b55a35001adceea50f5e698a778f89aece
a1_sft_s0_task4_accum20_joint15_lr2.5e-7,141,4,11,1,1411,0,0.4000000059604645,-0.4000000059604645,300,0bfe38b55a35001adceea50f5e698a778f89aece
a1_sft_s0_task4_accum20_joint15_lr2.5e-7,141,4,12,2,1412,1,1.0,0.0,82,0bfe38b55a35001adceea50f5e698a778f89aece
a1_sft_s0_task4_accum20_joint15_lr2.5e-7,141,4,13,3,1413,1,1.0,0.0,79,0bfe38b55a35001adceea50f5e698a778f89aece
a1_sft_s0_task4_accum20_joint15_lr2.5e-7,141,4,14,4,1414,0,0.20000000298023224,-0.20000000298023224,300,0bfe38b55a35001adceea50f5e698a778f89aece
a1_sft_s0_task4_accum20_joint15_lr2.5e-7,141,4,15,5,1415,1,0.800000011920929,0.19999998807907104,84,0bfe38b55a35001adceea50f5e698a778f89aece
a1_sft_s0_task4_accum20_joint15_lr2.5e-7,141,4,16,6,1416,1,0.800000011920929,0.19999998807907104,82,0bfe38b55a35001adceea50f5e698a778f89aece
a1_sft_s0_task4_accum20_joint15_lr2.5e-7,141,4,17,7,1417,1,0.20000000298023224,0.800000011920929,91,0bfe38b55a35001adceea50f5e698a778f89aece
a1_sft_s0_task4_accum20_joint15_lr2.5e-7,141,4,18,8,1418,0,0.0,0.0,300,0bfe38b55a35001adceea50f5e698a778f89aece
a1_sft_s0_task4_accum20_joint15_lr2.5e-7,141,4,19,9,1419,0,0.20000000298023224,-0.20000000298023224,300,0bfe38b55a35001adceea50f5e698a778f89aece
a1_sft_s0_task4_accum20_joint15_lr2.5e-7,142,4,20,0,1420,0,1.0,-1.0,300,0bfe38b55a35001adceea50f5e698a778f89aece
a1_sft_s0_task4_accum20_joint15_lr2.5e-7,142,4,21,1,1421,1,1.0,0.0,84,0bfe38b55a35001adceea50f5e698a778f89aece
a1_sft_s0_task4_accum20_joint15_lr2.5e-7,142,4,22,2,1422,0,0.20000000298023224,-0.20000000298023224,300,0bfe38b55a35001adceea50f5e698a778f89aece
a1_sft_s0_task4_accum20_joint15_lr2.5e-7,142,4,23,3,1423,1,0.4000000059604645,0.6000000238418579,75,0bfe38b55a35001adceea50f5e698a778f89aece
a1_sft_s0_task4_accum20_joint15_lr2.5e-7,142,4,24,4,1424,0,0.0,0.0,300,0bfe38b55a35001adceea50f5e698a778f89aece
a1_sft_s0_task4_accum20_joint15_lr2.5e-7,142,4,25,5,1425,0,0.800000011920929,-0.800000011920929,300,0bfe38b55a35001adceea50f5e698a778f89aece
a1_sft_s0_task4_accum20_joint15_lr2.5e-7,142,4,26,6,1426,0,0.6000000238418579,-0.6000000238418579,300,0bfe38b55a35001adceea50f5e698a778f89aece
a1_sft_s0_task4_accum20_joint15_lr2.5e-7,142,4,27,7,1427,1,1.0,0.0,78,0bfe38b55a35001adceea50f5e698a778f89aece
a1_sft_s0_task4_accum20_joint15_lr2.5e-7,142,4,28,8,1428,1,0.800000011920929,0.19999998807907104,79,0bfe38b55a35001adceea50f5e698a778f89aece
a1_sft_s0_task4_accum20_joint15_lr2.5e-7,142,4,29,9,1429,1,1.0,0.0,82,0bfe38b55a35001adceea50f5e698a778f89aece
a1_sft_s0_task4_accum20_joint15_lr2.5e-7,143,4,30,0,1430,0,0.6000000238418579,-0.6000000238418579,300,0bfe38b55a35001adceea50f5e698a778f89aece
a1_sft_s0_task4_accum20_joint15_lr2.5e-7,143,4,31,1,1431,1,0.800000011920929,0.19999998807907104,81,0bfe38b55a35001adceea50f5e698a778f89aece
a1_sft_s0_task4_accum20_joint15_lr2.5e-7,143,4,32,2,1432,0,0.0,0.0,300,0bfe38b55a35001adceea50f5e698a778f89aece
a1_sft_s0_task4_accum20_joint15_lr2.5e-7,143,4,33,3,1433,1,0.20000000298023224,0.800000011920929,90,0bfe38b55a35001adceea50f5e698a778f89aece
a1_sft_s0_task4_accum20_joint15_lr2.5e-7,143,4,34,4,1434,1,0.800000011920929,0.19999998807907104,86,0bfe38b55a35001adceea50f5e698a778f89aece
a1_sft_s0_task4_accum20_joint15_lr2.5e-7,143,4,35,5,1435,1,1.0,0.0,80,0bfe38b55a35001adceea50f5e698a778f89aece
a1_sft_s0_task4_accum20_joint15_lr2.5e-7,143,4,36,6,1436,1,0.800000011920929,0.19999998807907104,79,0bfe38b55a35001adceea50f5e698a778f89aece
a1_sft_s0_task4_accum20_joint15_lr2.5e-7,143,4,37,7,1437,1,0.6000000238418579,0.3999999761581421,88,0bfe38b55a35001adceea50f5e698a778f89aece
a1_sft_s0_task4_accum20_joint15_lr2.5e-7,143,4,38,8,1438,0,0.20000000298023224,-0.20000000298023224,300,0bfe38b55a35001adceea50f5e698a778f89aece
a1_sft_s0_task4_accum20_joint15_lr2.5e-7,143,4,39,9,1439,0,0.0,0.0,300,0bfe38b55a35001adceea50f5e698a778f89aece
a1_sft_s0_task4_accum20_joint15_lr2.5e-7,144,4,40,0,1440,0,0.0,0.0,300,0bfe38b55a35001adceea50f5e698a778f89aece
a1_sft_s0_task4_accum20_joint15_lr2.5e-7,144,4,41,1,1441,1,1.0,0.0,82,0bfe38b55a35001adceea50f5e698a778f89aece
a1_sft_s0_task4_accum20_joint15_lr2.5e-7,144,4,42,2,1442,1,0.800000011920929,0.19999998807907104,82,0bfe38b55a35001adceea50f5e698a778f89aece
a1_sft_s0_task4_accum20_joint15_lr2.5e-7,144,4,43,3,1443,1,1.0,0.0,76,0bfe38b55a35001adceea50f5e698a778f89aece
a1_sft_s0_task4_accum20_joint15_lr2.5e-7,144,4,44,4,1444,0,0.6000000238418579,-0.6000000238418579,300,0bfe38b55a35001adceea50f5e698a778f89aece
a1_sft_s0_task4_accum20_joint15_lr2.5e-7,144,4,45,5,1445,1,0.800000011920929,0.19999998807907104,79,0bfe38b55a35001adceea50f5e698a778f89aece
a1_sft_s0_task4_accum20_joint15_lr2.5e-7,144,4,46,6,1446,1,1.0,0.0,76,0bfe38b55a35001adceea50f5e698a778f89aece
a1_sft_s0_task4_accum20_joint15_lr2.5e-7,144,4,47,7,1447,0,0.0,0.0,300,0bfe38b55a35001adceea50f5e698a778f89aece
a1_sft_s0_task4_accum20_joint15_lr2.5e-7,144,4,48,8,1448,0,0.0,0.0,300,0bfe38b55a35001adceea50f5e698a778f89aece
a1_sft_s0_task4_accum20_joint15_lr2.5e-7,144,4,49,9,1449,1,0.800000011920929,0.19999998807907104,89,0bfe38b55a35001adceea50f5e698a778f89aece
a1_sft_s0_task4_accum20_joint15_lr2.5e-7,145,4,0,0,1450,0,0.0,0.0,300,0bfe38b55a35001adceea50f5e698a778f89aece
a1_sft_s0_task4_accum20_joint15_lr2.5e-7,145,4,1,1,1451,1,1.0,0.0,91,0bfe38b55a35001adceea50f5e698a778f89aece
a1_sft_s0_task4_accum20_joint15_lr2.5e-7,145,4,2,2,1452,1,1.0,0.0,75,0bfe38b55a35001adceea50f5e698a778f89aece
a1_sft_s0_task4_accum20_joint15_lr2.5e-7,145,4,3,3,1453,1,0.6000000238418579,0.3999999761581421,86,0bfe38b55a35001adceea50f5e698a778f89aece
a1_sft_s0_task4_accum20_joint15_lr2.5e-7,145,4,4,4,1454,0,0.6000000238418579,-0.6000000238418579,300,0bfe38b55a35001adceea50f5e698a778f89aece
a1_sft_s0_task4_accum20_joint15_lr2.5e-7,145,4,5,5,1455,1,0.4000000059604645,0.6000000238418579,78,0bfe38b55a35001adceea50f5e698a778f89aece
a1_sft_s0_task4_accum20_joint15_lr2.5e-7,145,4,6,6,1456,0,0.0,0.0,300,0bfe38b55a35001adceea50f5e698a778f89aece
a1_sft_s0_task4_accum20_joint15_lr2.5e-7,145,4,7,7,1457,0,0.800000011920929,-0.800000011920929,300,0bfe38b55a35001adceea50f5e698a778f89aece
a1_sft_s0_task4_accum20_joint15_lr2.5e-7,145,4,8,8,1458,0,0.20000000298023224,-0.20000000298023224,300,0bfe38b55a35001adceea50f5e698a778f89aece
a1_sft_s0_task4_accum20_joint15_lr2.5e-7,145,4,9,9,1459,1,0.6000000238418579,0.3999999761581421,79,0bfe38b55a35001adceea50f5e698a778f89aece
a1_sft_s0_task4_accum20_joint15_lr2.5e-7,146,4,10,0,1460,0,0.0,0.0,300,0bfe38b55a35001adceea50f5e698a778f89aece
a1_sft_s0_task4_accum20_joint15_lr2.5e-7,146,4,11,1,1461,0,0.20000000298023224,-0.20000000298023224,300,0bfe38b55a35001adceea50f5e698a778f89aece
a1_sft_s0_task4_accum20_joint15_lr2.5e-7,146,4,12,2,1462,1,1.0,0.0,81,0bfe38b55a35001adceea50f5e698a778f89aece
a1_sft_s0_task4_accum20_joint15_lr2.5e-7,146,4,13,3,1463,1,1.0,0.0,81,0bfe38b55a35001adceea50f5e698a778f89aece
a1_sft_s0_task4_accum20_joint15_lr2.5e-7,146,4,14,4,1464,0,0.0,0.0,300,0bfe38b55a35001adceea50f5e698a778f89aece
a1_sft_s0_task4_accum20_joint15_lr2.5e-7,146,4,15,5,1465,1,0.800000011920929,0.19999998807907104,80,0bfe38b55a35001adceea50f5e698a778f89aece
a1_sft_s0_task4_accum20_joint15_lr2.5e-7,146,4,16,6,1466,1,1.0,0.0,84,0bfe38b55a35001adceea50f5e698a778f89aece
a1_sft_s0_task4_accum20_joint15_lr2.5e-7,146,4,17,7,1467,1,0.4000000059604645,0.6000000238418579,81,0bfe38b55a35001adceea50f5e698a778f89aece
a1_sft_s0_task4_accum20_joint15_lr2.5e-7,146,4,18,8,1468,0,0.0,0.0,300,0bfe38b55a35001adceea50f5e698a778f89aece
a1_sft_s0_task4_accum20_joint15_lr2.5e-7,146,4,19,9,1469,1,0.0,1.0,75,0bfe38b55a35001adceea50f5e698a778f89aece
a1_sft_s0_task4_accum20_joint15_lr2.5e-7,147,4,20,0,1470,1,0.800000011920929,0.19999998807907104,75,0bfe38b55a35001adceea50f5e698a778f89aece
a1_sft_s0_task4_accum20_joint15_lr2.5e-7,147,4,21,1,1471,1,1.0,0.0,82,0bfe38b55a35001adceea50f5e698a778f89aece
a1_sft_s0_task4_accum20_joint15_lr2.5e-7,147,4,22,2,1472,0,0.20000000298023224,-0.20000000298023224,300,0bfe38b55a35001adceea50f5e698a778f89aece
a1_sft_s0_task4_accum20_joint15_lr2.5e-7,147,4,23,3,1473,0,0.4000000059604645,-0.4000000059604645,300,0bfe38b55a35001adceea50f5e698a778f89aece
a1_sft_s0_task4_accum20_joint15_lr2.5e-7,147,4,24,4,1474,0,0.0,0.0,300,0bfe38b55a35001adceea50f5e698a778f89aece
a1_sft_s0_task4_accum20_joint15_lr2.5e-7,147,4,25,5,1475,1,0.800000011920929,0.19999998807907104,80,0bfe38b55a35001adceea50f5e698a778f89aece
a1_sft_s0_task4_accum20_joint15_lr2.5e-7,147,4,26,6,1476,1,0.4000000059604645,0.6000000238418579,75,0bfe38b55a35001adceea50f5e698a778f89aece
a1_sft_s0_task4_accum20_joint15_lr2.5e-7,147,4,27,7,1477,1,1.0,0.0,81,0bfe38b55a35001adceea50f5e698a778f89aece
a1_sft_s0_task4_accum20_joint15_lr2.5e-7,147,4,28,8,1478,1,0.800000011920929,0.19999998807907104,76,0bfe38b55a35001adceea50f5e698a778f89aece
a1_sft_s0_task4_accum20_joint15_lr2.5e-7,147,4,29,9,1479,1,1.0,0.0,86,0bfe38b55a35001adceea50f5e698a778f89aece
a1_sft_s0_task4_accum20_joint15_lr2.5e-7,148,4,30,0,1480,1,0.4000000059604645,0.6000000238418579,88,0bfe38b55a35001adceea50f5e698a778f89aece
a1_sft_s0_task4_accum20_joint15_lr2.5e-7,148,4,31,1,1481,1,0.800000011920929,0.19999998807907104,82,0bfe38b55a35001adceea50f5e698a778f89aece
a1_sft_s0_task4_accum20_joint15_lr2.5e-7,148,4,32,2,1482,0,0.0,0.0,300,0bfe38b55a35001adceea50f5e698a778f89aece
a1_sft_s0_task4_accum20_joint15_lr2.5e-7,148,4,33,3,1483,0,0.4000000059604645,-0.4000000059604645,300,0bfe38b55a35001adceea50f5e698a778f89aece
a1_sft_s0_task4_accum20_joint15_lr2.5e-7,148,4,34,4,1484,1,1.0,0.0,80,0bfe38b55a35001adceea50f5e698a778f89aece
a1_sft_s0_task4_accum20_joint15_lr2.5e-7,148,4,35,5,1485,1,1.0,0.0,80,0bfe38b55a35001adceea50f5e698a778f89aece
a1_sft_s0_task4_accum20_joint15_lr2.5e-7,148,4,36,6,1486,0,0.800000011920929,-0.800000011920929,300,0bfe38b55a35001adceea50f5e698a778f89aece
a1_sft_s0_task4_accum20_joint15_lr2.5e-7,148,4,37,7,1487,1,0.6000000238418579,0.3999999761581421,88,0bfe38b55a35001adceea50f5e698a778f89aece
a1_sft_s0_task4_accum20_joint15_lr2.5e-7,148,4,38,8,1488,0,0.20000000298023224,-0.20000000298023224,300,0bfe38b55a35001adceea50f5e698a778f89aece
a1_sft_s0_task4_accum20_joint15_lr2.5e-7,148,4,39,9,1489,0,0.0,0.0,300,0bfe38b55a35001adceea50f5e698a778f89aece
a1_sft_s0_task4_accum20_joint15_lr2.5e-7,149,4,40,0,1490,0,0.0,0.0,300,0bfe38b55a35001adceea50f5e698a778f89aece
a1_sft_s0_task4_accum20_joint15_lr2.5e-7,149,4,41,1,1491,1,1.0,0.0,80,0bfe38b55a35001adceea50f5e698a778f89aece
a1_sft_s0_task4_accum20_joint15_lr2.5e-7,149,4,42,2,1492,1,0.800000011920929,0.19999998807907104,74,0bfe38b55a35001adceea50f5e698a778f89aece
a1_sft_s0_task4_accum20_joint15_lr2.5e-7,149,4,43,3,1493,1,1.0,0.0,84,0bfe38b55a35001adceea50f5e698a778f89aece
a1_sft_s0_task4_accum20_joint15_lr2.5e-7,149,4,44,4,1494,0,0.6000000238418579,-0.6000000238418579,300,0bfe38b55a35001adceea50f5e698a778f89aece
a1_sft_s0_task4_accum20_joint15_lr2.5e-7,149,4,45,5,1495,1,0.800000011920929,0.19999998807907104,87,0bfe38b55a35001adceea50f5e698a778f89aece
a1_sft_s0_task4_accum20_joint15_lr2.5e-7,149,4,46,6,1496,1,1.0,0.0,82,0bfe38b55a35001adceea50f5e698a778f89aece
a1_sft_s0_task4_accum20_joint15_lr2.5e-7,149,4,47,7,1497,0,0.0,0.0,300,0bfe38b55a35001adceea50f5e698a778f89aece
a1_sft_s0_task4_accum20_joint15_lr2.5e-7,149,4,48,8,1498,0,0.0,0.0,300,0bfe38b55a35001adceea50f5e698a778f89aece
a1_sft_s0_task4_accum20_joint15_lr2.5e-7,149,4,49,9,1499,1,0.800000011920929,0.19999998807907104,90,0bfe38b55a35001adceea50f5e698a778f89aece
a1_sft_s0_task4_accum20_joint15_lr2.5e-7,150,4,0,0,1500,0,0.0,0.0,300,0bfe38b55a35001adceea50f5e698a778f89aece
a1_sft_s0_task4_accum20_joint15_lr2.5e-7,150,4,1,1,1501,1,1.0,0.0,85,0bfe38b55a35001adceea50f5e698a778f89aece
a1_sft_s0_task4_accum20_joint15_lr2.5e-7,150,4,2,2,1502,1,1.0,0.0,81,0bfe38b55a35001adceea50f5e698a778f89aece
a1_sft_s0_task4_accum20_joint15_lr2.5e-7,150,4,3,3,1503,0,0.800000011920929,-0.800000011920929,300,0bfe38b55a35001adceea50f5e698a778f89aece
a1_sft_s0_task4_accum20_joint15_lr2.5e-7,150,4,4,4,1504,1,0.4000000059604645,0.6000000238418579,76,0bfe38b55a35001adceea50f5e698a778f89aece
a1_sft_s0_task4_accum20_joint15_lr2.5e-7,150,4,5,5,1505,1,0.6000000238418579,0.3999999761581421,88,0bfe38b55a35001adceea50f5e698a778f89aece
a1_sft_s0_task4_accum20_joint15_lr2.5e-7,150,4,6,6,1506,0,0.0,0.0,300,0bfe38b55a35001adceea50f5e698a778f89aece
a1_sft_s0_task4_accum20_joint15_lr2.5e-7,150,4,7,7,1507,1,0.6000000238418579,0.3999999761581421,77,0bfe38b55a35001adceea50f5e698a778f89aece
a1_sft_s0_task4_accum20_joint15_lr2.5e-7,150,4,8,8,1508,0,0.20000000298023224,-0.20000000298023224,300,0bfe38b55a35001adceea50f5e698a778f89aece
a1_sft_s0_task4_accum20_joint15_lr2.5e-7,150,4,9,9,1509,1,0.6000000238418579,0.3999999761581421,78,0bfe38b55a35001adceea50f5e698a778f89aece
a1_sft_s0_task4_accum20_joint15_lr2.5e-7,151,4,10,0,1510,0,0.0,0.0,300,0bfe38b55a35001adceea50f5e698a778f89aece
a1_sft_s0_task4_accum20_joint15_lr2.5e-7,151,4,11,1,1511,0,0.0,0.0,300,0bfe38b55a35001adceea50f5e698a778f89aece
a1_sft_s0_task4_accum20_joint15_lr2.5e-7,151,4,12,2,1512,1,1.0,0.0,78,0bfe38b55a35001adceea50f5e698a778f89aece
a1_sft_s0_task4_accum20_joint15_lr2.5e-7,151,4,13,3,1513,1,1.0,0.0,78,0bfe38b55a35001adceea50f5e698a778f89aece
a1_sft_s0_task4_accum20_joint15_lr2.5e-7,151,4,14,4,1514,0,0.0,0.0,300,0bfe38b55a35001adceea50f5e698a778f89aece
a1_sft_s0_task4_accum20_joint15_lr2.5e-7,151,4,15,5,1515,1,1.0,0.0,85,0bfe38b55a35001adceea50f5e698a778f89aece
a1_sft_s0_task4_accum20_joint15_lr2.5e-7,151,4,16,6,1516,1,1.0,0.0,78,0bfe38b55a35001adceea50f5e698a778f89aece
a1_sft_s0_task4_accum20_joint15_lr2.5e-7,151,4,17,7,1517,1,0.4000000059604645,0.6000000238418579,90,0bfe38b55a35001adceea50f5e698a778f89aece
a1_sft_s0_task4_accum20_joint15_lr2.5e-7,151,4,18,8,1518,0,0.0,0.0,300,0bfe38b55a35001adceea50f5e698a778f89aece
a1_sft_s0_task4_accum20_joint15_lr2.5e-7,151,4,19,9,1519,0,0.20000000298023224,-0.20000000298023224,300,0bfe38b55a35001adceea50f5e698a778f89aece
a1_sft_s0_task4_accum20_joint15_lr2.5e-7,152,4,20,0,1520,1,0.800000011920929,0.19999998807907104,86,0bfe38b55a35001adceea50f5e698a778f89aece
a1_sft_s0_task4_accum20_joint15_lr2.5e-7,152,4,21,1,1521,1,1.0,0.0,79,0bfe38b55a35001adceea50f5e698a778f89aece
a1_sft_s0_task4_accum20_joint15_lr2.5e-7,152,4,22,2,1522,0,0.20000000298023224,-0.20000000298023224,300,0bfe38b55a35001adceea50f5e698a778f89aece
a1_sft_s0_task4_accum20_joint15_lr2.5e-7,152,4,23,3,1523,1,0.4000000059604645,0.6000000238418579,82,0bfe38b55a35001adceea50f5e698a778f89aece
a1_sft_s0_task4_accum20_joint15_lr2.5e-7,152,4,24,4,1524,0,0.0,0.0,300,0bfe38b55a35001adceea50f5e698a778f89aece
a1_sft_s0_task4_accum20_joint15_lr2.5e-7,152,4,25,5,1525,0,0.800000011920929,-0.800000011920929,300,0bfe38b55a35001adceea50f5e698a778f89aece
a1_sft_s0_task4_accum20_joint15_lr2.5e-7,152,4,26,6,1526,1,0.4000000059604645,0.6000000238418579,81,0bfe38b55a35001adceea50f5e698a778f89aece
a1_sft_s0_task4_accum20_joint15_lr2.5e-7,152,4,27,7,1527,1,1.0,0.0,86,0bfe38b55a35001adceea50f5e698a778f89aece
a1_sft_s0_task4_accum20_joint15_lr2.5e-7,152,4,28,8,1528,1,0.800000011920929,0.19999998807907104,77,0bfe38b55a35001adceea50f5e698a778f89aece
a1_sft_s0_task4_accum20_joint15_lr2.5e-7,152,4,29,9,1529,1,1.0,0.0,77,0bfe38b55a35001adceea50f5e698a778f89aece
a1_sft_s0_task4_accum20_joint15_lr2.5e-7,153,4,30,0,1530,1,0.6000000238418579,0.3999999761581421,85,0bfe38b55a35001adceea50f5e698a778f89aece
a1_sft_s0_task4_accum20_joint15_lr2.5e-7,153,4,31,1,1531,1,0.800000011920929,0.19999998807907104,86,0bfe38b55a35001adceea50f5e698a778f89aece
a1_sft_s0_task4_accum20_joint15_lr2.5e-7,153,4,32,2,1532,0,0.0,0.0,300,0bfe38b55a35001adceea50f5e698a778f89aece
a1_sft_s0_task4_accum20_joint15_lr2.5e-7,153,4,33,3,1533,1,0.4000000059604645,0.6000000238418579,90,0bfe38b55a35001adceea50f5e698a778f89aece
a1_sft_s0_task4_accum20_joint15_lr2.5e-7,153,4,34,4,1534,1,1.0,0.0,79,0bfe38b55a35001adceea50f5e698a778f89aece
a1_sft_s0_task4_accum20_joint15_lr2.5e-7,153,4,35,5,1535,1,1.0,0.0,79,0bfe38b55a35001adceea50f5e698a778f89aece
a1_sft_s0_task4_accum20_joint15_lr2.5e-7,153,4,36,6,1536,1,0.6000000238418579,0.3999999761581421,87,0bfe38b55a35001adceea50f5e698a778f89aece
a1_sft_s0_task4_accum20_joint15_lr2.5e-7,153,4,37,7,1537,1,0.800000011920929,0.19999998807907104,84,0bfe38b55a35001adceea50f5e698a778f89aece
a1_sft_s0_task4_accum20_joint15_lr2.5e-7,153,4,38,8,1538,0,0.20000000298023224,-0.20000000298023224,300,0bfe38b55a35001adceea50f5e698a778f89aece
a1_sft_s0_task4_accum20_joint15_lr2.5e-7,153,4,39,9,1539,0,0.0,0.0,300,0bfe38b55a35001adceea50f5e698a778f89aece
a1_sft_s0_task4_accum20_joint15_lr2.5e-7,154,4,40,0,1540,0,0.0,0.0,300,0bfe38b55a35001adceea50f5e698a778f89aece
a1_sft_s0_task4_accum20_joint15_lr2.5e-7,154,4,41,1,1541,1,1.0,0.0,87,0bfe38b55a35001adceea50f5e698a778f89aece
a1_sft_s0_task4_accum20_joint15_lr2.5e-7,154,4,42,2,1542,0,0.800000011920929,-0.800000011920929,300,0bfe38b55a35001adceea50f5e698a778f89aece
a1_sft_s0_task4_accum20_joint15_lr2.5e-7,154,4,43,3,1543,1,1.0,0.0,82,0bfe38b55a35001adceea50f5e698a778f89aece
a1_sft_s0_task4_accum20_joint15_lr2.5e-7,154,4,44,4,1544,1,0.6000000238418579,0.3999999761581421,83,0bfe38b55a35001adceea50f5e698a778f89aece
a1_sft_s0_task4_accum20_joint15_lr2.5e-7,154,4,45,5,1545,1,0.800000011920929,0.19999998807907104,78,0bfe38b55a35001adceea50f5e698a778f89aece
a1_sft_s0_task4_accum20_joint15_lr2.5e-7,154,4,46,6,1546,1,1.0,0.0,82,0bfe38b55a35001adceea50f5e698a778f89aece
a1_sft_s0_task4_accum20_joint15_lr2.5e-7,154,4,47,7,1547,0,0.0,0.0,300,0bfe38b55a35001adceea50f5e698a778f89aece
a1_sft_s0_task4_accum20_joint15_lr2.5e-7,154,4,48,8,1548,0,0.0,0.0,300,0bfe38b55a35001adceea50f5e698a778f89aece
a1_sft_s0_task4_accum20_joint15_lr2.5e-7,154,4,49,9,1549,1,0.800000011920929,0.19999998807907104,87,0bfe38b55a35001adceea50f5e698a778f89aece
a1_sft_s0_task4_accum20_joint15_lr2.5e-7,155,4,0,0,1550,0,0.0,0.0,300,0bfe38b55a35001adceea50f5e698a778f89aece
a1_sft_s0_task4_accum20_joint15_lr2.5e-7,155,4,1,1,1551,1,1.0,0.0,85,0bfe38b55a35001adceea50f5e698a778f89aece
a1_sft_s0_task4_accum20_joint15_lr2.5e-7,155,4,2,2,1552,1,1.0,0.0,78,0bfe38b55a35001adceea50f5e698a778f89aece
a1_sft_s0_task4_accum20_joint15_lr2.5e-7,155,4,3,3,1553,0,0.800000011920929,-0.800000011920929,300,0bfe38b55a35001adceea50f5e698a778f89aece
a1_sft_s0_task4_accum20_joint15_lr2.5e-7,155,4,4,4,1554,1,0.4000000059604645,0.6000000238418579,82,0bfe38b55a35001adceea50f5e698a778f89aece
a1_sft_s0_task4_accum20_joint15_lr2.5e-7,155,4,5,5,1555,1,0.6000000238418579,0.3999999761581421,88,0bfe38b55a35001adceea50f5e698a778f89aece
a1_sft_s0_task4_accum20_joint15_lr2.5e-7,155,4,6,6,1556,0,0.0,0.0,300,0bfe38b55a35001adceea50f5e698a778f89aece
a1_sft_s0_task4_accum20_joint15_lr2.5e-7,155,4,7,7,1557,1,0.6000000238418579,0.3999999761581421,86,0bfe38b55a35001adceea50f5e698a778f89aece
a1_sft_s0_task4_accum20_joint15_lr2.5e-7,155,4,8,8,1558,1,0.0,1.0,90,0bfe38b55a35001adceea50f5e698a778f89aece
a1_sft_s0_task4_accum20_joint15_lr2.5e-7,155,4,9,9,1559,0,0.800000011920929,-0.800000011920929,300,0bfe38b55a35001adceea50f5e698a778f89aece
a1_sft_s0_task4_accum20_joint15_lr2.5e-7,156,4,10,0,1560,0,0.0,0.0,300,0bfe38b55a35001adceea50f5e698a778f89aece
a1_sft_s0_task4_accum20_joint15_lr2.5e-7,156,4,11,1,1561,0,0.0,0.0,300,0bfe38b55a35001adceea50f5e698a778f89aece
a1_sft_s0_task4_accum20_joint15_lr2.5e-7,156,4,12,2,1562,1,1.0,0.0,81,0bfe38b55a35001adceea50f5e698a778f89aece
a1_sft_s0_task4_accum20_joint15_lr2.5e-7,156,4,13,3,1563,1,1.0,0.0,76,0bfe38b55a35001adceea50f5e698a778f89aece
a1_sft_s0_task4_accum20_joint15_lr2.5e-7,156,4,14,4,1564,0,0.0,0.0,300,0bfe38b55a35001adceea50f5e698a778f89aece
a1_sft_s0_task4_accum20_joint15_lr2.5e-7,156,4,15,5,1565,1,1.0,0.0,86,0bfe38b55a35001adceea50f5e698a778f89aece
a1_sft_s0_task4_accum20_joint15_lr2.5e-7,156,4,16,6,1566,1,1.0,0.0,79,0bfe38b55a35001adceea50f5e698a778f89aece
a1_sft_s0_task4_accum20_joint15_lr2.5e-7,156,4,17,7,1567,1,0.6000000238418579,0.3999999761581421,81,0bfe38b55a35001adceea50f5e698a778f89aece
a1_sft_s0_task4_accum20_joint15_lr2.5e-7,156,4,18,8,1568,1,0.0,1.0,90,0bfe38b55a35001adceea50f5e698a778f89aece
a1_sft_s0_task4_accum20_joint15_lr2.5e-7,156,4,19,9,1569,0,0.20000000298023224,-0.20000000298023224,300,0bfe38b55a35001adceea50f5e698a778f89aece
a1_sft_s0_task4_accum20_joint15_lr2.5e-7,157,4,20,0,1570,1,0.800000011920929,0.19999998807907104,96,0bfe38b55a35001adceea50f5e698a778f89aece
a1_sft_s0_task4_accum20_joint15_lr2.5e-7,157,4,21,1,1571,1,1.0,0.0,82,0bfe38b55a35001adceea50f5e698a778f89aece
a1_sft_s0_task4_accum20_joint15_lr2.5e-7,157,4,22,2,1572,0,0.0,0.0,300,0bfe38b55a35001adceea50f5e698a778f89aece
a1_sft_s0_task4_accum20_joint15_lr2.5e-7,157,4,23,3,1573,0,0.6000000238418579,-0.6000000238418579,300,0bfe38b55a35001adceea50f5e698a778f89aece
a1_sft_s0_task4_accum20_joint15_lr2.5e-7,157,4,24,4,1574,0,0.0,0.0,300,0bfe38b55a35001adceea50f5e698a778f89aece
a1_sft_s0_task4_accum20_joint15_lr2.5e-7,157,4,25,5,1575,1,0.6000000238418579,0.3999999761581421,82,0bfe38b55a35001adceea50f5e698a778f89aece
a1_sft_s0_task4_accum20_joint15_lr2.5e-7,157,4,26,6,1576,1,0.6000000238418579,0.3999999761581421,84,0bfe38b55a35001adceea50f5e698a778f89aece
a1_sft_s0_task4_accum20_joint15_lr2.5e-7,157,4,27,7,1577,1,1.0,0.0,82,0bfe38b55a35001adceea50f5e698a778f89aece
a1_sft_s0_task4_accum20_joint15_lr2.5e-7,157,4,28,8,1578,1,1.0,0.0,77,0bfe38b55a35001adceea50f5e698a778f89aece
a1_sft_s0_task4_accum20_joint15_lr2.5e-7,157,4,29,9,1579,0,1.0,-1.0,300,0bfe38b55a35001adceea50f5e698a778f89aece
a1_sft_s0_task4_accum20_joint15_lr2.5e-7,158,4,30,0,1580,1,0.6000000238418579,0.3999999761581421,76,0bfe38b55a35001adceea50f5e698a778f89aece
a1_sft_s0_task4_accum20_joint15_lr2.5e-7,158,4,31,1,1581,1,1.0,0.0,85,0bfe38b55a35001adceea50f5e698a778f89aece
a1_sft_s0_task4_accum20_joint15_lr2.5e-7,158,4,32,2,1582,0,0.0,0.0,300,0bfe38b55a35001adceea50f5e698a778f89aece
a1_sft_s0_task4_accum20_joint15_lr2.5e-7,158,4,33,3,1583,0,0.6000000238418579,-0.6000000238418579,300,0bfe38b55a35001adceea50f5e698a778f89aece
a1_sft_s0_task4_accum20_joint15_lr2.5e-7,158,4,34,4,1584,1,1.0,0.0,90,0bfe38b55a35001adceea50f5e698a778f89aece
a1_sft_s0_task4_accum20_joint15_lr2.5e-7,158,4,35,5,1585,0,1.0,-1.0,300,0bfe38b55a35001adceea50f5e698a778f89aece
a1_sft_s0_task4_accum20_joint15_lr2.5e-7,158,4,36,6,1586,1,0.6000000238418579,0.3999999761581421,86,0bfe38b55a35001adceea50f5e698a778f89aece
a1_sft_s0_task4_accum20_joint15_lr2.5e-7,158,4,37,7,1587,1,0.800000011920929,0.19999998807907104,74,0bfe38b55a35001adceea50f5e698a778f89aece
a1_sft_s0_task4_accum20_joint15_lr2.5e-7,158,4,38,8,1588,0,0.0,0.0,300,0bfe38b55a35001adceea50f5e698a778f89aece
a1_sft_s0_task4_accum20_joint15_lr2.5e-7,158,4,39,9,1589,0,0.0,0.0,300,0bfe38b55a35001adceea50f5e698a778f89aece
a1_sft_s0_task4_accum20_joint15_lr2.5e-7,159,4,40,0,1590,0,0.0,0.0,300,0bfe38b55a35001adceea50f5e698a778f89aece
a1_sft_s0_task4_accum20_joint15_lr2.5e-7,159,4,41,1,1591,1,1.0,0.0,82,0bfe38b55a35001adceea50f5e698a778f89aece
a1_sft_s0_task4_accum20_joint15_lr2.5e-7,159,4,42,2,1592,1,0.800000011920929,0.19999998807907104,79,0bfe38b55a35001adceea50f5e698a778f89aece
a1_sft_s0_task4_accum20_joint15_lr2.5e-7,159,4,43,3,1593,1,1.0,0.0,85,0bfe38b55a35001adceea50f5e698a778f89aece
a1_sft_s0_task4_accum20_joint15_lr2.5e-7,159,4,44,4,1594,1,0.6000000238418579,0.3999999761581421,87,0bfe38b55a35001adceea50f5e698a778f89aece
a1_sft_s0_task4_accum20_joint15_lr2.5e-7,159,4,45,5,1595,1,0.800000011920929,0.19999998807907104,79,0bfe38b55a35001adceea50f5e698a778f89aece
a1_sft_s0_task4_accum20_joint15_lr2.5e-7,159,4,46,6,1596,1,1.0,0.0,79,0bfe38b55a35001adceea50f5e698a778f89aece
a1_sft_s0_task4_accum20_joint15_lr2.5e-7,159,4,47,7,1597,0,0.0,0.0,300,0bfe38b55a35001adceea50f5e698a778f89aece
a1_sft_s0_task4_accum20_joint15_lr2.5e-7,159,4,48,8,1598,0,0.0,0.0,300,0bfe38b55a35001adceea50f5e698a778f89aece
a1_sft_s0_task4_accum20_joint15_lr2.5e-7,159,4,49,9,1599,1,0.800000011920929,0.19999998807907104,81,0bfe38b55a35001adceea50f5e698a778f89aece
a1_sft_s0_task4_accum20_joint15_lr2.5e-7_seed10,0,4,0,0,10000000,0,0.4000000059604645,-0.4000000059604645,300,98e2d06491e8cc6103411b206ab4caf77c6921c0
a1_sft_s0_task4_accum20_joint15_lr2.5e-7_seed10,0,4,1,1,10000001,1,0.4000000059604645,0.6000000238418579,83,98e2d06491e8cc6103411b206ab4caf77c6921c0
a1_sft_s0_task4_accum20_joint15_lr2.5e-7_seed10,0,4,2,2,10000002,1,0.4000000059604645,0.6000000238418579,81,98e2d06491e8cc6103411b206ab4caf77c6921c0
a1_sft_s0_task4_accum20_joint15_lr2.5e-7_seed10,0,4,3,3,10000003,0,0.4000000059604645,-0.4000000059604645,300,98e2d06491e8cc6103411b206ab4caf77c6921c0
a1_sft_s0_task4_accum20_joint15_lr2.5e-7_seed10,0,4,4,4,10000004,0,0.4000000059604645,-0.4000000059604645,300,98e2d06491e8cc6103411b206ab4caf77c6921c0
a1_sft_s0_task4_accum20_joint15_lr2.5e-7_seed10,0,4,5,5,10000005,1,0.4000000059604645,0.6000000238418579,83,98e2d06491e8cc6103411b206ab4caf77c6921c0
a1_sft_s0_task4_accum20_joint15_lr2.5e-7_seed10,0,4,6,6,10000006,0,0.4000000059604645,-0.4000000059604645,300,98e2d06491e8cc6103411b206ab4caf77c6921c0
a1_sft_s0_task4_accum20_joint15_lr2.5e-7_seed10,0,4,7,7,10000007,0,0.4000000059604645,-0.4000000059604645,300,98e2d06491e8cc6103411b206ab4caf77c6921c0
a1_sft_s0_task4_accum20_joint15_lr2.5e-7_seed10,0,4,8,8,10000008,1,0.4000000059604645,0.6000000238418579,83,98e2d06491e8cc6103411b206ab4caf77c6921c0
a1_sft_s0_task4_accum20_joint15_lr2.5e-7_seed10,0,4,9,9,10000009,0,0.4000000059604645,-0.4000000059604645,300,98e2d06491e8cc6103411b206ab4caf77c6921c0
a1_sft_s0_task4_accum20_joint15_lr2.5e-7_seed10,1,4,10,0,10000010,0,0.6000000238418579,-0.6000000238418579,300,98e2d06491e8cc6103411b206ab4caf77c6921c0
a1_sft_s0_task4_accum20_joint15_lr2.5e-7_seed10,1,4,11,1,10000011,1,0.6000000238418579,0.3999999761581421,83,98e2d06491e8cc6103411b206ab4caf77c6921c0
a1_sft_s0_task4_accum20_joint15_lr2.5e-7_seed10,1,4,12,2,10000012,1,0.6000000238418579,0.3999999761581421,78,98e2d06491e8cc6103411b206ab4caf77c6921c0
a1_sft_s0_task4_accum20_joint15_lr2.5e-7_seed10,1,4,13,3,10000013,1,0.6000000238418579,0.3999999761581421,81,98e2d06491e8cc6103411b206ab4caf77c6921c0
a1_sft_s0_task4_accum20_joint15_lr2.5e-7_seed10,1,4,14,4,10000014,0,0.6000000238418579,-0.6000000238418579,300,98e2d06491e8cc6103411b206ab4caf77c6921c0
a1_sft_s0_task4_accum20_joint15_lr2.5e-7_seed10,1,4,15,5,10000015,1,0.6000000238418579,0.3999999761581421,82,98e2d06491e8cc6103411b206ab4caf77c6921c0
a1_sft_s0_task4_accum20_joint15_lr2.5e-7_seed10,1,4,16,6,10000016,1,0.6000000238418579,0.3999999761581421,77,98e2d06491e8cc6103411b206ab4caf77c6921c0
a1_sft_s0_task4_accum20_joint15_lr2.5e-7_seed10,1,4,17,7,10000017,1,0.6000000238418579,0.3999999761581421,79,98e2d06491e8cc6103411b206ab4caf77c6921c0
a1_sft_s0_task4_accum20_joint15_lr2.5e-7_seed10,1,4,18,8,10000018,0,0.6000000238418579,-0.6000000238418579,300,98e2d06491e8cc6103411b206ab4caf77c6921c0
a1_sft_s0_task4_accum20_joint15_lr2.5e-7_seed10,1,4,19,9,10000019,0,0.6000000238418579,-0.6000000238418579,300,98e2d06491e8cc6103411b206ab4caf77c6921c0
a1_sft_s0_task4_accum20_joint15_lr2.5e-7_seed10,2,4,20,0,10000020,1,0.4000000059604645,0.6000000238418579,74,98e2d06491e8cc6103411b206ab4caf77c6921c0
a1_sft_s0_task4_accum20_joint15_lr2.5e-7_seed10,2,4,21,1,10000021,1,0.4000000059604645,0.6000000238418579,82,98e2d06491e8cc6103411b206ab4caf77c6921c0
a1_sft_s0_task4_accum20_joint15_lr2.5e-7_seed10,2,4,22,2,10000022,0,0.4000000059604645,-0.4000000059604645,300,98e2d06491e8cc6103411b206ab4caf77c6921c0
a1_sft_s0_task4_accum20_joint15_lr2.5e-7_seed10,2,4,23,3,10000023,0,0.4000000059604645,-0.4000000059604645,300,98e2d06491e8cc6103411b206ab4caf77c6921c0
a1_sft_s0_task4_accum20_joint15_lr2.5e-7_seed10,2,4,24,4,10000024,0,0.4000000059604645,-0.4000000059604645,300,98e2d06491e8cc6103411b206ab4caf77c6921c0
a1_sft_s0_task4_accum20_joint15_lr2.5e-7_seed10,2,4,25,5,10000025,0,0.4000000059604645,-0.4000000059604645,300,98e2d06491e8cc6103411b206ab4caf77c6921c0
a1_sft_s0_task4_accum20_joint15_lr2.5e-7_seed10,2,4,26,6,10000026,0,0.4000000059604645,-0.4000000059604645,300,98e2d06491e8cc6103411b206ab4caf77c6921c0
a1_sft_s0_task4_accum20_joint15_lr2.5e-7_seed10,2,4,27,7,10000027,1,0.4000000059604645,0.6000000238418579,79,98e2d06491e8cc6103411b206ab4caf77c6921c0
a1_sft_s0_task4_accum20_joint15_lr2.5e-7_seed10,2,4,28,8,10000028,0,0.4000000059604645,-0.4000000059604645,300,98e2d06491e8cc6103411b206ab4caf77c6921c0
a1_sft_s0_task4_accum20_joint15_lr2.5e-7_seed10,2,4,29,9,10000029,1,0.4000000059604645,0.6000000238418579,80,98e2d06491e8cc6103411b206ab4caf77c6921c0
a1_sft_s0_task4_accum20_joint15_lr2.5e-7_seed10,3,4,30,0,10000030,1,0.6000000238418579,0.3999999761581421,85,98e2d06491e8cc6103411b206ab4caf77c6921c0
a1_sft_s0_task4_accum20_joint15_lr2.5e-7_seed10,3,4,31,1,10000031,1,0.6000000238418579,0.3999999761581421,76,98e2d06491e8cc6103411b206ab4caf77c6921c0
a1_sft_s0_task4_accum20_joint15_lr2.5e-7_seed10,3,4,32,2,10000032,1,0.6000000238418579,0.3999999761581421,76,98e2d06491e8cc6103411b206ab4caf77c6921c0
a1_sft_s0_task4_accum20_joint15_lr2.5e-7_seed10,3,4,33,3,10000033,0,0.6000000238418579,-0.6000000238418579,300,98e2d06491e8cc6103411b206ab4caf77c6921c0
a1_sft_s0_task4_accum20_joint15_lr2.5e-7_seed10,3,4,34,4,10000034,1,0.6000000238418579,0.3999999761581421,80,98e2d06491e8cc6103411b206ab4caf77c6921c0
a1_sft_s0_task4_accum20_joint15_lr2.5e-7_seed10,3,4,35,5,10000035,1,0.6000000238418579,0.3999999761581421,77,98e2d06491e8cc6103411b206ab4caf77c6921c0
a1_sft_s0_task4_accum20_joint15_lr2.5e-7_seed10,3,4,36,6,10000036,1,0.6000000238418579,0.3999999761581421,89,98e2d06491e8cc6103411b206ab4caf77c6921c0
a1_sft_s0_task4_accum20_joint15_lr2.5e-7_seed10,3,4,37,7,10000037,0,0.6000000238418579,-0.6000000238418579,300,98e2d06491e8cc6103411b206ab4caf77c6921c0
a1_sft_s0_task4_accum20_joint15_lr2.5e-7_seed10,3,4,38,8,10000038,0,0.6000000238418579,-0.6000000238418579,300,98e2d06491e8cc6103411b206ab4caf77c6921c0
a1_sft_s0_task4_accum20_joint15_lr2.5e-7_seed10,3,4,39,9,10000039,0,0.6000000238418579,-0.6000000238418579,300,98e2d06491e8cc6103411b206ab4caf77c6921c0
a1_sft_s0_task4_accum20_joint15_lr2.5e-7_seed10,4,4,40,0,10000040,0,0.6000000238418579,-0.6000000238418579,300,98e2d06491e8cc6103411b206ab4caf77c6921c0
a1_sft_s0_task4_accum20_joint15_lr2.5e-7_seed10,4,4,41,1,10000041,1,0.6000000238418579,0.3999999761581421,82,98e2d06491e8cc6103411b206ab4caf77c6921c0
a1_sft_s0_task4_accum20_joint15_lr2.5e-7_seed10,4,4,42,2,10000042,0,0.6000000238418579,-0.6000000238418579,300,98e2d06491e8cc6103411b206ab4caf77c6921c0
a1_sft_s0_task4_accum20_joint15_lr2.5e-7_seed10,4,4,43,3,10000043,1,0.6000000238418579,0.3999999761581421,80,98e2d06491e8cc6103411b206ab4caf77c6921c0
a1_sft_s0_task4_accum20_joint15_lr2.5e-7_seed10,4,4,44,4,10000044,1,0.6000000238418579,0.3999999761581421,77,98e2d06491e8cc6103411b206ab4caf77c6921c0
a1_sft_s0_task4_accum20_joint15_lr2.5e-7_seed10,4,4,45,5,10000045,1,0.6000000238418579,0.3999999761581421,81,98e2d06491e8cc6103411b206ab4caf77c6921c0
a1_sft_s0_task4_accum20_joint15_lr2.5e-7_seed10,4,4,46,6,10000046,1,0.6000000238418579,0.3999999761581421,85,98e2d06491e8cc6103411b206ab4caf77c6921c0
a1_sft_s0_task4_accum20_joint15_lr2.5e-7_seed10,4,4,47,7,10000047,0,0.6000000238418579,-0.6000000238418579,300,98e2d06491e8cc6103411b206ab4caf77c6921c0
a1_sft_s0_task4_accum20_joint15_lr2.5e-7_seed10,4,4,48,8,10000048,0,0.6000000238418579,-0.6000000238418579,300,98e2d06491e8cc6103411b206ab4caf77c6921c0
a1_sft_s0_task4_accum20_joint15_lr2.5e-7_seed10,4,4,49,9,10000049,1,0.6000000238418579,0.3999999761581421,90,98e2d06491e8cc6103411b206ab4caf77c6921c0
a1_sft_s0_task4_accum20_joint15_lr2.5e-7_seed10,5,4,0,0,10000050,0,0.0,0.0,300,98e2d06491e8cc6103411b206ab4caf77c6921c0
a1_sft_s0_task4_accum20_joint15_lr2.5e-7_seed10,5,4,1,1,10000051,1,1.0,0.0,79,98e2d06491e8cc6103411b206ab4caf77c6921c0
a1_sft_s0_task4_accum20_joint15_lr2.5e-7_seed10,5,4,2,2,10000052,1,1.0,0.0,79,98e2d06491e8cc6103411b206ab4caf77c6921c0
a1_sft_s0_task4_accum20_joint15_lr2.5e-7_seed10,5,4,3,3,10000053,1,0.0,1.0,91,98e2d06491e8cc6103411b206ab4caf77c6921c0
a1_sft_s0_task4_accum20_joint15_lr2.5e-7_seed10,5,4,4,4,10000054,1,0.0,1.0,77,98e2d06491e8cc6103411b206ab4caf77c6921c0
a1_sft_s0_task4_accum20_joint15_lr2.5e-7_seed10,5,4,5,5,10000055,1,1.0,0.0,80,98e2d06491e8cc6103411b206ab4caf77c6921c0
a1_sft_s0_task4_accum20_joint15_lr2.5e-7_seed10,5,4,6,6,10000056,0,0.0,0.0,300,98e2d06491e8cc6103411b206ab4caf77c6921c0
a1_sft_s0_task4_accum20_joint15_lr2.5e-7_seed10,5,4,7,7,10000057,0,0.0,0.0,300,98e2d06491e8cc6103411b206ab4caf77c6921c0
a1_sft_s0_task4_accum20_joint15_lr2.5e-7_seed10,5,4,8,8,10000058,0,1.0,-1.0,300,98e2d06491e8cc6103411b206ab4caf77c6921c0
a1_sft_s0_task4_accum20_joint15_lr2.5e-7_seed10,5,4,9,9,10000059,1,0.0,1.0,77,98e2d06491e8cc6103411b206ab4caf77c6921c0
a1_sft_s0_task4_accum20_joint15_lr2.5e-7_seed10,6,4,10,0,10000060,0,0.0,0.0,300,98e2d06491e8cc6103411b206ab4caf77c6921c0
a1_sft_s0_task4_accum20_joint15_lr2.5e-7_seed10,6,4,11,1,10000061,0,1.0,-1.0,300,98e2d06491e8cc6103411b206ab4caf77c6921c0
a1_sft_s0_task4_accum20_joint15_lr2.5e-7_seed10,6,4,12,2,10000062,1,1.0,0.0,75,98e2d06491e8cc6103411b206ab4caf77c6921c0
a1_sft_s0_task4_accum20_joint15_lr2.5e-7_seed10,6,4,13,3,10000063,1,1.0,0.0,81,98e2d06491e8cc6103411b206ab4caf77c6921c0
a1_sft_s0_task4_accum20_joint15_lr2.5e-7_seed10,6,4,14,4,10000064,0,0.0,0.0,300,98e2d06491e8cc6103411b206ab4caf77c6921c0
a1_sft_s0_task4_accum20_joint15_lr2.5e-7_seed10,6,4,15,5,10000065,1,1.0,0.0,86,98e2d06491e8cc6103411b206ab4caf77c6921c0
a1_sft_s0_task4_accum20_joint15_lr2.5e-7_seed10,6,4,16,6,10000066,1,1.0,0.0,82,98e2d06491e8cc6103411b206ab4caf77c6921c0
a1_sft_s0_task4_accum20_joint15_lr2.5e-7_seed10,6,4,17,7,10000067,0,1.0,-1.0,300,98e2d06491e8cc6103411b206ab4caf77c6921c0
a1_sft_s0_task4_accum20_joint15_lr2.5e-7_seed10,6,4,18,8,10000068,0,0.0,0.0,300,98e2d06491e8cc6103411b206ab4caf77c6921c0
a1_sft_s0_task4_accum20_joint15_lr2.5e-7_seed10,6,4,19,9,10000069,0,0.0,0.0,300,98e2d06491e8cc6103411b206ab4caf77c6921c0
a1_sft_s0_task4_accum20_joint15_lr2.5e-7_seed10,7,4,20,0,10000070,0,1.0,-1.0,300,98e2d06491e8cc6103411b206ab4caf77c6921c0
a1_sft_s0_task4_accum20_joint15_lr2.5e-7_seed10,7,4,21,1,10000071,1,1.0,0.0,80,98e2d06491e8cc6103411b206ab4caf77c6921c0
a1_sft_s0_task4_accum20_joint15_lr2.5e-7_seed10,7,4,22,2,10000072,0,0.0,0.0,300,98e2d06491e8cc6103411b206ab4caf77c6921c0
a1_sft_s0_task4_accum20_joint15_lr2.5e-7_seed10,7,4,23,3,10000073,0,0.0,0.0,300,98e2d06491e8cc6103411b206ab4caf77c6921c0
a1_sft_s0_task4_accum20_joint15_lr2.5e-7_seed10,7,4,24,4,10000074,0,0.0,0.0,300,98e2d06491e8cc6103411b206ab4caf77c6921c0
a1_sft_s0_task4_accum20_joint15_lr2.5e-7_seed10,7,4,25,5,10000075,0,0.0,0.0,300,98e2d06491e8cc6103411b206ab4caf77c6921c0
a1_sft_s0_task4_accum20_joint15_lr2.5e-7_seed10,7,4,26,6,10000076,0,0.0,0.0,300,98e2d06491e8cc6103411b206ab4caf77c6921c0
a1_sft_s0_task4_accum20_joint15_lr2.5e-7_seed10,7,4,27,7,10000077,1,1.0,0.0,88,98e2d06491e8cc6103411b206ab4caf77c6921c0
a1_sft_s0_task4_accum20_joint15_lr2.5e-7_seed10,7,4,28,8,10000078,1,0.0,1.0,79,98e2d06491e8cc6103411b206ab4caf77c6921c0
a1_sft_s0_task4_accum20_joint15_lr2.5e-7_seed10,7,4,29,9,10000079,0,1.0,-1.0,300,98e2d06491e8cc6103411b206ab4caf77c6921c0
a1_sft_s0_task4_accum20_joint15_lr2.5e-7_seed10,8,4,30,0,10000080,1,1.0,0.0,88,98e2d06491e8cc6103411b206ab4caf77c6921c0
a1_sft_s0_task4_accum20_joint15_lr2.5e-7_seed10,8,4,31,1,10000081,0,1.0,-1.0,300,98e2d06491e8cc6103411b206ab4caf77c6921c0
a1_sft_s0_task4_accum20_joint15_lr2.5e-7_seed10,8,4,32,2,10000082,0,1.0,-1.0,300,98e2d06491e8cc6103411b206ab4caf77c6921c0
a1_sft_s0_task4_accum20_joint15_lr2.5e-7_seed10,8,4,33,3,10000083,0,0.0,0.0,300,98e2d06491e8cc6103411b206ab4caf77c6921c0
a1_sft_s0_task4_accum20_joint15_lr2.5e-7_seed10,8,4,34,4,10000084,1,1.0,0.0,79,98e2d06491e8cc6103411b206ab4caf77c6921c0
a1_sft_s0_task4_accum20_joint15_lr2.5e-7_seed10,8,4,35,5,10000085,1,1.0,0.0,82,98e2d06491e8cc6103411b206ab4caf77c6921c0
a1_sft_s0_task4_accum20_joint15_lr2.5e-7_seed10,8,4,36,6,10000086,0,1.0,-1.0,300,98e2d06491e8cc6103411b206ab4caf77c6921c0
a1_sft_s0_task4_accum20_joint15_lr2.5e-7_seed10,8,4,37,7,10000087,0,0.0,0.0,300,98e2d06491e8cc6103411b206ab4caf77c6921c0
a1_sft_s0_task4_accum20_joint15_lr2.5e-7_seed10,8,4,38,8,10000088,0,0.0,0.0,300,98e2d06491e8cc6103411b206ab4caf77c6921c0
a1_sft_s0_task4_accum20_joint15_lr2.5e-7_seed10,8,4,39,9,10000089,0,0.0,0.0,300,98e2d06491e8cc6103411b206ab4caf77c6921c0
a1_sft_s0_task4_accum20_joint15_lr2.5e-7_seed10,9,4,40,0,10000090,0,0.0,0.0,300,98e2d06491e8cc6103411b206ab4caf77c6921c0
a1_sft_s0_task4_accum20_joint15_lr2.5e-7_seed10,9,4,41,1,10000091,1,1.0,0.0,81,98e2d06491e8cc6103411b206ab4caf77c6921c0
a1_sft_s0_task4_accum20_joint15_lr2.5e-7_seed10,9,4,42,2,10000092,0,0.0,0.0,300,98e2d06491e8cc6103411b206ab4caf77c6921c0
a1_sft_s0_task4_accum20_joint15_lr2.5e-7_seed10,9,4,43,3,10000093,1,1.0,0.0,80,98e2d06491e8cc6103411b206ab4caf77c6921c0
a1_sft_s0_task4_accum20_joint15_lr2.5e-7_seed10,9,4,44,4,10000094,1,1.0,0.0,79,98e2d06491e8cc6103411b206ab4caf77c6921c0
a1_sft_s0_task4_accum20_joint15_lr2.5e-7_seed10,9,4,45,5,10000095,1,1.0,0.0,83,98e2d06491e8cc6103411b206ab4caf77c6921c0
a1_sft_s0_task4_accum20_joint15_lr2.5e-7_seed10,9,4,46,6,10000096,1,1.0,0.0,85,98e2d06491e8cc6103411b206ab4caf77c6921c0
a1_sft_s0_task4_accum20_joint15_lr2.5e-7_seed10,9,4,47,7,10000097,0,0.0,0.0,300,98e2d06491e8cc6103411b206ab4caf77c6921c0
a1_sft_s0_task4_accum20_joint15_lr2.5e-7_seed10,9,4,48,8,10000098,0,0.0,0.0,300,98e2d06491e8cc6103411b206ab4caf77c6921c0
a1_sft_s0_task4_accum20_joint15_lr2.5e-7_seed10,9,4,49,9,10000099,1,1.0,0.0,79,98e2d06491e8cc6103411b206ab4caf77c6921c0
a1_sft_s0_task4_accum20_joint15_lr2.5e-7_seed10,10,4,0,0,10000100,0,0.0,0.0,300,98e2d06491e8cc6103411b206ab4caf77c6921c0
a1_sft_s0_task4_accum20_joint15_lr2.5e-7_seed10,10,4,1,1,10000101,1,1.0,0.0,85,98e2d06491e8cc6103411b206ab4caf77c6921c0
a1_sft_s0_task4_accum20_joint15_lr2.5e-7_seed10,10,4,2,2,10000102,1,1.0,0.0,81,98e2d06491e8cc6103411b206ab4caf77c6921c0
a1_sft_s0_task4_accum20_joint15_lr2.5e-7_seed10,10,4,3,3,10000103,0,0.5,-0.5,300,98e2d06491e8cc6103411b206ab4caf77c6921c0
a1_sft_s0_task4_accum20_joint15_lr2.5e-7_seed10,10,4,4,4,10000104,1,0.5,0.5,81,98e2d06491e8cc6103411b206ab4caf77c6921c0
a1_sft_s0_task4_accum20_joint15_lr2.5e-7_seed10,10,4,5,5,10000105,1,1.0,0.0,85,98e2d06491e8cc6103411b206ab4caf77c6921c0
a1_sft_s0_task4_accum20_joint15_lr2.5e-7_seed10,10,4,6,6,10000106,0,0.0,0.0,300,98e2d06491e8cc6103411b206ab4caf77c6921c0
a1_sft_s0_task4_accum20_joint15_lr2.5e-7_seed10,10,4,7,7,10000107,1,0.0,1.0,82,98e2d06491e8cc6103411b206ab4caf77c6921c0
a1_sft_s0_task4_accum20_joint15_lr2.5e-7_seed10,10,4,8,8,10000108,0,0.5,-0.5,300,98e2d06491e8cc6103411b206ab4caf77c6921c0
a1_sft_s0_task4_accum20_joint15_lr2.5e-7_seed10,10,4,9,9,10000109,0,0.5,-0.5,300,98e2d06491e8cc6103411b206ab4caf77c6921c0
a1_sft_s0_task4_accum20_joint15_lr2.5e-7_seed10,11,4,10,0,10000110,0,0.0,0.0,300,98e2d06491e8cc6103411b206ab4caf77c6921c0
a1_sft_s0_task4_accum20_joint15_lr2.5e-7_seed10,11,4,11,1,10000111,0,0.5,-0.5,300,98e2d06491e8cc6103411b206ab4caf77c6921c0
a1_sft_s0_task4_accum20_joint15_lr2.5e-7_seed10,11,4,12,2,10000112,1,1.0,0.0,74,98e2d06491e8cc6103411b206ab4caf77c6921c0
a1_sft_s0_task4_accum20_joint15_lr2.5e-7_seed10,11,4,13,3,10000113,1,1.0,0.0,77,98e2d06491e8cc6103411b206ab4caf77c6921c0
a1_sft_s0_task4_accum20_joint15_lr2.5e-7_seed10,11,4,14,4,10000114,0,0.0,0.0,300,98e2d06491e8cc6103411b206ab4caf77c6921c0
a1_sft_s0_task4_accum20_joint15_lr2.5e-7_seed10,11,4,15,5,10000115,1,1.0,0.0,81,98e2d06491e8cc6103411b206ab4caf77c6921c0
a1_sft_s0_task4_accum20_joint15_lr2.5e-7_seed10,11,4,16,6,10000116,1,1.0,0.0,81,98e2d06491e8cc6103411b206ab4caf77c6921c0
a1_sft_s0_task4_accum20_joint15_lr2.5e-7_seed10,11,4,17,7,10000117,1,0.5,0.5,80,98e2d06491e8cc6103411b206ab4caf77c6921c0
a1_sft_s0_task4_accum20_joint15_lr2.5e-7_seed10,11,4,18,8,10000118,0,0.0,0.0,300,98e2d06491e8cc6103411b206ab4caf77c6921c0
a1_sft_s0_task4_accum20_joint15_lr2.5e-7_seed10,11,4,19,9,10000119,0,0.0,0.0,300,98e2d06491e8cc6103411b206ab4caf77c6921c0
a1_sft_s0_task4_accum20_joint15_lr2.5e-7_seed10,12,4,20,0,10000120,0,0.5,-0.5,300,98e2d06491e8cc6103411b206ab4caf77c6921c0
a1_sft_s0_task4_accum20_joint15_lr2.5e-7_seed10,12,4,21,1,10000121,1,1.0,0.0,83,98e2d06491e8cc6103411b206ab4caf77c6921c0
a1_sft_s0_task4_accum20_joint15_lr2.5e-7_seed10,12,4,22,2,10000122,0,0.0,0.0,300,98e2d06491e8cc6103411b206ab4caf77c6921c0
a1_sft_s0_task4_accum20_joint15_lr2.5e-7_seed10,12,4,23,3,10000123,0,0.0,0.0,300,98e2d06491e8cc6103411b206ab4caf77c6921c0
a1_sft_s0_task4_accum20_joint15_lr2.5e-7_seed10,12,4,24,4,10000124,0,0.0,0.0,300,98e2d06491e8cc6103411b206ab4caf77c6921c0
a1_sft_s0_task4_accum20_joint15_lr2.5e-7_seed10,12,4,25,5,10000125,1,0.0,1.0,79,98e2d06491e8cc6103411b206ab4caf77c6921c0
a1_sft_s0_task4_accum20_joint15_lr2.5e-7_seed10,12,4,26,6,10000126,0,0.0,0.0,300,98e2d06491e8cc6103411b206ab4caf77c6921c0
a1_sft_s0_task4_accum20_joint15_lr2.5e-7_seed10,12,4,27,7,10000127,1,1.0,0.0,82,98e2d06491e8cc6103411b206ab4caf77c6921c0
a1_sft_s0_task4_accum20_joint15_lr2.5e-7_seed10,12,4,28,8,10000128,0,0.5,-0.5,300,98e2d06491e8cc6103411b206ab4caf77c6921c0
a1_sft_s0_task4_accum20_joint15_lr2.5e-7_seed10,12,4,29,9,10000129,1,0.5,0.5,89,98e2d06491e8cc6103411b206ab4caf77c6921c0
a1_sft_s0_task4_accum20_joint15_lr2.5e-7_seed10,13,4,30,0,10000130,1,1.0,0.0,77,98e2d06491e8cc6103411b206ab4caf77c6921c0
a1_sft_s0_task4_accum20_joint15_lr2.5e-7_seed10,13,4,31,1,10000131,0,0.5,-0.5,300,98e2d06491e8cc6103411b206ab4caf77c6921c0
a1_sft_s0_task4_accum20_joint15_lr2.5e-7_seed10,13,4,32,2,10000132,0,0.5,-0.5,300,98e2d06491e8cc6103411b206ab4caf77c6921c0
a1_sft_s0_task4_accum20_joint15_lr2.5e-7_seed10,13,4,33,3,10000133,0,0.0,0.0,300,98e2d06491e8cc6103411b206ab4caf77c6921c0
a1_sft_s0_task4_accum20_joint15_lr2.5e-7_seed10,13,4,34,4,10000134,1,1.0,0.0,82,98e2d06491e8cc6103411b206ab4caf77c6921c0
a1_sft_s0_task4_accum20_joint15_lr2.5e-7_seed10,13,4,35,5,10000135,1,1.0,0.0,81,98e2d06491e8cc6103411b206ab4caf77c6921c0
a1_sft_s0_task4_accum20_joint15_lr2.5e-7_seed10,13,4,36,6,10000136,1,0.5,0.5,89,98e2d06491e8cc6103411b206ab4caf77c6921c0
a1_sft_s0_task4_accum20_joint15_lr2.5e-7_seed10,13,4,37,7,10000137,0,0.0,0.0,300,98e2d06491e8cc6103411b206ab4caf77c6921c0
a1_sft_s0_task4_accum20_joint15_lr2.5e-7_seed10,13,4,38,8,10000138,0,0.0,0.0,300,98e2d06491e8cc6103411b206ab4caf77c6921c0
a1_sft_s0_task4_accum20_joint15_lr2.5e-7_seed10,13,4,39,9,10000139,0,0.0,0.0,300,98e2d06491e8cc6103411b206ab4caf77c6921c0
a1_sft_s0_task4_accum20_joint15_lr2.5e-7_seed10,14,4,40,0,10000140,0,0.0,0.0,300,98e2d06491e8cc6103411b206ab4caf77c6921c0
a1_sft_s0_task4_accum20_joint15_lr2.5e-7_seed10,14,4,41,1,10000141,1,1.0,0.0,87,98e2d06491e8cc6103411b206ab4caf77c6921c0
a1_sft_s0_task4_accum20_joint15_lr2.5e-7_seed10,14,4,42,2,10000142,1,0.0,1.0,77,98e2d06491e8cc6103411b206ab4caf77c6921c0
a1_sft_s0_task4_accum20_joint15_lr2.5e-7_seed10,14,4,43,3,10000143,1,1.0,0.0,80,98e2d06491e8cc6103411b206ab4caf77c6921c0
a1_sft_s0_task4_accum20_joint15_lr2.5e-7_seed10,14,4,44,4,10000144,1,1.0,0.0,80,98e2d06491e8cc6103411b206ab4caf77c6921c0
a1_sft_s0_task4_accum20_joint15_lr2.5e-7_seed10,14,4,45,5,10000145,1,1.0,0.0,79,98e2d06491e8cc6103411b206ab4caf77c6921c0
a1_sft_s0_task4_accum20_joint15_lr2.5e-7_seed10,14,4,46,6,10000146,1,1.0,0.0,83,98e2d06491e8cc6103411b206ab4caf77c6921c0
a1_sft_s0_task4_accum20_joint15_lr2.5e-7_seed10,14,4,47,7,10000147,0,0.0,0.0,300,98e2d06491e8cc6103411b206ab4caf77c6921c0
a1_sft_s0_task4_accum20_joint15_lr2.5e-7_seed10,14,4,48,8,10000148,0,0.0,0.0,300,98e2d06491e8cc6103411b206ab4caf77c6921c0
a1_sft_s0_task4_accum20_joint15_lr2.5e-7_seed10,14,4,49,9,10000149,1,1.0,0.0,87,98e2d06491e8cc6103411b206ab4caf77c6921c0
a1_sft_s0_task4_accum20_joint15_lr2.5e-7_seed10,15,4,0,0,10000150,0,0.0,0.0,300,98e2d06491e8cc6103411b206ab4caf77c6921c0
a1_sft_s0_task4_accum20_joint15_lr2.5e-7_seed10,15,4,1,1,10000151,1,1.0,0.0,84,98e2d06491e8cc6103411b206ab4caf77c6921c0
a1_sft_s0_task4_accum20_joint15_lr2.5e-7_seed10,15,4,2,2,10000152,1,1.0,0.0,81,98e2d06491e8cc6103411b206ab4caf77c6921c0
a1_sft_s0_task4_accum20_joint15_lr2.5e-7_seed10,15,4,3,3,10000153,0,0.3333333432674408,-0.3333333432674408,300,98e2d06491e8cc6103411b206ab4caf77c6921c0
a1_sft_s0_task4_accum20_joint15_lr2.5e-7_seed10,15,4,4,4,10000154,0,0.6666666865348816,-0.6666666865348816,300,98e2d06491e8cc6103411b206ab4caf77c6921c0
a1_sft_s0_task4_accum20_joint15_lr2.5e-7_seed10,15,4,5,5,10000155,1,1.0,0.0,89,98e2d06491e8cc6103411b206ab4caf77c6921c0
a1_sft_s0_task4_accum20_joint15_lr2.5e-7_seed10,15,4,6,6,10000156,0,0.0,0.0,300,98e2d06491e8cc6103411b206ab4caf77c6921c0
a1_sft_s0_task4_accum20_joint15_lr2.5e-7_seed10,15,4,7,7,10000157,0,0.3333333432674408,-0.3333333432674408,300,98e2d06491e8cc6103411b206ab4caf77c6921c0
a1_sft_s0_task4_accum20_joint15_lr2.5e-7_seed10,15,4,8,8,10000158,0,0.3333333432674408,-0.3333333432674408,300,98e2d06491e8cc6103411b206ab4caf77c6921c0
a1_sft_s0_task4_accum20_joint15_lr2.5e-7_seed10,15,4,9,9,10000159,1,0.3333333432674408,0.6666666269302368,76,98e2d06491e8cc6103411b206ab4caf77c6921c0
a1_sft_s0_task4_accum20_joint15_lr2.5e-7_seed10,16,4,10,0,10000160,1,0.0,1.0,89,98e2d06491e8cc6103411b206ab4caf77c6921c0
a1_sft_s0_task4_accum20_joint15_lr2.5e-7_seed10,16,4,11,1,10000161,0,0.3333333432674408,-0.3333333432674408,300,98e2d06491e8cc6103411b206ab4caf77c6921c0
a1_sft_s0_task4_accum20_joint15_lr2.5e-7_seed10,16,4,12,2,10000162,1,1.0,0.0,84,98e2d06491e8cc6103411b206ab4caf77c6921c0
a1_sft_s0_task4_accum20_joint15_lr2.5e-7_seed10,16,4,13,3,10000163,1,1.0,0.0,80,98e2d06491e8cc6103411b206ab4caf77c6921c0
a1_sft_s0_task4_accum20_joint15_lr2.5e-7_seed10,16,4,14,4,10000164,0,0.0,0.0,300,98e2d06491e8cc6103411b206ab4caf77c6921c0
a1_sft_s0_task4_accum20_joint15_lr2.5e-7_seed10,16,4,15,5,10000165,0,1.0,-1.0,300,98e2d06491e8cc6103411b206ab4caf77c6921c0
a1_sft_s0_task4_accum20_joint15_lr2.5e-7_seed10,16,4,16,6,10000166,1,1.0,0.0,80,98e2d06491e8cc6103411b206ab4caf77c6921c0
a1_sft_s0_task4_accum20_joint15_lr2.5e-7_seed10,16,4,17,7,10000167,1,0.6666666865348816,0.3333333134651184,88,98e2d06491e8cc6103411b206ab4caf77c6921c0
a1_sft_s0_task4_accum20_joint15_lr2.5e-7_seed10,16,4,18,8,10000168,0,0.0,0.0,300,98e2d06491e8cc6103411b206ab4caf77c6921c0
a1_sft_s0_task4_accum20_joint15_lr2.5e-7_seed10,16,4,19,9,10000169,1,0.0,1.0,80,98e2d06491e8cc6103411b206ab4caf77c6921c0
a1_sft_s0_task4_accum20_joint15_lr2.5e-7_seed10,17,4,20,0,10000170,1,0.3333333432674408,0.6666666269302368,75,98e2d06491e8cc6103411b206ab4caf77c6921c0
a1_sft_s0_task4_accum20_joint15_lr2.5e-7_seed10,17,4,21,1,10000171,1,1.0,0.0,81,98e2d06491e8cc6103411b206ab4caf77c6921c0
a1_sft_s0_task4_accum20_joint15_lr2.5e-7_seed10,17,4,22,2,10000172,0,0.0,0.0,300,98e2d06491e8cc6103411b206ab4caf77c6921c0
a1_sft_s0_task4_accum20_joint15_lr2.5e-7_seed10,17,4,23,3,10000173,1,0.0,1.0,77,98e2d06491e8cc6103411b206ab4caf77c6921c0
a1_sft_s0_task4_accum20_joint15_lr2.5e-7_seed10,17,4,24,4,10000174,0,0.0,0.0,300,98e2d06491e8cc6103411b206ab4caf77c6921c0
a1_sft_s0_task4_accum20_joint15_lr2.5e-7_seed10,17,4,25,5,10000175,1,0.3333333432674408,0.6666666269302368,79,98e2d06491e8cc6103411b206ab4caf77c6921c0
a1_sft_s0_task4_accum20_joint15_lr2.5e-7_seed10,17,4,26,6,10000176,0,0.0,0.0,300,98e2d06491e8cc6103411b206ab4caf77c6921c0
a1_sft_s0_task4_accum20_joint15_lr2.5e-7_seed10,17,4,27,7,10000177,1,1.0,0.0,76,98e2d06491e8cc6103411b206ab4caf77c6921c0
a1_sft_s0_task4_accum20_joint15_lr2.5e-7_seed10,17,4,28,8,10000178,1,0.3333333432674408,0.6666666269302368,79,98e2d06491e8cc6103411b206ab4caf77c6921c0
a1_sft_s0_task4_accum20_joint15_lr2.5e-7_seed10,17,4,29,9,10000179,0,0.6666666865348816,-0.6666666865348816,300,98e2d06491e8cc6103411b206ab4caf77c6921c0
a1_sft_s0_task4_accum20_joint15_lr2.5e-7_seed10,18,4,30,0,10000180,0,1.0,-1.0,300,98e2d06491e8cc6103411b206ab4caf77c6921c0
a1_sft_s0_task4_accum20_joint15_lr2.5e-7_seed10,18,4,31,1,10000181,0,0.3333333432674408,-0.3333333432674408,300,98e2d06491e8cc6103411b206ab4caf77c6921c0
a1_sft_s0_task4_accum20_joint15_lr2.5e-7_seed10,18,4,32,2,10000182,0,0.3333333432674408,-0.3333333432674408,300,98e2d06491e8cc6103411b206ab4caf77c6921c0
a1_sft_s0_task4_accum20_joint15_lr2.5e-7_seed10,18,4,33,3,10000183,0,0.0,0.0,300,98e2d06491e8cc6103411b206ab4caf77c6921c0
a1_sft_s0_task4_accum20_joint15_lr2.5e-7_seed10,18,4,34,4,10000184,0,1.0,-1.0,300,98e2d06491e8cc6103411b206ab4caf77c6921c0
a1_sft_s0_task4_accum20_joint15_lr2.5e-7_seed10,18,4,35,5,10000185,1,1.0,0.0,88,98e2d06491e8cc6103411b206ab4caf77c6921c0
a1_sft_s0_task4_accum20_joint15_lr2.5e-7_seed10,18,4,36,6,10000186,1,0.6666666865348816,0.3333333134651184,88,98e2d06491e8cc6103411b206ab4caf77c6921c0
a1_sft_s0_task4_accum20_joint15_lr2.5e-7_seed10,18,4,37,7,10000187,0,0.0,0.0,300,98e2d06491e8cc6103411b206ab4caf77c6921c0
a1_sft_s0_task4_accum20_joint15_lr2.5e-7_seed10,18,4,38,8,10000188,0,0.0,0.0,300,98e2d06491e8cc6103411b206ab4caf77c6921c0
a1_sft_s0_task4_accum20_joint15_lr2.5e-7_seed10,18,4,39,9,10000189,0,0.0,0.0,300,98e2d06491e8cc6103411b206ab4caf77c6921c0
a1_sft_s0_task4_accum20_joint15_lr2.5e-7_seed10,19,4,40,0,10000190,0,0.0,0.0,300,98e2d06491e8cc6103411b206ab4caf77c6921c0
a1_sft_s0_task4_accum20_joint15_lr2.5e-7_seed10,19,4,41,1,10000191,1,1.0,0.0,77,98e2d06491e8cc6103411b206ab4caf77c6921c0
a1_sft_s0_task4_accum20_joint15_lr2.5e-7_seed10,19,4,42,2,10000192,1,0.3333333432674408,0.6666666269302368,75,98e2d06491e8cc6103411b206ab4caf77c6921c0
a1_sft_s0_task4_accum20_joint15_lr2.5e-7_seed10,19,4,43,3,10000193,1,1.0,0.0,86,98e2d06491e8cc6103411b206ab4caf77c6921c0
a1_sft_s0_task4_accum20_joint15_lr2.5e-7_seed10,19,4,44,4,10000194,1,1.0,0.0,89,98e2d06491e8cc6103411b206ab4caf77c6921c0
a1_sft_s0_task4_accum20_joint15_lr2.5e-7_seed10,19,4,45,5,10000195,1,1.0,0.0,79,98e2d06491e8cc6103411b206ab4caf77c6921c0
a1_sft_s0_task4_accum20_joint15_lr2.5e-7_seed10,19,4,46,6,10000196,1,1.0,0.0,88,98e2d06491e8cc6103411b206ab4caf77c6921c0
a1_sft_s0_task4_accum20_joint15_lr2.5e-7_seed10,19,4,47,7,10000197,0,0.0,0.0,300,98e2d06491e8cc6103411b206ab4caf77c6921c0
a1_sft_s0_task4_accum20_joint15_lr2.5e-7_seed10,19,4,48,8,10000198,0,0.0,0.0,300,98e2d06491e8cc6103411b206ab4caf77c6921c0
a1_sft_s0_task4_accum20_joint15_lr2.5e-7_seed10,19,4,49,9,10000199,0,1.0,-1.0,300,98e2d06491e8cc6103411b206ab4caf77c6921c0
a1_sft_s0_task4_accum20_joint15_lr2.5e-7_seed10,20,4,0,0,10000200,0,0.0,0.0,300,98e2d06491e8cc6103411b206ab4caf77c6921c0
a1_sft_s0_task4_accum20_joint15_lr2.5e-7_seed10,20,4,1,1,10000201,1,1.0,0.0,87,98e2d06491e8cc6103411b206ab4caf77c6921c0
a1_sft_s0_task4_accum20_joint15_lr2.5e-7_seed10,20,4,2,2,10000202,1,1.0,0.0,72,98e2d06491e8cc6103411b206ab4caf77c6921c0
a1_sft_s0_task4_accum20_joint15_lr2.5e-7_seed10,20,4,3,3,10000203,0,0.25,-0.25,300,98e2d06491e8cc6103411b206ab4caf77c6921c0
a1_sft_s0_task4_accum20_joint15_lr2.5e-7_seed10,20,4,4,4,10000204,1,0.5,0.5,79,98e2d06491e8cc6103411b206ab4caf77c6921c0
a1_sft_s0_task4_accum20_joint15_lr2.5e-7_seed10,20,4,5,5,10000205,1,1.0,0.0,80,98e2d06491e8cc6103411b206ab4caf77c6921c0
a1_sft_s0_task4_accum20_joint15_lr2.5e-7_seed10,20,4,6,6,10000206,0,0.0,0.0,300,98e2d06491e8cc6103411b206ab4caf77c6921c0
a1_sft_s0_task4_accum20_joint15_lr2.5e-7_seed10,20,4,7,7,10000207,0,0.25,-0.25,300,98e2d06491e8cc6103411b206ab4caf77c6921c0
a1_sft_s0_task4_accum20_joint15_lr2.5e-7_seed10,20,4,8,8,10000208,0,0.25,-0.25,300,98e2d06491e8cc6103411b206ab4caf77c6921c0
a1_sft_s0_task4_accum20_joint15_lr2.5e-7_seed10,20,4,9,9,10000209,1,0.5,0.5,74,98e2d06491e8cc6103411b206ab4caf77c6921c0
a1_sft_s0_task4_accum20_joint15_lr2.5e-7_seed10,21,4,10,0,10000210,0,0.25,-0.25,300,98e2d06491e8cc6103411b206ab4caf77c6921c0
a1_sft_s0_task4_accum20_joint15_lr2.5e-7_seed10,21,4,11,1,10000211,0,0.25,-0.25,300,98e2d06491e8cc6103411b206ab4caf77c6921c0
a1_sft_s0_task4_accum20_joint15_lr2.5e-7_seed10,21,4,12,2,10000212,1,1.0,0.0,77,98e2d06491e8cc6103411b206ab4caf77c6921c0
a1_sft_s0_task4_accum20_joint15_lr2.5e-7_seed10,21,4,13,3,10000213,1,1.0,0.0,77,98e2d06491e8cc6103411b206ab4caf77c6921c0
a1_sft_s0_task4_accum20_joint15_lr2.5e-7_seed10,21,4,14,4,10000214,1,0.0,1.0,79,98e2d06491e8cc6103411b206ab4caf77c6921c0
a1_sft_s0_task4_accum20_joint15_lr2.5e-7_seed10,21,4,15,5,10000215,0,0.75,-0.75,300,98e2d06491e8cc6103411b206ab4caf77c6921c0
a1_sft_s0_task4_accum20_joint15_lr2.5e-7_seed10,21,4,16,6,10000216,1,1.0,0.0,82,98e2d06491e8cc6103411b206ab4caf77c6921c0
a1_sft_s0_task4_accum20_joint15_lr2.5e-7_seed10,21,4,17,7,10000217,1,0.75,0.25,78,98e2d06491e8cc6103411b206ab4caf77c6921c0
a1_sft_s0_task4_accum20_joint15_lr2.5e-7_seed10,21,4,18,8,10000218,0,0.0,0.0,300,98e2d06491e8cc6103411b206ab4caf77c6921c0
a1_sft_s0_task4_accum20_joint15_lr2.5e-7_seed10,21,4,19,9,10000219,0,0.25,-0.25,300,98e2d06491e8cc6103411b206ab4caf77c6921c0
a1_sft_s0_task4_accum20_joint15_lr2.5e-7_seed10,22,4,20,0,10000220,0,0.5,-0.5,300,98e2d06491e8cc6103411b206ab4caf77c6921c0
a1_sft_s0_task4_accum20_joint15_lr2.5e-7_seed10,22,4,21,1,10000221,1,1.0,0.0,93,98e2d06491e8cc6103411b206ab4caf77c6921c0
a1_sft_s0_task4_accum20_joint15_lr2.5e-7_seed10,22,4,22,2,10000222,0,0.0,0.0,300,98e2d06491e8cc6103411b206ab4caf77c6921c0
a1_sft_s0_task4_accum20_joint15_lr2.5e-7_seed10,22,4,23,3,10000223,1,0.25,0.75,77,98e2d06491e8cc6103411b206ab4caf77c6921c0
a1_sft_s0_task4_accum20_joint15_lr2.5e-7_seed10,22,4,24,4,10000224,0,0.0,0.0,300,98e2d06491e8cc6103411b206ab4caf77c6921c0
a1_sft_s0_task4_accum20_joint15_lr2.5e-7_seed10,22,4,25,5,10000225,0,0.5,-0.5,300,98e2d06491e8cc6103411b206ab4caf77c6921c0
a1_sft_s0_task4_accum20_joint15_lr2.5e-7_seed10,22,4,26,6,10000226,1,0.0,1.0,85,98e2d06491e8cc6103411b206ab4caf77c6921c0
a1_sft_s0_task4_accum20_joint15_lr2.5e-7_seed10,22,4,27,7,10000227,1,1.0,0.0,86,98e2d06491e8cc6103411b206ab4caf77c6921c0
a1_sft_s0_task4_accum20_joint15_lr2.5e-7_seed10,22,4,28,8,10000228,1,0.5,0.5,81,98e2d06491e8cc6103411b206ab4caf77c6921c0
a1_sft_s0_task4_accum20_joint15_lr2.5e-7_seed10,22,4,29,9,10000229,1,0.5,0.5,80,98e2d06491e8cc6103411b206ab4caf77c6921c0
a1_sft_s0_task4_accum20_joint15_lr2.5e-7_seed10,23,4,30,0,10000230,0,0.75,-0.75,300,98e2d06491e8cc6103411b206ab4caf77c6921c0
a1_sft_s0_task4_accum20_joint15_lr2.5e-7_seed10,23,4,31,1,10000231,1,0.25,0.75,87,98e2d06491e8cc6103411b206ab4caf77c6921c0
a1_sft_s0_task4_accum20_joint15_lr2.5e-7_seed10,23,4,32,2,10000232,0,0.25,-0.25,300,98e2d06491e8cc6103411b206ab4caf77c6921c0
a1_sft_s0_task4_accum20_joint15_lr2.5e-7_seed10,23,4,33,3,10000233,1,0.0,1.0,78,98e2d06491e8cc6103411b206ab4caf77c6921c0
a1_sft_s0_task4_accum20_joint15_lr2.5e-7_seed10,23,4,34,4,10000234,1,0.75,0.25,81,98e2d06491e8cc6103411b206ab4caf77c6921c0
a1_sft_s0_task4_accum20_joint15_lr2.5e-7_seed10,23,4,35,5,10000235,1,1.0,0.0,83,98e2d06491e8cc6103411b206ab4caf77c6921c0
a1_sft_s0_task4_accum20_joint15_lr2.5e-7_seed10,23,4,36,6,10000236,1,0.75,0.25,86,98e2d06491e8cc6103411b206ab4caf77c6921c0
a1_sft_s0_task4_accum20_joint15_lr2.5e-7_seed10,23,4,37,7,10000237,0,0.0,0.0,300,98e2d06491e8cc6103411b206ab4caf77c6921c0
a1_sft_s0_task4_accum20_joint15_lr2.5e-7_seed10,23,4,38,8,10000238,0,0.0,0.0,300,98e2d06491e8cc6103411b206ab4caf77c6921c0
a1_sft_s0_task4_accum20_joint15_lr2.5e-7_seed10,23,4,39,9,10000239,0,0.0,0.0,300,98e2d06491e8cc6103411b206ab4caf77c6921c0
a1_sft_s0_task4_accum20_joint15_lr2.5e-7_seed10,24,4,40,0,10000240,0,0.0,0.0,300,98e2d06491e8cc6103411b206ab4caf77c6921c0
a1_sft_s0_task4_accum20_joint15_lr2.5e-7_seed10,24,4,41,1,10000241,1,1.0,0.0,80,98e2d06491e8cc6103411b206ab4caf77c6921c0
a1_sft_s0_task4_accum20_joint15_lr2.5e-7_seed10,24,4,42,2,10000242,1,0.5,0.5,77,98e2d06491e8cc6103411b206ab4caf77c6921c0
a1_sft_s0_task4_accum20_joint15_lr2.5e-7_seed10,24,4,43,3,10000243,1,1.0,0.0,80,98e2d06491e8cc6103411b206ab4caf77c6921c0
a1_sft_s0_task4_accum20_joint15_lr2.5e-7_seed10,24,4,44,4,10000244,0,1.0,-1.0,300,98e2d06491e8cc6103411b206ab4caf77c6921c0
a1_sft_s0_task4_accum20_joint15_lr2.5e-7_seed10,24,4,45,5,10000245,1,1.0,0.0,77,98e2d06491e8cc6103411b206ab4caf77c6921c0
a1_sft_s0_task4_accum20_joint15_lr2.5e-7_seed10,24,4,46,6,10000246,1,1.0,0.0,82,98e2d06491e8cc6103411b206ab4caf77c6921c0
a1_sft_s0_task4_accum20_joint15_lr2.5e-7_seed10,24,4,47,7,10000247,0,0.0,0.0,300,98e2d06491e8cc6103411b206ab4caf77c6921c0
a1_sft_s0_task4_accum20_joint15_lr2.5e-7_seed10,24,4,48,8,10000248,0,0.0,0.0,300,98e2d06491e8cc6103411b206ab4caf77c6921c0
a1_sft_s0_task4_accum20_joint15_lr2.5e-7_seed10,24,4,49,9,10000249,1,0.75,0.25,80,98e2d06491e8cc6103411b206ab4caf77c6921c0
a1_sft_s0_task4_accum20_joint15_lr2.5e-7_seed10,25,4,0,0,10000250,0,0.0,0.0,300,98e2d06491e8cc6103411b206ab4caf77c6921c0
a1_sft_s0_task4_accum20_joint15_lr2.5e-7_seed10,25,4,1,1,10000251,1,1.0,0.0,87,98e2d06491e8cc6103411b206ab4caf77c6921c0
a1_sft_s0_task4_accum20_joint15_lr2.5e-7_seed10,25,4,2,2,10000252,1,1.0,0.0,78,98e2d06491e8cc6103411b206ab4caf77c6921c0
a1_sft_s0_task4_accum20_joint15_lr2.5e-7_seed10,25,4,3,3,10000253,0,0.20000000298023224,-0.20000000298023224,300,98e2d06491e8cc6103411b206ab4caf77c6921c0
a1_sft_s0_task4_accum20_joint15_lr2.5e-7_seed10,25,4,4,4,10000254,0,0.6000000238418579,-0.6000000238418579,300,98e2d06491e8cc6103411b206ab4caf77c6921c0
a1_sft_s0_task4_accum20_joint15_lr2.5e-7_seed10,25,4,5,5,10000255,1,1.0,0.0,79,98e2d06491e8cc6103411b206ab4caf77c6921c0
a1_sft_s0_task4_accum20_joint15_lr2.5e-7_seed10,25,4,6,6,10000256,0,0.0,0.0,300,98e2d06491e8cc6103411b206ab4caf77c6921c0
a1_sft_s0_task4_accum20_joint15_lr2.5e-7_seed10,25,4,7,7,10000257,1,0.20000000298023224,0.800000011920929,82,98e2d06491e8cc6103411b206ab4caf77c6921c0
a1_sft_s0_task4_accum20_joint15_lr2.5e-7_seed10,25,4,8,8,10000258,0,0.20000000298023224,-0.20000000298023224,300,98e2d06491e8cc6103411b206ab4caf77c6921c0
a1_sft_s0_task4_accum20_joint15_lr2.5e-7_seed10,25,4,9,9,10000259,0,0.6000000238418579,-0.6000000238418579,300,98e2d06491e8cc6103411b206ab4caf77c6921c0
a1_sft_s0_task4_accum20_joint15_lr2.5e-7_seed10,26,4,10,0,10000260,0,0.20000000298023224,-0.20000000298023224,300,98e2d06491e8cc6103411b206ab4caf77c6921c0
a1_sft_s0_task4_accum20_joint15_lr2.5e-7_seed10,26,4,11,1,10000261,1,0.20000000298023224,0.800000011920929,79,98e2d06491e8cc6103411b206ab4caf77c6921c0
a1_sft_s0_task4_accum20_joint15_lr2.5e-7_seed10,26,4,12,2,10000262,1,1.0,0.0,79,98e2d06491e8cc6103411b206ab4caf77c6921c0
a1_sft_s0_task4_accum20_joint15_lr2.5e-7_seed10,26,4,13,3,10000263,1,1.0,0.0,79,98e2d06491e8cc6103411b206ab4caf77c6921c0
a1_sft_s0_task4_accum20_joint15_lr2.5e-7_seed10,26,4,14,4,10000264,0,0.20000000298023224,-0.20000000298023224,300,98e2d06491e8cc6103411b206ab4caf77c6921c0
a1_sft_s0_task4_accum20_joint15_lr2.5e-7_seed10,26,4,15,5,10000265,1,0.6000000238418579,0.3999999761581421,82,98e2d06491e8cc6103411b206ab4caf77c6921c0
a1_sft_s0_task4_accum20_joint15_lr2.5e-7_seed10,26,4,16,6,10000266,1,1.0,0.0,79,98e2d06491e8cc6103411b206ab4caf77c6921c0
a1_sft_s0_task4_accum20_joint15_lr2.5e-7_seed10,26,4,17,7,10000267,0,0.800000011920929,-0.800000011920929,300,98e2d06491e8cc6103411b206ab4caf77c6921c0
a1_sft_s0_task4_accum20_joint15_lr2.5e-7_seed10,26,4,18,8,10000268,0,0.0,0.0,300,98e2d06491e8cc6103411b206ab4caf77c6921c0
a1_sft_s0_task4_accum20_joint15_lr2.5e-7_seed10,26,4,19,9,10000269,1,0.20000000298023224,0.800000011920929,80,98e2d06491e8cc6103411b206ab4caf77c6921c0
a1_sft_s0_task4_accum20_joint15_lr2.5e-7_seed10,27,4,20,0,10000270,0,0.4000000059604645,-0.4000000059604645,300,98e2d06491e8cc6103411b206ab4caf77c6921c0
a1_sft_s0_task4_accum20_joint15_lr2.5e-7_seed10,27,4,21,1,10000271,1,1.0,0.0,83,98e2d06491e8cc6103411b206ab4caf77c6921c0
a1_sft_s0_task4_accum20_joint15_lr2.5e-7_seed10,27,4,22,2,10000272,0,0.0,0.0,300,98e2d06491e8cc6103411b206ab4caf77c6921c0
a1_sft_s0_task4_accum20_joint15_lr2.5e-7_seed10,27,4,23,3,10000273,0,0.4000000059604645,-0.4000000059604645,300,98e2d06491e8cc6103411b206ab4caf77c6921c0
a1_sft_s0_task4_accum20_joint15_lr2.5e-7_seed10,27,4,24,4,10000274,0,0.0,0.0,300,98e2d06491e8cc6103411b206ab4caf77c6921c0
a1_sft_s0_task4_accum20_joint15_lr2.5e-7_seed10,27,4,25,5,10000275,0,0.4000000059604645,-0.4000000059604645,300,98e2d06491e8cc6103411b206ab4caf77c6921c0
a1_sft_s0_task4_accum20_joint15_lr2.5e-7_seed10,27,4,26,6,10000276,1,0.20000000298023224,0.800000011920929,78,98e2d06491e8cc6103411b206ab4caf77c6921c0
a1_sft_s0_task4_accum20_joint15_lr2.5e-7_seed10,27,4,27,7,10000277,1,1.0,0.0,80,98e2d06491e8cc6103411b206ab4caf77c6921c0
a1_sft_s0_task4_accum20_joint15_lr2.5e-7_seed10,27,4,28,8,10000278,1,0.6000000238418579,0.3999999761581421,77,98e2d06491e8cc6103411b206ab4caf77c6921c0
a1_sft_s0_task4_accum20_joint15_lr2.5e-7_seed10,27,4,29,9,10000279,0,0.6000000238418579,-0.6000000238418579,300,98e2d06491e8cc6103411b206ab4caf77c6921c0
a1_sft_s0_task4_accum20_joint15_lr2.5e-7_seed10,28,4,30,0,10000280,1,0.6000000238418579,0.3999999761581421,80,98e2d06491e8cc6103411b206ab4caf77c6921c0
a1_sft_s0_task4_accum20_joint15_lr2.5e-7_seed10,28,4,31,1,10000281,1,0.4000000059604645,0.6000000238418579,87,98e2d06491e8cc6103411b206ab4caf77c6921c0
a1_sft_s0_task4_accum20_joint15_lr2.5e-7_seed10,28,4,32,2,10000282,0,0.20000000298023224,-0.20000000298023224,300,98e2d06491e8cc6103411b206ab4caf77c6921c0
a1_sft_s0_task4_accum20_joint15_lr2.5e-7_seed10,28,4,33,3,10000283,1,0.20000000298023224,0.800000011920929,80,98e2d06491e8cc6103411b206ab4caf77c6921c0
a1_sft_s0_task4_accum20_joint15_lr2.5e-7_seed10,28,4,34,4,10000284,1,0.800000011920929,0.19999998807907104,88,98e2d06491e8cc6103411b206ab4caf77c6921c0
a1_sft_s0_task4_accum20_joint15_lr2.5e-7_seed10,28,4,35,5,10000285,1,1.0,0.0,75,98e2d06491e8cc6103411b206ab4caf77c6921c0
a1_sft_s0_task4_accum20_joint15_lr2.5e-7_seed10,28,4,36,6,10000286,0,0.800000011920929,-0.800000011920929,300,98e2d06491e8cc6103411b206ab4caf77c6921c0
a1_sft_s0_task4_accum20_joint15_lr2.5e-7_seed10,28,4,37,7,10000287,1,0.0,1.0,85,98e2d06491e8cc6103411b206ab4caf77c6921c0
a1_sft_s0_task4_accum20_joint15_lr2.5e-7_seed10,28,4,38,8,10000288,0,0.0,0.0,300,98e2d06491e8cc6103411b206ab4caf77c6921c0
a1_sft_s0_task4_accum20_joint15_lr2.5e-7_seed10,28,4,39,9,10000289,0,0.0,0.0,300,98e2d06491e8cc6103411b206ab4caf77c6921c0
a1_sft_s0_task4_accum20_joint15_lr2.5e-7_seed10,29,4,40,0,10000290,0,0.0,0.0,300,98e2d06491e8cc6103411b206ab4caf77c6921c0
a1_sft_s0_task4_accum20_joint15_lr2.5e-7_seed10,29,4,41,1,10000291,1,1.0,0.0,82,98e2d06491e8cc6103411b206ab4caf77c6921c0
a1_sft_s0_task4_accum20_joint15_lr2.5e-7_seed10,29,4,42,2,10000292,0,0.6000000238418579,-0.6000000238418579,300,98e2d06491e8cc6103411b206ab4caf77c6921c0
a1_sft_s0_task4_accum20_joint15_lr2.5e-7_seed10,29,4,43,3,10000293,1,1.0,0.0,75,98e2d06491e8cc6103411b206ab4caf77c6921c0
a1_sft_s0_task4_accum20_joint15_lr2.5e-7_seed10,29,4,44,4,10000294,0,0.800000011920929,-0.800000011920929,300,98e2d06491e8cc6103411b206ab4caf77c6921c0
a1_sft_s0_task4_accum20_joint15_lr2.5e-7_seed10,29,4,45,5,10000295,1,1.0,0.0,78,98e2d06491e8cc6103411b206ab4caf77c6921c0
a1_sft_s0_task4_accum20_joint15_lr2.5e-7_seed10,29,4,46,6,10000296,0,1.0,-1.0,300,98e2d06491e8cc6103411b206ab4caf77c6921c0
a1_sft_s0_task4_accum20_joint15_lr2.5e-7_seed10,29,4,47,7,10000297,0,0.0,0.0,300,98e2d06491e8cc6103411b206ab4caf77c6921c0
a1_sft_s0_task4_accum20_joint15_lr2.5e-7_seed10,29,4,48,8,10000298,0,0.0,0.0,300,98e2d06491e8cc6103411b206ab4caf77c6921c0
a1_sft_s0_task4_accum20_joint15_lr2.5e-7_seed10,29,4,49,9,10000299,1,0.800000011920929,0.19999998807907104,81,98e2d06491e8cc6103411b206ab4caf77c6921c0
a1_sft_s0_task4_accum20_joint15_lr2.5e-7_seed10,30,4,0,0,10000300,0,0.0,0.0,300,98e2d06491e8cc6103411b206ab4caf77c6921c0
a1_sft_s0_task4_accum20_joint15_lr2.5e-7_seed10,30,4,1,1,10000301,1,1.0,0.0,85,98e2d06491e8cc6103411b206ab4caf77c6921c0
a1_sft_s0_task4_accum20_joint15_lr2.5e-7_seed10,30,4,2,2,10000302,1,1.0,0.0,77,98e2d06491e8cc6103411b206ab4caf77c6921c0
a1_sft_s0_task4_accum20_joint15_lr2.5e-7_seed10,30,4,3,3,10000303,0,0.20000000298023224,-0.20000000298023224,300,98e2d06491e8cc6103411b206ab4caf77c6921c0
a1_sft_s0_task4_accum20_joint15_lr2.5e-7_seed10,30,4,4,4,10000304,0,0.6000000238418579,-0.6000000238418579,300,98e2d06491e8cc6103411b206ab4caf77c6921c0
a1_sft_s0_task4_accum20_joint15_lr2.5e-7_seed10,30,4,5,5,10000305,1,1.0,0.0,82,98e2d06491e8cc6103411b206ab4caf77c6921c0
a1_sft_s0_task4_accum20_joint15_lr2.5e-7_seed10,30,4,6,6,10000306,0,0.0,0.0,300,98e2d06491e8cc6103411b206ab4caf77c6921c0
a1_sft_s0_task4_accum20_joint15_lr2.5e-7_seed10,30,4,7,7,10000307,1,0.4000000059604645,0.6000000238418579,78,98e2d06491e8cc6103411b206ab4caf77c6921c0
a1_sft_s0_task4_accum20_joint15_lr2.5e-7_seed10,30,4,8,8,10000308,0,0.0,0.0,300,98e2d06491e8cc6103411b206ab4caf77c6921c0
a1_sft_s0_task4_accum20_joint15_lr2.5e-7_seed10,30,4,9,9,10000309,0,0.6000000238418579,-0.6000000238418579,300,98e2d06491e8cc6103411b206ab4caf77c6921c0
a1_sft_s0_task4_accum20_joint15_lr2.5e-7_seed10,31,4,10,0,10000310,0,0.20000000298023224,-0.20000000298023224,300,98e2d06491e8cc6103411b206ab4caf77c6921c0
a1_sft_s0_task4_accum20_joint15_lr2.5e-7_seed10,31,4,11,1,10000311,0,0.20000000298023224,-0.20000000298023224,300,98e2d06491e8cc6103411b206ab4caf77c6921c0
a1_sft_s0_task4_accum20_joint15_lr2.5e-7_seed10,31,4,12,2,10000312,1,1.0,0.0,72,98e2d06491e8cc6103411b206ab4caf77c6921c0
a1_sft_s0_task4_accum20_joint15_lr2.5e-7_seed10,31,4,13,3,10000313,1,1.0,0.0,79,98e2d06491e8cc6103411b206ab4caf77c6921c0
a1_sft_s0_task4_accum20_joint15_lr2.5e-7_seed10,31,4,14,4,10000314,0,0.20000000298023224,-0.20000000298023224,300,98e2d06491e8cc6103411b206ab4caf77c6921c0
a1_sft_s0_task4_accum20_joint15_lr2.5e-7_seed10,31,4,15,5,10000315,1,0.6000000238418579,0.3999999761581421,91,98e2d06491e8cc6103411b206ab4caf77c6921c0
a1_sft_s0_task4_accum20_joint15_lr2.5e-7_seed10,31,4,16,6,10000316,1,1.0,0.0,80,98e2d06491e8cc6103411b206ab4caf77c6921c0
a1_sft_s0_task4_accum20_joint15_lr2.5e-7_seed10,31,4,17,7,10000317,1,0.6000000238418579,0.3999999761581421,87,98e2d06491e8cc6103411b206ab4caf77c6921c0
a1_sft_s0_task4_accum20_joint15_lr2.5e-7_seed10,31,4,18,8,10000318,0,0.0,0.0,300,98e2d06491e8cc6103411b206ab4caf77c6921c0
a1_sft_s0_task4_accum20_joint15_lr2.5e-7_seed10,31,4,19,9,10000319,0,0.4000000059604645,-0.4000000059604645,300,98e2d06491e8cc6103411b206ab4caf77c6921c0
a1_sft_s0_task4_accum20_joint15_lr2.5e-7_seed10,32,4,20,0,10000320,1,0.20000000298023224,0.800000011920929,80,98e2d06491e8cc6103411b206ab4caf77c6921c0
a1_sft_s0_task4_accum20_joint15_lr2.5e-7_seed10,32,4,21,1,10000321,1,1.0,0.0,86,98e2d06491e8cc6103411b206ab4caf77c6921c0
a1_sft_s0_task4_accum20_joint15_lr2.5e-7_seed10,32,4,22,2,10000322,0,0.0,0.0,300,98e2d06491e8cc6103411b206ab4caf77c6921c0
a1_sft_s0_task4_accum20_joint15_lr2.5e-7_seed10,32,4,23,3,10000323,0,0.4000000059604645,-0.4000000059604645,300,98e2d06491e8cc6103411b206ab4caf77c6921c0
a1_sft_s0_task4_accum20_joint15_lr2.5e-7_seed10,32,4,24,4,10000324,0,0.0,0.0,300,98e2d06491e8cc6103411b206ab4caf77c6921c0
a1_sft_s0_task4_accum20_joint15_lr2.5e-7_seed10,32,4,25,5,10000325,0,0.4000000059604645,-0.4000000059604645,300,98e2d06491e8cc6103411b206ab4caf77c6921c0
a1_sft_s0_task4_accum20_joint15_lr2.5e-7_seed10,32,4,26,6,10000326,0,0.4000000059604645,-0.4000000059604645,300,98e2d06491e8cc6103411b206ab4caf77c6921c0
a1_sft_s0_task4_accum20_joint15_lr2.5e-7_seed10,32,4,27,7,10000327,1,1.0,0.0,79,98e2d06491e8cc6103411b206ab4caf77c6921c0
a1_sft_s0_task4_accum20_joint15_lr2.5e-7_seed10,32,4,28,8,10000328,1,0.800000011920929,0.19999998807907104,83,98e2d06491e8cc6103411b206ab4caf77c6921c0
a1_sft_s0_task4_accum20_joint15_lr2.5e-7_seed10,32,4,29,9,10000329,0,0.4000000059604645,-0.4000000059604645,300,98e2d06491e8cc6103411b206ab4caf77c6921c0
a1_sft_s0_task4_accum20_joint15_lr2.5e-7_seed10,33,4,30,0,10000330,1,0.6000000238418579,0.3999999761581421,86,98e2d06491e8cc6103411b206ab4caf77c6921c0
a1_sft_s0_task4_accum20_joint15_lr2.5e-7_seed10,33,4,31,1,10000331,1,0.4000000059604645,0.6000000238418579,82,98e2d06491e8cc6103411b206ab4caf77c6921c0
a1_sft_s0_task4_accum20_joint15_lr2.5e-7_seed10,33,4,32,2,10000332,0,0.0,0.0,300,98e2d06491e8cc6103411b206ab4caf77c6921c0
a1_sft_s0_task4_accum20_joint15_lr2.5e-7_seed10,33,4,33,3,10000333,1,0.4000000059604645,0.6000000238418579,82,98e2d06491e8cc6103411b206ab4caf77c6921c0
a1_sft_s0_task4_accum20_joint15_lr2.5e-7_seed10,33,4,34,4,10000334,1,0.800000011920929,0.19999998807907104,78,98e2d06491e8cc6103411b206ab4caf77c6921c0
a1_sft_s0_task4_accum20_joint15_lr2.5e-7_seed10,33,4,35,5,10000335,1,1.0,0.0,77,98e2d06491e8cc6103411b206ab4caf77c6921c0
a1_sft_s0_task4_accum20_joint15_lr2.5e-7_seed10,33,4,36,6,10000336,1,0.6000000238418579,0.3999999761581421,84,98e2d06491e8cc6103411b206ab4caf77c6921c0
a1_sft_s0_task4_accum20_joint15_lr2.5e-7_seed10,33,4,37,7,10000337,0,0.20000000298023224,-0.20000000298023224,300,98e2d06491e8cc6103411b206ab4caf77c6921c0
a1_sft_s0_task4_accum20_joint15_lr2.5e-7_seed10,33,4,38,8,10000338,0,0.0,0.0,300,98e2d06491e8cc6103411b206ab4caf77c6921c0
a1_sft_s0_task4_accum20_joint15_lr2.5e-7_seed10,33,4,39,9,10000339,0,0.0,0.0,300,98e2d06491e8cc6103411b206ab4caf77c6921c0
a1_sft_s0_task4_accum20_joint15_lr2.5e-7_seed10,34,4,40,0,10000340,0,0.0,0.0,300,98e2d06491e8cc6103411b206ab4caf77c6921c0
a1_sft_s0_task4_accum20_joint15_lr2.5e-7_seed10,34,4,41,1,10000341,1,1.0,0.0,82,98e2d06491e8cc6103411b206ab4caf77c6921c0
a1_sft_s0_task4_accum20_joint15_lr2.5e-7_seed10,34,4,42,2,10000342,1,0.6000000238418579,0.3999999761581421,78,98e2d06491e8cc6103411b206ab4caf77c6921c0
a1_sft_s0_task4_accum20_joint15_lr2.5e-7_seed10,34,4,43,3,10000343,1,1.0,0.0,82,98e2d06491e8cc6103411b206ab4caf77c6921c0
a1_sft_s0_task4_accum20_joint15_lr2.5e-7_seed10,34,4,44,4,10000344,0,0.6000000238418579,-0.6000000238418579,300,98e2d06491e8cc6103411b206ab4caf77c6921c0
a1_sft_s0_task4_accum20_joint15_lr2.5e-7_seed10,34,4,45,5,10000345,1,1.0,0.0,75,98e2d06491e8cc6103411b206ab4caf77c6921c0
a1_sft_s0_task4_accum20_joint15_lr2.5e-7_seed10,34,4,46,6,10000346,1,0.800000011920929,0.19999998807907104,80,98e2d06491e8cc6103411b206ab4caf77c6921c0
a1_sft_s0_task4_accum20_joint15_lr2.5e-7_seed10,34,4,47,7,10000347,0,0.0,0.0,300,98e2d06491e8cc6103411b206ab4caf77c6921c0
a1_sft_s0_task4_accum20_joint15_lr2.5e-7_seed10,34,4,48,8,10000348,0,0.0,0.0,300,98e2d06491e8cc6103411b206ab4caf77c6921c0
a1_sft_s0_task4_accum20_joint15_lr2.5e-7_seed10,34,4,49,9,10000349,1,0.800000011920929,0.19999998807907104,81,98e2d06491e8cc6103411b206ab4caf77c6921c0
a1_sft_s0_task4_accum20_joint15_lr2.5e-7_seed10,35,4,0,0,10000350,0,0.0,0.0,300,98e2d06491e8cc6103411b206ab4caf77c6921c0
a1_sft_s0_task4_accum20_joint15_lr2.5e-7_seed10,35,4,1,1,10000351,1,1.0,0.0,95,98e2d06491e8cc6103411b206ab4caf77c6921c0
a1_sft_s0_task4_accum20_joint15_lr2.5e-7_seed10,35,4,2,2,10000352,1,1.0,0.0,79,98e2d06491e8cc6103411b206ab4caf77c6921c0
a1_sft_s0_task4_accum20_joint15_lr2.5e-7_seed10,35,4,3,3,10000353,1,0.0,1.0,87,98e2d06491e8cc6103411b206ab4caf77c6921c0
a1_sft_s0_task4_accum20_joint15_lr2.5e-7_seed10,35,4,4,4,10000354,1,0.4000000059604645,0.6000000238418579,86,98e2d06491e8cc6103411b206ab4caf77c6921c0
a1_sft_s0_task4_accum20_joint15_lr2.5e-7_seed10,35,4,5,5,10000355,1,1.0,0.0,92,98e2d06491e8cc6103411b206ab4caf77c6921c0
a1_sft_s0_task4_accum20_joint15_lr2.5e-7_seed10,35,4,6,6,10000356,0,0.0,0.0,300,98e2d06491e8cc6103411b206ab4caf77c6921c0
a1_sft_s0_task4_accum20_joint15_lr2.5e-7_seed10,35,4,7,7,10000357,0,0.6000000238418579,-0.6000000238418579,300,98e2d06491e8cc6103411b206ab4caf77c6921c0
a1_sft_s0_task4_accum20_joint15_lr2.5e-7_seed10,35,4,8,8,10000358,0,0.0,0.0,300,98e2d06491e8cc6103411b206ab4caf77c6921c0
a1_sft_s0_task4_accum20_joint15_lr2.5e-7_seed10,35,4,9,9,10000359,0,0.4000000059604645,-0.4000000059604645,300,98e2d06491e8cc6103411b206ab4caf77c6921c0
a1_sft_s0_task4_accum20_joint15_lr2.5e-7_seed10,36,4,10,0,10000360,1,0.20000000298023224,0.800000011920929,80,98e2d06491e8cc6103411b206ab4caf77c6921c0
a1_sft_s0_task4_accum20_joint15_lr2.5e-7_seed10,36,4,11,1,10000361,0,0.20000000298023224,-0.20000000298023224,300,98e2d06491e8cc6103411b206ab4caf77c6921c0
a1_sft_s0_task4_accum20_joint15_lr2.5e-7_seed10,36,4,12,2,10000362,1,1.0,0.0,82,98e2d06491e8cc6103411b206ab4caf77c6921c0
a1_sft_s0_task4_accum20_joint15_lr2.5e-7_seed10,36,4,13,3,10000363,1,1.0,0.0,75,98e2d06491e8cc6103411b206ab4caf77c6921c0
a1_sft_s0_task4_accum20_joint15_lr2.5e-7_seed10,36,4,14,4,10000364,0,0.20000000298023224,-0.20000000298023224,300,98e2d06491e8cc6103411b206ab4caf77c6921c0
a1_sft_s0_task4_accum20_joint15_lr2.5e-7_seed10,36,4,15,5,10000365,0,0.6000000238418579,-0.6000000238418579,300,98e2d06491e8cc6103411b206ab4caf77c6921c0
a1_sft_s0_task4_accum20_joint15_lr2.5e-7_seed10,36,4,16,6,10000366,1,1.0,0.0,82,98e2d06491e8cc6103411b206ab4caf77c6921c0
a1_sft_s0_task4_accum20_joint15_lr2.5e-7_seed10,36,4,17,7,10000367,1,0.800000011920929,0.19999998807907104,87,98e2d06491e8cc6103411b206ab4caf77c6921c0
a1_sft_s0_task4_accum20_joint15_lr2.5e-7_seed10,36,4,18,8,10000368,0,0.0,0.0,300,98e2d06491e8cc6103411b206ab4caf77c6921c0
a1_sft_s0_task4_accum20_joint15_lr2.5e-7_seed10,36,4,19,9,10000369,1,0.4000000059604645,0.6000000238418579,75,98e2d06491e8cc6103411b206ab4caf77c6921c0
a1_sft_s0_task4_accum20_joint15_lr2.5e-7_seed10,37,4,20,0,10000370,1,0.4000000059604645,0.6000000238418579,81,98e2d06491e8cc6103411b206ab4caf77c6921c0
a1_sft_s0_task4_accum20_joint15_lr2.5e-7_seed10,37,4,21,1,10000371,1,1.0,0.0,93,98e2d06491e8cc6103411b206ab4caf77c6921c0
a1_sft_s0_task4_accum20_joint15_lr2.5e-7_seed10,37,4,22,2,10000372,0,0.0,0.0,300,98e2d06491e8cc6103411b206ab4caf77c6921c0
a1_sft_s0_task4_accum20_joint15_lr2.5e-7_seed10,37,4,23,3,10000373,0,0.4000000059604645,-0.4000000059604645,300,98e2d06491e8cc6103411b206ab4caf77c6921c0
a1_sft_s0_task4_accum20_joint15_lr2.5e-7_seed10,37,4,24,4,10000374,0,0.0,0.0,300,98e2d06491e8cc6103411b206ab4caf77c6921c0
a1_sft_s0_task4_accum20_joint15_lr2.5e-7_seed10,37,4,25,5,10000375,0,0.4000000059604645,-0.4000000059604645,300,98e2d06491e8cc6103411b206ab4caf77c6921c0
a1_sft_s0_task4_accum20_joint15_lr2.5e-7_seed10,37,4,26,6,10000376,1,0.4000000059604645,0.6000000238418579,78,98e2d06491e8cc6103411b206ab4caf77c6921c0
a1_sft_s0_task4_accum20_joint15_lr2.5e-7_seed10,37,4,27,7,10000377,1,1.0,0.0,79,98e2d06491e8cc6103411b206ab4caf77c6921c0
a1_sft_s0_task4_accum20_joint15_lr2.5e-7_seed10,37,4,28,8,10000378,1,0.800000011920929,0.19999998807907104,90,98e2d06491e8cc6103411b206ab4caf77c6921c0
a1_sft_s0_task4_accum20_joint15_lr2.5e-7_seed10,37,4,29,9,10000379,0,0.4000000059604645,-0.4000000059604645,300,98e2d06491e8cc6103411b206ab4caf77c6921c0
a1_sft_s0_task4_accum20_joint15_lr2.5e-7_seed10,38,4,30,0,10000380,0,0.6000000238418579,-0.6000000238418579,300,98e2d06491e8cc6103411b206ab4caf77c6921c0
a1_sft_s0_task4_accum20_joint15_lr2.5e-7_seed10,38,4,31,1,10000381,1,0.6000000238418579,0.3999999761581421,86,98e2d06491e8cc6103411b206ab4caf77c6921c0
a1_sft_s0_task4_accum20_joint15_lr2.5e-7_seed10,38,4,32,2,10000382,0,0.0,0.0,300,98e2d06491e8cc6103411b206ab4caf77c6921c0
a1_sft_s0_task4_accum20_joint15_lr2.5e-7_seed10,38,4,33,3,10000383,1,0.6000000238418579,0.3999999761581421,80,98e2d06491e8cc6103411b206ab4caf77c6921c0
a1_sft_s0_task4_accum20_joint15_lr2.5e-7_seed10,38,4,34,4,10000384,1,0.800000011920929,0.19999998807907104,84,98e2d06491e8cc6103411b206ab4caf77c6921c0
a1_sft_s0_task4_accum20_joint15_lr2.5e-7_seed10,38,4,35,5,10000385,1,1.0,0.0,77,98e2d06491e8cc6103411b206ab4caf77c6921c0
a1_sft_s0_task4_accum20_joint15_lr2.5e-7_seed10,38,4,36,6,10000386,1,0.800000011920929,0.19999998807907104,82,98e2d06491e8cc6103411b206ab4caf77c6921c0
a1_sft_s0_task4_accum20_joint15_lr2.5e-7_seed10,38,4,37,7,10000387,1,0.20000000298023224,0.800000011920929,83,98e2d06491e8cc6103411b206ab4caf77c6921c0
a1_sft_s0_task4_accum20_joint15_lr2.5e-7_seed10,38,4,38,8,10000388,0,0.0,0.0,300,98e2d06491e8cc6103411b206ab4caf77c6921c0
a1_sft_s0_task4_accum20_joint15_lr2.5e-7_seed10,38,4,39,9,10000389,0,0.0,0.0,300,98e2d06491e8cc6103411b206ab4caf77c6921c0
a1_sft_s0_task4_accum20_joint15_lr2.5e-7_seed10,39,4,40,0,10000390,0,0.0,0.0,300,98e2d06491e8cc6103411b206ab4caf77c6921c0
a1_sft_s0_task4_accum20_joint15_lr2.5e-7_seed10,39,4,41,1,10000391,1,1.0,0.0,79,98e2d06491e8cc6103411b206ab4caf77c6921c0
a1_sft_s0_task4_accum20_joint15_lr2.5e-7_seed10,39,4,42,2,10000392,1,0.800000011920929,0.19999998807907104,72,98e2d06491e8cc6103411b206ab4caf77c6921c0
a1_sft_s0_task4_accum20_joint15_lr2.5e-7_seed10,39,4,43,3,10000393,1,1.0,0.0,85,98e2d06491e8cc6103411b206ab4caf77c6921c0
a1_sft_s0_task4_accum20_joint15_lr2.5e-7_seed10,39,4,44,4,10000394,1,0.4000000059604645,0.6000000238418579,74,98e2d06491e8cc6103411b206ab4caf77c6921c0
a1_sft_s0_task4_accum20_joint15_lr2.5e-7_seed10,39,4,45,5,10000395,1,1.0,0.0,78,98e2d06491e8cc6103411b206ab4caf77c6921c0
a1_sft_s0_task4_accum20_joint15_lr2.5e-7_seed10,39,4,46,6,10000396,1,0.800000011920929,0.19999998807907104,82,98e2d06491e8cc6103411b206ab4caf77c6921c0
a1_sft_s0_task4_accum20_joint15_lr2.5e-7_seed10,39,4,47,7,10000397,0,0.0,0.0,300,98e2d06491e8cc6103411b206ab4caf77c6921c0
a1_sft_s0_task4_accum20_joint15_lr2.5e-7_seed10,39,4,48,8,10000398,0,0.0,0.0,300,98e2d06491e8cc6103411b206ab4caf77c6921c0
a1_sft_s0_task4_accum20_joint15_lr2.5e-7_seed10,39,4,49,9,10000399,1,0.800000011920929,0.19999998807907104,86,98e2d06491e8cc6103411b206ab4caf77c6921c0
a1_sft_s0_task4_accum20_joint15_lr2.5e-7_seed10,40,4,0,0,10000400,0,0.0,0.0,300,98e2d06491e8cc6103411b206ab4caf77c6921c0
a1_sft_s0_task4_accum20_joint15_lr2.5e-7_seed10,40,4,1,1,10000401,1,1.0,0.0,89,98e2d06491e8cc6103411b206ab4caf77c6921c0
a1_sft_s0_task4_accum20_joint15_lr2.5e-7_seed10,40,4,2,2,10000402,1,1.0,0.0,83,98e2d06491e8cc6103411b206ab4caf77c6921c0
a1_sft_s0_task4_accum20_joint15_lr2.5e-7_seed10,40,4,3,3,10000403,1,0.20000000298023224,0.800000011920929,82,98e2d06491e8cc6103411b206ab4caf77c6921c0
a1_sft_s0_task4_accum20_joint15_lr2.5e-7_seed10,40,4,4,4,10000404,1,0.4000000059604645,0.6000000238418579,79,98e2d06491e8cc6103411b206ab4caf77c6921c0
a1_sft_s0_task4_accum20_joint15_lr2.5e-7_seed10,40,4,5,5,10000405,0,1.0,-1.0,300,98e2d06491e8cc6103411b206ab4caf77c6921c0
a1_sft_s0_task4_accum20_joint15_lr2.5e-7_seed10,40,4,6,6,10000406,0,0.0,0.0,300,98e2d06491e8cc6103411b206ab4caf77c6921c0
a1_sft_s0_task4_accum20_joint15_lr2.5e-7_seed10,40,4,7,7,10000407,0,0.4000000059604645,-0.4000000059604645,300,98e2d06491e8cc6103411b206ab4caf77c6921c0
a1_sft_s0_task4_accum20_joint15_lr2.5e-7_seed10,40,4,8,8,10000408,0,0.0,0.0,300,98e2d06491e8cc6103411b206ab4caf77c6921c0
a1_sft_s0_task4_accum20_joint15_lr2.5e-7_seed10,40,4,9,9,10000409,1,0.4000000059604645,0.6000000238418579,79,98e2d06491e8cc6103411b206ab4caf77c6921c0
a1_sft_s0_task4_accum20_joint15_lr2.5e-7_seed10,41,4,10,0,10000410,0,0.4000000059604645,-0.4000000059604645,300,98e2d06491e8cc6103411b206ab4caf77c6921c0
a1_sft_s0_task4_accum20_joint15_lr2.5e-7_seed10,41,4,11,1,10000411,1,0.20000000298023224,0.800000011920929,76,98e2d06491e8cc6103411b206ab4caf77c6921c0
a1_sft_s0_task4_accum20_joint15_lr2.5e-7_seed10,41,4,12,2,10000412,0,1.0,-1.0,300,98e2d06491e8cc6103411b206ab4caf77c6921c0
a1_sft_s0_task4_accum20_joint15_lr2.5e-7_seed10,41,4,13,3,10000413,1,1.0,0.0,82,98e2d06491e8cc6103411b206ab4caf77c6921c0
a1_sft_s0_task4_accum20_joint15_lr2.5e-7_seed10,41,4,14,4,10000414,0,0.20000000298023224,-0.20000000298023224,300,98e2d06491e8cc6103411b206ab4caf77c6921c0
a1_sft_s0_task4_accum20_joint15_lr2.5e-7_seed10,41,4,15,5,10000415,1,0.4000000059604645,0.6000000238418579,83,98e2d06491e8cc6103411b206ab4caf77c6921c0
a1_sft_s0_task4_accum20_joint15_lr2.5e-7_seed10,41,4,16,6,10000416,1,1.0,0.0,79,98e2d06491e8cc6103411b206ab4caf77c6921c0
a1_sft_s0_task4_accum20_joint15_lr2.5e-7_seed10,41,4,17,7,10000417,1,0.800000011920929,0.19999998807907104,83,98e2d06491e8cc6103411b206ab4caf77c6921c0
a1_sft_s0_task4_accum20_joint15_lr2.5e-7_seed10,41,4,18,8,10000418,0,0.0,0.0,300,98e2d06491e8cc6103411b206ab4caf77c6921c0
a1_sft_s0_task4_accum20_joint15_lr2.5e-7_seed10,41,4,19,9,10000419,0,0.6000000238418579,-0.6000000238418579,300,98e2d06491e8cc6103411b206ab4caf77c6921c0
a1_sft_s0_task4_accum20_joint15_lr2.5e-7_seed10,42,4,20,0,10000420,1,0.6000000238418579,0.3999999761581421,79,98e2d06491e8cc6103411b206ab4caf77c6921c0
a1_sft_s0_task4_accum20_joint15_lr2.5e-7_seed10,42,4,21,1,10000421,1,1.0,0.0,80,98e2d06491e8cc6103411b206ab4caf77c6921c0
a1_sft_s0_task4_accum20_joint15_lr2.5e-7_seed10,42,4,22,2,10000422,0,0.0,0.0,300,98e2d06491e8cc6103411b206ab4caf77c6921c0
a1_sft_s0_task4_accum20_joint15_lr2.5e-7_seed10,42,4,23,3,10000423,0,0.4000000059604645,-0.4000000059604645,300,98e2d06491e8cc6103411b206ab4caf77c6921c0
a1_sft_s0_task4_accum20_joint15_lr2.5e-7_seed10,42,4,24,4,10000424,0,0.0,0.0,300,98e2d06491e8cc6103411b206ab4caf77c6921c0
a1_sft_s0_task4_accum20_joint15_lr2.5e-7_seed10,42,4,25,5,10000425,0,0.20000000298023224,-0.20000000298023224,300,98e2d06491e8cc6103411b206ab4caf77c6921c0
a1_sft_s0_task4_accum20_joint15_lr2.5e-7_seed10,42,4,26,6,10000426,1,0.6000000238418579,0.3999999761581421,79,98e2d06491e8cc6103411b206ab4caf77c6921c0
a1_sft_s0_task4_accum20_joint15_lr2.5e-7_seed10,42,4,27,7,10000427,1,1.0,0.0,88,98e2d06491e8cc6103411b206ab4caf77c6921c0
a1_sft_s0_task4_accum20_joint15_lr2.5e-7_seed10,42,4,28,8,10000428,1,1.0,0.0,85,98e2d06491e8cc6103411b206ab4caf77c6921c0
a1_sft_s0_task4_accum20_joint15_lr2.5e-7_seed10,42,4,29,9,10000429,0,0.20000000298023224,-0.20000000298023224,300,98e2d06491e8cc6103411b206ab4caf77c6921c0
a1_sft_s0_task4_accum20_joint15_lr2.5e-7_seed10,43,4,30,0,10000430,0,0.4000000059604645,-0.4000000059604645,300,98e2d06491e8cc6103411b206ab4caf77c6921c0
a1_sft_s0_task4_accum20_joint15_lr2.5e-7_seed10,43,4,31,1,10000431,1,0.800000011920929,0.19999998807907104,79,98e2d06491e8cc6103411b206ab4caf77c6921c0
a1_sft_s0_task4_accum20_joint15_lr2.5e-7_seed10,43,4,32,2,10000432,0,0.0,0.0,300,98e2d06491e8cc6103411b206ab4caf77c6921c0
a1_sft_s0_task4_accum20_joint15_lr2.5e-7_seed10,43,4,33,3,10000433,1,0.800000011920929,0.19999998807907104,80,98e2d06491e8cc6103411b206ab4caf77c6921c0
a1_sft_s0_task4_accum20_joint15_lr2.5e-7_seed10,43,4,34,4,10000434,1,0.800000011920929,0.19999998807907104,83,98e2d06491e8cc6103411b206ab4caf77c6921c0
a1_sft_s0_task4_accum20_joint15_lr2.5e-7_seed10,43,4,35,5,10000435,1,1.0,0.0,78,98e2d06491e8cc6103411b206ab4caf77c6921c0
a1_sft_s0_task4_accum20_joint15_lr2.5e-7_seed10,43,4,36,6,10000436,1,0.800000011920929,0.19999998807907104,77,98e2d06491e8cc6103411b206ab4caf77c6921c0
a1_sft_s0_task4_accum20_joint15_lr2.5e-7_seed10,43,4,37,7,10000437,1,0.4000000059604645,0.6000000238418579,82,98e2d06491e8cc6103411b206ab4caf77c6921c0
a1_sft_s0_task4_accum20_joint15_lr2.5e-7_seed10,43,4,38,8,10000438,0,0.0,0.0,300,98e2d06491e8cc6103411b206ab4caf77c6921c0
a1_sft_s0_task4_accum20_joint15_lr2.5e-7_seed10,43,4,39,9,10000439,0,0.0,0.0,300,98e2d06491e8cc6103411b206ab4caf77c6921c0
a1_sft_s0_task4_accum20_joint15_lr2.5e-7_seed10,44,4,40,0,10000440,0,0.0,0.0,300,98e2d06491e8cc6103411b206ab4caf77c6921c0
a1_sft_s0_task4_accum20_joint15_lr2.5e-7_seed10,44,4,41,1,10000441,1,1.0,0.0,79,98e2d06491e8cc6103411b206ab4caf77c6921c0
a1_sft_s0_task4_accum20_joint15_lr2.5e-7_seed10,44,4,42,2,10000442,1,0.800000011920929,0.19999998807907104,79,98e2d06491e8cc6103411b206ab4caf77c6921c0
a1_sft_s0_task4_accum20_joint15_lr2.5e-7_seed10,44,4,43,3,10000443,1,1.0,0.0,80,98e2d06491e8cc6103411b206ab4caf77c6921c0
a1_sft_s0_task4_accum20_joint15_lr2.5e-7_seed10,44,4,44,4,10000444,1,0.4000000059604645,0.6000000238418579,89,98e2d06491e8cc6103411b206ab4caf77c6921c0
a1_sft_s0_task4_accum20_joint15_lr2.5e-7_seed10,44,4,45,5,10000445,1,1.0,0.0,80,98e2d06491e8cc6103411b206ab4caf77c6921c0
a1_sft_s0_task4_accum20_joint15_lr2.5e-7_seed10,44,4,46,6,10000446,1,0.800000011920929,0.19999998807907104,76,98e2d06491e8cc6103411b206ab4caf77c6921c0
a1_sft_s0_task4_accum20_joint15_lr2.5e-7_seed10,44,4,47,7,10000447,0,0.0,0.0,300,98e2d06491e8cc6103411b206ab4caf77c6921c0
a1_sft_s0_task4_accum20_joint15_lr2.5e-7_seed10,44,4,48,8,10000448,0,0.0,0.0,300,98e2d06491e8cc6103411b206ab4caf77c6921c0
a1_sft_s0_task4_accum20_joint15_lr2.5e-7_seed10,44,4,49,9,10000449,1,0.800000011920929,0.19999998807907104,82,98e2d06491e8cc6103411b206ab4caf77c6921c0
a1_sft_s0_task4_accum20_joint15_lr2.5e-7_seed10,45,4,0,0,10000450,0,0.0,0.0,300,98e2d06491e8cc6103411b206ab4caf77c6921c0
a1_sft_s0_task4_accum20_joint15_lr2.5e-7_seed10,45,4,1,1,10000451,1,1.0,0.0,84,98e2d06491e8cc6103411b206ab4caf77c6921c0
a1_sft_s0_task4_accum20_joint15_lr2.5e-7_seed10,45,4,2,2,10000452,1,1.0,0.0,83,98e2d06491e8cc6103411b206ab4caf77c6921c0
a1_sft_s0_task4_accum20_joint15_lr2.5e-7_seed10,45,4,3,3,10000453,1,0.4000000059604645,0.6000000238418579,80,98e2d06491e8cc6103411b206ab4caf77c6921c0
a1_sft_s0_task4_accum20_joint15_lr2.5e-7_seed10,45,4,4,4,10000454,0,0.6000000238418579,-0.6000000238418579,300,98e2d06491e8cc6103411b206ab4caf77c6921c0
a1_sft_s0_task4_accum20_joint15_lr2.5e-7_seed10,45,4,5,5,10000455,1,0.800000011920929,0.19999998807907104,87,98e2d06491e8cc6103411b206ab4caf77c6921c0
a1_sft_s0_task4_accum20_joint15_lr2.5e-7_seed10,45,4,6,6,10000456,0,0.0,0.0,300,98e2d06491e8cc6103411b206ab4caf77c6921c0
a1_sft_s0_task4_accum20_joint15_lr2.5e-7_seed10,45,4,7,7,10000457,1,0.4000000059604645,0.6000000238418579,85,98e2d06491e8cc6103411b206ab4caf77c6921c0
a1_sft_s0_task4_accum20_joint15_lr2.5e-7_seed10,45,4,8,8,10000458,0,0.0,0.0,300,98e2d06491e8cc6103411b206ab4caf77c6921c0
a1_sft_s0_task4_accum20_joint15_lr2.5e-7_seed10,45,4,9,9,10000459,1,0.4000000059604645,0.6000000238418579,84,98e2d06491e8cc6103411b206ab4caf77c6921c0
a1_sft_s0_task4_accum20_joint15_lr2.5e-7_seed10,46,4,10,0,10000460,1,0.20000000298023224,0.800000011920929,87,98e2d06491e8cc6103411b206ab4caf77c6921c0
a1_sft_s0_task4_accum20_joint15_lr2.5e-7_seed10,46,4,11,1,10000461,0,0.4000000059604645,-0.4000000059604645,300,98e2d06491e8cc6103411b206ab4caf77c6921c0
a1_sft_s0_task4_accum20_joint15_lr2.5e-7_seed10,46,4,12,2,10000462,1,0.800000011920929,0.19999998807907104,79,98e2d06491e8cc6103411b206ab4caf77c6921c0
a1_sft_s0_task4_accum20_joint15_lr2.5e-7_seed10,46,4,13,3,10000463,1,1.0,0.0,78,98e2d06491e8cc6103411b206ab4caf77c6921c0
a1_sft_s0_task4_accum20_joint15_lr2.5e-7_seed10,46,4,14,4,10000464,0,0.20000000298023224,-0.20000000298023224,300,98e2d06491e8cc6103411b206ab4caf77c6921c0
a1_sft_s0_task4_accum20_joint15_lr2.5e-7_seed10,46,4,15,5,10000465,1,0.6000000238418579,0.3999999761581421,89,98e2d06491e8cc6103411b206ab4caf77c6921c0
a1_sft_s0_task4_accum20_joint15_lr2.5e-7_seed10,46,4,16,6,10000466,1,1.0,0.0,87,98e2d06491e8cc6103411b206ab4caf77c6921c0
a1_sft_s0_task4_accum20_joint15_lr2.5e-7_seed10,46,4,17,7,10000467,1,0.800000011920929,0.19999998807907104,81,98e2d06491e8cc6103411b206ab4caf77c6921c0
a1_sft_s0_task4_accum20_joint15_lr2.5e-7_seed10,46,4,18,8,10000468,0,0.0,0.0,300,98e2d06491e8cc6103411b206ab4caf77c6921c0
a1_sft_s0_task4_accum20_joint15_lr2.5e-7_seed10,46,4,19,9,10000469,0,0.4000000059604645,-0.4000000059604645,300,98e2d06491e8cc6103411b206ab4caf77c6921c0
a1_sft_s0_task4_accum20_joint15_lr2.5e-7_seed10,47,4,20,0,10000470,0,0.6000000238418579,-0.6000000238418579,300,98e2d06491e8cc6103411b206ab4caf77c6921c0
a1_sft_s0_task4_accum20_joint15_lr2.5e-7_seed10,47,4,21,1,10000471,1,1.0,0.0,82,98e2d06491e8cc6103411b206ab4caf77c6921c0
a1_sft_s0_task4_accum20_joint15_lr2.5e-7_seed10,47,4,22,2,10000472,0,0.0,0.0,300,98e2d06491e8cc6103411b206ab4caf77c6921c0
a1_sft_s0_task4_accum20_joint15_lr2.5e-7_seed10,47,4,23,3,10000473,1,0.20000000298023224,0.800000011920929,86,98e2d06491e8cc6103411b206ab4caf77c6921c0
a1_sft_s0_task4_accum20_joint15_lr2.5e-7_seed10,47,4,24,4,10000474,0,0.0,0.0,300,98e2d06491e8cc6103411b206ab4caf77c6921c0
a1_sft_s0_task4_accum20_joint15_lr2.5e-7_seed10,47,4,25,5,10000475,0,0.0,0.0,300,98e2d06491e8cc6103411b206ab4caf77c6921c0
a1_sft_s0_task4_accum20_joint15_lr2.5e-7_seed10,47,4,26,6,10000476,1,0.800000011920929,0.19999998807907104,79,98e2d06491e8cc6103411b206ab4caf77c6921c0
a1_sft_s0_task4_accum20_joint15_lr2.5e-7_seed10,47,4,27,7,10000477,1,1.0,0.0,77,98e2d06491e8cc6103411b206ab4caf77c6921c0
a1_sft_s0_task4_accum20_joint15_lr2.5e-7_seed10,47,4,28,8,10000478,1,1.0,0.0,77,98e2d06491e8cc6103411b206ab4caf77c6921c0
a1_sft_s0_task4_accum20_joint15_lr2.5e-7_seed10,47,4,29,9,10000479,1,0.20000000298023224,0.800000011920929,95,98e2d06491e8cc6103411b206ab4caf77c6921c0
a1_sft_s0_task4_accum20_joint15_lr2.5e-7_seed10,48,4,30,0,10000480,1,0.4000000059604645,0.6000000238418579,77,98e2d06491e8cc6103411b206ab4caf77c6921c0
a1_sft_s0_task4_accum20_joint15_lr2.5e-7_seed10,48,4,31,1,10000481,1,1.0,0.0,89,98e2d06491e8cc6103411b206ab4caf77c6921c0
a1_sft_s0_task4_accum20_joint15_lr2.5e-7_seed10,48,4,32,2,10000482,0,0.0,0.0,300,98e2d06491e8cc6103411b206ab4caf77c6921c0
a1_sft_s0_task4_accum20_joint15_lr2.5e-7_seed10,48,4,33,3,10000483,0,1.0,-1.0,300,98e2d06491e8cc6103411b206ab4caf77c6921c0
a1_sft_s0_task4_accum20_joint15_lr2.5e-7_seed10,48,4,34,4,10000484,1,1.0,0.0,86,98e2d06491e8cc6103411b206ab4caf77c6921c0
a1_sft_s0_task4_accum20_joint15_lr2.5e-7_seed10,48,4,35,5,10000485,1,1.0,0.0,81,98e2d06491e8cc6103411b206ab4caf77c6921c0
a1_sft_s0_task4_accum20_joint15_lr2.5e-7_seed10,48,4,36,6,10000486,1,0.800000011920929,0.19999998807907104,82,98e2d06491e8cc6103411b206ab4caf77c6921c0
a1_sft_s0_task4_accum20_joint15_lr2.5e-7_seed10,48,4,37,7,10000487,1,0.6000000238418579,0.3999999761581421,84,98e2d06491e8cc6103411b206ab4caf77c6921c0
a1_sft_s0_task4_accum20_joint15_lr2.5e-7_seed10,48,4,38,8,10000488,0,0.0,0.0,300,98e2d06491e8cc6103411b206ab4caf77c6921c0
a1_sft_s0_task4_accum20_joint15_lr2.5e-7_seed10,48,4,39,9,10000489,0,0.0,0.0,300,98e2d06491e8cc6103411b206ab4caf77c6921c0
a1_sft_s0_task4_accum20_joint15_lr2.5e-7_seed10,49,4,40,0,10000490,0,0.0,0.0,300,98e2d06491e8cc6103411b206ab4caf77c6921c0
a1_sft_s0_task4_accum20_joint15_lr2.5e-7_seed10,49,4,41,1,10000491,1,1.0,0.0,82,98e2d06491e8cc6103411b206ab4caf77c6921c0
a1_sft_s0_task4_accum20_joint15_lr2.5e-7_seed10,49,4,42,2,10000492,1,0.800000011920929,0.19999998807907104,73,98e2d06491e8cc6103411b206ab4caf77c6921c0
a1_sft_s0_task4_accum20_joint15_lr2.5e-7_seed10,49,4,43,3,10000493,1,1.0,0.0,80,98e2d06491e8cc6103411b206ab4caf77c6921c0
a1_sft_s0_task4_accum20_joint15_lr2.5e-7_seed10,49,4,44,4,10000494,0,0.4000000059604645,-0.4000000059604645,300,98e2d06491e8cc6103411b206ab4caf77c6921c0
a1_sft_s0_task4_accum20_joint15_lr2.5e-7_seed10,49,4,45,5,10000495,1,1.0,0.0,83,98e2d06491e8cc6103411b206ab4caf77c6921c0
a1_sft_s0_task4_accum20_joint15_lr2.5e-7_seed10,49,4,46,6,10000496,1,0.800000011920929,0.19999998807907104,84,98e2d06491e8cc6103411b206ab4caf77c6921c0
a1_sft_s0_task4_accum20_joint15_lr2.5e-7_seed10,49,4,47,7,10000497,0,0.0,0.0,300,98e2d06491e8cc6103411b206ab4caf77c6921c0
a1_sft_s0_task4_accum20_joint15_lr2.5e-7_seed10,49,4,48,8,10000498,0,0.0,0.0,300,98e2d06491e8cc6103411b206ab4caf77c6921c0
a1_sft_s0_task4_accum20_joint15_lr2.5e-7_seed10,49,4,49,9,10000499,1,1.0,0.0,79,98e2d06491e8cc6103411b206ab4caf77c6921c0
a1_sft_s0_task4_accum20_joint15_lr2.5e-7_seed10,50,4,0,0,10000500,0,0.0,0.0,300,98e2d06491e8cc6103411b206ab4caf77c6921c0
a1_sft_s0_task4_accum20_joint15_lr2.5e-7_seed10,50,4,1,1,10000501,1,1.0,0.0,88,98e2d06491e8cc6103411b206ab4caf77c6921c0
a1_sft_s0_task4_accum20_joint15_lr2.5e-7_seed10,50,4,2,2,10000502,1,1.0,0.0,81,98e2d06491e8cc6103411b206ab4caf77c6921c0
a1_sft_s0_task4_accum20_joint15_lr2.5e-7_seed10,50,4,3,3,10000503,1,0.6000000238418579,0.3999999761581421,82,98e2d06491e8cc6103411b206ab4caf77c6921c0
a1_sft_s0_task4_accum20_joint15_lr2.5e-7_seed10,50,4,4,4,10000504,1,0.4000000059604645,0.6000000238418579,74,98e2d06491e8cc6103411b206ab4caf77c6921c0
a1_sft_s0_task4_accum20_joint15_lr2.5e-7_seed10,50,4,5,5,10000505,1,0.800000011920929,0.19999998807907104,78,98e2d06491e8cc6103411b206ab4caf77c6921c0
a1_sft_s0_task4_accum20_joint15_lr2.5e-7_seed10,50,4,6,6,10000506,0,0.0,0.0,300,98e2d06491e8cc6103411b206ab4caf77c6921c0
a1_sft_s0_task4_accum20_joint15_lr2.5e-7_seed10,50,4,7,7,10000507,0,0.6000000238418579,-0.6000000238418579,300,98e2d06491e8cc6103411b206ab4caf77c6921c0
a1_sft_s0_task4_accum20_joint15_lr2.5e-7_seed10,50,4,8,8,10000508,0,0.0,0.0,300,98e2d06491e8cc6103411b206ab4caf77c6921c0
a1_sft_s0_task4_accum20_joint15_lr2.5e-7_seed10,50,4,9,9,10000509,0,0.4000000059604645,-0.4000000059604645,300,98e2d06491e8cc6103411b206ab4caf77c6921c0
a1_sft_s0_task4_accum20_joint15_lr2.5e-7_seed10,51,4,10,0,10000510,0,0.4000000059604645,-0.4000000059604645,300,98e2d06491e8cc6103411b206ab4caf77c6921c0
a1_sft_s0_task4_accum20_joint15_lr2.5e-7_seed10,51,4,11,1,10000511,0,0.4000000059604645,-0.4000000059604645,300,98e2d06491e8cc6103411b206ab4caf77c6921c0
a1_sft_s0_task4_accum20_joint15_lr2.5e-7_seed10,51,4,12,2,10000512,1,0.800000011920929,0.19999998807907104,82,98e2d06491e8cc6103411b206ab4caf77c6921c0
a1_sft_s0_task4_accum20_joint15_lr2.5e-7_seed10,51,4,13,3,10000513,0,1.0,-1.0,300,98e2d06491e8cc6103411b206ab4caf77c6921c0
a1_sft_s0_task4_accum20_joint15_lr2.5e-7_seed10,51,4,14,4,10000514,1,0.0,1.0,77,98e2d06491e8cc6103411b206ab4caf77c6921c0
a1_sft_s0_task4_accum20_joint15_lr2.5e-7_seed10,51,4,15,5,10000515,1,0.800000011920929,0.19999998807907104,91,98e2d06491e8cc6103411b206ab4caf77c6921c0
a1_sft_s0_task4_accum20_joint15_lr2.5e-7_seed10,51,4,16,6,10000516,1,1.0,0.0,81,98e2d06491e8cc6103411b206ab4caf77c6921c0
a1_sft_s0_task4_accum20_joint15_lr2.5e-7_seed10,51,4,17,7,10000517,1,0.800000011920929,0.19999998807907104,86,98e2d06491e8cc6103411b206ab4caf77c6921c0
a1_sft_s0_task4_accum20_joint15_lr2.5e-7_seed10,51,4,18,8,10000518,0,0.0,0.0,300,98e2d06491e8cc6103411b206ab4caf77c6921c0
a1_sft_s0_task4_accum20_joint15_lr2.5e-7_seed10,51,4,19,9,10000519,0,0.4000000059604645,-0.4000000059604645,300,98e2d06491e8cc6103411b206ab4caf77c6921c0
a1_sft_s0_task4_accum20_joint15_lr2.5e-7_seed10,52,4,20,0,10000520,1,0.6000000238418579,0.3999999761581421,78,98e2d06491e8cc6103411b206ab4caf77c6921c0
a1_sft_s0_task4_accum20_joint15_lr2.5e-7_seed10,52,4,21,1,10000521,1,1.0,0.0,92,98e2d06491e8cc6103411b206ab4caf77c6921c0
a1_sft_s0_task4_accum20_joint15_lr2.5e-7_seed10,52,4,22,2,10000522,0,0.0,0.0,300,98e2d06491e8cc6103411b206ab4caf77c6921c0
a1_sft_s0_task4_accum20_joint15_lr2.5e-7_seed10,52,4,23,3,10000523,0,0.20000000298023224,-0.20000000298023224,300,98e2d06491e8cc6103411b206ab4caf77c6921c0
a1_sft_s0_task4_accum20_joint15_lr2.5e-7_seed10,52,4,24,4,10000524,0,0.0,0.0,300,98e2d06491e8cc6103411b206ab4caf77c6921c0
a1_sft_s0_task4_accum20_joint15_lr2.5e-7_seed10,52,4,25,5,10000525,0,0.0,0.0,300,98e2d06491e8cc6103411b206ab4caf77c6921c0
a1_sft_s0_task4_accum20_joint15_lr2.5e-7_seed10,52,4,26,6,10000526,0,0.800000011920929,-0.800000011920929,300,98e2d06491e8cc6103411b206ab4caf77c6921c0
a1_sft_s0_task4_accum20_joint15_lr2.5e-7_seed10,52,4,27,7,10000527,1,1.0,0.0,82,98e2d06491e8cc6103411b206ab4caf77c6921c0
a1_sft_s0_task4_accum20_joint15_lr2.5e-7_seed10,52,4,28,8,10000528,1,1.0,0.0,83,98e2d06491e8cc6103411b206ab4caf77c6921c0
a1_sft_s0_task4_accum20_joint15_lr2.5e-7_seed10,52,4,29,9,10000529,0,0.20000000298023224,-0.20000000298023224,300,98e2d06491e8cc6103411b206ab4caf77c6921c0
a1_sft_s0_task4_accum20_joint15_lr2.5e-7_seed10,53,4,30,0,10000530,0,0.6000000238418579,-0.6000000238418579,300,98e2d06491e8cc6103411b206ab4caf77c6921c0
a1_sft_s0_task4_accum20_joint15_lr2.5e-7_seed10,53,4,31,1,10000531,1,1.0,0.0,80,98e2d06491e8cc6103411b206ab4caf77c6921c0
a1_sft_s0_task4_accum20_joint15_lr2.5e-7_seed10,53,4,32,2,10000532,0,0.0,0.0,300,98e2d06491e8cc6103411b206ab4caf77c6921c0
a1_sft_s0_task4_accum20_joint15_lr2.5e-7_seed10,53,4,33,3,10000533,1,0.800000011920929,0.19999998807907104,90,98e2d06491e8cc6103411b206ab4caf77c6921c0
a1_sft_s0_task4_accum20_joint15_lr2.5e-7_seed10,53,4,34,4,10000534,1,1.0,0.0,80,98e2d06491e8cc6103411b206ab4caf77c6921c0
a1_sft_s0_task4_accum20_joint15_lr2.5e-7_seed10,53,4,35,5,10000535,1,1.0,0.0,78,98e2d06491e8cc6103411b206ab4caf77c6921c0
a1_sft_s0_task4_accum20_joint15_lr2.5e-7_seed10,53,4,36,6,10000536,0,0.800000011920929,-0.800000011920929,300,98e2d06491e8cc6103411b206ab4caf77c6921c0
a1_sft_s0_task4_accum20_joint15_lr2.5e-7_seed10,53,4,37,7,10000537,1,0.800000011920929,0.19999998807907104,77,98e2d06491e8cc6103411b206ab4caf77c6921c0
a1_sft_s0_task4_accum20_joint15_lr2.5e-7_seed10,53,4,38,8,10000538,0,0.0,0.0,300,98e2d06491e8cc6103411b206ab4caf77c6921c0
a1_sft_s0_task4_accum20_joint15_lr2.5e-7_seed10,53,4,39,9,10000539,0,0.0,0.0,300,98e2d06491e8cc6103411b206ab4caf77c6921c0
a1_sft_s0_task4_accum20_joint15_lr2.5e-7_seed10,54,4,40,0,10000540,0,0.0,0.0,300,98e2d06491e8cc6103411b206ab4caf77c6921c0
a1_sft_s0_task4_accum20_joint15_lr2.5e-7_seed10,54,4,41,1,10000541,1,1.0,0.0,82,98e2d06491e8cc6103411b206ab4caf77c6921c0
a1_sft_s0_task4_accum20_joint15_lr2.5e-7_seed10,54,4,42,2,10000542,0,0.800000011920929,-0.800000011920929,300,98e2d06491e8cc6103411b206ab4caf77c6921c0
a1_sft_s0_task4_accum20_joint15_lr2.5e-7_seed10,54,4,43,3,10000543,1,1.0,0.0,81,98e2d06491e8cc6103411b206ab4caf77c6921c0
a1_sft_s0_task4_accum20_joint15_lr2.5e-7_seed10,54,4,44,4,10000544,0,0.4000000059604645,-0.4000000059604645,300,98e2d06491e8cc6103411b206ab4caf77c6921c0
a1_sft_s0_task4_accum20_joint15_lr2.5e-7_seed10,54,4,45,5,10000545,1,1.0,0.0,83,98e2d06491e8cc6103411b206ab4caf77c6921c0
a1_sft_s0_task4_accum20_joint15_lr2.5e-7_seed10,54,4,46,6,10000546,0,0.800000011920929,-0.800000011920929,300,98e2d06491e8cc6103411b206ab4caf77c6921c0
a1_sft_s0_task4_accum20_joint15_lr2.5e-7_seed10,54,4,47,7,10000547,0,0.0,0.0,300,98e2d06491e8cc6103411b206ab4caf77c6921c0
a1_sft_s0_task4_accum20_joint15_lr2.5e-7_seed10,54,4,48,8,10000548,0,0.0,0.0,300,98e2d06491e8cc6103411b206ab4caf77c6921c0
a1_sft_s0_task4_accum20_joint15_lr2.5e-7_seed10,54,4,49,9,10000549,0,1.0,-1.0,300,98e2d06491e8cc6103411b206ab4caf77c6921c0
a1_sft_s0_task4_accum20_joint15_lr2.5e-7_seed10,55,4,0,0,10000550,0,0.0,0.0,300,98e2d06491e8cc6103411b206ab4caf77c6921c0
a1_sft_s0_task4_accum20_joint15_lr2.5e-7_seed10,55,4,1,1,10000551,1,1.0,0.0,85,98e2d06491e8cc6103411b206ab4caf77c6921c0
a1_sft_s0_task4_accum20_joint15_lr2.5e-7_seed10,55,4,2,2,10000552,1,1.0,0.0,78,98e2d06491e8cc6103411b206ab4caf77c6921c0
a1_sft_s0_task4_accum20_joint15_lr2.5e-7_seed10,55,4,3,3,10000553,0,0.800000011920929,-0.800000011920929,300,98e2d06491e8cc6103411b206ab4caf77c6921c0
a1_sft_s0_task4_accum20_joint15_lr2.5e-7_seed10,55,4,4,4,10000554,1,0.6000000238418579,0.3999999761581421,77,98e2d06491e8cc6103411b206ab4caf77c6921c0
a1_sft_s0_task4_accum20_joint15_lr2.5e-7_seed10,55,4,5,5,10000555,1,0.800000011920929,0.19999998807907104,81,98e2d06491e8cc6103411b206ab4caf77c6921c0
a1_sft_s0_task4_accum20_joint15_lr2.5e-7_seed10,55,4,6,6,10000556,0,0.0,0.0,300,98e2d06491e8cc6103411b206ab4caf77c6921c0
a1_sft_s0_task4_accum20_joint15_lr2.5e-7_seed10,55,4,7,7,10000557,1,0.4000000059604645,0.6000000238418579,89,98e2d06491e8cc6103411b206ab4caf77c6921c0
a1_sft_s0_task4_accum20_joint15_lr2.5e-7_seed10,55,4,8,8,10000558,0,0.0,0.0,300,98e2d06491e8cc6103411b206ab4caf77c6921c0
a1_sft_s0_task4_accum20_joint15_lr2.5e-7_seed10,55,4,9,9,10000559,0,0.4000000059604645,-0.4000000059604645,300,98e2d06491e8cc6103411b206ab4caf77c6921c0
a1_sft_s0_task4_accum20_joint15_lr2.5e-7_seed10,56,4,10,0,10000560,0,0.4000000059604645,-0.4000000059604645,300,98e2d06491e8cc6103411b206ab4caf77c6921c0
a1_sft_s0_task4_accum20_joint15_lr2.5e-7_seed10,56,4,11,1,10000561,0,0.20000000298023224,-0.20000000298023224,300,98e2d06491e8cc6103411b206ab4caf77c6921c0
a1_sft_s0_task4_accum20_joint15_lr2.5e-7_seed10,56,4,12,2,10000562,1,0.800000011920929,0.19999998807907104,76,98e2d06491e8cc6103411b206ab4caf77c6921c0
a1_sft_s0_task4_accum20_joint15_lr2.5e-7_seed10,56,4,13,3,10000563,1,0.800000011920929,0.19999998807907104,77,98e2d06491e8cc6103411b206ab4caf77c6921c0
a1_sft_s0_task4_accum20_joint15_lr2.5e-7_seed10,56,4,14,4,10000564,0,0.20000000298023224,-0.20000000298023224,300,98e2d06491e8cc6103411b206ab4caf77c6921c0
a1_sft_s0_task4_accum20_joint15_lr2.5e-7_seed10,56,4,15,5,10000565,1,0.800000011920929,0.19999998807907104,91,98e2d06491e8cc6103411b206ab4caf77c6921c0
a1_sft_s0_task4_accum20_joint15_lr2.5e-7_seed10,56,4,16,6,10000566,1,1.0,0.0,83,98e2d06491e8cc6103411b206ab4caf77c6921c0
a1_sft_s0_task4_accum20_joint15_lr2.5e-7_seed10,56,4,17,7,10000567,1,1.0,0.0,95,98e2d06491e8cc6103411b206ab4caf77c6921c0
a1_sft_s0_task4_accum20_joint15_lr2.5e-7_seed10,56,4,18,8,10000568,0,0.0,0.0,300,98e2d06491e8cc6103411b206ab4caf77c6921c0
a1_sft_s0_task4_accum20_joint15_lr2.5e-7_seed10,56,4,19,9,10000569,0,0.20000000298023224,-0.20000000298023224,300,98e2d06491e8cc6103411b206ab4caf77c6921c0
a1_sft_s0_task4_accum20_joint15_lr2.5e-7_seed10,57,4,20,0,10000570,1,0.800000011920929,0.19999998807907104,77,98e2d06491e8cc6103411b206ab4caf77c6921c0
a1_sft_s0_task4_accum20_joint15_lr2.5e-7_seed10,57,4,21,1,10000571,1,1.0,0.0,84,98e2d06491e8cc6103411b206ab4caf77c6921c0
a1_sft_s0_task4_accum20_joint15_lr2.5e-7_seed10,57,4,22,2,10000572,0,0.0,0.0,300,98e2d06491e8cc6103411b206ab4caf77c6921c0
a1_sft_s0_task4_accum20_joint15_lr2.5e-7_seed10,57,4,23,3,10000573,0,0.20000000298023224,-0.20000000298023224,300,98e2d06491e8cc6103411b206ab4caf77c6921c0
a1_sft_s0_task4_accum20_joint15_lr2.5e-7_seed10,57,4,24,4,10000574,0,0.0,0.0,300,98e2d06491e8cc6103411b206ab4caf77c6921c0
a1_sft_s0_task4_accum20_joint15_lr2.5e-7_seed10,57,4,25,5,10000575,0,0.0,0.0,300,98e2d06491e8cc6103411b206ab4caf77c6921c0
a1_sft_s0_task4_accum20_joint15_lr2.5e-7_seed10,57,4,26,6,10000576,0,0.6000000238418579,-0.6000000238418579,300,98e2d06491e8cc6103411b206ab4caf77c6921c0
a1_sft_s0_task4_accum20_joint15_lr2.5e-7_seed10,57,4,27,7,10000577,1,1.0,0.0,85,98e2d06491e8cc6103411b206ab4caf77c6921c0
a1_sft_s0_task4_accum20_joint15_lr2.5e-7_seed10,57,4,28,8,10000578,1,1.0,0.0,81,98e2d06491e8cc6103411b206ab4caf77c6921c0
a1_sft_s0_task4_accum20_joint15_lr2.5e-7_seed10,57,4,29,9,10000579,0,0.20000000298023224,-0.20000000298023224,300,98e2d06491e8cc6103411b206ab4caf77c6921c0
a1_sft_s0_task4_accum20_joint15_lr2.5e-7_seed10,58,4,30,0,10000580,1,0.4000000059604645,0.6000000238418579,81,98e2d06491e8cc6103411b206ab4caf77c6921c0
a1_sft_s0_task4_accum20_joint15_lr2.5e-7_seed10,58,4,31,1,10000581,1,1.0,0.0,78,98e2d06491e8cc6103411b206ab4caf77c6921c0
a1_sft_s0_task4_accum20_joint15_lr2.5e-7_seed10,58,4,32,2,10000582,1,0.0,1.0,77,98e2d06491e8cc6103411b206ab4caf77c6921c0
a1_sft_s0_task4_accum20_joint15_lr2.5e-7_seed10,58,4,33,3,10000583,0,0.800000011920929,-0.800000011920929,300,98e2d06491e8cc6103411b206ab4caf77c6921c0
a1_sft_s0_task4_accum20_joint15_lr2.5e-7_seed10,58,4,34,4,10000584,1,1.0,0.0,84,98e2d06491e8cc6103411b206ab4caf77c6921c0
a1_sft_s0_task4_accum20_joint15_lr2.5e-7_seed10,58,4,35,5,10000585,1,1.0,0.0,75,98e2d06491e8cc6103411b206ab4caf77c6921c0
a1_sft_s0_task4_accum20_joint15_lr2.5e-7_seed10,58,4,36,6,10000586,1,0.800000011920929,0.19999998807907104,81,98e2d06491e8cc6103411b206ab4caf77c6921c0
a1_sft_s0_task4_accum20_joint15_lr2.5e-7_seed10,58,4,37,7,10000587,0,0.800000011920929,-0.800000011920929,300,98e2d06491e8cc6103411b206ab4caf77c6921c0
a1_sft_s0_task4_accum20_joint15_lr2.5e-7_seed10,58,4,38,8,10000588,0,0.0,0.0,300,98e2d06491e8cc6103411b206ab4caf77c6921c0
a1_sft_s0_task4_accum20_joint15_lr2.5e-7_seed10,58,4,39,9,10000589,0,0.0,0.0,300,98e2d06491e8cc6103411b206ab4caf77c6921c0
a1_sft_s0_task4_accum20_joint15_lr2.5e-7_seed10,59,4,40,0,10000590,0,0.0,0.0,300,98e2d06491e8cc6103411b206ab4caf77c6921c0
a1_sft_s0_task4_accum20_joint15_lr2.5e-7_seed10,59,4,41,1,10000591,1,1.0,0.0,78,98e2d06491e8cc6103411b206ab4caf77c6921c0
a1_sft_s0_task4_accum20_joint15_lr2.5e-7_seed10,59,4,42,2,10000592,1,0.800000011920929,0.19999998807907104,77,98e2d06491e8cc6103411b206ab4caf77c6921c0
a1_sft_s0_task4_accum20_joint15_lr2.5e-7_seed10,59,4,43,3,10000593,1,1.0,0.0,86,98e2d06491e8cc6103411b206ab4caf77c6921c0
a1_sft_s0_task4_accum20_joint15_lr2.5e-7_seed10,59,4,44,4,10000594,1,0.4000000059604645,0.6000000238418579,73,98e2d06491e8cc6103411b206ab4caf77c6921c0
a1_sft_s0_task4_accum20_joint15_lr2.5e-7_seed10,59,4,45,5,10000595,1,1.0,0.0,83,98e2d06491e8cc6103411b206ab4caf77c6921c0
a1_sft_s0_task4_accum20_joint15_lr2.5e-7_seed10,59,4,46,6,10000596,1,0.800000011920929,0.19999998807907104,79,98e2d06491e8cc6103411b206ab4caf77c6921c0
a1_sft_s0_task4_accum20_joint15_lr2.5e-7_seed10,59,4,47,7,10000597,0,0.0,0.0,300,98e2d06491e8cc6103411b206ab4caf77c6921c0
a1_sft_s0_task4_accum20_joint15_lr2.5e-7_seed10,59,4,48,8,10000598,0,0.0,0.0,300,98e2d06491e8cc6103411b206ab4caf77c6921c0
a1_sft_s0_task4_accum20_joint15_lr2.5e-7_seed10,59,4,49,9,10000599,1,0.800000011920929,0.19999998807907104,83,98e2d06491e8cc6103411b206ab4caf77c6921c0
a1_sft_s0_task4_accum20_joint15_lr2.5e-7_seed10,60,4,0,0,10000600,0,0.0,0.0,300,98e2d06491e8cc6103411b206ab4caf77c6921c0
a1_sft_s0_task4_accum20_joint15_lr2.5e-7_seed10,60,4,1,1,10000601,1,1.0,0.0,86,98e2d06491e8cc6103411b206ab4caf77c6921c0
a1_sft_s0_task4_accum20_joint15_lr2.5e-7_seed10,60,4,2,2,10000602,1,1.0,0.0,83,98e2d06491e8cc6103411b206ab4caf77c6921c0
a1_sft_s0_task4_accum20_joint15_lr2.5e-7_seed10,60,4,3,3,10000603,0,0.800000011920929,-0.800000011920929,300,98e2d06491e8cc6103411b206ab4caf77c6921c0
a1_sft_s0_task4_accum20_joint15_lr2.5e-7_seed10,60,4,4,4,10000604,1,0.800000011920929,0.19999998807907104,77,98e2d06491e8cc6103411b206ab4caf77c6921c0
a1_sft_s0_task4_accum20_joint15_lr2.5e-7_seed10,60,4,5,5,10000605,1,0.800000011920929,0.19999998807907104,90,98e2d06491e8cc6103411b206ab4caf77c6921c0
a1_sft_s0_task4_accum20_joint15_lr2.5e-7_seed10,60,4,6,6,10000606,0,0.0,0.0,300,98e2d06491e8cc6103411b206ab4caf77c6921c0
a1_sft_s0_task4_accum20_joint15_lr2.5e-7_seed10,60,4,7,7,10000607,0,0.4000000059604645,-0.4000000059604645,300,98e2d06491e8cc6103411b206ab4caf77c6921c0
a1_sft_s0_task4_accum20_joint15_lr2.5e-7_seed10,60,4,8,8,10000608,0,0.0,0.0,300,98e2d06491e8cc6103411b206ab4caf77c6921c0
a1_sft_s0_task4_accum20_joint15_lr2.5e-7_seed10,60,4,9,9,10000609,1,0.4000000059604645,0.6000000238418579,81,98e2d06491e8cc6103411b206ab4caf77c6921c0
a1_sft_s0_task4_accum20_joint15_lr2.5e-7_seed10,61,4,10,0,10000610,0,0.4000000059604645,-0.4000000059604645,300,98e2d06491e8cc6103411b206ab4caf77c6921c0
a1_sft_s0_task4_accum20_joint15_lr2.5e-7_seed10,61,4,11,1,10000611,0,0.20000000298023224,-0.20000000298023224,300,98e2d06491e8cc6103411b206ab4caf77c6921c0
a1_sft_s0_task4_accum20_joint15_lr2.5e-7_seed10,61,4,12,2,10000612,1,0.800000011920929,0.19999998807907104,79,98e2d06491e8cc6103411b206ab4caf77c6921c0
a1_sft_s0_task4_accum20_joint15_lr2.5e-7_seed10,61,4,13,3,10000613,1,0.800000011920929,0.19999998807907104,81,98e2d06491e8cc6103411b206ab4caf77c6921c0
a1_sft_s0_task4_accum20_joint15_lr2.5e-7_seed10,61,4,14,4,10000614,0,0.20000000298023224,-0.20000000298023224,300,98e2d06491e8cc6103411b206ab4caf77c6921c0
a1_sft_s0_task4_accum20_joint15_lr2.5e-7_seed10,61,4,15,5,10000615,1,0.800000011920929,0.19999998807907104,84,98e2d06491e8cc6103411b206ab4caf77c6921c0
a1_sft_s0_task4_accum20_joint15_lr2.5e-7_seed10,61,4,16,6,10000616,1,1.0,0.0,75,98e2d06491e8cc6103411b206ab4caf77c6921c0
a1_sft_s0_task4_accum20_joint15_lr2.5e-7_seed10,61,4,17,7,10000617,1,1.0,0.0,81,98e2d06491e8cc6103411b206ab4caf77c6921c0
a1_sft_s0_task4_accum20_joint15_lr2.5e-7_seed10,61,4,18,8,10000618,0,0.0,0.0,300,98e2d06491e8cc6103411b206ab4caf77c6921c0
a1_sft_s0_task4_accum20_joint15_lr2.5e-7_seed10,61,4,19,9,10000619,0,0.20000000298023224,-0.20000000298023224,300,98e2d06491e8cc6103411b206ab4caf77c6921c0
a1_sft_s0_task4_accum20_joint15_lr2.5e-7_seed10,62,4,20,0,10000620,1,0.800000011920929,0.19999998807907104,85,98e2d06491e8cc6103411b206ab4caf77c6921c0
a1_sft_s0_task4_accum20_joint15_lr2.5e-7_seed10,62,4,21,1,10000621,1,1.0,0.0,84,98e2d06491e8cc6103411b206ab4caf77c6921c0
a1_sft_s0_task4_accum20_joint15_lr2.5e-7_seed10,62,4,22,2,10000622,0,0.0,0.0,300,98e2d06491e8cc6103411b206ab4caf77c6921c0
a1_sft_s0_task4_accum20_joint15_lr2.5e-7_seed10,62,4,23,3,10000623,0,0.20000000298023224,-0.20000000298023224,300,98e2d06491e8cc6103411b206ab4caf77c6921c0
a1_sft_s0_task4_accum20_joint15_lr2.5e-7_seed10,62,4,24,4,10000624,0,0.0,0.0,300,98e2d06491e8cc6103411b206ab4caf77c6921c0
a1_sft_s0_task4_accum20_joint15_lr2.5e-7_seed10,62,4,25,5,10000625,0,0.0,0.0,300,98e2d06491e8cc6103411b206ab4caf77c6921c0
a1_sft_s0_task4_accum20_joint15_lr2.5e-7_seed10,62,4,26,6,10000626,0,0.6000000238418579,-0.6000000238418579,300,98e2d06491e8cc6103411b206ab4caf77c6921c0
a1_sft_s0_task4_accum20_joint15_lr2.5e-7_seed10,62,4,27,7,10000627,1,1.0,0.0,80,98e2d06491e8cc6103411b206ab4caf77c6921c0
a1_sft_s0_task4_accum20_joint15_lr2.5e-7_seed10,62,4,28,8,10000628,1,1.0,0.0,86,98e2d06491e8cc6103411b206ab4caf77c6921c0
a1_sft_s0_task4_accum20_joint15_lr2.5e-7_seed10,62,4,29,9,10000629,1,0.20000000298023224,0.800000011920929,76,98e2d06491e8cc6103411b206ab4caf77c6921c0
a1_sft_s0_task4_accum20_joint15_lr2.5e-7_seed10,63,4,30,0,10000630,1,0.4000000059604645,0.6000000238418579,82,98e2d06491e8cc6103411b206ab4caf77c6921c0
a1_sft_s0_task4_accum20_joint15_lr2.5e-7_seed10,63,4,31,1,10000631,1,1.0,0.0,82,98e2d06491e8cc6103411b206ab4caf77c6921c0
a1_sft_s0_task4_accum20_joint15_lr2.5e-7_seed10,63,4,32,2,10000632,0,0.20000000298023224,-0.20000000298023224,300,98e2d06491e8cc6103411b206ab4caf77c6921c0
a1_sft_s0_task4_accum20_joint15_lr2.5e-7_seed10,63,4,33,3,10000633,0,0.6000000238418579,-0.6000000238418579,300,98e2d06491e8cc6103411b206ab4caf77c6921c0
a1_sft_s0_task4_accum20_joint15_lr2.5e-7_seed10,63,4,34,4,10000634,1,1.0,0.0,92,98e2d06491e8cc6103411b206ab4caf77c6921c0
a1_sft_s0_task4_accum20_joint15_lr2.5e-7_seed10,63,4,35,5,10000635,1,1.0,0.0,75,98e2d06491e8cc6103411b206ab4caf77c6921c0
a1_sft_s0_task4_accum20_joint15_lr2.5e-7_seed10,63,4,36,6,10000636,1,0.800000011920929,0.19999998807907104,82,98e2d06491e8cc6103411b206ab4caf77c6921c0
a1_sft_s0_task4_accum20_joint15_lr2.5e-7_seed10,63,4,37,7,10000637,0,0.800000011920929,-0.800000011920929,300,98e2d06491e8cc6103411b206ab4caf77c6921c0
a1_sft_s0_task4_accum20_joint15_lr2.5e-7_seed10,63,4,38,8,10000638,0,0.0,0.0,300,98e2d06491e8cc6103411b206ab4caf77c6921c0
a1_sft_s0_task4_accum20_joint15_lr2.5e-7_seed10,63,4,39,9,10000639,0,0.0,0.0,300,98e2d06491e8cc6103411b206ab4caf77c6921c0
a1_sft_s0_task4_accum20_joint15_lr2.5e-7_seed10,64,4,40,0,10000640,0,0.0,0.0,300,98e2d06491e8cc6103411b206ab4caf77c6921c0
a1_sft_s0_task4_accum20_joint15_lr2.5e-7_seed10,64,4,41,1,10000641,1,1.0,0.0,89,98e2d06491e8cc6103411b206ab4caf77c6921c0
a1_sft_s0_task4_accum20_joint15_lr2.5e-7_seed10,64,4,42,2,10000642,1,0.800000011920929,0.19999998807907104,75,98e2d06491e8cc6103411b206ab4caf77c6921c0
a1_sft_s0_task4_accum20_joint15_lr2.5e-7_seed10,64,4,43,3,10000643,1,1.0,0.0,88,98e2d06491e8cc6103411b206ab4caf77c6921c0
a1_sft_s0_task4_accum20_joint15_lr2.5e-7_seed10,64,4,44,4,10000644,1,0.6000000238418579,0.3999999761581421,85,98e2d06491e8cc6103411b206ab4caf77c6921c0
a1_sft_s0_task4_accum20_joint15_lr2.5e-7_seed10,64,4,45,5,10000645,1,1.0,0.0,88,98e2d06491e8cc6103411b206ab4caf77c6921c0
a1_sft_s0_task4_accum20_joint15_lr2.5e-7_seed10,64,4,46,6,10000646,1,0.800000011920929,0.19999998807907104,82,98e2d06491e8cc6103411b206ab4caf77c6921c0
a1_sft_s0_task4_accum20_joint15_lr2.5e-7_seed10,64,4,47,7,10000647,0,0.0,0.0,300,98e2d06491e8cc6103411b206ab4caf77c6921c0
a1_sft_s0_task4_accum20_joint15_lr2.5e-7_seed10,64,4,48,8,10000648,0,0.0,0.0,300,98e2d06491e8cc6103411b206ab4caf77c6921c0
a1_sft_s0_task4_accum20_joint15_lr2.5e-7_seed10,64,4,49,9,10000649,1,0.800000011920929,0.19999998807907104,97,98e2d06491e8cc6103411b206ab4caf77c6921c0
a1_sft_s0_task4_accum20_joint15_lr2.5e-7_seed10,65,4,0,0,10000650,0,0.0,0.0,300,98e2d06491e8cc6103411b206ab4caf77c6921c0
a1_sft_s0_task4_accum20_joint15_lr2.5e-7_seed10,65,4,1,1,10000651,1,1.0,0.0,87,98e2d06491e8cc6103411b206ab4caf77c6921c0
a1_sft_s0_task4_accum20_joint15_lr2.5e-7_seed10,65,4,2,2,10000652,1,1.0,0.0,82,98e2d06491e8cc6103411b206ab4caf77c6921c0
a1_sft_s0_task4_accum20_joint15_lr2.5e-7_seed10,65,4,3,3,10000653,0,0.6000000238418579,-0.6000000238418579,300,98e2d06491e8cc6103411b206ab4caf77c6921c0
a1_sft_s0_task4_accum20_joint15_lr2.5e-7_seed10,65,4,4,4,10000654,1,0.800000011920929,0.19999998807907104,76,98e2d06491e8cc6103411b206ab4caf77c6921c0
a1_sft_s0_task4_accum20_joint15_lr2.5e-7_seed10,65,4,5,5,10000655,1,0.800000011920929,0.19999998807907104,84,98e2d06491e8cc6103411b206ab4caf77c6921c0
a1_sft_s0_task4_accum20_joint15_lr2.5e-7_seed10,65,4,6,6,10000656,0,0.0,0.0,300,98e2d06491e8cc6103411b206ab4caf77c6921c0
a1_sft_s0_task4_accum20_joint15_lr2.5e-7_seed10,65,4,7,7,10000657,0,0.4000000059604645,-0.4000000059604645,300,98e2d06491e8cc6103411b206ab4caf77c6921c0
a1_sft_s0_task4_accum20_joint15_lr2.5e-7_seed10,65,4,8,8,10000658,0,0.0,0.0,300,98e2d06491e8cc6103411b206ab4caf77c6921c0
a1_sft_s0_task4_accum20_joint15_lr2.5e-7_seed10,65,4,9,9,10000659,0,0.6000000238418579,-0.6000000238418579,300,98e2d06491e8cc6103411b206ab4caf77c6921c0
a1_sft_s0_task4_accum20_joint15_lr2.5e-7_seed10,66,4,10,0,10000660,0,0.20000000298023224,-0.20000000298023224,300,98e2d06491e8cc6103411b206ab4caf77c6921c0
a1_sft_s0_task4_accum20_joint15_lr2.5e-7_seed10,66,4,11,1,10000661,1,0.20000000298023224,0.800000011920929,80,98e2d06491e8cc6103411b206ab4caf77c6921c0
a1_sft_s0_task4_accum20_joint15_lr2.5e-7_seed10,66,4,12,2,10000662,1,0.800000011920929,0.19999998807907104,73,98e2d06491e8cc6103411b206ab4caf77c6921c0
a1_sft_s0_task4_accum20_joint15_lr2.5e-7_seed10,66,4,13,3,10000663,1,0.800000011920929,0.19999998807907104,83,98e2d06491e8cc6103411b206ab4caf77c6921c0
a1_sft_s0_task4_accum20_joint15_lr2.5e-7_seed10,66,4,14,4,10000664,0,0.20000000298023224,-0.20000000298023224,300,98e2d06491e8cc6103411b206ab4caf77c6921c0
a1_sft_s0_task4_accum20_joint15_lr2.5e-7_seed10,66,4,15,5,10000665,1,1.0,0.0,76,98e2d06491e8cc6103411b206ab4caf77c6921c0
a1_sft_s0_task4_accum20_joint15_lr2.5e-7_seed10,66,4,16,6,10000666,1,1.0,0.0,88,98e2d06491e8cc6103411b206ab4caf77c6921c0
a1_sft_s0_task4_accum20_joint15_lr2.5e-7_seed10,66,4,17,7,10000667,1,1.0,0.0,84,98e2d06491e8cc6103411b206ab4caf77c6921c0
a1_sft_s0_task4_accum20_joint15_lr2.5e-7_seed10,66,4,18,8,10000668,0,0.0,0.0,300,98e2d06491e8cc6103411b206ab4caf77c6921c0
a1_sft_s0_task4_accum20_joint15_lr2.5e-7_seed10,66,4,19,9,10000669,1,0.0,1.0,78,98e2d06491e8cc6103411b206ab4caf77c6921c0
a1_sft_s0_task4_accum20_joint15_lr2.5e-7_seed10,67,4,20,0,10000670,1,0.800000011920929,0.19999998807907104,79,98e2d06491e8cc6103411b206ab4caf77c6921c0
a1_sft_s0_task4_accum20_joint15_lr2.5e-7_seed10,67,4,21,1,10000671,1,1.0,0.0,92,98e2d06491e8cc6103411b206ab4caf77c6921c0
a1_sft_s0_task4_accum20_joint15_lr2.5e-7_seed10,67,4,22,2,10000672,0,0.0,0.0,300,98e2d06491e8cc6103411b206ab4caf77c6921c0
a1_sft_s0_task4_accum20_joint15_lr2.5e-7_seed10,67,4,23,3,10000673,0,0.20000000298023224,-0.20000000298023224,300,98e2d06491e8cc6103411b206ab4caf77c6921c0
a1_sft_s0_task4_accum20_joint15_lr2.5e-7_seed10,67,4,24,4,10000674,0,0.0,0.0,300,98e2d06491e8cc6103411b206ab4caf77c6921c0
a1_sft_s0_task4_accum20_joint15_lr2.5e-7_seed10,67,4,25,5,10000675,1,0.0,1.0,77,98e2d06491e8cc6103411b206ab4caf77c6921c0
a1_sft_s0_task4_accum20_joint15_lr2.5e-7_seed10,67,4,26,6,10000676,1,0.4000000059604645,0.6000000238418579,77,98e2d06491e8cc6103411b206ab4caf77c6921c0
a1_sft_s0_task4_accum20_joint15_lr2.5e-7_seed10,67,4,27,7,10000677,1,1.0,0.0,83,98e2d06491e8cc6103411b206ab4caf77c6921c0
a1_sft_s0_task4_accum20_joint15_lr2.5e-7_seed10,67,4,28,8,10000678,1,1.0,0.0,88,98e2d06491e8cc6103411b206ab4caf77c6921c0
a1_sft_s0_task4_accum20_joint15_lr2.5e-7_seed10,67,4,29,9,10000679,0,0.4000000059604645,-0.4000000059604645,300,98e2d06491e8cc6103411b206ab4caf77c6921c0
a1_sft_s0_task4_accum20_joint15_lr2.5e-7_seed10,68,4,30,0,10000680,0,0.6000000238418579,-0.6000000238418579,300,98e2d06491e8cc6103411b206ab4caf77c6921c0
a1_sft_s0_task4_accum20_joint15_lr2.5e-7_seed10,68,4,31,1,10000681,1,1.0,0.0,93,98e2d06491e8cc6103411b206ab4caf77c6921c0
a1_sft_s0_task4_accum20_joint15_lr2.5e-7_seed10,68,4,32,2,10000682,0,0.20000000298023224,-0.20000000298023224,300,98e2d06491e8cc6103411b206ab4caf77c6921c0
a1_sft_s0_task4_accum20_joint15_lr2.5e-7_seed10,68,4,33,3,10000683,1,0.4000000059604645,0.6000000238418579,87,98e2d06491e8cc6103411b206ab4caf77c6921c0
a1_sft_s0_task4_accum20_joint15_lr2.5e-7_seed10,68,4,34,4,10000684,1,1.0,0.0,90,98e2d06491e8cc6103411b206ab4caf77c6921c0
a1_sft_s0_task4_accum20_joint15_lr2.5e-7_seed10,68,4,35,5,10000685,1,1.0,0.0,81,98e2d06491e8cc6103411b206ab4caf77c6921c0
a1_sft_s0_task4_accum20_joint15_lr2.5e-7_seed10,68,4,36,6,10000686,1,0.800000011920929,0.19999998807907104,84,98e2d06491e8cc6103411b206ab4caf77c6921c0
a1_sft_s0_task4_accum20_joint15_lr2.5e-7_seed10,68,4,37,7,10000687,1,0.6000000238418579,0.3999999761581421,83,98e2d06491e8cc6103411b206ab4caf77c6921c0
a1_sft_s0_task4_accum20_joint15_lr2.5e-7_seed10,68,4,38,8,10000688,0,0.0,0.0,300,98e2d06491e8cc6103411b206ab4caf77c6921c0
a1_sft_s0_task4_accum20_joint15_lr2.5e-7_seed10,68,4,39,9,10000689,0,0.0,0.0,300,98e2d06491e8cc6103411b206ab4caf77c6921c0
a1_sft_s0_task4_accum20_joint15_lr2.5e-7_seed10,69,4,40,0,10000690,0,0.0,0.0,300,98e2d06491e8cc6103411b206ab4caf77c6921c0
a1_sft_s0_task4_accum20_joint15_lr2.5e-7_seed10,69,4,41,1,10000691,1,1.0,0.0,84,98e2d06491e8cc6103411b206ab4caf77c6921c0
a1_sft_s0_task4_accum20_joint15_lr2.5e-7_seed10,69,4,42,2,10000692,0,0.800000011920929,-0.800000011920929,300,98e2d06491e8cc6103411b206ab4caf77c6921c0
a1_sft_s0_task4_accum20_joint15_lr2.5e-7_seed10,69,4,43,3,10000693,1,1.0,0.0,83,98e2d06491e8cc6103411b206ab4caf77c6921c0
a1_sft_s0_task4_accum20_joint15_lr2.5e-7_seed10,69,4,44,4,10000694,0,0.6000000238418579,-0.6000000238418579,300,98e2d06491e8cc6103411b206ab4caf77c6921c0
a1_sft_s0_task4_accum20_joint15_lr2.5e-7_seed10,69,4,45,5,10000695,1,1.0,0.0,83,98e2d06491e8cc6103411b206ab4caf77c6921c0
a1_sft_s0_task4_accum20_joint15_lr2.5e-7_seed10,69,4,46,6,10000696,1,0.800000011920929,0.19999998807907104,85,98e2d06491e8cc6103411b206ab4caf77c6921c0
a1_sft_s0_task4_accum20_joint15_lr2.5e-7_seed10,69,4,47,7,10000697,0,0.0,0.0,300,98e2d06491e8cc6103411b206ab4caf77c6921c0
a1_sft_s0_task4_accum20_joint15_lr2.5e-7_seed10,69,4,48,8,10000698,0,0.0,0.0,300,98e2d06491e8cc6103411b206ab4caf77c6921c0
a1_sft_s0_task4_accum20_joint15_lr2.5e-7_seed10,69,4,49,9,10000699,1,0.800000011920929,0.19999998807907104,84,98e2d06491e8cc6103411b206ab4caf77c6921c0
a1_sft_s0_task4_accum20_joint15_lr2.5e-7_seed10,70,4,0,0,10000700,0,0.0,0.0,300,98e2d06491e8cc6103411b206ab4caf77c6921c0
a1_sft_s0_task4_accum20_joint15_lr2.5e-7_seed10,70,4,1,1,10000701,1,1.0,0.0,88,98e2d06491e8cc6103411b206ab4caf77c6921c0
a1_sft_s0_task4_accum20_joint15_lr2.5e-7_seed10,70,4,2,2,10000702,1,1.0,0.0,80,98e2d06491e8cc6103411b206ab4caf77c6921c0
a1_sft_s0_task4_accum20_joint15_lr2.5e-7_seed10,70,4,3,3,10000703,0,0.4000000059604645,-0.4000000059604645,300,98e2d06491e8cc6103411b206ab4caf77c6921c0
a1_sft_s0_task4_accum20_joint15_lr2.5e-7_seed10,70,4,4,4,10000704,1,0.800000011920929,0.19999998807907104,87,98e2d06491e8cc6103411b206ab4caf77c6921c0
a1_sft_s0_task4_accum20_joint15_lr2.5e-7_seed10,70,4,5,5,10000705,1,1.0,0.0,87,98e2d06491e8cc6103411b206ab4caf77c6921c0
a1_sft_s0_task4_accum20_joint15_lr2.5e-7_seed10,70,4,6,6,10000706,0,0.0,0.0,300,98e2d06491e8cc6103411b206ab4caf77c6921c0
a1_sft_s0_task4_accum20_joint15_lr2.5e-7_seed10,70,4,7,7,10000707,1,0.4000000059604645,0.6000000238418579,82,98e2d06491e8cc6103411b206ab4caf77c6921c0
a1_sft_s0_task4_accum20_joint15_lr2.5e-7_seed10,70,4,8,8,10000708,0,0.0,0.0,300,98e2d06491e8cc6103411b206ab4caf77c6921c0
a1_sft_s0_task4_accum20_joint15_lr2.5e-7_seed10,70,4,9,9,10000709,1,0.4000000059604645,0.6000000238418579,77,98e2d06491e8cc6103411b206ab4caf77c6921c0
a1_sft_s0_task4_accum20_joint15_lr2.5e-7_seed10,71,4,10,0,10000710,0,0.20000000298023224,-0.20000000298023224,300,98e2d06491e8cc6103411b206ab4caf77c6921c0
a1_sft_s0_task4_accum20_joint15_lr2.5e-7_seed10,71,4,11,1,10000711,0,0.20000000298023224,-0.20000000298023224,300,98e2d06491e8cc6103411b206ab4caf77c6921c0
a1_sft_s0_task4_accum20_joint15_lr2.5e-7_seed10,71,4,12,2,10000712,1,1.0,0.0,78,98e2d06491e8cc6103411b206ab4caf77c6921c0
a1_sft_s0_task4_accum20_joint15_lr2.5e-7_seed10,71,4,13,3,10000713,1,0.800000011920929,0.19999998807907104,80,98e2d06491e8cc6103411b206ab4caf77c6921c0
a1_sft_s0_task4_accum20_joint15_lr2.5e-7_seed10,71,4,14,4,10000714,0,0.20000000298023224,-0.20000000298023224,300,98e2d06491e8cc6103411b206ab4caf77c6921c0
a1_sft_s0_task4_accum20_joint15_lr2.5e-7_seed10,71,4,15,5,10000715,1,1.0,0.0,86,98e2d06491e8cc6103411b206ab4caf77c6921c0
a1_sft_s0_task4_accum20_joint15_lr2.5e-7_seed10,71,4,16,6,10000716,1,1.0,0.0,75,98e2d06491e8cc6103411b206ab4caf77c6921c0
a1_sft_s0_task4_accum20_joint15_lr2.5e-7_seed10,71,4,17,7,10000717,1,1.0,0.0,87,98e2d06491e8cc6103411b206ab4caf77c6921c0
a1_sft_s0_task4_accum20_joint15_lr2.5e-7_seed10,71,4,18,8,10000718,0,0.0,0.0,300,98e2d06491e8cc6103411b206ab4caf77c6921c0
a1_sft_s0_task4_accum20_joint15_lr2.5e-7_seed10,71,4,19,9,10000719,1,0.20000000298023224,0.800000011920929,84,98e2d06491e8cc6103411b206ab4caf77c6921c0
a1_sft_s0_task4_accum20_joint15_lr2.5e-7_seed10,72,4,20,0,10000720,0,0.800000011920929,-0.800000011920929,300,98e2d06491e8cc6103411b206ab4caf77c6921c0
a1_sft_s0_task4_accum20_joint15_lr2.5e-7_seed10,72,4,21,1,10000721,1,1.0,0.0,83,98e2d06491e8cc6103411b206ab4caf77c6921c0
a1_sft_s0_task4_accum20_joint15_lr2.5e-7_seed10,72,4,22,2,10000722,0,0.0,0.0,300,98e2d06491e8cc6103411b206ab4caf77c6921c0
a1_sft_s0_task4_accum20_joint15_lr2.5e-7_seed10,72,4,23,3,10000723,1,0.20000000298023224,0.800000011920929,85,98e2d06491e8cc6103411b206ab4caf77c6921c0
a1_sft_s0_task4_accum20_joint15_lr2.5e-7_seed10,72,4,24,4,10000724,0,0.0,0.0,300,98e2d06491e8cc6103411b206ab4caf77c6921c0
a1_sft_s0_task4_accum20_joint15_lr2.5e-7_seed10,72,4,25,5,10000725,0,0.20000000298023224,-0.20000000298023224,300,98e2d06491e8cc6103411b206ab4caf77c6921c0
a1_sft_s0_task4_accum20_joint15_lr2.5e-7_seed10,72,4,26,6,10000726,1,0.4000000059604645,0.6000000238418579,78,98e2d06491e8cc6103411b206ab4caf77c6921c0
a1_sft_s0_task4_accum20_joint15_lr2.5e-7_seed10,72,4,27,7,10000727,1,1.0,0.0,81,98e2d06491e8cc6103411b206ab4caf77c6921c0
a1_sft_s0_task4_accum20_joint15_lr2.5e-7_seed10,72,4,28,8,10000728,1,1.0,0.0,82,98e2d06491e8cc6103411b206ab4caf77c6921c0
a1_sft_s0_task4_accum20_joint15_lr2.5e-7_seed10,72,4,29,9,10000729,0,0.4000000059604645,-0.4000000059604645,300,98e2d06491e8cc6103411b206ab4caf77c6921c0
a1_sft_s0_task4_accum20_joint15_lr2.5e-7_seed10,73,4,30,0,10000730,1,0.6000000238418579,0.3999999761581421,84,98e2d06491e8cc6103411b206ab4caf77c6921c0
a1_sft_s0_task4_accum20_joint15_lr2.5e-7_seed10,73,4,31,1,10000731,1,1.0,0.0,81,98e2d06491e8cc6103411b206ab4caf77c6921c0
a1_sft_s0_task4_accum20_joint15_lr2.5e-7_seed10,73,4,32,2,10000732,1,0.20000000298023224,0.800000011920929,80,98e2d06491e8cc6103411b206ab4caf77c6921c0
a1_sft_s0_task4_accum20_joint15_lr2.5e-7_seed10,73,4,33,3,10000733,1,0.4000000059604645,0.6000000238418579,88,98e2d06491e8cc6103411b206ab4caf77c6921c0
a1_sft_s0_task4_accum20_joint15_lr2.5e-7_seed10,73,4,34,4,10000734,1,1.0,0.0,77,98e2d06491e8cc6103411b206ab4caf77c6921c0
a1_sft_s0_task4_accum20_joint15_lr2.5e-7_seed10,73,4,35,5,10000735,1,1.0,0.0,80,98e2d06491e8cc6103411b206ab4caf77c6921c0
a1_sft_s0_task4_accum20_joint15_lr2.5e-7_seed10,73,4,36,6,10000736,1,0.800000011920929,0.19999998807907104,84,98e2d06491e8cc6103411b206ab4caf77c6921c0
a1_sft_s0_task4_accum20_joint15_lr2.5e-7_seed10,73,4,37,7,10000737,1,0.6000000238418579,0.3999999761581421,83,98e2d06491e8cc6103411b206ab4caf77c6921c0
a1_sft_s0_task4_accum20_joint15_lr2.5e-7_seed10,73,4,38,8,10000738,0,0.0,0.0,300,98e2d06491e8cc6103411b206ab4caf77c6921c0
a1_sft_s0_task4_accum20_joint15_lr2.5e-7_seed10,73,4,39,9,10000739,0,0.0,0.0,300,98e2d06491e8cc6103411b206ab4caf77c6921c0
a1_sft_s0_task4_accum20_joint15_lr2.5e-7_seed10,74,4,40,0,10000740,0,0.0,0.0,300,98e2d06491e8cc6103411b206ab4caf77c6921c0
a1_sft_s0_task4_accum20_joint15_lr2.5e-7_seed10,74,4,41,1,10000741,1,1.0,0.0,81,98e2d06491e8cc6103411b206ab4caf77c6921c0
a1_sft_s0_task4_accum20_joint15_lr2.5e-7_seed10,74,4,42,2,10000742,0,0.6000000238418579,-0.6000000238418579,300,98e2d06491e8cc6103411b206ab4caf77c6921c0
a1_sft_s0_task4_accum20_joint15_lr2.5e-7_seed10,74,4,43,3,10000743,1,1.0,0.0,85,98e2d06491e8cc6103411b206ab4caf77c6921c0
a1_sft_s0_task4_accum20_joint15_lr2.5e-7_seed10,74,4,44,4,10000744,0,0.4000000059604645,-0.4000000059604645,300,98e2d06491e8cc6103411b206ab4caf77c6921c0
a1_sft_s0_task4_accum20_joint15_lr2.5e-7_seed10,74,4,45,5,10000745,1,1.0,0.0,78,98e2d06491e8cc6103411b206ab4caf77c6921c0
a1_sft_s0_task4_accum20_joint15_lr2.5e-7_seed10,74,4,46,6,10000746,1,0.800000011920929,0.19999998807907104,81,98e2d06491e8cc6103411b206ab4caf77c6921c0
a1_sft_s0_task4_accum20_joint15_lr2.5e-7_seed10,74,4,47,7,10000747,0,0.0,0.0,300,98e2d06491e8cc6103411b206ab4caf77c6921c0
a1_sft_s0_task4_accum20_joint15_lr2.5e-7_seed10,74,4,48,8,10000748,0,0.0,0.0,300,98e2d06491e8cc6103411b206ab4caf77c6921c0
a1_sft_s0_task4_accum20_joint15_lr2.5e-7_seed10,74,4,49,9,10000749,1,0.800000011920929,0.19999998807907104,83,98e2d06491e8cc6103411b206ab4caf77c6921c0
a1_sft_s0_task4_accum20_joint15_lr2.5e-7_seed10,75,4,0,0,10000750,0,0.0,0.0,300,98e2d06491e8cc6103411b206ab4caf77c6921c0
a1_sft_s0_task4_accum20_joint15_lr2.5e-7_seed10,75,4,1,1,10000751,1,1.0,0.0,82,98e2d06491e8cc6103411b206ab4caf77c6921c0
a1_sft_s0_task4_accum20_joint15_lr2.5e-7_seed10,75,4,2,2,10000752,1,1.0,0.0,78,98e2d06491e8cc6103411b206ab4caf77c6921c0
a1_sft_s0_task4_accum20_joint15_lr2.5e-7_seed10,75,4,3,3,10000753,0,0.20000000298023224,-0.20000000298023224,300,98e2d06491e8cc6103411b206ab4caf77c6921c0
a1_sft_s0_task4_accum20_joint15_lr2.5e-7_seed10,75,4,4,4,10000754,1,1.0,0.0,77,98e2d06491e8cc6103411b206ab4caf77c6921c0
a1_sft_s0_task4_accum20_joint15_lr2.5e-7_seed10,75,4,5,5,10000755,1,1.0,0.0,82,98e2d06491e8cc6103411b206ab4caf77c6921c0
a1_sft_s0_task4_accum20_joint15_lr2.5e-7_seed10,75,4,6,6,10000756,0,0.0,0.0,300,98e2d06491e8cc6103411b206ab4caf77c6921c0
a1_sft_s0_task4_accum20_joint15_lr2.5e-7_seed10,75,4,7,7,10000757,0,0.4000000059604645,-0.4000000059604645,300,98e2d06491e8cc6103411b206ab4caf77c6921c0
a1_sft_s0_task4_accum20_joint15_lr2.5e-7_seed10,75,4,8,8,10000758,0,0.0,0.0,300,98e2d06491e8cc6103411b206ab4caf77c6921c0
a1_sft_s0_task4_accum20_joint15_lr2.5e-7_seed10,75,4,9,9,10000759,0,0.4000000059604645,-0.4000000059604645,300,98e2d06491e8cc6103411b206ab4caf77c6921c0
a1_sft_s0_task4_accum20_joint15_lr2.5e-7_seed10,76,4,10,0,10000760,0,0.0,0.0,300,98e2d06491e8cc6103411b206ab4caf77c6921c0
a1_sft_s0_task4_accum20_joint15_lr2.5e-7_seed10,76,4,11,1,10000761,0,0.20000000298023224,-0.20000000298023224,300,98e2d06491e8cc6103411b206ab4caf77c6921c0
a1_sft_s0_task4_accum20_joint15_lr2.5e-7_seed10,76,4,12,2,10000762,1,1.0,0.0,77,98e2d06491e8cc6103411b206ab4caf77c6921c0
a1_sft_s0_task4_accum20_joint15_lr2.5e-7_seed10,76,4,13,3,10000763,1,0.800000011920929,0.19999998807907104,74,98e2d06491e8cc6103411b206ab4caf77c6921c0
a1_sft_s0_task4_accum20_joint15_lr2.5e-7_seed10,76,4,14,4,10000764,0,0.20000000298023224,-0.20000000298023224,300,98e2d06491e8cc6103411b206ab4caf77c6921c0
a1_sft_s0_task4_accum20_joint15_lr2.5e-7_seed10,76,4,15,5,10000765,1,1.0,0.0,87,98e2d06491e8cc6103411b206ab4caf77c6921c0
a1_sft_s0_task4_accum20_joint15_lr2.5e-7_seed10,76,4,16,6,10000766,1,1.0,0.0,80,98e2d06491e8cc6103411b206ab4caf77c6921c0
a1_sft_s0_task4_accum20_joint15_lr2.5e-7_seed10,76,4,17,7,10000767,1,1.0,0.0,84,98e2d06491e8cc6103411b206ab4caf77c6921c0
a1_sft_s0_task4_accum20_joint15_lr2.5e-7_seed10,76,4,18,8,10000768,0,0.0,0.0,300,98e2d06491e8cc6103411b206ab4caf77c6921c0
a1_sft_s0_task4_accum20_joint15_lr2.5e-7_seed10,76,4,19,9,10000769,1,0.4000000059604645,0.6000000238418579,74,98e2d06491e8cc6103411b206ab4caf77c6921c0
a1_sft_s0_task4_accum20_joint15_lr2.5e-7_seed10,77,4,20,0,10000770,1,0.800000011920929,0.19999998807907104,72,98e2d06491e8cc6103411b206ab4caf77c6921c0
a1_sft_s0_task4_accum20_joint15_lr2.5e-7_seed10,77,4,21,1,10000771,1,1.0,0.0,86,98e2d06491e8cc6103411b206ab4caf77c6921c0
a1_sft_s0_task4_accum20_joint15_lr2.5e-7_seed10,77,4,22,2,10000772,0,0.0,0.0,300,98e2d06491e8cc6103411b206ab4caf77c6921c0
a1_sft_s0_task4_accum20_joint15_lr2.5e-7_seed10,77,4,23,3,10000773,0,0.20000000298023224,-0.20000000298023224,300,98e2d06491e8cc6103411b206ab4caf77c6921c0
a1_sft_s0_task4_accum20_joint15_lr2.5e-7_seed10,77,4,24,4,10000774,0,0.0,0.0,300,98e2d06491e8cc6103411b206ab4caf77c6921c0
a1_sft_s0_task4_accum20_joint15_lr2.5e-7_seed10,77,4,25,5,10000775,0,0.20000000298023224,-0.20000000298023224,300,98e2d06491e8cc6103411b206ab4caf77c6921c0
a1_sft_s0_task4_accum20_joint15_lr2.5e-7_seed10,77,4,26,6,10000776,0,0.4000000059604645,-0.4000000059604645,300,98e2d06491e8cc6103411b206ab4caf77c6921c0
a1_sft_s0_task4_accum20_joint15_lr2.5e-7_seed10,77,4,27,7,10000777,1,1.0,0.0,82,98e2d06491e8cc6103411b206ab4caf77c6921c0
a1_sft_s0_task4_accum20_joint15_lr2.5e-7_seed10,77,4,28,8,10000778,1,1.0,0.0,80,98e2d06491e8cc6103411b206ab4caf77c6921c0
a1_sft_s0_task4_accum20_joint15_lr2.5e-7_seed10,77,4,29,9,10000779,0,0.20000000298023224,-0.20000000298023224,300,98e2d06491e8cc6103411b206ab4caf77c6921c0
a1_sft_s0_task4_accum20_joint15_lr2.5e-7_seed10,78,4,30,0,10000780,1,0.6000000238418579,0.3999999761581421,83,98e2d06491e8cc6103411b206ab4caf77c6921c0
a1_sft_s0_task4_accum20_joint15_lr2.5e-7_seed10,78,4,31,1,10000781,1,1.0,0.0,85,98e2d06491e8cc6103411b206ab4caf77c6921c0
a1_sft_s0_task4_accum20_joint15_lr2.5e-7_seed10,78,4,32,2,10000782,0,0.4000000059604645,-0.4000000059604645,300,98e2d06491e8cc6103411b206ab4caf77c6921c0
a1_sft_s0_task4_accum20_joint15_lr2.5e-7_seed10,78,4,33,3,10000783,0,0.6000000238418579,-0.6000000238418579,300,98e2d06491e8cc6103411b206ab4caf77c6921c0
a1_sft_s0_task4_accum20_joint15_lr2.5e-7_seed10,78,4,34,4,10000784,1,1.0,0.0,80,98e2d06491e8cc6103411b206ab4caf77c6921c0
a1_sft_s0_task4_accum20_joint15_lr2.5e-7_seed10,78,4,35,5,10000785,1,1.0,0.0,73,98e2d06491e8cc6103411b206ab4caf77c6921c0
a1_sft_s0_task4_accum20_joint15_lr2.5e-7_seed10,78,4,36,6,10000786,1,0.800000011920929,0.19999998807907104,86,98e2d06491e8cc6103411b206ab4caf77c6921c0
a1_sft_s0_task4_accum20_joint15_lr2.5e-7_seed10,78,4,37,7,10000787,0,0.6000000238418579,-0.6000000238418579,300,98e2d06491e8cc6103411b206ab4caf77c6921c0
a1_sft_s0_task4_accum20_joint15_lr2.5e-7_seed10,78,4,38,8,10000788,0,0.0,0.0,300,98e2d06491e8cc6103411b206ab4caf77c6921c0
a1_sft_s0_task4_accum20_joint15_lr2.5e-7_seed10,78,4,39,9,10000789,0,0.0,0.0,300,98e2d06491e8cc6103411b206ab4caf77c6921c0
a1_sft_s0_task4_accum20_joint15_lr2.5e-7_seed10,79,4,40,0,10000790,0,0.0,0.0,300,98e2d06491e8cc6103411b206ab4caf77c6921c0
a1_sft_s0_task4_accum20_joint15_lr2.5e-7_seed10,79,4,41,1,10000791,1,1.0,0.0,88,98e2d06491e8cc6103411b206ab4caf77c6921c0
a1_sft_s0_task4_accum20_joint15_lr2.5e-7_seed10,79,4,42,2,10000792,1,0.4000000059604645,0.6000000238418579,76,98e2d06491e8cc6103411b206ab4caf77c6921c0
a1_sft_s0_task4_accum20_joint15_lr2.5e-7_seed10,79,4,43,3,10000793,1,1.0,0.0,88,98e2d06491e8cc6103411b206ab4caf77c6921c0
a1_sft_s0_task4_accum20_joint15_lr2.5e-7_seed10,79,4,44,4,10000794,0,0.4000000059604645,-0.4000000059604645,300,98e2d06491e8cc6103411b206ab4caf77c6921c0
a1_sft_s0_task4_accum20_joint15_lr2.5e-7_seed10,79,4,45,5,10000795,1,1.0,0.0,80,98e2d06491e8cc6103411b206ab4caf77c6921c0
a1_sft_s0_task4_accum20_joint15_lr2.5e-7_seed10,79,4,46,6,10000796,1,0.800000011920929,0.19999998807907104,81,98e2d06491e8cc6103411b206ab4caf77c6921c0
a1_sft_s0_task4_accum20_joint15_lr2.5e-7_seed10,79,4,47,7,10000797,0,0.0,0.0,300,98e2d06491e8cc6103411b206ab4caf77c6921c0
a1_sft_s0_task4_accum20_joint15_lr2.5e-7_seed10,79,4,48,8,10000798,0,0.0,0.0,300,98e2d06491e8cc6103411b206ab4caf77c6921c0
a1_sft_s0_task4_accum20_joint15_lr2.5e-7_seed10,79,4,49,9,10000799,1,0.800000011920929,0.19999998807907104,87,98e2d06491e8cc6103411b206ab4caf77c6921c0
a1_sft_s0_task4_accum20_joint15_lr2.5e-7_seed10,80,4,0,0,10000800,0,0.0,0.0,300,98e2d06491e8cc6103411b206ab4caf77c6921c0
a1_sft_s0_task4_accum20_joint15_lr2.5e-7_seed10,80,4,1,1,10000801,1,1.0,0.0,85,98e2d06491e8cc6103411b206ab4caf77c6921c0
a1_sft_s0_task4_accum20_joint15_lr2.5e-7_seed10,80,4,2,2,10000802,1,1.0,0.0,80,98e2d06491e8cc6103411b206ab4caf77c6921c0
a1_sft_s0_task4_accum20_joint15_lr2.5e-7_seed10,80,4,3,3,10000803,1,0.0,1.0,87,98e2d06491e8cc6103411b206ab4caf77c6921c0
a1_sft_s0_task4_accum20_joint15_lr2.5e-7_seed10,80,4,4,4,10000804,1,1.0,0.0,78,98e2d06491e8cc6103411b206ab4caf77c6921c0
a1_sft_s0_task4_accum20_joint15_lr2.5e-7_seed10,80,4,5,5,10000805,1,1.0,0.0,80,98e2d06491e8cc6103411b206ab4caf77c6921c0
a1_sft_s0_task4_accum20_joint15_lr2.5e-7_seed10,80,4,6,6,10000806,0,0.0,0.0,300,98e2d06491e8cc6103411b206ab4caf77c6921c0
a1_sft_s0_task4_accum20_joint15_lr2.5e-7_seed10,80,4,7,7,10000807,1,0.4000000059604645,0.6000000238418579,76,98e2d06491e8cc6103411b206ab4caf77c6921c0
a1_sft_s0_task4_accum20_joint15_lr2.5e-7_seed10,80,4,8,8,10000808,0,0.0,0.0,300,98e2d06491e8cc6103411b206ab4caf77c6921c0
a1_sft_s0_task4_accum20_joint15_lr2.5e-7_seed10,80,4,9,9,10000809,1,0.4000000059604645,0.6000000238418579,78,98e2d06491e8cc6103411b206ab4caf77c6921c0
a1_sft_s0_task4_accum20_joint15_lr2.5e-7_seed10,81,4,10,0,10000810,0,0.0,0.0,300,98e2d06491e8cc6103411b206ab4caf77c6921c0
a1_sft_s0_task4_accum20_joint15_lr2.5e-7_seed10,81,4,11,1,10000811,0,0.20000000298023224,-0.20000000298023224,300,98e2d06491e8cc6103411b206ab4caf77c6921c0
a1_sft_s0_task4_accum20_joint15_lr2.5e-7_seed10,81,4,12,2,10000812,0,1.0,-1.0,300,98e2d06491e8cc6103411b206ab4caf77c6921c0
a1_sft_s0_task4_accum20_joint15_lr2.5e-7_seed10,81,4,13,3,10000813,1,1.0,0.0,78,98e2d06491e8cc6103411b206ab4caf77c6921c0
a1_sft_s0_task4_accum20_joint15_lr2.5e-7_seed10,81,4,14,4,10000814,1,0.0,1.0,82,98e2d06491e8cc6103411b206ab4caf77c6921c0
a1_sft_s0_task4_accum20_joint15_lr2.5e-7_seed10,81,4,15,5,10000815,1,1.0,0.0,79,98e2d06491e8cc6103411b206ab4caf77c6921c0
a1_sft_s0_task4_accum20_joint15_lr2.5e-7_seed10,81,4,16,6,10000816,1,1.0,0.0,82,98e2d06491e8cc6103411b206ab4caf77c6921c0
a1_sft_s0_task4_accum20_joint15_lr2.5e-7_seed10,81,4,17,7,10000817,1,1.0,0.0,85,98e2d06491e8cc6103411b206ab4caf77c6921c0
a1_sft_s0_task4_accum20_joint15_lr2.5e-7_seed10,81,4,18,8,10000818,0,0.0,0.0,300,98e2d06491e8cc6103411b206ab4caf77c6921c0
a1_sft_s0_task4_accum20_joint15_lr2.5e-7_seed10,81,4,19,9,10000819,1,0.6000000238418579,0.3999999761581421,75,98e2d06491e8cc6103411b206ab4caf77c6921c0
a1_sft_s0_task4_accum20_joint15_lr2.5e-7_seed10,82,4,20,0,10000820,0,0.800000011920929,-0.800000011920929,300,98e2d06491e8cc6103411b206ab4caf77c6921c0
a1_sft_s0_task4_accum20_joint15_lr2.5e-7_seed10,82,4,21,1,10000821,1,1.0,0.0,86,98e2d06491e8cc6103411b206ab4caf77c6921c0
a1_sft_s0_task4_accum20_joint15_lr2.5e-7_seed10,82,4,22,2,10000822,0,0.0,0.0,300,98e2d06491e8cc6103411b206ab4caf77c6921c0
a1_sft_s0_task4_accum20_joint15_lr2.5e-7_seed10,82,4,23,3,10000823,0,0.20000000298023224,-0.20000000298023224,300,98e2d06491e8cc6103411b206ab4caf77c6921c0
a1_sft_s0_task4_accum20_joint15_lr2.5e-7_seed10,82,4,24,4,10000824,0,0.0,0.0,300,98e2d06491e8cc6103411b206ab4caf77c6921c0
a1_sft_s0_task4_accum20_joint15_lr2.5e-7_seed10,82,4,25,5,10000825,0,0.20000000298023224,-0.20000000298023224,300,98e2d06491e8cc6103411b206ab4caf77c6921c0
a1_sft_s0_task4_accum20_joint15_lr2.5e-7_seed10,82,4,26,6,10000826,1,0.4000000059604645,0.6000000238418579,78,98e2d06491e8cc6103411b206ab4caf77c6921c0
a1_sft_s0_task4_accum20_joint15_lr2.5e-7_seed10,82,4,27,7,10000827,1,1.0,0.0,78,98e2d06491e8cc6103411b206ab4caf77c6921c0
a1_sft_s0_task4_accum20_joint15_lr2.5e-7_seed10,82,4,28,8,10000828,1,1.0,0.0,76,98e2d06491e8cc6103411b206ab4caf77c6921c0
a1_sft_s0_task4_accum20_joint15_lr2.5e-7_seed10,82,4,29,9,10000829,1,0.20000000298023224,0.800000011920929,94,98e2d06491e8cc6103411b206ab4caf77c6921c0
a1_sft_s0_task4_accum20_joint15_lr2.5e-7_seed10,83,4,30,0,10000830,1,0.800000011920929,0.19999998807907104,80,98e2d06491e8cc6103411b206ab4caf77c6921c0
a1_sft_s0_task4_accum20_joint15_lr2.5e-7_seed10,83,4,31,1,10000831,1,1.0,0.0,82,98e2d06491e8cc6103411b206ab4caf77c6921c0
a1_sft_s0_task4_accum20_joint15_lr2.5e-7_seed10,83,4,32,2,10000832,0,0.4000000059604645,-0.4000000059604645,300,98e2d06491e8cc6103411b206ab4caf77c6921c0
a1_sft_s0_task4_accum20_joint15_lr2.5e-7_seed10,83,4,33,3,10000833,0,0.4000000059604645,-0.4000000059604645,300,98e2d06491e8cc6103411b206ab4caf77c6921c0
a1_sft_s0_task4_accum20_joint15_lr2.5e-7_seed10,83,4,34,4,10000834,1,1.0,0.0,81,98e2d06491e8cc6103411b206ab4caf77c6921c0
a1_sft_s0_task4_accum20_joint15_lr2.5e-7_seed10,83,4,35,5,10000835,1,1.0,0.0,78,98e2d06491e8cc6103411b206ab4caf77c6921c0
a1_sft_s0_task4_accum20_joint15_lr2.5e-7_seed10,83,4,36,6,10000836,1,1.0,0.0,87,98e2d06491e8cc6103411b206ab4caf77c6921c0
a1_sft_s0_task4_accum20_joint15_lr2.5e-7_seed10,83,4,37,7,10000837,0,0.4000000059604645,-0.4000000059604645,300,98e2d06491e8cc6103411b206ab4caf77c6921c0
a1_sft_s0_task4_accum20_joint15_lr2.5e-7_seed10,83,4,38,8,10000838,0,0.0,0.0,300,98e2d06491e8cc6103411b206ab4caf77c6921c0
a1_sft_s0_task4_accum20_joint15_lr2.5e-7_seed10,83,4,39,9,10000839,0,0.0,0.0,300,98e2d06491e8cc6103411b206ab4caf77c6921c0
a1_sft_s0_task4_accum20_joint15_lr2.5e-7_seed10,84,4,40,0,10000840,0,0.0,0.0,300,98e2d06491e8cc6103411b206ab4caf77c6921c0
a1_sft_s0_task4_accum20_joint15_lr2.5e-7_seed10,84,4,41,1,10000841,1,1.0,0.0,81,98e2d06491e8cc6103411b206ab4caf77c6921c0
a1_sft_s0_task4_accum20_joint15_lr2.5e-7_seed10,84,4,42,2,10000842,1,0.6000000238418579,0.3999999761581421,76,98e2d06491e8cc6103411b206ab4caf77c6921c0
a1_sft_s0_task4_accum20_joint15_lr2.5e-7_seed10,84,4,43,3,10000843,1,1.0,0.0,80,98e2d06491e8cc6103411b206ab4caf77c6921c0
a1_sft_s0_task4_accum20_joint15_lr2.5e-7_seed10,84,4,44,4,10000844,0,0.4000000059604645,-0.4000000059604645,300,98e2d06491e8cc6103411b206ab4caf77c6921c0
a1_sft_s0_task4_accum20_joint15_lr2.5e-7_seed10,84,4,45,5,10000845,1,1.0,0.0,86,98e2d06491e8cc6103411b206ab4caf77c6921c0
a1_sft_s0_task4_accum20_joint15_lr2.5e-7_seed10,84,4,46,6,10000846,1,1.0,0.0,85,98e2d06491e8cc6103411b206ab4caf77c6921c0
a1_sft_s0_task4_accum20_joint15_lr2.5e-7_seed10,84,4,47,7,10000847,0,0.0,0.0,300,98e2d06491e8cc6103411b206ab4caf77c6921c0
a1_sft_s0_task4_accum20_joint15_lr2.5e-7_seed10,84,4,48,8,10000848,0,0.0,0.0,300,98e2d06491e8cc6103411b206ab4caf77c6921c0
a1_sft_s0_task4_accum20_joint15_lr2.5e-7_seed10,84,4,49,9,10000849,1,1.0,0.0,81,98e2d06491e8cc6103411b206ab4caf77c6921c0
a1_sft_s0_task4_accum20_joint15_lr2.5e-7_seed10,85,4,0,0,10000850,0,0.0,0.0,300,98e2d06491e8cc6103411b206ab4caf77c6921c0
a1_sft_s0_task4_accum20_joint15_lr2.5e-7_seed10,85,4,1,1,10000851,1,1.0,0.0,92,98e2d06491e8cc6103411b206ab4caf77c6921c0
a1_sft_s0_task4_accum20_joint15_lr2.5e-7_seed10,85,4,2,2,10000852,1,1.0,0.0,82,98e2d06491e8cc6103411b206ab4caf77c6921c0
a1_sft_s0_task4_accum20_joint15_lr2.5e-7_seed10,85,4,3,3,10000853,1,0.20000000298023224,0.800000011920929,85,98e2d06491e8cc6103411b206ab4caf77c6921c0
a1_sft_s0_task4_accum20_joint15_lr2.5e-7_seed10,85,4,4,4,10000854,0,1.0,-1.0,300,98e2d06491e8cc6103411b206ab4caf77c6921c0
a1_sft_s0_task4_accum20_joint15_lr2.5e-7_seed10,85,4,5,5,10000855,1,1.0,0.0,82,98e2d06491e8cc6103411b206ab4caf77c6921c0
a1_sft_s0_task4_accum20_joint15_lr2.5e-7_seed10,85,4,6,6,10000856,0,0.0,0.0,300,98e2d06491e8cc6103411b206ab4caf77c6921c0
a1_sft_s0_task4_accum20_joint15_lr2.5e-7_seed10,85,4,7,7,10000857,1,0.4000000059604645,0.6000000238418579,79,98e2d06491e8cc6103411b206ab4caf77c6921c0
a1_sft_s0_task4_accum20_joint15_lr2.5e-7_seed10,85,4,8,8,10000858,0,0.0,0.0,300,98e2d06491e8cc6103411b206ab4caf77c6921c0
a1_sft_s0_task4_accum20_joint15_lr2.5e-7_seed10,85,4,9,9,10000859,1,0.6000000238418579,0.3999999761581421,77,98e2d06491e8cc6103411b206ab4caf77c6921c0
a1_sft_s0_task4_accum20_joint15_lr2.5e-7_seed10,86,4,10,0,10000860,0,0.0,0.0,300,98e2d06491e8cc6103411b206ab4caf77c6921c0
a1_sft_s0_task4_accum20_joint15_lr2.5e-7_seed10,86,4,11,1,10000861,0,0.20000000298023224,-0.20000000298023224,300,98e2d06491e8cc6103411b206ab4caf77c6921c0
a1_sft_s0_task4_accum20_joint15_lr2.5e-7_seed10,86,4,12,2,10000862,1,0.800000011920929,0.19999998807907104,76,98e2d06491e8cc6103411b206ab4caf77c6921c0
a1_sft_s0_task4_accum20_joint15_lr2.5e-7_seed10,86,4,13,3,10000863,1,1.0,0.0,77,98e2d06491e8cc6103411b206ab4caf77c6921c0
a1_sft_s0_task4_accum20_joint15_lr2.5e-7_seed10,86,4,14,4,10000864,1,0.20000000298023224,0.800000011920929,79,98e2d06491e8cc6103411b206ab4caf77c6921c0
a1_sft_s0_task4_accum20_joint15_lr2.5e-7_seed10,86,4,15,5,10000865,1,1.0,0.0,93,98e2d06491e8cc6103411b206ab4caf77c6921c0
a1_sft_s0_task4_accum20_joint15_lr2.5e-7_seed10,86,4,16,6,10000866,1,1.0,0.0,85,98e2d06491e8cc6103411b206ab4caf77c6921c0
a1_sft_s0_task4_accum20_joint15_lr2.5e-7_seed10,86,4,17,7,10000867,1,1.0,0.0,81,98e2d06491e8cc6103411b206ab4caf77c6921c0
a1_sft_s0_task4_accum20_joint15_lr2.5e-7_seed10,86,4,18,8,10000868,0,0.0,0.0,300,98e2d06491e8cc6103411b206ab4caf77c6921c0
a1_sft_s0_task4_accum20_joint15_lr2.5e-7_seed10,86,4,19,9,10000869,1,0.800000011920929,0.19999998807907104,74,98e2d06491e8cc6103411b206ab4caf77c6921c0
a1_sft_s0_task4_accum20_joint15_lr2.5e-7_seed10,87,4,20,0,10000870,0,0.6000000238418579,-0.6000000238418579,300,98e2d06491e8cc6103411b206ab4caf77c6921c0
a1_sft_s0_task4_accum20_joint15_lr2.5e-7_seed10,87,4,21,1,10000871,1,1.0,0.0,82,98e2d06491e8cc6103411b206ab4caf77c6921c0
a1_sft_s0_task4_accum20_joint15_lr2.5e-7_seed10,87,4,22,2,10000872,0,0.0,0.0,300,98e2d06491e8cc6103411b206ab4caf77c6921c0
a1_sft_s0_task4_accum20_joint15_lr2.5e-7_seed10,87,4,23,3,10000873,1,0.20000000298023224,0.800000011920929,78,98e2d06491e8cc6103411b206ab4caf77c6921c0
a1_sft_s0_task4_accum20_joint15_lr2.5e-7_seed10,87,4,24,4,10000874,0,0.0,0.0,300,98e2d06491e8cc6103411b206ab4caf77c6921c0
a1_sft_s0_task4_accum20_joint15_lr2.5e-7_seed10,87,4,25,5,10000875,1,0.20000000298023224,0.800000011920929,80,98e2d06491e8cc6103411b206ab4caf77c6921c0
a1_sft_s0_task4_accum20_joint15_lr2.5e-7_seed10,87,4,26,6,10000876,0,0.6000000238418579,-0.6000000238418579,300,98e2d06491e8cc6103411b206ab4caf77c6921c0
a1_sft_s0_task4_accum20_joint15_lr2.5e-7_seed10,87,4,27,7,10000877,1,1.0,0.0,83,98e2d06491e8cc6103411b206ab4caf77c6921c0
a1_sft_s0_task4_accum20_joint15_lr2.5e-7_seed10,87,4,28,8,10000878,1,1.0,0.0,85,98e2d06491e8cc6103411b206ab4caf77c6921c0
a1_sft_s0_task4_accum20_joint15_lr2.5e-7_seed10,87,4,29,9,10000879,1,0.4000000059604645,0.6000000238418579,88,98e2d06491e8cc6103411b206ab4caf77c6921c0
a1_sft_s0_task4_accum20_joint15_lr2.5e-7_seed10,88,4,30,0,10000880,0,0.800000011920929,-0.800000011920929,300,98e2d06491e8cc6103411b206ab4caf77c6921c0
a1_sft_s0_task4_accum20_joint15_lr2.5e-7_seed10,88,4,31,1,10000881,1,1.0,0.0,81,98e2d06491e8cc6103411b206ab4caf77c6921c0
a1_sft_s0_task4_accum20_joint15_lr2.5e-7_seed10,88,4,32,2,10000882,1,0.20000000298023224,0.800000011920929,88,98e2d06491e8cc6103411b206ab4caf77c6921c0
a1_sft_s0_task4_accum20_joint15_lr2.5e-7_seed10,88,4,33,3,10000883,0,0.4000000059604645,-0.4000000059604645,300,98e2d06491e8cc6103411b206ab4caf77c6921c0
a1_sft_s0_task4_accum20_joint15_lr2.5e-7_seed10,88,4,34,4,10000884,0,1.0,-1.0,300,98e2d06491e8cc6103411b206ab4caf77c6921c0
a1_sft_s0_task4_accum20_joint15_lr2.5e-7_seed10,88,4,35,5,10000885,1,1.0,0.0,75,98e2d06491e8cc6103411b206ab4caf77c6921c0
a1_sft_s0_task4_accum20_joint15_lr2.5e-7_seed10,88,4,36,6,10000886,1,1.0,0.0,81,98e2d06491e8cc6103411b206ab4caf77c6921c0
a1_sft_s0_task4_accum20_joint15_lr2.5e-7_seed10,88,4,37,7,10000887,1,0.4000000059604645,0.6000000238418579,74,98e2d06491e8cc6103411b206ab4caf77c6921c0
a1_sft_s0_task4_accum20_joint15_lr2.5e-7_seed10,88,4,38,8,10000888,0,0.0,0.0,300,98e2d06491e8cc6103411b206ab4caf77c6921c0
a1_sft_s0_task4_accum20_joint15_lr2.5e-7_seed10,88,4,39,9,10000889,0,0.0,0.0,300,98e2d06491e8cc6103411b206ab4caf77c6921c0
a1_sft_s0_task4_accum20_joint15_lr2.5e-7_seed10,89,4,40,0,10000890,0,0.0,0.0,300,98e2d06491e8cc6103411b206ab4caf77c6921c0
a1_sft_s0_task4_accum20_joint15_lr2.5e-7_seed10,89,4,41,1,10000891,1,1.0,0.0,88,98e2d06491e8cc6103411b206ab4caf77c6921c0
a1_sft_s0_task4_accum20_joint15_lr2.5e-7_seed10,89,4,42,2,10000892,0,0.6000000238418579,-0.6000000238418579,300,98e2d06491e8cc6103411b206ab4caf77c6921c0
a1_sft_s0_task4_accum20_joint15_lr2.5e-7_seed10,89,4,43,3,10000893,1,1.0,0.0,82,98e2d06491e8cc6103411b206ab4caf77c6921c0
a1_sft_s0_task4_accum20_joint15_lr2.5e-7_seed10,89,4,44,4,10000894,0,0.20000000298023224,-0.20000000298023224,300,98e2d06491e8cc6103411b206ab4caf77c6921c0
a1_sft_s0_task4_accum20_joint15_lr2.5e-7_seed10,89,4,45,5,10000895,1,1.0,0.0,82,98e2d06491e8cc6103411b206ab4caf77c6921c0
a1_sft_s0_task4_accum20_joint15_lr2.5e-7_seed10,89,4,46,6,10000896,1,1.0,0.0,81,98e2d06491e8cc6103411b206ab4caf77c6921c0
a1_sft_s0_task4_accum20_joint15_lr2.5e-7_seed10,89,4,47,7,10000897,0,0.0,0.0,300,98e2d06491e8cc6103411b206ab4caf77c6921c0
a1_sft_s0_task4_accum20_joint15_lr2.5e-7_seed10,89,4,48,8,10000898,0,0.0,0.0,300,98e2d06491e8cc6103411b206ab4caf77c6921c0
a1_sft_s0_task4_accum20_joint15_lr2.5e-7_seed10,89,4,49,9,10000899,1,1.0,0.0,88,98e2d06491e8cc6103411b206ab4caf77c6921c0
a1_sft_s0_task4_accum20_joint15_lr2.5e-7_seed10,90,4,0,0,10000900,0,0.0,0.0,300,98e2d06491e8cc6103411b206ab4caf77c6921c0
a1_sft_s0_task4_accum20_joint15_lr2.5e-7_seed10,90,4,1,1,10000901,1,1.0,0.0,89,98e2d06491e8cc6103411b206ab4caf77c6921c0
a1_sft_s0_task4_accum20_joint15_lr2.5e-7_seed10,90,4,2,2,10000902,1,1.0,0.0,77,98e2d06491e8cc6103411b206ab4caf77c6921c0
a1_sft_s0_task4_accum20_joint15_lr2.5e-7_seed10,90,4,3,3,10000903,0,0.4000000059604645,-0.4000000059604645,300,98e2d06491e8cc6103411b206ab4caf77c6921c0
a1_sft_s0_task4_accum20_joint15_lr2.5e-7_seed10,90,4,4,4,10000904,1,0.800000011920929,0.19999998807907104,76,98e2d06491e8cc6103411b206ab4caf77c6921c0
a1_sft_s0_task4_accum20_joint15_lr2.5e-7_seed10,90,4,5,5,10000905,0,1.0,-1.0,300,98e2d06491e8cc6103411b206ab4caf77c6921c0
a1_sft_s0_task4_accum20_joint15_lr2.5e-7_seed10,90,4,6,6,10000906,0,0.0,0.0,300,98e2d06491e8cc6103411b206ab4caf77c6921c0
a1_sft_s0_task4_accum20_joint15_lr2.5e-7_seed10,90,4,7,7,10000907,1,0.6000000238418579,0.3999999761581421,77,98e2d06491e8cc6103411b206ab4caf77c6921c0
a1_sft_s0_task4_accum20_joint15_lr2.5e-7_seed10,90,4,8,8,10000908,0,0.0,0.0,300,98e2d06491e8cc6103411b206ab4caf77c6921c0
a1_sft_s0_task4_accum20_joint15_lr2.5e-7_seed10,90,4,9,9,10000909,0,0.6000000238418579,-0.6000000238418579,300,98e2d06491e8cc6103411b206ab4caf77c6921c0
a1_sft_s0_task4_accum20_joint15_lr2.5e-7_seed10,91,4,10,0,10000910,0,0.0,0.0,300,98e2d06491e8cc6103411b206ab4caf77c6921c0
a1_sft_s0_task4_accum20_joint15_lr2.5e-7_seed10,91,4,11,1,10000911,0,0.20000000298023224,-0.20000000298023224,300,98e2d06491e8cc6103411b206ab4caf77c6921c0
a1_sft_s0_task4_accum20_joint15_lr2.5e-7_seed10,91,4,12,2,10000912,0,0.800000011920929,-0.800000011920929,300,98e2d06491e8cc6103411b206ab4caf77c6921c0
a1_sft_s0_task4_accum20_joint15_lr2.5e-7_seed10,91,4,13,3,10000913,1,1.0,0.0,75,98e2d06491e8cc6103411b206ab4caf77c6921c0
a1_sft_s0_task4_accum20_joint15_lr2.5e-7_seed10,91,4,14,4,10000914,0,0.4000000059604645,-0.4000000059604645,300,98e2d06491e8cc6103411b206ab4caf77c6921c0
a1_sft_s0_task4_accum20_joint15_lr2.5e-7_seed10,91,4,15,5,10000915,1,1.0,0.0,83,98e2d06491e8cc6103411b206ab4caf77c6921c0
a1_sft_s0_task4_accum20_joint15_lr2.5e-7_seed10,91,4,16,6,10000916,1,1.0,0.0,80,98e2d06491e8cc6103411b206ab4caf77c6921c0
a1_sft_s0_task4_accum20_joint15_lr2.5e-7_seed10,91,4,17,7,10000917,1,1.0,0.0,91,98e2d06491e8cc6103411b206ab4caf77c6921c0
a1_sft_s0_task4_accum20_joint15_lr2.5e-7_seed10,91,4,18,8,10000918,0,0.0,0.0,300,98e2d06491e8cc6103411b206ab4caf77c6921c0
a1_sft_s0_task4_accum20_joint15_lr2.5e-7_seed10,91,4,19,9,10000919,0,1.0,-1.0,300,98e2d06491e8cc6103411b206ab4caf77c6921c0
a1_sft_s0_task4_accum20_joint15_lr2.5e-7_seed10,92,4,20,0,10000920,1,0.4000000059604645,0.6000000238418579,80,98e2d06491e8cc6103411b206ab4caf77c6921c0
a1_sft_s0_task4_accum20_joint15_lr2.5e-7_seed10,92,4,21,1,10000921,1,1.0,0.0,80,98e2d06491e8cc6103411b206ab4caf77c6921c0
a1_sft_s0_task4_accum20_joint15_lr2.5e-7_seed10,92,4,22,2,10000922,0,0.0,0.0,300,98e2d06491e8cc6103411b206ab4caf77c6921c0
a1_sft_s0_task4_accum20_joint15_lr2.5e-7_seed10,92,4,23,3,10000923,0,0.4000000059604645,-0.4000000059604645,300,98e2d06491e8cc6103411b206ab4caf77c6921c0
a1_sft_s0_task4_accum20_joint15_lr2.5e-7_seed10,92,4,24,4,10000924,0,0.0,0.0,300,98e2d06491e8cc6103411b206ab4caf77c6921c0
a1_sft_s0_task4_accum20_joint15_lr2.5e-7_seed10,92,4,25,5,10000925,0,0.4000000059604645,-0.4000000059604645,300,98e2d06491e8cc6103411b206ab4caf77c6921c0
a1_sft_s0_task4_accum20_joint15_lr2.5e-7_seed10,92,4,26,6,10000926,1,0.6000000238418579,0.3999999761581421,82,98e2d06491e8cc6103411b206ab4caf77c6921c0
a1_sft_s0_task4_accum20_joint15_lr2.5e-7_seed10,92,4,27,7,10000927,1,1.0,0.0,83,98e2d06491e8cc6103411b206ab4caf77c6921c0
a1_sft_s0_task4_accum20_joint15_lr2.5e-7_seed10,92,4,28,8,10000928,1,1.0,0.0,88,98e2d06491e8cc6103411b206ab4caf77c6921c0
a1_sft_s0_task4_accum20_joint15_lr2.5e-7_seed10,92,4,29,9,10000929,0,0.4000000059604645,-0.4000000059604645,300,98e2d06491e8cc6103411b206ab4caf77c6921c0
a1_sft_s0_task4_accum20_joint15_lr2.5e-7_seed10,93,4,30,0,10000930,1,0.6000000238418579,0.3999999761581421,82,98e2d06491e8cc6103411b206ab4caf77c6921c0
a1_sft_s0_task4_accum20_joint15_lr2.5e-7_seed10,93,4,31,1,10000931,1,1.0,0.0,81,98e2d06491e8cc6103411b206ab4caf77c6921c0
a1_sft_s0_task4_accum20_joint15_lr2.5e-7_seed10,93,4,32,2,10000932,0,0.4000000059604645,-0.4000000059604645,300,98e2d06491e8cc6103411b206ab4caf77c6921c0
a1_sft_s0_task4_accum20_joint15_lr2.5e-7_seed10,93,4,33,3,10000933,1,0.4000000059604645,0.6000000238418579,84,98e2d06491e8cc6103411b206ab4caf77c6921c0
a1_sft_s0_task4_accum20_joint15_lr2.5e-7_seed10,93,4,34,4,10000934,1,0.800000011920929,0.19999998807907104,80,98e2d06491e8cc6103411b206ab4caf77c6921c0
a1_sft_s0_task4_accum20_joint15_lr2.5e-7_seed10,93,4,35,5,10000935,1,1.0,0.0,77,98e2d06491e8cc6103411b206ab4caf77c6921c0
a1_sft_s0_task4_accum20_joint15_lr2.5e-7_seed10,93,4,36,6,10000936,1,1.0,0.0,79,98e2d06491e8cc6103411b206ab4caf77c6921c0
a1_sft_s0_task4_accum20_joint15_lr2.5e-7_seed10,93,4,37,7,10000937,1,0.6000000238418579,0.3999999761581421,83,98e2d06491e8cc6103411b206ab4caf77c6921c0
a1_sft_s0_task4_accum20_joint15_lr2.5e-7_seed10,93,4,38,8,10000938,0,0.0,0.0,300,98e2d06491e8cc6103411b206ab4caf77c6921c0
a1_sft_s0_task4_accum20_joint15_lr2.5e-7_seed10,93,4,39,9,10000939,0,0.0,0.0,300,98e2d06491e8cc6103411b206ab4caf77c6921c0
a1_sft_s0_task4_accum20_joint15_lr2.5e-7_seed10,94,4,40,0,10000940,0,0.0,0.0,300,98e2d06491e8cc6103411b206ab4caf77c6921c0
a1_sft_s0_task4_accum20_joint15_lr2.5e-7_seed10,94,4,41,1,10000941,1,1.0,0.0,79,98e2d06491e8cc6103411b206ab4caf77c6921c0
a1_sft_s0_task4_accum20_joint15_lr2.5e-7_seed10,94,4,42,2,10000942,0,0.4000000059604645,-0.4000000059604645,300,98e2d06491e8cc6103411b206ab4caf77c6921c0
a1_sft_s0_task4_accum20_joint15_lr2.5e-7_seed10,94,4,43,3,10000943,1,1.0,0.0,81,98e2d06491e8cc6103411b206ab4caf77c6921c0
a1_sft_s0_task4_accum20_joint15_lr2.5e-7_seed10,94,4,44,4,10000944,0,0.0,0.0,300,98e2d06491e8cc6103411b206ab4caf77c6921c0
a1_sft_s0_task4_accum20_joint15_lr2.5e-7_seed10,94,4,45,5,10000945,0,1.0,-1.0,300,98e2d06491e8cc6103411b206ab4caf77c6921c0
a1_sft_s0_task4_accum20_joint15_lr2.5e-7_seed10,94,4,46,6,10000946,1,1.0,0.0,80,98e2d06491e8cc6103411b206ab4caf77c6921c0
a1_sft_s0_task4_accum20_joint15_lr2.5e-7_seed10,94,4,47,7,10000947,0,0.0,0.0,300,98e2d06491e8cc6103411b206ab4caf77c6921c0
a1_sft_s0_task4_accum20_joint15_lr2.5e-7_seed10,94,4,48,8,10000948,0,0.0,0.0,300,98e2d06491e8cc6103411b206ab4caf77c6921c0
a1_sft_s0_task4_accum20_joint15_lr2.5e-7_seed10,94,4,49,9,10000949,1,1.0,0.0,89,98e2d06491e8cc6103411b206ab4caf77c6921c0
a1_sft_s0_task4_accum20_joint15_lr2.5e-7_seed10,95,4,0,0,10000950,0,0.0,0.0,300,98e2d06491e8cc6103411b206ab4caf77c6921c0
a1_sft_s0_task4_accum20_joint15_lr2.5e-7_seed10,95,4,1,1,10000951,1,1.0,0.0,84,98e2d06491e8cc6103411b206ab4caf77c6921c0
a1_sft_s0_task4_accum20_joint15_lr2.5e-7_seed10,95,4,2,2,10000952,1,1.0,0.0,79,98e2d06491e8cc6103411b206ab4caf77c6921c0
a1_sft_s0_task4_accum20_joint15_lr2.5e-7_seed10,95,4,3,3,10000953,0,0.4000000059604645,-0.4000000059604645,300,98e2d06491e8cc6103411b206ab4caf77c6921c0
a1_sft_s0_task4_accum20_joint15_lr2.5e-7_seed10,95,4,4,4,10000954,0,0.800000011920929,-0.800000011920929,300,98e2d06491e8cc6103411b206ab4caf77c6921c0
a1_sft_s0_task4_accum20_joint15_lr2.5e-7_seed10,95,4,5,5,10000955,1,0.800000011920929,0.19999998807907104,80,98e2d06491e8cc6103411b206ab4caf77c6921c0
a1_sft_s0_task4_accum20_joint15_lr2.5e-7_seed10,95,4,6,6,10000956,0,0.0,0.0,300,98e2d06491e8cc6103411b206ab4caf77c6921c0
a1_sft_s0_task4_accum20_joint15_lr2.5e-7_seed10,95,4,7,7,10000957,1,0.800000011920929,0.19999998807907104,80,98e2d06491e8cc6103411b206ab4caf77c6921c0
a1_sft_s0_task4_accum20_joint15_lr2.5e-7_seed10,95,4,8,8,10000958,0,0.0,0.0,300,98e2d06491e8cc6103411b206ab4caf77c6921c0
a1_sft_s0_task4_accum20_joint15_lr2.5e-7_seed10,95,4,9,9,10000959,1,0.6000000238418579,0.3999999761581421,81,98e2d06491e8cc6103411b206ab4caf77c6921c0
a1_sft_s0_task4_accum20_joint15_lr2.5e-7_seed10,96,4,10,0,10000960,1,0.0,1.0,82,98e2d06491e8cc6103411b206ab4caf77c6921c0
a1_sft_s0_task4_accum20_joint15_lr2.5e-7_seed10,96,4,11,1,10000961,0,0.0,0.0,300,98e2d06491e8cc6103411b206ab4caf77c6921c0
a1_sft_s0_task4_accum20_joint15_lr2.5e-7_seed10,96,4,12,2,10000962,1,0.6000000238418579,0.3999999761581421,83,98e2d06491e8cc6103411b206ab4caf77c6921c0
a1_sft_s0_task4_accum20_joint15_lr2.5e-7_seed10,96,4,13,3,10000963,1,1.0,0.0,77,98e2d06491e8cc6103411b206ab4caf77c6921c0
a1_sft_s0_task4_accum20_joint15_lr2.5e-7_seed10,96,4,14,4,10000964,0,0.4000000059604645,-0.4000000059604645,300,98e2d06491e8cc6103411b206ab4caf77c6921c0
a1_sft_s0_task4_accum20_joint15_lr2.5e-7_seed10,96,4,15,5,10000965,1,1.0,0.0,87,98e2d06491e8cc6103411b206ab4caf77c6921c0
a1_sft_s0_task4_accum20_joint15_lr2.5e-7_seed10,96,4,16,6,10000966,1,1.0,0.0,85,98e2d06491e8cc6103411b206ab4caf77c6921c0
a1_sft_s0_task4_accum20_joint15_lr2.5e-7_seed10,96,4,17,7,10000967,1,1.0,0.0,82,98e2d06491e8cc6103411b206ab4caf77c6921c0
a1_sft_s0_task4_accum20_joint15_lr2.5e-7_seed10,96,4,18,8,10000968,0,0.0,0.0,300,98e2d06491e8cc6103411b206ab4caf77c6921c0
a1_sft_s0_task4_accum20_joint15_lr2.5e-7_seed10,96,4,19,9,10000969,0,0.800000011920929,-0.800000011920929,300,98e2d06491e8cc6103411b206ab4caf77c6921c0
a1_sft_s0_task4_accum20_joint15_lr2.5e-7_seed10,97,4,20,0,10000970,1,0.4000000059604645,0.6000000238418579,77,98e2d06491e8cc6103411b206ab4caf77c6921c0
a1_sft_s0_task4_accum20_joint15_lr2.5e-7_seed10,97,4,21,1,10000971,1,1.0,0.0,81,98e2d06491e8cc6103411b206ab4caf77c6921c0
a1_sft_s0_task4_accum20_joint15_lr2.5e-7_seed10,97,4,22,2,10000972,0,0.0,0.0,300,98e2d06491e8cc6103411b206ab4caf77c6921c0
a1_sft_s0_task4_accum20_joint15_lr2.5e-7_seed10,97,4,23,3,10000973,0,0.4000000059604645,-0.4000000059604645,300,98e2d06491e8cc6103411b206ab4caf77c6921c0
a1_sft_s0_task4_accum20_joint15_lr2.5e-7_seed10,97,4,24,4,10000974,0,0.0,0.0,300,98e2d06491e8cc6103411b206ab4caf77c6921c0
a1_sft_s0_task4_accum20_joint15_lr2.5e-7_seed10,97,4,25,5,10000975,1,0.20000000298023224,0.800000011920929,83,98e2d06491e8cc6103411b206ab4caf77c6921c0
a1_sft_s0_task4_accum20_joint15_lr2.5e-7_seed10,97,4,26,6,10000976,1,0.6000000238418579,0.3999999761581421,82,98e2d06491e8cc6103411b206ab4caf77c6921c0
a1_sft_s0_task4_accum20_joint15_lr2.5e-7_seed10,97,4,27,7,10000977,1,1.0,0.0,87,98e2d06491e8cc6103411b206ab4caf77c6921c0
a1_sft_s0_task4_accum20_joint15_lr2.5e-7_seed10,97,4,28,8,10000978,1,1.0,0.0,86,98e2d06491e8cc6103411b206ab4caf77c6921c0
a1_sft_s0_task4_accum20_joint15_lr2.5e-7_seed10,97,4,29,9,10000979,1,0.4000000059604645,0.6000000238418579,80,98e2d06491e8cc6103411b206ab4caf77c6921c0
a1_sft_s0_task4_accum20_joint15_lr2.5e-7_seed10,98,4,30,0,10000980,0,0.800000011920929,-0.800000011920929,300,98e2d06491e8cc6103411b206ab4caf77c6921c0
a1_sft_s0_task4_accum20_joint15_lr2.5e-7_seed10,98,4,31,1,10000981,1,1.0,0.0,87,98e2d06491e8cc6103411b206ab4caf77c6921c0
a1_sft_s0_task4_accum20_joint15_lr2.5e-7_seed10,98,4,32,2,10000982,0,0.4000000059604645,-0.4000000059604645,300,98e2d06491e8cc6103411b206ab4caf77c6921c0
a1_sft_s0_task4_accum20_joint15_lr2.5e-7_seed10,98,4,33,3,10000983,1,0.4000000059604645,0.6000000238418579,80,98e2d06491e8cc6103411b206ab4caf77c6921c0
a1_sft_s0_task4_accum20_joint15_lr2.5e-7_seed10,98,4,34,4,10000984,1,0.800000011920929,0.19999998807907104,81,98e2d06491e8cc6103411b206ab4caf77c6921c0
a1_sft_s0_task4_accum20_joint15_lr2.5e-7_seed10,98,4,35,5,10000985,1,1.0,0.0,74,98e2d06491e8cc6103411b206ab4caf77c6921c0
a1_sft_s0_task4_accum20_joint15_lr2.5e-7_seed10,98,4,36,6,10000986,0,1.0,-1.0,300,98e2d06491e8cc6103411b206ab4caf77c6921c0
a1_sft_s0_task4_accum20_joint15_lr2.5e-7_seed10,98,4,37,7,10000987,0,0.6000000238418579,-0.6000000238418579,300,98e2d06491e8cc6103411b206ab4caf77c6921c0
a1_sft_s0_task4_accum20_joint15_lr2.5e-7_seed10,98,4,38,8,10000988,0,0.0,0.0,300,98e2d06491e8cc6103411b206ab4caf77c6921c0
a1_sft_s0_task4_accum20_joint15_lr2.5e-7_seed10,98,4,39,9,10000989,0,0.0,0.0,300,98e2d06491e8cc6103411b206ab4caf77c6921c0
a1_sft_s0_task4_accum20_joint15_lr2.5e-7_seed10,99,4,40,0,10000990,0,0.0,0.0,300,98e2d06491e8cc6103411b206ab4caf77c6921c0
a1_sft_s0_task4_accum20_joint15_lr2.5e-7_seed10,99,4,41,1,10000991,1,1.0,0.0,73,98e2d06491e8cc6103411b206ab4caf77c6921c0
a1_sft_s0_task4_accum20_joint15_lr2.5e-7_seed10,99,4,42,2,10000992,0,0.4000000059604645,-0.4000000059604645,300,98e2d06491e8cc6103411b206ab4caf77c6921c0
a1_sft_s0_task4_accum20_joint15_lr2.5e-7_seed10,99,4,43,3,10000993,1,1.0,0.0,84,98e2d06491e8cc6103411b206ab4caf77c6921c0
a1_sft_s0_task4_accum20_joint15_lr2.5e-7_seed10,99,4,44,4,10000994,1,0.0,1.0,78,98e2d06491e8cc6103411b206ab4caf77c6921c0
a1_sft_s0_task4_accum20_joint15_lr2.5e-7_seed10,99,4,45,5,10000995,1,0.800000011920929,0.19999998807907104,80,98e2d06491e8cc6103411b206ab4caf77c6921c0
a1_sft_s0_task4_accum20_joint15_lr2.5e-7_seed10,99,4,46,6,10000996,1,1.0,0.0,85,98e2d06491e8cc6103411b206ab4caf77c6921c0
a1_sft_s0_task4_accum20_joint15_lr2.5e-7_seed10,99,4,47,7,10000997,0,0.0,0.0,300,98e2d06491e8cc6103411b206ab4caf77c6921c0
a1_sft_s0_task4_accum20_joint15_lr2.5e-7_seed10,99,4,48,8,10000998,0,0.0,0.0,300,98e2d06491e8cc6103411b206ab4caf77c6921c0
a1_sft_s0_task4_accum20_joint15_lr2.5e-7_seed10,99,4,49,9,10000999,1,1.0,0.0,83,98e2d06491e8cc6103411b206ab4caf77c6921c0
a1_sft_s0_task4_accum20_joint15_lr2.5e-7_seed10,100,4,0,0,10001000,0,0.0,0.0,300,98e2d06491e8cc6103411b206ab4caf77c6921c0
a1_sft_s0_task4_accum20_joint15_lr2.5e-7_seed10,100,4,1,1,10001001,1,1.0,0.0,88,98e2d06491e8cc6103411b206ab4caf77c6921c0
a1_sft_s0_task4_accum20_joint15_lr2.5e-7_seed10,100,4,2,2,10001002,1,1.0,0.0,81,98e2d06491e8cc6103411b206ab4caf77c6921c0
a1_sft_s0_task4_accum20_joint15_lr2.5e-7_seed10,100,4,3,3,10001003,1,0.4000000059604645,0.6000000238418579,93,98e2d06491e8cc6103411b206ab4caf77c6921c0
a1_sft_s0_task4_accum20_joint15_lr2.5e-7_seed10,100,4,4,4,10001004,1,0.6000000238418579,0.3999999761581421,75,98e2d06491e8cc6103411b206ab4caf77c6921c0
a1_sft_s0_task4_accum20_joint15_lr2.5e-7_seed10,100,4,5,5,10001005,1,0.800000011920929,0.19999998807907104,89,98e2d06491e8cc6103411b206ab4caf77c6921c0
a1_sft_s0_task4_accum20_joint15_lr2.5e-7_seed10,100,4,6,6,10001006,0,0.0,0.0,300,98e2d06491e8cc6103411b206ab4caf77c6921c0
a1_sft_s0_task4_accum20_joint15_lr2.5e-7_seed10,100,4,7,7,10001007,1,0.800000011920929,0.19999998807907104,82,98e2d06491e8cc6103411b206ab4caf77c6921c0
a1_sft_s0_task4_accum20_joint15_lr2.5e-7_seed10,100,4,8,8,10001008,0,0.0,0.0,300,98e2d06491e8cc6103411b206ab4caf77c6921c0
a1_sft_s0_task4_accum20_joint15_lr2.5e-7_seed10,100,4,9,9,10001009,1,0.6000000238418579,0.3999999761581421,78,98e2d06491e8cc6103411b206ab4caf77c6921c0
a1_sft_s0_task4_accum20_joint15_lr2.5e-7_seed10,101,4,10,0,10001010,0,0.20000000298023224,-0.20000000298023224,300,98e2d06491e8cc6103411b206ab4caf77c6921c0
a1_sft_s0_task4_accum20_joint15_lr2.5e-7_seed10,101,4,11,1,10001011,0,0.0,0.0,300,98e2d06491e8cc6103411b206ab4caf77c6921c0
a1_sft_s0_task4_accum20_joint15_lr2.5e-7_seed10,101,4,12,2,10001012,1,0.6000000238418579,0.3999999761581421,75,98e2d06491e8cc6103411b206ab4caf77c6921c0
a1_sft_s0_task4_accum20_joint15_lr2.5e-7_seed10,101,4,13,3,10001013,1,1.0,0.0,78,98e2d06491e8cc6103411b206ab4caf77c6921c0
a1_sft_s0_task4_accum20_joint15_lr2.5e-7_seed10,101,4,14,4,10001014,0,0.4000000059604645,-0.4000000059604645,300,98e2d06491e8cc6103411b206ab4caf77c6921c0
a1_sft_s0_task4_accum20_joint15_lr2.5e-7_seed10,101,4,15,5,10001015,1,1.0,0.0,87,98e2d06491e8cc6103411b206ab4caf77c6921c0
a1_sft_s0_task4_accum20_joint15_lr2.5e-7_seed10,101,4,16,6,10001016,1,1.0,0.0,82,98e2d06491e8cc6103411b206ab4caf77c6921c0
a1_sft_s0_task4_accum20_joint15_lr2.5e-7_seed10,101,4,17,7,10001017,1,1.0,0.0,81,98e2d06491e8cc6103411b206ab4caf77c6921c0
a1_sft_s0_task4_accum20_joint15_lr2.5e-7_seed10,101,4,18,8,10001018,0,0.0,0.0,300,98e2d06491e8cc6103411b206ab4caf77c6921c0
a1_sft_s0_task4_accum20_joint15_lr2.5e-7_seed10,101,4,19,9,10001019,1,0.6000000238418579,0.3999999761581421,76,98e2d06491e8cc6103411b206ab4caf77c6921c0
a1_sft_s0_task4_accum20_joint15_lr2.5e-7_seed10,102,4,20,0,10001020,1,0.6000000238418579,0.3999999761581421,79,98e2d06491e8cc6103411b206ab4caf77c6921c0
a1_sft_s0_task4_accum20_joint15_lr2.5e-7_seed10,102,4,21,1,10001021,1,1.0,0.0,83,98e2d06491e8cc6103411b206ab4caf77c6921c0
a1_sft_s0_task4_accum20_joint15_lr2.5e-7_seed10,102,4,22,2,10001022,0,0.0,0.0,300,98e2d06491e8cc6103411b206ab4caf77c6921c0
a1_sft_s0_task4_accum20_joint15_lr2.5e-7_seed10,102,4,23,3,10001023,0,0.20000000298023224,-0.20000000298023224,300,98e2d06491e8cc6103411b206ab4caf77c6921c0
a1_sft_s0_task4_accum20_joint15_lr2.5e-7_seed10,102,4,24,4,10001024,0,0.0,0.0,300,98e2d06491e8cc6103411b206ab4caf77c6921c0
a1_sft_s0_task4_accum20_joint15_lr2.5e-7_seed10,102,4,25,5,10001025,0,0.4000000059604645,-0.4000000059604645,300,98e2d06491e8cc6103411b206ab4caf77c6921c0
a1_sft_s0_task4_accum20_joint15_lr2.5e-7_seed10,102,4,26,6,10001026,1,0.6000000238418579,0.3999999761581421,86,98e2d06491e8cc6103411b206ab4caf77c6921c0
a1_sft_s0_task4_accum20_joint15_lr2.5e-7_seed10,102,4,27,7,10001027,1,1.0,0.0,81,98e2d06491e8cc6103411b206ab4caf77c6921c0
a1_sft_s0_task4_accum20_joint15_lr2.5e-7_seed10,102,4,28,8,10001028,1,1.0,0.0,91,98e2d06491e8cc6103411b206ab4caf77c6921c0
a1_sft_s0_task4_accum20_joint15_lr2.5e-7_seed10,102,4,29,9,10001029,1,0.6000000238418579,0.3999999761581421,81,98e2d06491e8cc6103411b206ab4caf77c6921c0
a1_sft_s0_task4_accum20_joint15_lr2.5e-7_seed10,103,4,30,0,10001030,1,0.6000000238418579,0.3999999761581421,87,98e2d06491e8cc6103411b206ab4caf77c6921c0
a1_sft_s0_task4_accum20_joint15_lr2.5e-7_seed10,103,4,31,1,10001031,1,1.0,0.0,83,98e2d06491e8cc6103411b206ab4caf77c6921c0
a1_sft_s0_task4_accum20_joint15_lr2.5e-7_seed10,103,4,32,2,10001032,0,0.20000000298023224,-0.20000000298023224,300,98e2d06491e8cc6103411b206ab4caf77c6921c0
a1_sft_s0_task4_accum20_joint15_lr2.5e-7_seed10,103,4,33,3,10001033,1,0.4000000059604645,0.6000000238418579,82,98e2d06491e8cc6103411b206ab4caf77c6921c0
a1_sft_s0_task4_accum20_joint15_lr2.5e-7_seed10,103,4,34,4,10001034,0,0.800000011920929,-0.800000011920929,300,98e2d06491e8cc6103411b206ab4caf77c6921c0
a1_sft_s0_task4_accum20_joint15_lr2.5e-7_seed10,103,4,35,5,10001035,1,1.0,0.0,78,98e2d06491e8cc6103411b206ab4caf77c6921c0
a1_sft_s0_task4_accum20_joint15_lr2.5e-7_seed10,103,4,36,6,10001036,1,0.800000011920929,0.19999998807907104,76,98e2d06491e8cc6103411b206ab4caf77c6921c0
a1_sft_s0_task4_accum20_joint15_lr2.5e-7_seed10,103,4,37,7,10001037,1,0.4000000059604645,0.6000000238418579,86,98e2d06491e8cc6103411b206ab4caf77c6921c0
a1_sft_s0_task4_accum20_joint15_lr2.5e-7_seed10,103,4,38,8,10001038,0,0.0,0.0,300,98e2d06491e8cc6103411b206ab4caf77c6921c0
a1_sft_s0_task4_accum20_joint15_lr2.5e-7_seed10,103,4,39,9,10001039,0,0.0,0.0,300,98e2d06491e8cc6103411b206ab4caf77c6921c0
a1_sft_s0_task4_accum20_joint15_lr2.5e-7_seed10,104,4,40,0,10001040,0,0.0,0.0,300,98e2d06491e8cc6103411b206ab4caf77c6921c0
a1_sft_s0_task4_accum20_joint15_lr2.5e-7_seed10,104,4,41,1,10001041,1,1.0,0.0,83,98e2d06491e8cc6103411b206ab4caf77c6921c0
a1_sft_s0_task4_accum20_joint15_lr2.5e-7_seed10,104,4,42,2,10001042,0,0.4000000059604645,-0.4000000059604645,300,98e2d06491e8cc6103411b206ab4caf77c6921c0
a1_sft_s0_task4_accum20_joint15_lr2.5e-7_seed10,104,4,43,3,10001043,1,1.0,0.0,86,98e2d06491e8cc6103411b206ab4caf77c6921c0
a1_sft_s0_task4_accum20_joint15_lr2.5e-7_seed10,104,4,44,4,10001044,0,0.20000000298023224,-0.20000000298023224,300,98e2d06491e8cc6103411b206ab4caf77c6921c0
a1_sft_s0_task4_accum20_joint15_lr2.5e-7_seed10,104,4,45,5,10001045,1,0.800000011920929,0.19999998807907104,78,98e2d06491e8cc6103411b206ab4caf77c6921c0
a1_sft_s0_task4_accum20_joint15_lr2.5e-7_seed10,104,4,46,6,10001046,1,1.0,0.0,84,98e2d06491e8cc6103411b206ab4caf77c6921c0
a1_sft_s0_task4_accum20_joint15_lr2.5e-7_seed10,104,4,47,7,10001047,0,0.0,0.0,300,98e2d06491e8cc6103411b206ab4caf77c6921c0
a1_sft_s0_task4_accum20_joint15_lr2.5e-7_seed10,104,4,48,8,10001048,0,0.0,0.0,300,98e2d06491e8cc6103411b206ab4caf77c6921c0
a1_sft_s0_task4_accum20_joint15_lr2.5e-7_seed10,104,4,49,9,10001049,1,1.0,0.0,82,98e2d06491e8cc6103411b206ab4caf77c6921c0
a1_sft_s0_task4_accum20_joint15_lr2.5e-7_seed10,105,4,0,0,10001050,0,0.0,0.0,300,98e2d06491e8cc6103411b206ab4caf77c6921c0
a1_sft_s0_task4_accum20_joint15_lr2.5e-7_seed10,105,4,1,1,10001051,1,1.0,0.0,87,98e2d06491e8cc6103411b206ab4caf77c6921c0
a1_sft_s0_task4_accum20_joint15_lr2.5e-7_seed10,105,4,2,2,10001052,1,1.0,0.0,82,98e2d06491e8cc6103411b206ab4caf77c6921c0
a1_sft_s0_task4_accum20_joint15_lr2.5e-7_seed10,105,4,3,3,10001053,0,0.6000000238418579,-0.6000000238418579,300,98e2d06491e8cc6103411b206ab4caf77c6921c0
a1_sft_s0_task4_accum20_joint15_lr2.5e-7_seed10,105,4,4,4,10001054,1,0.6000000238418579,0.3999999761581421,78,98e2d06491e8cc6103411b206ab4caf77c6921c0
a1_sft_s0_task4_accum20_joint15_lr2.5e-7_seed10,105,4,5,5,10001055,1,0.800000011920929,0.19999998807907104,85,98e2d06491e8cc6103411b206ab4caf77c6921c0
a1_sft_s0_task4_accum20_joint15_lr2.5e-7_seed10,105,4,6,6,10001056,0,0.0,0.0,300,98e2d06491e8cc6103411b206ab4caf77c6921c0
a1_sft_s0_task4_accum20_joint15_lr2.5e-7_seed10,105,4,7,7,10001057,1,1.0,0.0,82,98e2d06491e8cc6103411b206ab4caf77c6921c0
a1_sft_s0_task4_accum20_joint15_lr2.5e-7_seed10,105,4,8,8,10001058,0,0.0,0.0,300,98e2d06491e8cc6103411b206ab4caf77c6921c0
a1_sft_s0_task4_accum20_joint15_lr2.5e-7_seed10,105,4,9,9,10001059,1,0.800000011920929,0.19999998807907104,75,98e2d06491e8cc6103411b206ab4caf77c6921c0
a1_sft_s0_task4_accum20_joint15_lr2.5e-7_seed10,106,4,10,0,10001060,0,0.20000000298023224,-0.20000000298023224,300,98e2d06491e8cc6103411b206ab4caf77c6921c0
a1_sft_s0_task4_accum20_joint15_lr2.5e-7_seed10,106,4,11,1,10001061,0,0.0,0.0,300,98e2d06491e8cc6103411b206ab4caf77c6921c0
a1_sft_s0_task4_accum20_joint15_lr2.5e-7_seed10,106,4,12,2,10001062,1,0.6000000238418579,0.3999999761581421,80,98e2d06491e8cc6103411b206ab4caf77c6921c0
a1_sft_s0_task4_accum20_joint15_lr2.5e-7_seed10,106,4,13,3,10001063,1,1.0,0.0,80,98e2d06491e8cc6103411b206ab4caf77c6921c0
a1_sft_s0_task4_accum20_joint15_lr2.5e-7_seed10,106,4,14,4,10001064,0,0.4000000059604645,-0.4000000059604645,300,98e2d06491e8cc6103411b206ab4caf77c6921c0
a1_sft_s0_task4_accum20_joint15_lr2.5e-7_seed10,106,4,15,5,10001065,1,1.0,0.0,91,98e2d06491e8cc6103411b206ab4caf77c6921c0
a1_sft_s0_task4_accum20_joint15_lr2.5e-7_seed10,106,4,16,6,10001066,1,1.0,0.0,83,98e2d06491e8cc6103411b206ab4caf77c6921c0
a1_sft_s0_task4_accum20_joint15_lr2.5e-7_seed10,106,4,17,7,10001067,0,1.0,-1.0,300,98e2d06491e8cc6103411b206ab4caf77c6921c0
a1_sft_s0_task4_accum20_joint15_lr2.5e-7_seed10,106,4,18,8,10001068,0,0.0,0.0,300,98e2d06491e8cc6103411b206ab4caf77c6921c0
a1_sft_s0_task4_accum20_joint15_lr2.5e-7_seed10,106,4,19,9,10001069,1,0.6000000238418579,0.3999999761581421,71,98e2d06491e8cc6103411b206ab4caf77c6921c0
a1_sft_s0_task4_accum20_joint15_lr2.5e-7_seed10,107,4,20,0,10001070,1,0.6000000238418579,0.3999999761581421,88,98e2d06491e8cc6103411b206ab4caf77c6921c0
a1_sft_s0_task4_accum20_joint15_lr2.5e-7_seed10,107,4,21,1,10001071,1,1.0,0.0,82,98e2d06491e8cc6103411b206ab4caf77c6921c0
a1_sft_s0_task4_accum20_joint15_lr2.5e-7_seed10,107,4,22,2,10001072,0,0.0,0.0,300,98e2d06491e8cc6103411b206ab4caf77c6921c0
a1_sft_s0_task4_accum20_joint15_lr2.5e-7_seed10,107,4,23,3,10001073,0,0.20000000298023224,-0.20000000298023224,300,98e2d06491e8cc6103411b206ab4caf77c6921c0
a1_sft_s0_task4_accum20_joint15_lr2.5e-7_seed10,107,4,24,4,10001074,0,0.0,0.0,300,98e2d06491e8cc6103411b206ab4caf77c6921c0
a1_sft_s0_task4_accum20_joint15_lr2.5e-7_seed10,107,4,25,5,10001075,1,0.4000000059604645,0.6000000238418579,77,98e2d06491e8cc6103411b206ab4caf77c6921c0
a1_sft_s0_task4_accum20_joint15_lr2.5e-7_seed10,107,4,26,6,10001076,1,0.800000011920929,0.19999998807907104,88,98e2d06491e8cc6103411b206ab4caf77c6921c0
a1_sft_s0_task4_accum20_joint15_lr2.5e-7_seed10,107,4,27,7,10001077,1,1.0,0.0,85,98e2d06491e8cc6103411b206ab4caf77c6921c0
a1_sft_s0_task4_accum20_joint15_lr2.5e-7_seed10,107,4,28,8,10001078,1,1.0,0.0,82,98e2d06491e8cc6103411b206ab4caf77c6921c0
a1_sft_s0_task4_accum20_joint15_lr2.5e-7_seed10,107,4,29,9,10001079,0,0.800000011920929,-0.800000011920929,300,98e2d06491e8cc6103411b206ab4caf77c6921c0
a1_sft_s0_task4_accum20_joint15_lr2.5e-7_seed10,108,4,30,0,10001080,1,0.6000000238418579,0.3999999761581421,81,98e2d06491e8cc6103411b206ab4caf77c6921c0
a1_sft_s0_task4_accum20_joint15_lr2.5e-7_seed10,108,4,31,1,10001081,0,1.0,-1.0,300,98e2d06491e8cc6103411b206ab4caf77c6921c0
a1_sft_s0_task4_accum20_joint15_lr2.5e-7_seed10,108,4,32,2,10001082,0,0.20000000298023224,-0.20000000298023224,300,98e2d06491e8cc6103411b206ab4caf77c6921c0
a1_sft_s0_task4_accum20_joint15_lr2.5e-7_seed10,108,4,33,3,10001083,1,0.6000000238418579,0.3999999761581421,78,98e2d06491e8cc6103411b206ab4caf77c6921c0
a1_sft_s0_task4_accum20_joint15_lr2.5e-7_seed10,108,4,34,4,10001084,1,0.6000000238418579,0.3999999761581421,87,98e2d06491e8cc6103411b206ab4caf77c6921c0
a1_sft_s0_task4_accum20_joint15_lr2.5e-7_seed10,108,4,35,5,10001085,1,1.0,0.0,82,98e2d06491e8cc6103411b206ab4caf77c6921c0
a1_sft_s0_task4_accum20_joint15_lr2.5e-7_seed10,108,4,36,6,10001086,1,0.800000011920929,0.19999998807907104,83,98e2d06491e8cc6103411b206ab4caf77c6921c0
a1_sft_s0_task4_accum20_joint15_lr2.5e-7_seed10,108,4,37,7,10001087,1,0.6000000238418579,0.3999999761581421,86,98e2d06491e8cc6103411b206ab4caf77c6921c0
a1_sft_s0_task4_accum20_joint15_lr2.5e-7_seed10,108,4,38,8,10001088,0,0.0,0.0,300,98e2d06491e8cc6103411b206ab4caf77c6921c0
a1_sft_s0_task4_accum20_joint15_lr2.5e-7_seed10,108,4,39,9,10001089,0,0.0,0.0,300,98e2d06491e8cc6103411b206ab4caf77c6921c0
a1_sft_s0_task4_accum20_joint15_lr2.5e-7_seed10,109,4,40,0,10001090,0,0.0,0.0,300,98e2d06491e8cc6103411b206ab4caf77c6921c0
a1_sft_s0_task4_accum20_joint15_lr2.5e-7_seed10,109,4,41,1,10001091,1,1.0,0.0,80,98e2d06491e8cc6103411b206ab4caf77c6921c0
a1_sft_s0_task4_accum20_joint15_lr2.5e-7_seed10,109,4,42,2,10001092,1,0.20000000298023224,0.800000011920929,75,98e2d06491e8cc6103411b206ab4caf77c6921c0
a1_sft_s0_task4_accum20_joint15_lr2.5e-7_seed10,109,4,43,3,10001093,1,1.0,0.0,84,98e2d06491e8cc6103411b206ab4caf77c6921c0
a1_sft_s0_task4_accum20_joint15_lr2.5e-7_seed10,109,4,44,4,10001094,1,0.20000000298023224,0.800000011920929,84,98e2d06491e8cc6103411b206ab4caf77c6921c0
a1_sft_s0_task4_accum20_joint15_lr2.5e-7_seed10,109,4,45,5,10001095,1,0.800000011920929,0.19999998807907104,80,98e2d06491e8cc6103411b206ab4caf77c6921c0
a1_sft_s0_task4_accum20_joint15_lr2.5e-7_seed10,109,4,46,6,10001096,1,1.0,0.0,86,98e2d06491e8cc6103411b206ab4caf77c6921c0
a1_sft_s0_task4_accum20_joint15_lr2.5e-7_seed10,109,4,47,7,10001097,0,0.0,0.0,300,98e2d06491e8cc6103411b206ab4caf77c6921c0
a1_sft_s0_task4_accum20_joint15_lr2.5e-7_seed10,109,4,48,8,10001098,0,0.0,0.0,300,98e2d06491e8cc6103411b206ab4caf77c6921c0
a1_sft_s0_task4_accum20_joint15_lr2.5e-7_seed10,109,4,49,9,10001099,1,1.0,0.0,86,98e2d06491e8cc6103411b206ab4caf77c6921c0
a1_sft_s0_task4_accum20_joint15_lr2.5e-7_seed10,110,4,0,0,10001100,0,0.0,0.0,300,98e2d06491e8cc6103411b206ab4caf77c6921c0
a1_sft_s0_task4_accum20_joint15_lr2.5e-7_seed10,110,4,1,1,10001101,1,1.0,0.0,90,98e2d06491e8cc6103411b206ab4caf77c6921c0
a1_sft_s0_task4_accum20_joint15_lr2.5e-7_seed10,110,4,2,2,10001102,1,1.0,0.0,84,98e2d06491e8cc6103411b206ab4caf77c6921c0
a1_sft_s0_task4_accum20_joint15_lr2.5e-7_seed10,110,4,3,3,10001103,0,0.4000000059604645,-0.4000000059604645,300,98e2d06491e8cc6103411b206ab4caf77c6921c0
a1_sft_s0_task4_accum20_joint15_lr2.5e-7_seed10,110,4,4,4,10001104,0,0.6000000238418579,-0.6000000238418579,300,98e2d06491e8cc6103411b206ab4caf77c6921c0
a1_sft_s0_task4_accum20_joint15_lr2.5e-7_seed10,110,4,5,5,10001105,1,0.800000011920929,0.19999998807907104,84,98e2d06491e8cc6103411b206ab4caf77c6921c0
a1_sft_s0_task4_accum20_joint15_lr2.5e-7_seed10,110,4,6,6,10001106,0,0.0,0.0,300,98e2d06491e8cc6103411b206ab4caf77c6921c0
a1_sft_s0_task4_accum20_joint15_lr2.5e-7_seed10,110,4,7,7,10001107,1,1.0,0.0,81,98e2d06491e8cc6103411b206ab4caf77c6921c0
a1_sft_s0_task4_accum20_joint15_lr2.5e-7_seed10,110,4,8,8,10001108,0,0.0,0.0,300,98e2d06491e8cc6103411b206ab4caf77c6921c0
a1_sft_s0_task4_accum20_joint15_lr2.5e-7_seed10,110,4,9,9,10001109,0,0.800000011920929,-0.800000011920929,300,98e2d06491e8cc6103411b206ab4caf77c6921c0
a1_sft_s0_task4_accum20_joint15_lr2.5e-7_seed10,111,4,10,0,10001110,0,0.20000000298023224,-0.20000000298023224,300,98e2d06491e8cc6103411b206ab4caf77c6921c0
a1_sft_s0_task4_accum20_joint15_lr2.5e-7_seed10,111,4,11,1,10001111,0,0.0,0.0,300,98e2d06491e8cc6103411b206ab4caf77c6921c0
a1_sft_s0_task4_accum20_joint15_lr2.5e-7_seed10,111,4,12,2,10001112,1,0.800000011920929,0.19999998807907104,78,98e2d06491e8cc6103411b206ab4caf77c6921c0
a1_sft_s0_task4_accum20_joint15_lr2.5e-7_seed10,111,4,13,3,10001113,1,1.0,0.0,84,98e2d06491e8cc6103411b206ab4caf77c6921c0
a1_sft_s0_task4_accum20_joint15_lr2.5e-7_seed10,111,4,14,4,10001114,1,0.20000000298023224,0.800000011920929,87,98e2d06491e8cc6103411b206ab4caf77c6921c0
a1_sft_s0_task4_accum20_joint15_lr2.5e-7_seed10,111,4,15,5,10001115,1,1.0,0.0,89,98e2d06491e8cc6103411b206ab4caf77c6921c0
a1_sft_s0_task4_accum20_joint15_lr2.5e-7_seed10,111,4,16,6,10001116,1,1.0,0.0,80,98e2d06491e8cc6103411b206ab4caf77c6921c0
a1_sft_s0_task4_accum20_joint15_lr2.5e-7_seed10,111,4,17,7,10001117,0,0.800000011920929,-0.800000011920929,300,98e2d06491e8cc6103411b206ab4caf77c6921c0
a1_sft_s0_task4_accum20_joint15_lr2.5e-7_seed10,111,4,18,8,10001118,0,0.0,0.0,300,98e2d06491e8cc6103411b206ab4caf77c6921c0
a1_sft_s0_task4_accum20_joint15_lr2.5e-7_seed10,111,4,19,9,10001119,1,0.6000000238418579,0.3999999761581421,75,98e2d06491e8cc6103411b206ab4caf77c6921c0
a1_sft_s0_task4_accum20_joint15_lr2.5e-7_seed10,112,4,20,0,10001120,1,0.800000011920929,0.19999998807907104,77,98e2d06491e8cc6103411b206ab4caf77c6921c0
a1_sft_s0_task4_accum20_joint15_lr2.5e-7_seed10,112,4,21,1,10001121,1,1.0,0.0,83,98e2d06491e8cc6103411b206ab4caf77c6921c0
a1_sft_s0_task4_accum20_joint15_lr2.5e-7_seed10,112,4,22,2,10001122,0,0.0,0.0,300,98e2d06491e8cc6103411b206ab4caf77c6921c0
a1_sft_s0_task4_accum20_joint15_lr2.5e-7_seed10,112,4,23,3,10001123,0,0.20000000298023224,-0.20000000298023224,300,98e2d06491e8cc6103411b206ab4caf77c6921c0
a1_sft_s0_task4_accum20_joint15_lr2.5e-7_seed10,112,4,24,4,10001124,0,0.0,0.0,300,98e2d06491e8cc6103411b206ab4caf77c6921c0
a1_sft_s0_task4_accum20_joint15_lr2.5e-7_seed10,112,4,25,5,10001125,1,0.6000000238418579,0.3999999761581421,83,98e2d06491e8cc6103411b206ab4caf77c6921c0
a1_sft_s0_task4_accum20_joint15_lr2.5e-7_seed10,112,4,26,6,10001126,1,0.800000011920929,0.19999998807907104,86,98e2d06491e8cc6103411b206ab4caf77c6921c0
a1_sft_s0_task4_accum20_joint15_lr2.5e-7_seed10,112,4,27,7,10001127,1,1.0,0.0,80,98e2d06491e8cc6103411b206ab4caf77c6921c0
a1_sft_s0_task4_accum20_joint15_lr2.5e-7_seed10,112,4,28,8,10001128,1,1.0,0.0,78,98e2d06491e8cc6103411b206ab4caf77c6921c0
a1_sft_s0_task4_accum20_joint15_lr2.5e-7_seed10,112,4,29,9,10001129,1,0.6000000238418579,0.3999999761581421,91,98e2d06491e8cc6103411b206ab4caf77c6921c0
a1_sft_s0_task4_accum20_joint15_lr2.5e-7_seed10,113,4,30,0,10001130,1,0.6000000238418579,0.3999999761581421,82,98e2d06491e8cc6103411b206ab4caf77c6921c0
a1_sft_s0_task4_accum20_joint15_lr2.5e-7_seed10,113,4,31,1,10001131,0,0.800000011920929,-0.800000011920929,300,98e2d06491e8cc6103411b206ab4caf77c6921c0
a1_sft_s0_task4_accum20_joint15_lr2.5e-7_seed10,113,4,32,2,10001132,0,0.20000000298023224,-0.20000000298023224,300,98e2d06491e8cc6103411b206ab4caf77c6921c0
a1_sft_s0_task4_accum20_joint15_lr2.5e-7_seed10,113,4,33,3,10001133,1,0.800000011920929,0.19999998807907104,85,98e2d06491e8cc6103411b206ab4caf77c6921c0
a1_sft_s0_task4_accum20_joint15_lr2.5e-7_seed10,113,4,34,4,10001134,1,0.6000000238418579,0.3999999761581421,85,98e2d06491e8cc6103411b206ab4caf77c6921c0
a1_sft_s0_task4_accum20_joint15_lr2.5e-7_seed10,113,4,35,5,10001135,1,1.0,0.0,72,98e2d06491e8cc6103411b206ab4caf77c6921c0
a1_sft_s0_task4_accum20_joint15_lr2.5e-7_seed10,113,4,36,6,10001136,1,0.800000011920929,0.19999998807907104,81,98e2d06491e8cc6103411b206ab4caf77c6921c0
a1_sft_s0_task4_accum20_joint15_lr2.5e-7_seed10,113,4,37,7,10001137,0,0.800000011920929,-0.800000011920929,300,98e2d06491e8cc6103411b206ab4caf77c6921c0
a1_sft_s0_task4_accum20_joint15_lr2.5e-7_seed10,113,4,38,8,10001138,0,0.0,0.0,300,98e2d06491e8cc6103411b206ab4caf77c6921c0
a1_sft_s0_task4_accum20_joint15_lr2.5e-7_seed10,113,4,39,9,10001139,0,0.0,0.0,300,98e2d06491e8cc6103411b206ab4caf77c6921c0
a1_sft_s0_task4_accum20_joint15_lr2.5e-7_seed10,114,4,40,0,10001140,0,0.0,0.0,300,98e2d06491e8cc6103411b206ab4caf77c6921c0
a1_sft_s0_task4_accum20_joint15_lr2.5e-7_seed10,114,4,41,1,10001141,1,1.0,0.0,82,98e2d06491e8cc6103411b206ab4caf77c6921c0
a1_sft_s0_task4_accum20_joint15_lr2.5e-7_seed10,114,4,42,2,10001142,1,0.20000000298023224,0.800000011920929,76,98e2d06491e8cc6103411b206ab4caf77c6921c0
a1_sft_s0_task4_accum20_joint15_lr2.5e-7_seed10,114,4,43,3,10001143,1,1.0,0.0,79,98e2d06491e8cc6103411b206ab4caf77c6921c0
a1_sft_s0_task4_accum20_joint15_lr2.5e-7_seed10,114,4,44,4,10001144,0,0.4000000059604645,-0.4000000059604645,300,98e2d06491e8cc6103411b206ab4caf77c6921c0
a1_sft_s0_task4_accum20_joint15_lr2.5e-7_seed10,114,4,45,5,10001145,1,0.800000011920929,0.19999998807907104,78,98e2d06491e8cc6103411b206ab4caf77c6921c0
a1_sft_s0_task4_accum20_joint15_lr2.5e-7_seed10,114,4,46,6,10001146,1,1.0,0.0,81,98e2d06491e8cc6103411b206ab4caf77c6921c0
a1_sft_s0_task4_accum20_joint15_lr2.5e-7_seed10,114,4,47,7,10001147,0,0.0,0.0,300,98e2d06491e8cc6103411b206ab4caf77c6921c0
a1_sft_s0_task4_accum20_joint15_lr2.5e-7_seed10,114,4,48,8,10001148,0,0.0,0.0,300,98e2d06491e8cc6103411b206ab4caf77c6921c0
a1_sft_s0_task4_accum20_joint15_lr2.5e-7_seed10,114,4,49,9,10001149,1,1.0,0.0,81,98e2d06491e8cc6103411b206ab4caf77c6921c0
a1_sft_s0_task4_accum20_joint15_lr2.5e-7_seed10,115,4,0,0,10001150,0,0.0,0.0,300,98e2d06491e8cc6103411b206ab4caf77c6921c0
a1_sft_s0_task4_accum20_joint15_lr2.5e-7_seed10,115,4,1,1,10001151,1,1.0,0.0,88,98e2d06491e8cc6103411b206ab4caf77c6921c0
a1_sft_s0_task4_accum20_joint15_lr2.5e-7_seed10,115,4,2,2,10001152,1,1.0,0.0,82,98e2d06491e8cc6103411b206ab4caf77c6921c0
a1_sft_s0_task4_accum20_joint15_lr2.5e-7_seed10,115,4,3,3,10001153,1,0.20000000298023224,0.800000011920929,79,98e2d06491e8cc6103411b206ab4caf77c6921c0
a1_sft_s0_task4_accum20_joint15_lr2.5e-7_seed10,115,4,4,4,10001154,0,0.6000000238418579,-0.6000000238418579,300,98e2d06491e8cc6103411b206ab4caf77c6921c0
a1_sft_s0_task4_accum20_joint15_lr2.5e-7_seed10,115,4,5,5,10001155,0,0.800000011920929,-0.800000011920929,300,98e2d06491e8cc6103411b206ab4caf77c6921c0
a1_sft_s0_task4_accum20_joint15_lr2.5e-7_seed10,115,4,6,6,10001156,0,0.0,0.0,300,98e2d06491e8cc6103411b206ab4caf77c6921c0
a1_sft_s0_task4_accum20_joint15_lr2.5e-7_seed10,115,4,7,7,10001157,1,1.0,0.0,75,98e2d06491e8cc6103411b206ab4caf77c6921c0
a1_sft_s0_task4_accum20_joint15_lr2.5e-7_seed10,115,4,8,8,10001158,0,0.0,0.0,300,98e2d06491e8cc6103411b206ab4caf77c6921c0
a1_sft_s0_task4_accum20_joint15_lr2.5e-7_seed10,115,4,9,9,10001159,1,0.6000000238418579,0.3999999761581421,76,98e2d06491e8cc6103411b206ab4caf77c6921c0
a1_sft_s0_task4_accum20_joint15_lr2.5e-7_seed10,116,4,10,0,10001160,0,0.20000000298023224,-0.20000000298023224,300,98e2d06491e8cc6103411b206ab4caf77c6921c0
a1_sft_s0_task4_accum20_joint15_lr2.5e-7_seed10,116,4,11,1,10001161,0,0.0,0.0,300,98e2d06491e8cc6103411b206ab4caf77c6921c0
a1_sft_s0_task4_accum20_joint15_lr2.5e-7_seed10,116,4,12,2,10001162,1,0.800000011920929,0.19999998807907104,77,98e2d06491e8cc6103411b206ab4caf77c6921c0
a1_sft_s0_task4_accum20_joint15_lr2.5e-7_seed10,116,4,13,3,10001163,1,1.0,0.0,81,98e2d06491e8cc6103411b206ab4caf77c6921c0
a1_sft_s0_task4_accum20_joint15_lr2.5e-7_seed10,116,4,14,4,10001164,0,0.20000000298023224,-0.20000000298023224,300,98e2d06491e8cc6103411b206ab4caf77c6921c0
a1_sft_s0_task4_accum20_joint15_lr2.5e-7_seed10,116,4,15,5,10001165,1,1.0,0.0,87,98e2d06491e8cc6103411b206ab4caf77c6921c0
a1_sft_s0_task4_accum20_joint15_lr2.5e-7_seed10,116,4,16,6,10001166,1,1.0,0.0,84,98e2d06491e8cc6103411b206ab4caf77c6921c0
a1_sft_s0_task4_accum20_joint15_lr2.5e-7_seed10,116,4,17,7,10001167,1,0.6000000238418579,0.3999999761581421,88,98e2d06491e8cc6103411b206ab4caf77c6921c0
a1_sft_s0_task4_accum20_joint15_lr2.5e-7_seed10,116,4,18,8,10001168,0,0.0,0.0,300,98e2d06491e8cc6103411b206ab4caf77c6921c0
a1_sft_s0_task4_accum20_joint15_lr2.5e-7_seed10,116,4,19,9,10001169,1,0.6000000238418579,0.3999999761581421,81,98e2d06491e8cc6103411b206ab4caf77c6921c0
a1_sft_s0_task4_accum20_joint15_lr2.5e-7_seed10,117,4,20,0,10001170,0,1.0,-1.0,300,98e2d06491e8cc6103411b206ab4caf77c6921c0
a1_sft_s0_task4_accum20_joint15_lr2.5e-7_seed10,117,4,21,1,10001171,1,1.0,0.0,85,98e2d06491e8cc6103411b206ab4caf77c6921c0
a1_sft_s0_task4_accum20_joint15_lr2.5e-7_seed10,117,4,22,2,10001172,0,0.0,0.0,300,98e2d06491e8cc6103411b206ab4caf77c6921c0
a1_sft_s0_task4_accum20_joint15_lr2.5e-7_seed10,117,4,23,3,10001173,0,0.0,0.0,300,98e2d06491e8cc6103411b206ab4caf77c6921c0
a1_sft_s0_task4_accum20_joint15_lr2.5e-7_seed10,117,4,24,4,10001174,0,0.0,0.0,300,98e2d06491e8cc6103411b206ab4caf77c6921c0
a1_sft_s0_task4_accum20_joint15_lr2.5e-7_seed10,117,4,25,5,10001175,1,0.6000000238418579,0.3999999761581421,74,98e2d06491e8cc6103411b206ab4caf77c6921c0
a1_sft_s0_task4_accum20_joint15_lr2.5e-7_seed10,117,4,26,6,10001176,1,1.0,0.0,83,98e2d06491e8cc6103411b206ab4caf77c6921c0
a1_sft_s0_task4_accum20_joint15_lr2.5e-7_seed10,117,4,27,7,10001177,1,1.0,0.0,81,98e2d06491e8cc6103411b206ab4caf77c6921c0
a1_sft_s0_task4_accum20_joint15_lr2.5e-7_seed10,117,4,28,8,10001178,1,1.0,0.0,86,98e2d06491e8cc6103411b206ab4caf77c6921c0
a1_sft_s0_task4_accum20_joint15_lr2.5e-7_seed10,117,4,29,9,10001179,1,0.6000000238418579,0.3999999761581421,79,98e2d06491e8cc6103411b206ab4caf77c6921c0
a1_sft_s0_task4_accum20_joint15_lr2.5e-7_seed10,118,4,30,0,10001180,1,0.800000011920929,0.19999998807907104,85,98e2d06491e8cc6103411b206ab4caf77c6921c0
a1_sft_s0_task4_accum20_joint15_lr2.5e-7_seed10,118,4,31,1,10001181,1,0.6000000238418579,0.3999999761581421,86,98e2d06491e8cc6103411b206ab4caf77c6921c0
a1_sft_s0_task4_accum20_joint15_lr2.5e-7_seed10,118,4,32,2,10001182,0,0.0,0.0,300,98e2d06491e8cc6103411b206ab4caf77c6921c0
a1_sft_s0_task4_accum20_joint15_lr2.5e-7_seed10,118,4,33,3,10001183,1,1.0,0.0,83,98e2d06491e8cc6103411b206ab4caf77c6921c0
a1_sft_s0_task4_accum20_joint15_lr2.5e-7_seed10,118,4,34,4,10001184,1,0.800000011920929,0.19999998807907104,84,98e2d06491e8cc6103411b206ab4caf77c6921c0
a1_sft_s0_task4_accum20_joint15_lr2.5e-7_seed10,118,4,35,5,10001185,1,1.0,0.0,78,98e2d06491e8cc6103411b206ab4caf77c6921c0
a1_sft_s0_task4_accum20_joint15_lr2.5e-7_seed10,118,4,36,6,10001186,1,0.800000011920929,0.19999998807907104,82,98e2d06491e8cc6103411b206ab4caf77c6921c0
a1_sft_s0_task4_accum20_joint15_lr2.5e-7_seed10,118,4,37,7,10001187,0,0.6000000238418579,-0.6000000238418579,300,98e2d06491e8cc6103411b206ab4caf77c6921c0
a1_sft_s0_task4_accum20_joint15_lr2.5e-7_seed10,118,4,38,8,10001188,0,0.0,0.0,300,98e2d06491e8cc6103411b206ab4caf77c6921c0
a1_sft_s0_task4_accum20_joint15_lr2.5e-7_seed10,118,4,39,9,10001189,0,0.0,0.0,300,98e2d06491e8cc6103411b206ab4caf77c6921c0
a1_sft_s0_task4_accum20_joint15_lr2.5e-7_seed10,119,4,40,0,10001190,0,0.0,0.0,300,98e2d06491e8cc6103411b206ab4caf77c6921c0
a1_sft_s0_task4_accum20_joint15_lr2.5e-7_seed10,119,4,41,1,10001191,1,1.0,0.0,85,98e2d06491e8cc6103411b206ab4caf77c6921c0
a1_sft_s0_task4_accum20_joint15_lr2.5e-7_seed10,119,4,42,2,10001192,1,0.4000000059604645,0.6000000238418579,81,98e2d06491e8cc6103411b206ab4caf77c6921c0
a1_sft_s0_task4_accum20_joint15_lr2.5e-7_seed10,119,4,43,3,10001193,1,1.0,0.0,83,98e2d06491e8cc6103411b206ab4caf77c6921c0
a1_sft_s0_task4_accum20_joint15_lr2.5e-7_seed10,119,4,44,4,10001194,1,0.4000000059604645,0.6000000238418579,78,98e2d06491e8cc6103411b206ab4caf77c6921c0
a1_sft_s0_task4_accum20_joint15_lr2.5e-7_seed10,119,4,45,5,10001195,1,0.800000011920929,0.19999998807907104,82,98e2d06491e8cc6103411b206ab4caf77c6921c0
a1_sft_s0_task4_accum20_joint15_lr2.5e-7_seed10,119,4,46,6,10001196,1,1.0,0.0,86,98e2d06491e8cc6103411b206ab4caf77c6921c0
a1_sft_s0_task4_accum20_joint15_lr2.5e-7_seed10,119,4,47,7,10001197,0,0.0,0.0,300,98e2d06491e8cc6103411b206ab4caf77c6921c0
a1_sft_s0_task4_accum20_joint15_lr2.5e-7_seed10,119,4,48,8,10001198,0,0.0,0.0,300,98e2d06491e8cc6103411b206ab4caf77c6921c0
a1_sft_s0_task4_accum20_joint15_lr2.5e-7_seed10,119,4,49,9,10001199,1,1.0,0.0,92,98e2d06491e8cc6103411b206ab4caf77c6921c0
a1_sft_s0_task4_accum20_joint15_lr2.5e-7_seed10,120,4,0,0,10001200,0,0.0,0.0,300,98e2d06491e8cc6103411b206ab4caf77c6921c0
a1_sft_s0_task4_accum20_joint15_lr2.5e-7_seed10,120,4,1,1,10001201,1,1.0,0.0,90,98e2d06491e8cc6103411b206ab4caf77c6921c0
a1_sft_s0_task4_accum20_joint15_lr2.5e-7_seed10,120,4,2,2,10001202,1,1.0,0.0,79,98e2d06491e8cc6103411b206ab4caf77c6921c0
a1_sft_s0_task4_accum20_joint15_lr2.5e-7_seed10,120,4,3,3,10001203,0,0.4000000059604645,-0.4000000059604645,300,98e2d06491e8cc6103411b206ab4caf77c6921c0
a1_sft_s0_task4_accum20_joint15_lr2.5e-7_seed10,120,4,4,4,10001204,0,0.4000000059604645,-0.4000000059604645,300,98e2d06491e8cc6103411b206ab4caf77c6921c0
a1_sft_s0_task4_accum20_joint15_lr2.5e-7_seed10,120,4,5,5,10001205,1,0.800000011920929,0.19999998807907104,79,98e2d06491e8cc6103411b206ab4caf77c6921c0
a1_sft_s0_task4_accum20_joint15_lr2.5e-7_seed10,120,4,6,6,10001206,0,0.0,0.0,300,98e2d06491e8cc6103411b206ab4caf77c6921c0
a1_sft_s0_task4_accum20_joint15_lr2.5e-7_seed10,120,4,7,7,10001207,1,1.0,0.0,76,98e2d06491e8cc6103411b206ab4caf77c6921c0
a1_sft_s0_task4_accum20_joint15_lr2.5e-7_seed10,120,4,8,8,10001208,0,0.0,0.0,300,98e2d06491e8cc6103411b206ab4caf77c6921c0
a1_sft_s0_task4_accum20_joint15_lr2.5e-7_seed10,120,4,9,9,10001209,1,0.800000011920929,0.19999998807907104,78,98e2d06491e8cc6103411b206ab4caf77c6921c0
a1_sft_s0_task4_accum20_joint15_lr2.5e-7_seed10,121,4,10,0,10001210,0,0.20000000298023224,-0.20000000298023224,300,98e2d06491e8cc6103411b206ab4caf77c6921c0
a1_sft_s0_task4_accum20_joint15_lr2.5e-7_seed10,121,4,11,1,10001211,1,0.0,1.0,81,98e2d06491e8cc6103411b206ab4caf77c6921c0
a1_sft_s0_task4_accum20_joint15_lr2.5e-7_seed10,121,4,12,2,10001212,1,1.0,0.0,77,98e2d06491e8cc6103411b206ab4caf77c6921c0
a1_sft_s0_task4_accum20_joint15_lr2.5e-7_seed10,121,4,13,3,10001213,1,1.0,0.0,78,98e2d06491e8cc6103411b206ab4caf77c6921c0
a1_sft_s0_task4_accum20_joint15_lr2.5e-7_seed10,121,4,14,4,10001214,0,0.20000000298023224,-0.20000000298023224,300,98e2d06491e8cc6103411b206ab4caf77c6921c0
a1_sft_s0_task4_accum20_joint15_lr2.5e-7_seed10,121,4,15,5,10001215,1,1.0,0.0,89,98e2d06491e8cc6103411b206ab4caf77c6921c0
a1_sft_s0_task4_accum20_joint15_lr2.5e-7_seed10,121,4,16,6,10001216,1,1.0,0.0,78,98e2d06491e8cc6103411b206ab4caf77c6921c0
a1_sft_s0_task4_accum20_joint15_lr2.5e-7_seed10,121,4,17,7,10001217,1,0.6000000238418579,0.3999999761581421,89,98e2d06491e8cc6103411b206ab4caf77c6921c0
a1_sft_s0_task4_accum20_joint15_lr2.5e-7_seed10,121,4,18,8,10001218,0,0.0,0.0,300,98e2d06491e8cc6103411b206ab4caf77c6921c0
a1_sft_s0_task4_accum20_joint15_lr2.5e-7_seed10,121,4,19,9,10001219,1,0.800000011920929,0.19999998807907104,79,98e2d06491e8cc6103411b206ab4caf77c6921c0
a1_sft_s0_task4_accum20_joint15_lr2.5e-7_seed10,122,4,20,0,10001220,1,0.800000011920929,0.19999998807907104,85,98e2d06491e8cc6103411b206ab4caf77c6921c0
a1_sft_s0_task4_accum20_joint15_lr2.5e-7_seed10,122,4,21,1,10001221,1,1.0,0.0,82,98e2d06491e8cc6103411b206ab4caf77c6921c0
a1_sft_s0_task4_accum20_joint15_lr2.5e-7_seed10,122,4,22,2,10001222,0,0.0,0.0,300,98e2d06491e8cc6103411b206ab4caf77c6921c0
a1_sft_s0_task4_accum20_joint15_lr2.5e-7_seed10,122,4,23,3,10001223,1,0.0,1.0,90,98e2d06491e8cc6103411b206ab4caf77c6921c0
a1_sft_s0_task4_accum20_joint15_lr2.5e-7_seed10,122,4,24,4,10001224,0,0.0,0.0,300,98e2d06491e8cc6103411b206ab4caf77c6921c0
a1_sft_s0_task4_accum20_joint15_lr2.5e-7_seed10,122,4,25,5,10001225,1,0.800000011920929,0.19999998807907104,78,98e2d06491e8cc6103411b206ab4caf77c6921c0
a1_sft_s0_task4_accum20_joint15_lr2.5e-7_seed10,122,4,26,6,10001226,0,1.0,-1.0,300,98e2d06491e8cc6103411b206ab4caf77c6921c0
a1_sft_s0_task4_accum20_joint15_lr2.5e-7_seed10,122,4,27,7,10001227,1,1.0,0.0,80,98e2d06491e8cc6103411b206ab4caf77c6921c0
a1_sft_s0_task4_accum20_joint15_lr2.5e-7_seed10,122,4,28,8,10001228,1,1.0,0.0,84,98e2d06491e8cc6103411b206ab4caf77c6921c0
a1_sft_s0_task4_accum20_joint15_lr2.5e-7_seed10,122,4,29,9,10001229,1,0.800000011920929,0.19999998807907104,89,98e2d06491e8cc6103411b206ab4caf77c6921c0
a1_sft_s0_task4_accum20_joint15_lr2.5e-7_seed10,123,4,30,0,10001230,1,0.800000011920929,0.19999998807907104,78,98e2d06491e8cc6103411b206ab4caf77c6921c0
a1_sft_s0_task4_accum20_joint15_lr2.5e-7_seed10,123,4,31,1,10001231,1,0.6000000238418579,0.3999999761581421,81,98e2d06491e8cc6103411b206ab4caf77c6921c0
a1_sft_s0_task4_accum20_joint15_lr2.5e-7_seed10,123,4,32,2,10001232,0,0.0,0.0,300,98e2d06491e8cc6103411b206ab4caf77c6921c0
a1_sft_s0_task4_accum20_joint15_lr2.5e-7_seed10,123,4,33,3,10001233,0,1.0,-1.0,300,98e2d06491e8cc6103411b206ab4caf77c6921c0
a1_sft_s0_task4_accum20_joint15_lr2.5e-7_seed10,123,4,34,4,10001234,1,0.800000011920929,0.19999998807907104,80,98e2d06491e8cc6103411b206ab4caf77c6921c0
a1_sft_s0_task4_accum20_joint15_lr2.5e-7_seed10,123,4,35,5,10001235,1,1.0,0.0,76,98e2d06491e8cc6103411b206ab4caf77c6921c0
a1_sft_s0_task4_accum20_joint15_lr2.5e-7_seed10,123,4,36,6,10001236,1,0.800000011920929,0.19999998807907104,82,98e2d06491e8cc6103411b206ab4caf77c6921c0
a1_sft_s0_task4_accum20_joint15_lr2.5e-7_seed10,123,4,37,7,10001237,0,0.4000000059604645,-0.4000000059604645,300,98e2d06491e8cc6103411b206ab4caf77c6921c0
a1_sft_s0_task4_accum20_joint15_lr2.5e-7_seed10,123,4,38,8,10001238,0,0.0,0.0,300,98e2d06491e8cc6103411b206ab4caf77c6921c0
a1_sft_s0_task4_accum20_joint15_lr2.5e-7_seed10,123,4,39,9,10001239,0,0.0,0.0,300,98e2d06491e8cc6103411b206ab4caf77c6921c0
a1_sft_s0_task4_accum20_joint15_lr2.5e-7_seed10,124,4,40,0,10001240,0,0.0,0.0,300,98e2d06491e8cc6103411b206ab4caf77c6921c0
a1_sft_s0_task4_accum20_joint15_lr2.5e-7_seed10,124,4,41,1,10001241,1,1.0,0.0,85,98e2d06491e8cc6103411b206ab4caf77c6921c0
a1_sft_s0_task4_accum20_joint15_lr2.5e-7_seed10,124,4,42,2,10001242,1,0.6000000238418579,0.3999999761581421,75,98e2d06491e8cc6103411b206ab4caf77c6921c0
a1_sft_s0_task4_accum20_joint15_lr2.5e-7_seed10,124,4,43,3,10001243,1,1.0,0.0,82,98e2d06491e8cc6103411b206ab4caf77c6921c0
a1_sft_s0_task4_accum20_joint15_lr2.5e-7_seed10,124,4,44,4,10001244,1,0.6000000238418579,0.3999999761581421,88,98e2d06491e8cc6103411b206ab4caf77c6921c0
a1_sft_s0_task4_accum20_joint15_lr2.5e-7_seed10,124,4,45,5,10001245,1,1.0,0.0,73,98e2d06491e8cc6103411b206ab4caf77c6921c0
a1_sft_s0_task4_accum20_joint15_lr2.5e-7_seed10,124,4,46,6,10001246,1,1.0,0.0,84,98e2d06491e8cc6103411b206ab4caf77c6921c0
a1_sft_s0_task4_accum20_joint15_lr2.5e-7_seed10,124,4,47,7,10001247,0,0.0,0.0,300,98e2d06491e8cc6103411b206ab4caf77c6921c0
a1_sft_s0_task4_accum20_joint15_lr2.5e-7_seed10,124,4,48,8,10001248,0,0.0,0.0,300,98e2d06491e8cc6103411b206ab4caf77c6921c0
a1_sft_s0_task4_accum20_joint15_lr2.5e-7_seed10,124,4,49,9,10001249,1,1.0,0.0,84,98e2d06491e8cc6103411b206ab4caf77c6921c0
a1_sft_s0_task4_accum20_joint15_lr2.5e-7_seed10,125,4,0,0,10001250,0,0.0,0.0,300,98e2d06491e8cc6103411b206ab4caf77c6921c0
a1_sft_s0_task4_accum20_joint15_lr2.5e-7_seed10,125,4,1,1,10001251,1,1.0,0.0,80,98e2d06491e8cc6103411b206ab4caf77c6921c0
a1_sft_s0_task4_accum20_joint15_lr2.5e-7_seed10,125,4,2,2,10001252,1,1.0,0.0,79,98e2d06491e8cc6103411b206ab4caf77c6921c0
a1_sft_s0_task4_accum20_joint15_lr2.5e-7_seed10,125,4,3,3,10001253,1,0.4000000059604645,0.6000000238418579,95,98e2d06491e8cc6103411b206ab4caf77c6921c0
a1_sft_s0_task4_accum20_joint15_lr2.5e-7_seed10,125,4,4,4,10001254,1,0.4000000059604645,0.6000000238418579,84,98e2d06491e8cc6103411b206ab4caf77c6921c0
a1_sft_s0_task4_accum20_joint15_lr2.5e-7_seed10,125,4,5,5,10001255,1,0.800000011920929,0.19999998807907104,82,98e2d06491e8cc6103411b206ab4caf77c6921c0
a1_sft_s0_task4_accum20_joint15_lr2.5e-7_seed10,125,4,6,6,10001256,0,0.0,0.0,300,98e2d06491e8cc6103411b206ab4caf77c6921c0
a1_sft_s0_task4_accum20_joint15_lr2.5e-7_seed10,125,4,7,7,10001257,1,1.0,0.0,79,98e2d06491e8cc6103411b206ab4caf77c6921c0
a1_sft_s0_task4_accum20_joint15_lr2.5e-7_seed10,125,4,8,8,10001258,0,0.0,0.0,300,98e2d06491e8cc6103411b206ab4caf77c6921c0
a1_sft_s0_task4_accum20_joint15_lr2.5e-7_seed10,125,4,9,9,10001259,1,0.800000011920929,0.19999998807907104,85,98e2d06491e8cc6103411b206ab4caf77c6921c0
a1_sft_s0_task4_accum20_joint15_lr2.5e-7_seed10,126,4,10,0,10001260,0,0.0,0.0,300,98e2d06491e8cc6103411b206ab4caf77c6921c0
a1_sft_s0_task4_accum20_joint15_lr2.5e-7_seed10,126,4,11,1,10001261,0,0.20000000298023224,-0.20000000298023224,300,98e2d06491e8cc6103411b206ab4caf77c6921c0
a1_sft_s0_task4_accum20_joint15_lr2.5e-7_seed10,126,4,12,2,10001262,1,1.0,0.0,80,98e2d06491e8cc6103411b206ab4caf77c6921c0
a1_sft_s0_task4_accum20_joint15_lr2.5e-7_seed10,126,4,13,3,10001263,0,1.0,-1.0,300,98e2d06491e8cc6103411b206ab4caf77c6921c0
a1_sft_s0_task4_accum20_joint15_lr2.5e-7_seed10,126,4,14,4,10001264,1,0.20000000298023224,0.800000011920929,78,98e2d06491e8cc6103411b206ab4caf77c6921c0
a1_sft_s0_task4_accum20_joint15_lr2.5e-7_seed10,126,4,15,5,10001265,1,1.0,0.0,79,98e2d06491e8cc6103411b206ab4caf77c6921c0
a1_sft_s0_task4_accum20_joint15_lr2.5e-7_seed10,126,4,16,6,10001266,1,1.0,0.0,83,98e2d06491e8cc6103411b206ab4caf77c6921c0
a1_sft_s0_task4_accum20_joint15_lr2.5e-7_seed10,126,4,17,7,10001267,1,0.6000000238418579,0.3999999761581421,82,98e2d06491e8cc6103411b206ab4caf77c6921c0
a1_sft_s0_task4_accum20_joint15_lr2.5e-7_seed10,126,4,18,8,10001268,0,0.0,0.0,300,98e2d06491e8cc6103411b206ab4caf77c6921c0
a1_sft_s0_task4_accum20_joint15_lr2.5e-7_seed10,126,4,19,9,10001269,0,1.0,-1.0,300,98e2d06491e8cc6103411b206ab4caf77c6921c0
a1_sft_s0_task4_accum20_joint15_lr2.5e-7_seed10,127,4,20,0,10001270,1,0.800000011920929,0.19999998807907104,78,98e2d06491e8cc6103411b206ab4caf77c6921c0
a1_sft_s0_task4_accum20_joint15_lr2.5e-7_seed10,127,4,21,1,10001271,1,1.0,0.0,83,98e2d06491e8cc6103411b206ab4caf77c6921c0
a1_sft_s0_task4_accum20_joint15_lr2.5e-7_seed10,127,4,22,2,10001272,0,0.0,0.0,300,98e2d06491e8cc6103411b206ab4caf77c6921c0
a1_sft_s0_task4_accum20_joint15_lr2.5e-7_seed10,127,4,23,3,10001273,0,0.20000000298023224,-0.20000000298023224,300,98e2d06491e8cc6103411b206ab4caf77c6921c0
a1_sft_s0_task4_accum20_joint15_lr2.5e-7_seed10,127,4,24,4,10001274,0,0.0,0.0,300,98e2d06491e8cc6103411b206ab4caf77c6921c0
a1_sft_s0_task4_accum20_joint15_lr2.5e-7_seed10,127,4,25,5,10001275,0,0.800000011920929,-0.800000011920929,300,98e2d06491e8cc6103411b206ab4caf77c6921c0
a1_sft_s0_task4_accum20_joint15_lr2.5e-7_seed10,127,4,26,6,10001276,1,0.800000011920929,0.19999998807907104,88,98e2d06491e8cc6103411b206ab4caf77c6921c0
a1_sft_s0_task4_accum20_joint15_lr2.5e-7_seed10,127,4,27,7,10001277,1,1.0,0.0,79,98e2d06491e8cc6103411b206ab4caf77c6921c0
a1_sft_s0_task4_accum20_joint15_lr2.5e-7_seed10,127,4,28,8,10001278,1,1.0,0.0,84,98e2d06491e8cc6103411b206ab4caf77c6921c0
a1_sft_s0_task4_accum20_joint15_lr2.5e-7_seed10,127,4,29,9,10001279,1,0.800000011920929,0.19999998807907104,87,98e2d06491e8cc6103411b206ab4caf77c6921c0
a1_sft_s0_task4_accum20_joint15_lr2.5e-7_seed10,128,4,30,0,10001280,1,1.0,0.0,74,98e2d06491e8cc6103411b206ab4caf77c6921c0
a1_sft_s0_task4_accum20_joint15_lr2.5e-7_seed10,128,4,31,1,10001281,1,0.6000000238418579,0.3999999761581421,81,98e2d06491e8cc6103411b206ab4caf77c6921c0
a1_sft_s0_task4_accum20_joint15_lr2.5e-7_seed10,128,4,32,2,10001282,1,0.0,1.0,78,98e2d06491e8cc6103411b206ab4caf77c6921c0
a1_sft_s0_task4_accum20_joint15_lr2.5e-7_seed10,128,4,33,3,10001283,1,0.800000011920929,0.19999998807907104,79,98e2d06491e8cc6103411b206ab4caf77c6921c0
a1_sft_s0_task4_accum20_joint15_lr2.5e-7_seed10,128,4,34,4,10001284,1,0.800000011920929,0.19999998807907104,80,98e2d06491e8cc6103411b206ab4caf77c6921c0
a1_sft_s0_task4_accum20_joint15_lr2.5e-7_seed10,128,4,35,5,10001285,1,1.0,0.0,83,98e2d06491e8cc6103411b206ab4caf77c6921c0
a1_sft_s0_task4_accum20_joint15_lr2.5e-7_seed10,128,4,36,6,10001286,1,1.0,0.0,82,98e2d06491e8cc6103411b206ab4caf77c6921c0
a1_sft_s0_task4_accum20_joint15_lr2.5e-7_seed10,128,4,37,7,10001287,1,0.4000000059604645,0.6000000238418579,86,98e2d06491e8cc6103411b206ab4caf77c6921c0
a1_sft_s0_task4_accum20_joint15_lr2.5e-7_seed10,128,4,38,8,10001288,0,0.0,0.0,300,98e2d06491e8cc6103411b206ab4caf77c6921c0
a1_sft_s0_task4_accum20_joint15_lr2.5e-7_seed10,128,4,39,9,10001289,0,0.0,0.0,300,98e2d06491e8cc6103411b206ab4caf77c6921c0
a1_sft_s0_task4_accum20_joint15_lr2.5e-7_seed10,129,4,40,0,10001290,0,0.0,0.0,300,98e2d06491e8cc6103411b206ab4caf77c6921c0
a1_sft_s0_task4_accum20_joint15_lr2.5e-7_seed10,129,4,41,1,10001291,1,1.0,0.0,81,98e2d06491e8cc6103411b206ab4caf77c6921c0
a1_sft_s0_task4_accum20_joint15_lr2.5e-7_seed10,129,4,42,2,10001292,0,0.800000011920929,-0.800000011920929,300,98e2d06491e8cc6103411b206ab4caf77c6921c0
a1_sft_s0_task4_accum20_joint15_lr2.5e-7_seed10,129,4,43,3,10001293,1,1.0,0.0,82,98e2d06491e8cc6103411b206ab4caf77c6921c0
a1_sft_s0_task4_accum20_joint15_lr2.5e-7_seed10,129,4,44,4,10001294,1,0.6000000238418579,0.3999999761581421,73,98e2d06491e8cc6103411b206ab4caf77c6921c0
a1_sft_s0_task4_accum20_joint15_lr2.5e-7_seed10,129,4,45,5,10001295,1,1.0,0.0,82,98e2d06491e8cc6103411b206ab4caf77c6921c0
a1_sft_s0_task4_accum20_joint15_lr2.5e-7_seed10,129,4,46,6,10001296,1,1.0,0.0,81,98e2d06491e8cc6103411b206ab4caf77c6921c0
a1_sft_s0_task4_accum20_joint15_lr2.5e-7_seed10,129,4,47,7,10001297,0,0.0,0.0,300,98e2d06491e8cc6103411b206ab4caf77c6921c0
a1_sft_s0_task4_accum20_joint15_lr2.5e-7_seed10,129,4,48,8,10001298,0,0.0,0.0,300,98e2d06491e8cc6103411b206ab4caf77c6921c0
a1_sft_s0_task4_accum20_joint15_lr2.5e-7_seed10,129,4,49,9,10001299,0,1.0,-1.0,300,98e2d06491e8cc6103411b206ab4caf77c6921c0
a1_sft_s0_task4_accum20_joint15_lr2.5e-7_seed10,130,4,0,0,10001300,0,0.0,0.0,300,98e2d06491e8cc6103411b206ab4caf77c6921c0
a1_sft_s0_task4_accum20_joint15_lr2.5e-7_seed10,130,4,1,1,10001301,1,1.0,0.0,85,98e2d06491e8cc6103411b206ab4caf77c6921c0
a1_sft_s0_task4_accum20_joint15_lr2.5e-7_seed10,130,4,2,2,10001302,1,1.0,0.0,83,98e2d06491e8cc6103411b206ab4caf77c6921c0
a1_sft_s0_task4_accum20_joint15_lr2.5e-7_seed10,130,4,3,3,10001303,0,0.4000000059604645,-0.4000000059604645,300,98e2d06491e8cc6103411b206ab4caf77c6921c0
a1_sft_s0_task4_accum20_joint15_lr2.5e-7_seed10,130,4,4,4,10001304,1,0.4000000059604645,0.6000000238418579,77,98e2d06491e8cc6103411b206ab4caf77c6921c0
a1_sft_s0_task4_accum20_joint15_lr2.5e-7_seed10,130,4,5,5,10001305,1,0.800000011920929,0.19999998807907104,85,98e2d06491e8cc6103411b206ab4caf77c6921c0
a1_sft_s0_task4_accum20_joint15_lr2.5e-7_seed10,130,4,6,6,10001306,0,0.0,0.0,300,98e2d06491e8cc6103411b206ab4caf77c6921c0
a1_sft_s0_task4_accum20_joint15_lr2.5e-7_seed10,130,4,7,7,10001307,1,1.0,0.0,79,98e2d06491e8cc6103411b206ab4caf77c6921c0
a1_sft_s0_task4_accum20_joint15_lr2.5e-7_seed10,130,4,8,8,10001308,0,0.0,0.0,300,98e2d06491e8cc6103411b206ab4caf77c6921c0
a1_sft_s0_task4_accum20_joint15_lr2.5e-7_seed10,130,4,9,9,10001309,1,0.800000011920929,0.19999998807907104,76,98e2d06491e8cc6103411b206ab4caf77c6921c0
a1_sft_s0_task4_accum20_joint15_lr2.5e-7_seed10,131,4,10,0,10001310,0,0.0,0.0,300,98e2d06491e8cc6103411b206ab4caf77c6921c0
a1_sft_s0_task4_accum20_joint15_lr2.5e-7_seed10,131,4,11,1,10001311,0,0.20000000298023224,-0.20000000298023224,300,98e2d06491e8cc6103411b206ab4caf77c6921c0
a1_sft_s0_task4_accum20_joint15_lr2.5e-7_seed10,131,4,12,2,10001312,1,1.0,0.0,75,98e2d06491e8cc6103411b206ab4caf77c6921c0
a1_sft_s0_task4_accum20_joint15_lr2.5e-7_seed10,131,4,13,3,10001313,1,0.800000011920929,0.19999998807907104,77,98e2d06491e8cc6103411b206ab4caf77c6921c0
a1_sft_s0_task4_accum20_joint15_lr2.5e-7_seed10,131,4,14,4,10001314,1,0.4000000059604645,0.6000000238418579,84,98e2d06491e8cc6103411b206ab4caf77c6921c0
a1_sft_s0_task4_accum20_joint15_lr2.5e-7_seed10,131,4,15,5,10001315,1,1.0,0.0,83,98e2d06491e8cc6103411b206ab4caf77c6921c0
a1_sft_s0_task4_accum20_joint15_lr2.5e-7_seed10,131,4,16,6,10001316,1,1.0,0.0,79,98e2d06491e8cc6103411b206ab4caf77c6921c0
a1_sft_s0_task4_accum20_joint15_lr2.5e-7_seed10,131,4,17,7,10001317,1,0.6000000238418579,0.3999999761581421,91,98e2d06491e8cc6103411b206ab4caf77c6921c0
a1_sft_s0_task4_accum20_joint15_lr2.5e-7_seed10,131,4,18,8,10001318,0,0.0,0.0,300,98e2d06491e8cc6103411b206ab4caf77c6921c0
a1_sft_s0_task4_accum20_joint15_lr2.5e-7_seed10,131,4,19,9,10001319,0,0.800000011920929,-0.800000011920929,300,98e2d06491e8cc6103411b206ab4caf77c6921c0
a1_sft_s0_task4_accum20_joint15_lr2.5e-7_seed10,132,4,20,0,10001320,0,0.800000011920929,-0.800000011920929,300,98e2d06491e8cc6103411b206ab4caf77c6921c0
a1_sft_s0_task4_accum20_joint15_lr2.5e-7_seed10,132,4,21,1,10001321,1,1.0,0.0,84,98e2d06491e8cc6103411b206ab4caf77c6921c0
a1_sft_s0_task4_accum20_joint15_lr2.5e-7_seed10,132,4,22,2,10001322,0,0.0,0.0,300,98e2d06491e8cc6103411b206ab4caf77c6921c0
a1_sft_s0_task4_accum20_joint15_lr2.5e-7_seed10,132,4,23,3,10001323,0,0.20000000298023224,-0.20000000298023224,300,98e2d06491e8cc6103411b206ab4caf77c6921c0
a1_sft_s0_task4_accum20_joint15_lr2.5e-7_seed10,132,4,24,4,10001324,0,0.0,0.0,300,98e2d06491e8cc6103411b206ab4caf77c6921c0
a1_sft_s0_task4_accum20_joint15_lr2.5e-7_seed10,132,4,25,5,10001325,0,0.800000011920929,-0.800000011920929,300,98e2d06491e8cc6103411b206ab4caf77c6921c0
a1_sft_s0_task4_accum20_joint15_lr2.5e-7_seed10,132,4,26,6,10001326,1,0.800000011920929,0.19999998807907104,87,98e2d06491e8cc6103411b206ab4caf77c6921c0
a1_sft_s0_task4_accum20_joint15_lr2.5e-7_seed10,132,4,27,7,10001327,1,1.0,0.0,74,98e2d06491e8cc6103411b206ab4caf77c6921c0
a1_sft_s0_task4_accum20_joint15_lr2.5e-7_seed10,132,4,28,8,10001328,1,1.0,0.0,79,98e2d06491e8cc6103411b206ab4caf77c6921c0
a1_sft_s0_task4_accum20_joint15_lr2.5e-7_seed10,132,4,29,9,10001329,1,0.800000011920929,0.19999998807907104,86,98e2d06491e8cc6103411b206ab4caf77c6921c0
a1_sft_s0_task4_accum20_joint15_lr2.5e-7_seed10,133,4,30,0,10001330,1,1.0,0.0,76,98e2d06491e8cc6103411b206ab4caf77c6921c0
a1_sft_s0_task4_accum20_joint15_lr2.5e-7_seed10,133,4,31,1,10001331,1,0.6000000238418579,0.3999999761581421,84,98e2d06491e8cc6103411b206ab4caf77c6921c0
a1_sft_s0_task4_accum20_joint15_lr2.5e-7_seed10,133,4,32,2,10001332,0,0.20000000298023224,-0.20000000298023224,300,98e2d06491e8cc6103411b206ab4caf77c6921c0
a1_sft_s0_task4_accum20_joint15_lr2.5e-7_seed10,133,4,33,3,10001333,0,0.800000011920929,-0.800000011920929,300,98e2d06491e8cc6103411b206ab4caf77c6921c0
a1_sft_s0_task4_accum20_joint15_lr2.5e-7_seed10,133,4,34,4,10001334,1,1.0,0.0,79,98e2d06491e8cc6103411b206ab4caf77c6921c0
a1_sft_s0_task4_accum20_joint15_lr2.5e-7_seed10,133,4,35,5,10001335,1,1.0,0.0,75,98e2d06491e8cc6103411b206ab4caf77c6921c0
a1_sft_s0_task4_accum20_joint15_lr2.5e-7_seed10,133,4,36,6,10001336,1,1.0,0.0,83,98e2d06491e8cc6103411b206ab4caf77c6921c0
a1_sft_s0_task4_accum20_joint15_lr2.5e-7_seed10,133,4,37,7,10001337,1,0.4000000059604645,0.6000000238418579,81,98e2d06491e8cc6103411b206ab4caf77c6921c0
a1_sft_s0_task4_accum20_joint15_lr2.5e-7_seed10,133,4,38,8,10001338,0,0.0,0.0,300,98e2d06491e8cc6103411b206ab4caf77c6921c0
a1_sft_s0_task4_accum20_joint15_lr2.5e-7_seed10,133,4,39,9,10001339,0,0.0,0.0,300,98e2d06491e8cc6103411b206ab4caf77c6921c0
a1_sft_s0_task4_accum20_joint15_lr2.5e-7_seed10,134,4,40,0,10001340,0,0.0,0.0,300,98e2d06491e8cc6103411b206ab4caf77c6921c0
a1_sft_s0_task4_accum20_joint15_lr2.5e-7_seed10,134,4,41,1,10001341,1,1.0,0.0,74,98e2d06491e8cc6103411b206ab4caf77c6921c0
a1_sft_s0_task4_accum20_joint15_lr2.5e-7_seed10,134,4,42,2,10001342,1,0.800000011920929,0.19999998807907104,76,98e2d06491e8cc6103411b206ab4caf77c6921c0
a1_sft_s0_task4_accum20_joint15_lr2.5e-7_seed10,134,4,43,3,10001343,1,1.0,0.0,80,98e2d06491e8cc6103411b206ab4caf77c6921c0
a1_sft_s0_task4_accum20_joint15_lr2.5e-7_seed10,134,4,44,4,10001344,1,0.800000011920929,0.19999998807907104,80,98e2d06491e8cc6103411b206ab4caf77c6921c0
a1_sft_s0_task4_accum20_joint15_lr2.5e-7_seed10,134,4,45,5,10001345,1,1.0,0.0,79,98e2d06491e8cc6103411b206ab4caf77c6921c0
a1_sft_s0_task4_accum20_joint15_lr2.5e-7_seed10,134,4,46,6,10001346,1,1.0,0.0,80,98e2d06491e8cc6103411b206ab4caf77c6921c0
a1_sft_s0_task4_accum20_joint15_lr2.5e-7_seed10,134,4,47,7,10001347,0,0.0,0.0,300,98e2d06491e8cc6103411b206ab4caf77c6921c0
a1_sft_s0_task4_accum20_joint15_lr2.5e-7_seed10,134,4,48,8,10001348,0,0.0,0.0,300,98e2d06491e8cc6103411b206ab4caf77c6921c0
a1_sft_s0_task4_accum20_joint15_lr2.5e-7_seed10,134,4,49,9,10001349,1,0.800000011920929,0.19999998807907104,81,98e2d06491e8cc6103411b206ab4caf77c6921c0
a1_sft_s0_task4_accum20_joint15_lr2.5e-7_seed10,135,4,0,0,10001350,0,0.0,0.0,300,98e2d06491e8cc6103411b206ab4caf77c6921c0
a1_sft_s0_task4_accum20_joint15_lr2.5e-7_seed10,135,4,1,1,10001351,1,1.0,0.0,85,98e2d06491e8cc6103411b206ab4caf77c6921c0
a1_sft_s0_task4_accum20_joint15_lr2.5e-7_seed10,135,4,2,2,10001352,1,1.0,0.0,83,98e2d06491e8cc6103411b206ab4caf77c6921c0
a1_sft_s0_task4_accum20_joint15_lr2.5e-7_seed10,135,4,3,3,10001353,1,0.4000000059604645,0.6000000238418579,86,98e2d06491e8cc6103411b206ab4caf77c6921c0
a1_sft_s0_task4_accum20_joint15_lr2.5e-7_seed10,135,4,4,4,10001354,0,0.4000000059604645,-0.4000000059604645,300,98e2d06491e8cc6103411b206ab4caf77c6921c0
a1_sft_s0_task4_accum20_joint15_lr2.5e-7_seed10,135,4,5,5,10001355,1,0.800000011920929,0.19999998807907104,85,98e2d06491e8cc6103411b206ab4caf77c6921c0
a1_sft_s0_task4_accum20_joint15_lr2.5e-7_seed10,135,4,6,6,10001356,0,0.0,0.0,300,98e2d06491e8cc6103411b206ab4caf77c6921c0
a1_sft_s0_task4_accum20_joint15_lr2.5e-7_seed10,135,4,7,7,10001357,0,1.0,-1.0,300,98e2d06491e8cc6103411b206ab4caf77c6921c0
a1_sft_s0_task4_accum20_joint15_lr2.5e-7_seed10,135,4,8,8,10001358,0,0.0,0.0,300,98e2d06491e8cc6103411b206ab4caf77c6921c0
a1_sft_s0_task4_accum20_joint15_lr2.5e-7_seed10,135,4,9,9,10001359,1,0.800000011920929,0.19999998807907104,75,98e2d06491e8cc6103411b206ab4caf77c6921c0
a1_sft_s0_task4_accum20_joint15_lr2.5e-7_seed10,136,4,10,0,10001360,0,0.0,0.0,300,98e2d06491e8cc6103411b206ab4caf77c6921c0
a1_sft_s0_task4_accum20_joint15_lr2.5e-7_seed10,136,4,11,1,10001361,0,0.20000000298023224,-0.20000000298023224,300,98e2d06491e8cc6103411b206ab4caf77c6921c0
a1_sft_s0_task4_accum20_joint15_lr2.5e-7_seed10,136,4,12,2,10001362,1,1.0,0.0,78,98e2d06491e8cc6103411b206ab4caf77c6921c0
a1_sft_s0_task4_accum20_joint15_lr2.5e-7_seed10,136,4,13,3,10001363,1,0.800000011920929,0.19999998807907104,80,98e2d06491e8cc6103411b206ab4caf77c6921c0
a1_sft_s0_task4_accum20_joint15_lr2.5e-7_seed10,136,4,14,4,10001364,0,0.6000000238418579,-0.6000000238418579,300,98e2d06491e8cc6103411b206ab4caf77c6921c0
a1_sft_s0_task4_accum20_joint15_lr2.5e-7_seed10,136,4,15,5,10001365,1,1.0,0.0,88,98e2d06491e8cc6103411b206ab4caf77c6921c0
a1_sft_s0_task4_accum20_joint15_lr2.5e-7_seed10,136,4,16,6,10001366,1,1.0,0.0,77,98e2d06491e8cc6103411b206ab4caf77c6921c0
a1_sft_s0_task4_accum20_joint15_lr2.5e-7_seed10,136,4,17,7,10001367,1,0.800000011920929,0.19999998807907104,91,98e2d06491e8cc6103411b206ab4caf77c6921c0
a1_sft_s0_task4_accum20_joint15_lr2.5e-7_seed10,136,4,18,8,10001368,0,0.0,0.0,300,98e2d06491e8cc6103411b206ab4caf77c6921c0
a1_sft_s0_task4_accum20_joint15_lr2.5e-7_seed10,136,4,19,9,10001369,1,0.6000000238418579,0.3999999761581421,76,98e2d06491e8cc6103411b206ab4caf77c6921c0
a1_sft_s0_task4_accum20_joint15_lr2.5e-7_seed10,137,4,20,0,10001370,1,0.6000000238418579,0.3999999761581421,87,98e2d06491e8cc6103411b206ab4caf77c6921c0
a1_sft_s0_task4_accum20_joint15_lr2.5e-7_seed10,137,4,21,1,10001371,1,1.0,0.0,86,98e2d06491e8cc6103411b206ab4caf77c6921c0
a1_sft_s0_task4_accum20_joint15_lr2.5e-7_seed10,137,4,22,2,10001372,0,0.0,0.0,300,98e2d06491e8cc6103411b206ab4caf77c6921c0
a1_sft_s0_task4_accum20_joint15_lr2.5e-7_seed10,137,4,23,3,10001373,0,0.20000000298023224,-0.20000000298023224,300,98e2d06491e8cc6103411b206ab4caf77c6921c0
a1_sft_s0_task4_accum20_joint15_lr2.5e-7_seed10,137,4,24,4,10001374,0,0.0,0.0,300,98e2d06491e8cc6103411b206ab4caf77c6921c0
a1_sft_s0_task4_accum20_joint15_lr2.5e-7_seed10,137,4,25,5,10001375,1,0.6000000238418579,0.3999999761581421,77,98e2d06491e8cc6103411b206ab4caf77c6921c0
a1_sft_s0_task4_accum20_joint15_lr2.5e-7_seed10,137,4,26,6,10001376,1,0.800000011920929,0.19999998807907104,88,98e2d06491e8cc6103411b206ab4caf77c6921c0
a1_sft_s0_task4_accum20_joint15_lr2.5e-7_seed10,137,4,27,7,10001377,1,1.0,0.0,78,98e2d06491e8cc6103411b206ab4caf77c6921c0
a1_sft_s0_task4_accum20_joint15_lr2.5e-7_seed10,137,4,28,8,10001378,1,1.0,0.0,85,98e2d06491e8cc6103411b206ab4caf77c6921c0
a1_sft_s0_task4_accum20_joint15_lr2.5e-7_seed10,137,4,29,9,10001379,0,1.0,-1.0,300,98e2d06491e8cc6103411b206ab4caf77c6921c0
a1_sft_s0_task4_accum20_joint15_lr2.5e-7_seed10,138,4,30,0,10001380,1,1.0,0.0,91,98e2d06491e8cc6103411b206ab4caf77c6921c0
a1_sft_s0_task4_accum20_joint15_lr2.5e-7_seed10,138,4,31,1,10001381,1,0.800000011920929,0.19999998807907104,82,98e2d06491e8cc6103411b206ab4caf77c6921c0
a1_sft_s0_task4_accum20_joint15_lr2.5e-7_seed10,138,4,32,2,10001382,0,0.20000000298023224,-0.20000000298023224,300,98e2d06491e8cc6103411b206ab4caf77c6921c0
a1_sft_s0_task4_accum20_joint15_lr2.5e-7_seed10,138,4,33,3,10001383,0,0.6000000238418579,-0.6000000238418579,300,98e2d06491e8cc6103411b206ab4caf77c6921c0
a1_sft_s0_task4_accum20_joint15_lr2.5e-7_seed10,138,4,34,4,10001384,1,1.0,0.0,85,98e2d06491e8cc6103411b206ab4caf77c6921c0
a1_sft_s0_task4_accum20_joint15_lr2.5e-7_seed10,138,4,35,5,10001385,1,1.0,0.0,74,98e2d06491e8cc6103411b206ab4caf77c6921c0
a1_sft_s0_task4_accum20_joint15_lr2.5e-7_seed10,138,4,36,6,10001386,1,1.0,0.0,82,98e2d06491e8cc6103411b206ab4caf77c6921c0
a1_sft_s0_task4_accum20_joint15_lr2.5e-7_seed10,138,4,37,7,10001387,0,0.4000000059604645,-0.4000000059604645,300,98e2d06491e8cc6103411b206ab4caf77c6921c0
a1_sft_s0_task4_accum20_joint15_lr2.5e-7_seed10,138,4,38,8,10001388,0,0.0,0.0,300,98e2d06491e8cc6103411b206ab4caf77c6921c0
a1_sft_s0_task4_accum20_joint15_lr2.5e-7_seed10,138,4,39,9,10001389,0,0.0,0.0,300,98e2d06491e8cc6103411b206ab4caf77c6921c0
a1_sft_s0_task4_accum20_joint15_lr2.5e-7_seed10,139,4,40,0,10001390,0,0.0,0.0,300,98e2d06491e8cc6103411b206ab4caf77c6921c0
a1_sft_s0_task4_accum20_joint15_lr2.5e-7_seed10,139,4,41,1,10001391,1,1.0,0.0,87,98e2d06491e8cc6103411b206ab4caf77c6921c0
a1_sft_s0_task4_accum20_joint15_lr2.5e-7_seed10,139,4,42,2,10001392,1,0.800000011920929,0.19999998807907104,74,98e2d06491e8cc6103411b206ab4caf77c6921c0
a1_sft_s0_task4_accum20_joint15_lr2.5e-7_seed10,139,4,43,3,10001393,1,1.0,0.0,82,98e2d06491e8cc6103411b206ab4caf77c6921c0
a1_sft_s0_task4_accum20_joint15_lr2.5e-7_seed10,139,4,44,4,10001394,0,0.800000011920929,-0.800000011920929,300,98e2d06491e8cc6103411b206ab4caf77c6921c0
a1_sft_s0_task4_accum20_joint15_lr2.5e-7_seed10,139,4,45,5,10001395,1,1.0,0.0,85,98e2d06491e8cc6103411b206ab4caf77c6921c0
a1_sft_s0_task4_accum20_joint15_lr2.5e-7_seed10,139,4,46,6,10001396,1,1.0,0.0,81,98e2d06491e8cc6103411b206ab4caf77c6921c0
a1_sft_s0_task4_accum20_joint15_lr2.5e-7_seed10,139,4,47,7,10001397,0,0.0,0.0,300,98e2d06491e8cc6103411b206ab4caf77c6921c0
a1_sft_s0_task4_accum20_joint15_lr2.5e-7_seed10,139,4,48,8,10001398,0,0.0,0.0,300,98e2d06491e8cc6103411b206ab4caf77c6921c0
a1_sft_s0_task4_accum20_joint15_lr2.5e-7_seed10,139,4,49,9,10001399,1,0.800000011920929,0.19999998807907104,92,98e2d06491e8cc6103411b206ab4caf77c6921c0
a1_sft_s0_task4_accum20_joint15_lr2.5e-7_seed10,140,4,0,0,10001400,0,0.0,0.0,300,98e2d06491e8cc6103411b206ab4caf77c6921c0
a1_sft_s0_task4_accum20_joint15_lr2.5e-7_seed10,140,4,1,1,10001401,1,1.0,0.0,88,98e2d06491e8cc6103411b206ab4caf77c6921c0
a1_sft_s0_task4_accum20_joint15_lr2.5e-7_seed10,140,4,2,2,10001402,1,1.0,0.0,82,98e2d06491e8cc6103411b206ab4caf77c6921c0
a1_sft_s0_task4_accum20_joint15_lr2.5e-7_seed10,140,4,3,3,10001403,0,0.6000000238418579,-0.6000000238418579,300,98e2d06491e8cc6103411b206ab4caf77c6921c0
a1_sft_s0_task4_accum20_joint15_lr2.5e-7_seed10,140,4,4,4,10001404,0,0.4000000059604645,-0.4000000059604645,300,98e2d06491e8cc6103411b206ab4caf77c6921c0
a1_sft_s0_task4_accum20_joint15_lr2.5e-7_seed10,140,4,5,5,10001405,0,0.800000011920929,-0.800000011920929,300,98e2d06491e8cc6103411b206ab4caf77c6921c0
a1_sft_s0_task4_accum20_joint15_lr2.5e-7_seed10,140,4,6,6,10001406,0,0.0,0.0,300,98e2d06491e8cc6103411b206ab4caf77c6921c0
a1_sft_s0_task4_accum20_joint15_lr2.5e-7_seed10,140,4,7,7,10001407,1,0.800000011920929,0.19999998807907104,83,98e2d06491e8cc6103411b206ab4caf77c6921c0
a1_sft_s0_task4_accum20_joint15_lr2.5e-7_seed10,140,4,8,8,10001408,0,0.0,0.0,300,98e2d06491e8cc6103411b206ab4caf77c6921c0
a1_sft_s0_task4_accum20_joint15_lr2.5e-7_seed10,140,4,9,9,10001409,1,1.0,0.0,84,98e2d06491e8cc6103411b206ab4caf77c6921c0
a1_sft_s0_task4_accum20_joint15_lr2.5e-7_seed10,141,4,10,0,10001410,0,0.0,0.0,300,98e2d06491e8cc6103411b206ab4caf77c6921c0
a1_sft_s0_task4_accum20_joint15_lr2.5e-7_seed10,141,4,11,1,10001411,0,0.20000000298023224,-0.20000000298023224,300,98e2d06491e8cc6103411b206ab4caf77c6921c0
a1_sft_s0_task4_accum20_joint15_lr2.5e-7_seed10,141,4,12,2,10001412,1,1.0,0.0,84,98e2d06491e8cc6103411b206ab4caf77c6921c0
a1_sft_s0_task4_accum20_joint15_lr2.5e-7_seed10,141,4,13,3,10001413,1,0.800000011920929,0.19999998807907104,81,98e2d06491e8cc6103411b206ab4caf77c6921c0
a1_sft_s0_task4_accum20_joint15_lr2.5e-7_seed10,141,4,14,4,10001414,1,0.4000000059604645,0.6000000238418579,76,98e2d06491e8cc6103411b206ab4caf77c6921c0
a1_sft_s0_task4_accum20_joint15_lr2.5e-7_seed10,141,4,15,5,10001415,1,1.0,0.0,85,98e2d06491e8cc6103411b206ab4caf77c6921c0
a1_sft_s0_task4_accum20_joint15_lr2.5e-7_seed10,141,4,16,6,10001416,1,1.0,0.0,81,98e2d06491e8cc6103411b206ab4caf77c6921c0
a1_sft_s0_task4_accum20_joint15_lr2.5e-7_seed10,141,4,17,7,10001417,0,1.0,-1.0,300,98e2d06491e8cc6103411b206ab4caf77c6921c0
a1_sft_s0_task4_accum20_joint15_lr2.5e-7_seed10,141,4,18,8,10001418,0,0.0,0.0,300,98e2d06491e8cc6103411b206ab4caf77c6921c0
a1_sft_s0_task4_accum20_joint15_lr2.5e-7_seed10,141,4,19,9,10001419,0,0.6000000238418579,-0.6000000238418579,300,98e2d06491e8cc6103411b206ab4caf77c6921c0
a1_sft_s0_task4_accum20_joint15_lr2.5e-7_seed10,142,4,20,0,10001420,1,0.6000000238418579,0.3999999761581421,91,98e2d06491e8cc6103411b206ab4caf77c6921c0
a1_sft_s0_task4_accum20_joint15_lr2.5e-7_seed10,142,4,21,1,10001421,1,1.0,0.0,82,98e2d06491e8cc6103411b206ab4caf77c6921c0
a1_sft_s0_task4_accum20_joint15_lr2.5e-7_seed10,142,4,22,2,10001422,0,0.0,0.0,300,98e2d06491e8cc6103411b206ab4caf77c6921c0
a1_sft_s0_task4_accum20_joint15_lr2.5e-7_seed10,142,4,23,3,10001423,0,0.20000000298023224,-0.20000000298023224,300,98e2d06491e8cc6103411b206ab4caf77c6921c0
a1_sft_s0_task4_accum20_joint15_lr2.5e-7_seed10,142,4,24,4,10001424,0,0.0,0.0,300,98e2d06491e8cc6103411b206ab4caf77c6921c0
a1_sft_s0_task4_accum20_joint15_lr2.5e-7_seed10,142,4,25,5,10001425,0,0.6000000238418579,-0.6000000238418579,300,98e2d06491e8cc6103411b206ab4caf77c6921c0
a1_sft_s0_task4_accum20_joint15_lr2.5e-7_seed10,142,4,26,6,10001426,1,0.800000011920929,0.19999998807907104,79,98e2d06491e8cc6103411b206ab4caf77c6921c0
a1_sft_s0_task4_accum20_joint15_lr2.5e-7_seed10,142,4,27,7,10001427,1,1.0,0.0,77,98e2d06491e8cc6103411b206ab4caf77c6921c0
a1_sft_s0_task4_accum20_joint15_lr2.5e-7_seed10,142,4,28,8,10001428,1,1.0,0.0,81,98e2d06491e8cc6103411b206ab4caf77c6921c0
a1_sft_s0_task4_accum20_joint15_lr2.5e-7_seed10,142,4,29,9,10001429,0,0.800000011920929,-0.800000011920929,300,98e2d06491e8cc6103411b206ab4caf77c6921c0
a1_sft_s0_task4_accum20_joint15_lr2.5e-7_seed10,143,4,30,0,10001430,1,1.0,0.0,83,98e2d06491e8cc6103411b206ab4caf77c6921c0
a1_sft_s0_task4_accum20_joint15_lr2.5e-7_seed10,143,4,31,1,10001431,1,1.0,0.0,85,98e2d06491e8cc6103411b206ab4caf77c6921c0
a1_sft_s0_task4_accum20_joint15_lr2.5e-7_seed10,143,4,32,2,10001432,0,0.20000000298023224,-0.20000000298023224,300,98e2d06491e8cc6103411b206ab4caf77c6921c0
a1_sft_s0_task4_accum20_joint15_lr2.5e-7_seed10,143,4,33,3,10001433,1,0.4000000059604645,0.6000000238418579,81,98e2d06491e8cc6103411b206ab4caf77c6921c0
a1_sft_s0_task4_accum20_joint15_lr2.5e-7_seed10,143,4,34,4,10001434,1,1.0,0.0,85,98e2d06491e8cc6103411b206ab4caf77c6921c0
a1_sft_s0_task4_accum20_joint15_lr2.5e-7_seed10,143,4,35,5,10001435,1,1.0,0.0,80,98e2d06491e8cc6103411b206ab4caf77c6921c0
a1_sft_s0_task4_accum20_joint15_lr2.5e-7_seed10,143,4,36,6,10001436,1,1.0,0.0,82,98e2d06491e8cc6103411b206ab4caf77c6921c0
a1_sft_s0_task4_accum20_joint15_lr2.5e-7_seed10,143,4,37,7,10001437,1,0.4000000059604645,0.6000000238418579,86,98e2d06491e8cc6103411b206ab4caf77c6921c0
a1_sft_s0_task4_accum20_joint15_lr2.5e-7_seed10,143,4,38,8,10001438,0,0.0,0.0,300,98e2d06491e8cc6103411b206ab4caf77c6921c0
a1_sft_s0_task4_accum20_joint15_lr2.5e-7_seed10,143,4,39,9,10001439,0,0.0,0.0,300,98e2d06491e8cc6103411b206ab4caf77c6921c0
a1_sft_s0_task4_accum20_joint15_lr2.5e-7_seed10,144,4,40,0,10001440,0,0.0,0.0,300,98e2d06491e8cc6103411b206ab4caf77c6921c0
a1_sft_s0_task4_accum20_joint15_lr2.5e-7_seed10,144,4,41,1,10001441,1,1.0,0.0,80,98e2d06491e8cc6103411b206ab4caf77c6921c0
a1_sft_s0_task4_accum20_joint15_lr2.5e-7_seed10,144,4,42,2,10001442,1,0.800000011920929,0.19999998807907104,81,98e2d06491e8cc6103411b206ab4caf77c6921c0
a1_sft_s0_task4_accum20_joint15_lr2.5e-7_seed10,144,4,43,3,10001443,1,1.0,0.0,86,98e2d06491e8cc6103411b206ab4caf77c6921c0
a1_sft_s0_task4_accum20_joint15_lr2.5e-7_seed10,144,4,44,4,10001444,0,0.800000011920929,-0.800000011920929,300,98e2d06491e8cc6103411b206ab4caf77c6921c0
a1_sft_s0_task4_accum20_joint15_lr2.5e-7_seed10,144,4,45,5,10001445,1,1.0,0.0,77,98e2d06491e8cc6103411b206ab4caf77c6921c0
a1_sft_s0_task4_accum20_joint15_lr2.5e-7_seed10,144,4,46,6,10001446,1,1.0,0.0,80,98e2d06491e8cc6103411b206ab4caf77c6921c0
a1_sft_s0_task4_accum20_joint15_lr2.5e-7_seed10,144,4,47,7,10001447,0,0.0,0.0,300,98e2d06491e8cc6103411b206ab4caf77c6921c0
a1_sft_s0_task4_accum20_joint15_lr2.5e-7_seed10,144,4,48,8,10001448,0,0.0,0.0,300,98e2d06491e8cc6103411b206ab4caf77c6921c0
a1_sft_s0_task4_accum20_joint15_lr2.5e-7_seed10,144,4,49,9,10001449,1,0.800000011920929,0.19999998807907104,92,98e2d06491e8cc6103411b206ab4caf77c6921c0
a1_sft_s0_task4_accum20_joint15_lr2.5e-7_seed10,145,4,0,0,10001450,0,0.0,0.0,300,98e2d06491e8cc6103411b206ab4caf77c6921c0
a1_sft_s0_task4_accum20_joint15_lr2.5e-7_seed10,145,4,1,1,10001451,1,1.0,0.0,85,98e2d06491e8cc6103411b206ab4caf77c6921c0
a1_sft_s0_task4_accum20_joint15_lr2.5e-7_seed10,145,4,2,2,10001452,1,1.0,0.0,78,98e2d06491e8cc6103411b206ab4caf77c6921c0
a1_sft_s0_task4_accum20_joint15_lr2.5e-7_seed10,145,4,3,3,10001453,0,0.4000000059604645,-0.4000000059604645,300,98e2d06491e8cc6103411b206ab4caf77c6921c0
a1_sft_s0_task4_accum20_joint15_lr2.5e-7_seed10,145,4,4,4,10001454,1,0.4000000059604645,0.6000000238418579,76,98e2d06491e8cc6103411b206ab4caf77c6921c0
a1_sft_s0_task4_accum20_joint15_lr2.5e-7_seed10,145,4,5,5,10001455,1,0.800000011920929,0.19999998807907104,85,98e2d06491e8cc6103411b206ab4caf77c6921c0
a1_sft_s0_task4_accum20_joint15_lr2.5e-7_seed10,145,4,6,6,10001456,0,0.0,0.0,300,98e2d06491e8cc6103411b206ab4caf77c6921c0
a1_sft_s0_task4_accum20_joint15_lr2.5e-7_seed10,145,4,7,7,10001457,1,0.800000011920929,0.19999998807907104,84,98e2d06491e8cc6103411b206ab4caf77c6921c0
a1_sft_s0_task4_accum20_joint15_lr2.5e-7_seed10,145,4,8,8,10001458,0,0.0,0.0,300,98e2d06491e8cc6103411b206ab4caf77c6921c0
a1_sft_s0_task4_accum20_joint15_lr2.5e-7_seed10,145,4,9,9,10001459,0,1.0,-1.0,300,98e2d06491e8cc6103411b206ab4caf77c6921c0
a1_sft_s0_task4_accum20_joint15_lr2.5e-7_seed10,146,4,10,0,10001460,0,0.0,0.0,300,98e2d06491e8cc6103411b206ab4caf77c6921c0
a1_sft_s0_task4_accum20_joint15_lr2.5e-7_seed10,146,4,11,1,10001461,0,0.20000000298023224,-0.20000000298023224,300,98e2d06491e8cc6103411b206ab4caf77c6921c0
a1_sft_s0_task4_accum20_joint15_lr2.5e-7_seed10,146,4,12,2,10001462,1,1.0,0.0,75,98e2d06491e8cc6103411b206ab4caf77c6921c0
a1_sft_s0_task4_accum20_joint15_lr2.5e-7_seed10,146,4,13,3,10001463,1,0.800000011920929,0.19999998807907104,77,98e2d06491e8cc6103411b206ab4caf77c6921c0
a1_sft_s0_task4_accum20_joint15_lr2.5e-7_seed10,146,4,14,4,10001464,0,0.6000000238418579,-0.6000000238418579,300,98e2d06491e8cc6103411b206ab4caf77c6921c0
a1_sft_s0_task4_accum20_joint15_lr2.5e-7_seed10,146,4,15,5,10001465,1,1.0,0.0,82,98e2d06491e8cc6103411b206ab4caf77c6921c0
a1_sft_s0_task4_accum20_joint15_lr2.5e-7_seed10,146,4,16,6,10001466,1,1.0,0.0,76,98e2d06491e8cc6103411b206ab4caf77c6921c0
a1_sft_s0_task4_accum20_joint15_lr2.5e-7_seed10,146,4,17,7,10001467,1,0.800000011920929,0.19999998807907104,89,98e2d06491e8cc6103411b206ab4caf77c6921c0
a1_sft_s0_task4_accum20_joint15_lr2.5e-7_seed10,146,4,18,8,10001468,0,0.0,0.0,300,98e2d06491e8cc6103411b206ab4caf77c6921c0
a1_sft_s0_task4_accum20_joint15_lr2.5e-7_seed10,146,4,19,9,10001469,0,0.4000000059604645,-0.4000000059604645,300,98e2d06491e8cc6103411b206ab4caf77c6921c0
a1_sft_s0_task4_accum20_joint15_lr2.5e-7_seed10,147,4,20,0,10001470,1,0.800000011920929,0.19999998807907104,81,98e2d06491e8cc6103411b206ab4caf77c6921c0
a1_sft_s0_task4_accum20_joint15_lr2.5e-7_seed10,147,4,21,1,10001471,1,1.0,0.0,93,98e2d06491e8cc6103411b206ab4caf77c6921c0
a1_sft_s0_task4_accum20_joint15_lr2.5e-7_seed10,147,4,22,2,10001472,0,0.0,0.0,300,98e2d06491e8cc6103411b206ab4caf77c6921c0
a1_sft_s0_task4_accum20_joint15_lr2.5e-7_seed10,147,4,23,3,10001473,0,0.20000000298023224,-0.20000000298023224,300,98e2d06491e8cc6103411b206ab4caf77c6921c0
a1_sft_s0_task4_accum20_joint15_lr2.5e-7_seed10,147,4,24,4,10001474,0,0.0,0.0,300,98e2d06491e8cc6103411b206ab4caf77c6921c0
a1_sft_s0_task4_accum20_joint15_lr2.5e-7_seed10,147,4,25,5,10001475,1,0.4000000059604645,0.6000000238418579,81,98e2d06491e8cc6103411b206ab4caf77c6921c0
a1_sft_s0_task4_accum20_joint15_lr2.5e-7_seed10,147,4,26,6,10001476,1,0.800000011920929,0.19999998807907104,83,98e2d06491e8cc6103411b206ab4caf77c6921c0
a1_sft_s0_task4_accum20_joint15_lr2.5e-7_seed10,147,4,27,7,10001477,1,1.0,0.0,85,98e2d06491e8cc6103411b206ab4caf77c6921c0
a1_sft_s0_task4_accum20_joint15_lr2.5e-7_seed10,147,4,28,8,10001478,1,1.0,0.0,87,98e2d06491e8cc6103411b206ab4caf77c6921c0
a1_sft_s0_task4_accum20_joint15_lr2.5e-7_seed10,147,4,29,9,10001479,1,0.6000000238418579,0.3999999761581421,76,98e2d06491e8cc6103411b206ab4caf77c6921c0
a1_sft_s0_task4_accum20_joint15_lr2.5e-7_seed10,148,4,30,0,10001480,1,1.0,0.0,82,98e2d06491e8cc6103411b206ab4caf77c6921c0
a1_sft_s0_task4_accum20_joint15_lr2.5e-7_seed10,148,4,31,1,10001481,1,1.0,0.0,92,98e2d06491e8cc6103411b206ab4caf77c6921c0
a1_sft_s0_task4_accum20_joint15_lr2.5e-7_seed10,148,4,32,2,10001482,1,0.20000000298023224,0.800000011920929,77,98e2d06491e8cc6103411b206ab4caf77c6921c0
a1_sft_s0_task4_accum20_joint15_lr2.5e-7_seed10,148,4,33,3,10001483,1,0.4000000059604645,0.6000000238418579,84,98e2d06491e8cc6103411b206ab4caf77c6921c0
a1_sft_s0_task4_accum20_joint15_lr2.5e-7_seed10,148,4,34,4,10001484,1,1.0,0.0,80,98e2d06491e8cc6103411b206ab4caf77c6921c0
a1_sft_s0_task4_accum20_joint15_lr2.5e-7_seed10,148,4,35,5,10001485,1,1.0,0.0,80,98e2d06491e8cc6103411b206ab4caf77c6921c0
a1_sft_s0_task4_accum20_joint15_lr2.5e-7_seed10,148,4,36,6,10001486,1,1.0,0.0,80,98e2d06491e8cc6103411b206ab4caf77c6921c0
a1_sft_s0_task4_accum20_joint15_lr2.5e-7_seed10,148,4,37,7,10001487,1,0.6000000238418579,0.3999999761581421,82,98e2d06491e8cc6103411b206ab4caf77c6921c0
a1_sft_s0_task4_accum20_joint15_lr2.5e-7_seed10,148,4,38,8,10001488,0,0.0,0.0,300,98e2d06491e8cc6103411b206ab4caf77c6921c0
a1_sft_s0_task4_accum20_joint15_lr2.5e-7_seed10,148,4,39,9,10001489,0,0.0,0.0,300,98e2d06491e8cc6103411b206ab4caf77c6921c0
a1_sft_s0_task4_accum20_joint15_lr2.5e-7_seed10,149,4,40,0,10001490,0,0.0,0.0,300,98e2d06491e8cc6103411b206ab4caf77c6921c0
a1_sft_s0_task4_accum20_joint15_lr2.5e-7_seed10,149,4,41,1,10001491,1,1.0,0.0,79,98e2d06491e8cc6103411b206ab4caf77c6921c0
a1_sft_s0_task4_accum20_joint15_lr2.5e-7_seed10,149,4,42,2,10001492,1,0.800000011920929,0.19999998807907104,73,98e2d06491e8cc6103411b206ab4caf77c6921c0
a1_sft_s0_task4_accum20_joint15_lr2.5e-7_seed10,149,4,43,3,10001493,1,1.0,0.0,85,98e2d06491e8cc6103411b206ab4caf77c6921c0
a1_sft_s0_task4_accum20_joint15_lr2.5e-7_seed10,149,4,44,4,10001494,1,0.6000000238418579,0.3999999761581421,79,98e2d06491e8cc6103411b206ab4caf77c6921c0
a1_sft_s0_task4_accum20_joint15_lr2.5e-7_seed10,149,4,45,5,10001495,1,1.0,0.0,80,98e2d06491e8cc6103411b206ab4caf77c6921c0
a1_sft_s0_task4_accum20_joint15_lr2.5e-7_seed10,149,4,46,6,10001496,1,1.0,0.0,80,98e2d06491e8cc6103411b206ab4caf77c6921c0
a1_sft_s0_task4_accum20_joint15_lr2.5e-7_seed10,149,4,47,7,10001497,0,0.0,0.0,300,98e2d06491e8cc6103411b206ab4caf77c6921c0
a1_sft_s0_task4_accum20_joint15_lr2.5e-7_seed10,149,4,48,8,10001498,0,0.0,0.0,300,98e2d06491e8cc6103411b206ab4caf77c6921c0
a1_sft_s0_task4_accum20_joint15_lr2.5e-7_seed10,149,4,49,9,10001499,1,0.800000011920929,0.19999998807907104,89,98e2d06491e8cc6103411b206ab4caf77c6921c0
a1_sft_s0_task4_accum20_joint15_lr2.5e-7_seed10,150,4,0,0,10001500,0,0.0,0.0,300,98e2d06491e8cc6103411b206ab4caf77c6921c0
a1_sft_s0_task4_accum20_joint15_lr2.5e-7_seed10,150,4,1,1,10001501,1,1.0,0.0,85,98e2d06491e8cc6103411b206ab4caf77c6921c0
a1_sft_s0_task4_accum20_joint15_lr2.5e-7_seed10,150,4,2,2,10001502,1,1.0,0.0,81,98e2d06491e8cc6103411b206ab4caf77c6921c0
a1_sft_s0_task4_accum20_joint15_lr2.5e-7_seed10,150,4,3,3,10001503,1,0.4000000059604645,0.6000000238418579,102,98e2d06491e8cc6103411b206ab4caf77c6921c0
a1_sft_s0_task4_accum20_joint15_lr2.5e-7_seed10,150,4,4,4,10001504,1,0.6000000238418579,0.3999999761581421,78,98e2d06491e8cc6103411b206ab4caf77c6921c0
a1_sft_s0_task4_accum20_joint15_lr2.5e-7_seed10,150,4,5,5,10001505,1,0.800000011920929,0.19999998807907104,92,98e2d06491e8cc6103411b206ab4caf77c6921c0
a1_sft_s0_task4_accum20_joint15_lr2.5e-7_seed10,150,4,6,6,10001506,0,0.0,0.0,300,98e2d06491e8cc6103411b206ab4caf77c6921c0
a1_sft_s0_task4_accum20_joint15_lr2.5e-7_seed10,150,4,7,7,10001507,1,0.800000011920929,0.19999998807907104,80,98e2d06491e8cc6103411b206ab4caf77c6921c0
a1_sft_s0_task4_accum20_joint15_lr2.5e-7_seed10,150,4,8,8,10001508,0,0.0,0.0,300,98e2d06491e8cc6103411b206ab4caf77c6921c0
a1_sft_s0_task4_accum20_joint15_lr2.5e-7_seed10,150,4,9,9,10001509,1,0.800000011920929,0.19999998807907104,77,98e2d06491e8cc6103411b206ab4caf77c6921c0
a1_sft_s0_task4_accum20_joint15_lr2.5e-7_seed10,151,4,10,0,10001510,0,0.0,0.0,300,98e2d06491e8cc6103411b206ab4caf77c6921c0
a1_sft_s0_task4_accum20_joint15_lr2.5e-7_seed10,151,4,11,1,10001511,0,0.0,0.0,300,98e2d06491e8cc6103411b206ab4caf77c6921c0
a1_sft_s0_task4_accum20_joint15_lr2.5e-7_seed10,151,4,12,2,10001512,1,1.0,0.0,79,98e2d06491e8cc6103411b206ab4caf77c6921c0
a1_sft_s0_task4_accum20_joint15_lr2.5e-7_seed10,151,4,13,3,10001513,1,0.800000011920929,0.19999998807907104,81,98e2d06491e8cc6103411b206ab4caf77c6921c0
a1_sft_s0_task4_accum20_joint15_lr2.5e-7_seed10,151,4,14,4,10001514,0,0.6000000238418579,-0.6000000238418579,300,98e2d06491e8cc6103411b206ab4caf77c6921c0
a1_sft_s0_task4_accum20_joint15_lr2.5e-7_seed10,151,4,15,5,10001515,0,1.0,-1.0,300,98e2d06491e8cc6103411b206ab4caf77c6921c0
a1_sft_s0_task4_accum20_joint15_lr2.5e-7_seed10,151,4,16,6,10001516,1,1.0,0.0,83,98e2d06491e8cc6103411b206ab4caf77c6921c0
a1_sft_s0_task4_accum20_joint15_lr2.5e-7_seed10,151,4,17,7,10001517,1,0.800000011920929,0.19999998807907104,75,98e2d06491e8cc6103411b206ab4caf77c6921c0
a1_sft_s0_task4_accum20_joint15_lr2.5e-7_seed10,151,4,18,8,10001518,0,0.0,0.0,300,98e2d06491e8cc6103411b206ab4caf77c6921c0
a1_sft_s0_task4_accum20_joint15_lr2.5e-7_seed10,151,4,19,9,10001519,1,0.20000000298023224,0.800000011920929,74,98e2d06491e8cc6103411b206ab4caf77c6921c0
a1_sft_s0_task4_accum20_joint15_lr2.5e-7_seed10,152,4,20,0,10001520,1,0.800000011920929,0.19999998807907104,95,98e2d06491e8cc6103411b206ab4caf77c6921c0
a1_sft_s0_task4_accum20_joint15_lr2.5e-7_seed10,152,4,21,1,10001521,1,1.0,0.0,84,98e2d06491e8cc6103411b206ab4caf77c6921c0
a1_sft_s0_task4_accum20_joint15_lr2.5e-7_seed10,152,4,22,2,10001522,0,0.0,0.0,300,98e2d06491e8cc6103411b206ab4caf77c6921c0
a1_sft_s0_task4_accum20_joint15_lr2.5e-7_seed10,152,4,23,3,10001523,0,0.0,0.0,300,98e2d06491e8cc6103411b206ab4caf77c6921c0
a1_sft_s0_task4_accum20_joint15_lr2.5e-7_seed10,152,4,24,4,10001524,0,0.0,0.0,300,98e2d06491e8cc6103411b206ab4caf77c6921c0
a1_sft_s0_task4_accum20_joint15_lr2.5e-7_seed10,152,4,25,5,10001525,0,0.4000000059604645,-0.4000000059604645,300,98e2d06491e8cc6103411b206ab4caf77c6921c0
a1_sft_s0_task4_accum20_joint15_lr2.5e-7_seed10,152,4,26,6,10001526,1,1.0,0.0,81,98e2d06491e8cc6103411b206ab4caf77c6921c0
a1_sft_s0_task4_accum20_joint15_lr2.5e-7_seed10,152,4,27,7,10001527,1,1.0,0.0,79,98e2d06491e8cc6103411b206ab4caf77c6921c0
a1_sft_s0_task4_accum20_joint15_lr2.5e-7_seed10,152,4,28,8,10001528,1,1.0,0.0,76,98e2d06491e8cc6103411b206ab4caf77c6921c0
a1_sft_s0_task4_accum20_joint15_lr2.5e-7_seed10,152,4,29,9,10001529,1,0.6000000238418579,0.3999999761581421,88,98e2d06491e8cc6103411b206ab4caf77c6921c0
a1_sft_s0_task4_accum20_joint15_lr2.5e-7_seed10,153,4,30,0,10001530,1,1.0,0.0,81,98e2d06491e8cc6103411b206ab4caf77c6921c0
a1_sft_s0_task4_accum20_joint15_lr2.5e-7_seed10,153,4,31,1,10001531,1,1.0,0.0,92,98e2d06491e8cc6103411b206ab4caf77c6921c0
a1_sft_s0_task4_accum20_joint15_lr2.5e-7_seed10,153,4,32,2,10001532,0,0.4000000059604645,-0.4000000059604645,300,98e2d06491e8cc6103411b206ab4caf77c6921c0
a1_sft_s0_task4_accum20_joint15_lr2.5e-7_seed10,153,4,33,3,10001533,0,0.6000000238418579,-0.6000000238418579,300,98e2d06491e8cc6103411b206ab4caf77c6921c0
a1_sft_s0_task4_accum20_joint15_lr2.5e-7_seed10,153,4,34,4,10001534,0,1.0,-1.0,300,98e2d06491e8cc6103411b206ab4caf77c6921c0
a1_sft_s0_task4_accum20_joint15_lr2.5e-7_seed10,153,4,35,5,10001535,1,1.0,0.0,80,98e2d06491e8cc6103411b206ab4caf77c6921c0
a1_sft_s0_task4_accum20_joint15_lr2.5e-7_seed10,153,4,36,6,10001536,1,1.0,0.0,84,98e2d06491e8cc6103411b206ab4caf77c6921c0
a1_sft_s0_task4_accum20_joint15_lr2.5e-7_seed10,153,4,37,7,10001537,0,0.800000011920929,-0.800000011920929,300,98e2d06491e8cc6103411b206ab4caf77c6921c0
a1_sft_s0_task4_accum20_joint15_lr2.5e-7_seed10,153,4,38,8,10001538,0,0.0,0.0,300,98e2d06491e8cc6103411b206ab4caf77c6921c0
a1_sft_s0_task4_accum20_joint15_lr2.5e-7_seed10,153,4,39,9,10001539,0,0.0,0.0,300,98e2d06491e8cc6103411b206ab4caf77c6921c0
a1_sft_s0_task4_accum20_joint15_lr2.5e-7_seed10,154,4,40,0,10001540,0,0.0,0.0,300,98e2d06491e8cc6103411b206ab4caf77c6921c0
a1_sft_s0_task4_accum20_joint15_lr2.5e-7_seed10,154,4,41,1,10001541,1,1.0,0.0,88,98e2d06491e8cc6103411b206ab4caf77c6921c0
a1_sft_s0_task4_accum20_joint15_lr2.5e-7_seed10,154,4,42,2,10001542,1,0.800000011920929,0.19999998807907104,78,98e2d06491e8cc6103411b206ab4caf77c6921c0
a1_sft_s0_task4_accum20_joint15_lr2.5e-7_seed10,154,4,43,3,10001543,1,1.0,0.0,84,98e2d06491e8cc6103411b206ab4caf77c6921c0
a1_sft_s0_task4_accum20_joint15_lr2.5e-7_seed10,154,4,44,4,10001544,1,0.6000000238418579,0.3999999761581421,77,98e2d06491e8cc6103411b206ab4caf77c6921c0
a1_sft_s0_task4_accum20_joint15_lr2.5e-7_seed10,154,4,45,5,10001545,1,1.0,0.0,83,98e2d06491e8cc6103411b206ab4caf77c6921c0
a1_sft_s0_task4_accum20_joint15_lr2.5e-7_seed10,154,4,46,6,10001546,1,1.0,0.0,89,98e2d06491e8cc6103411b206ab4caf77c6921c0
a1_sft_s0_task4_accum20_joint15_lr2.5e-7_seed10,154,4,47,7,10001547,0,0.0,0.0,300,98e2d06491e8cc6103411b206ab4caf77c6921c0
a1_sft_s0_task4_accum20_joint15_lr2.5e-7_seed10,154,4,48,8,10001548,1,0.0,1.0,88,98e2d06491e8cc6103411b206ab4caf77c6921c0
a1_sft_s0_task4_accum20_joint15_lr2.5e-7_seed10,154,4,49,9,10001549,1,0.800000011920929,0.19999998807907104,84,98e2d06491e8cc6103411b206ab4caf77c6921c0
a1_sft_s0_task4_accum20_joint15_lr2.5e-7_seed10,155,4,0,0,10001550,0,0.0,0.0,300,98e2d06491e8cc6103411b206ab4caf77c6921c0
a1_sft_s0_task4_accum20_joint15_lr2.5e-7_seed10,155,4,1,1,10001551,1,1.0,0.0,83,98e2d06491e8cc6103411b206ab4caf77c6921c0
a1_sft_s0_task4_accum20_joint15_lr2.5e-7_seed10,155,4,2,2,10001552,1,1.0,0.0,78,98e2d06491e8cc6103411b206ab4caf77c6921c0
a1_sft_s0_task4_accum20_joint15_lr2.5e-7_seed10,155,4,3,3,10001553,0,0.4000000059604645,-0.4000000059604645,300,98e2d06491e8cc6103411b206ab4caf77c6921c0
a1_sft_s0_task4_accum20_joint15_lr2.5e-7_seed10,155,4,4,4,10001554,0,0.6000000238418579,-0.6000000238418579,300,98e2d06491e8cc6103411b206ab4caf77c6921c0
a1_sft_s0_task4_accum20_joint15_lr2.5e-7_seed10,155,4,5,5,10001555,1,0.800000011920929,0.19999998807907104,85,98e2d06491e8cc6103411b206ab4caf77c6921c0
a1_sft_s0_task4_accum20_joint15_lr2.5e-7_seed10,155,4,6,6,10001556,0,0.0,0.0,300,98e2d06491e8cc6103411b206ab4caf77c6921c0
a1_sft_s0_task4_accum20_joint15_lr2.5e-7_seed10,155,4,7,7,10001557,0,0.800000011920929,-0.800000011920929,300,98e2d06491e8cc6103411b206ab4caf77c6921c0
a1_sft_s0_task4_accum20_joint15_lr2.5e-7_seed10,155,4,8,8,10001558,0,0.0,0.0,300,98e2d06491e8cc6103411b206ab4caf77c6921c0
a1_sft_s0_task4_accum20_joint15_lr2.5e-7_seed10,155,4,9,9,10001559,0,0.800000011920929,-0.800000011920929,300,98e2d06491e8cc6103411b206ab4caf77c6921c0
a1_sft_s0_task4_accum20_joint15_lr2.5e-7_seed10,156,4,10,0,10001560,0,0.0,0.0,300,98e2d06491e8cc6103411b206ab4caf77c6921c0
a1_sft_s0_task4_accum20_joint15_lr2.5e-7_seed10,156,4,11,1,10001561,0,0.0,0.0,300,98e2d06491e8cc6103411b206ab4caf77c6921c0
a1_sft_s0_task4_accum20_joint15_lr2.5e-7_seed10,156,4,12,2,10001562,1,1.0,0.0,83,98e2d06491e8cc6103411b206ab4caf77c6921c0
a1_sft_s0_task4_accum20_joint15_lr2.5e-7_seed10,156,4,13,3,10001563,1,1.0,0.0,77,98e2d06491e8cc6103411b206ab4caf77c6921c0
a1_sft_s0_task4_accum20_joint15_lr2.5e-7_seed10,156,4,14,4,10001564,1,0.4000000059604645,0.6000000238418579,78,98e2d06491e8cc6103411b206ab4caf77c6921c0
a1_sft_s0_task4_accum20_joint15_lr2.5e-7_seed10,156,4,15,5,10001565,1,0.800000011920929,0.19999998807907104,78,98e2d06491e8cc6103411b206ab4caf77c6921c0
a1_sft_s0_task4_accum20_joint15_lr2.5e-7_seed10,156,4,16,6,10001566,1,1.0,0.0,76,98e2d06491e8cc6103411b206ab4caf77c6921c0
a1_sft_s0_task4_accum20_joint15_lr2.5e-7_seed10,156,4,17,7,10001567,1,0.800000011920929,0.19999998807907104,78,98e2d06491e8cc6103411b206ab4caf77c6921c0
a1_sft_s0_task4_accum20_joint15_lr2.5e-7_seed10,156,4,18,8,10001568,0,0.0,0.0,300,98e2d06491e8cc6103411b206ab4caf77c6921c0
a1_sft_s0_task4_accum20_joint15_lr2.5e-7_seed10,156,4,19,9,10001569,0,0.4000000059604645,-0.4000000059604645,300,98e2d06491e8cc6103411b206ab4caf77c6921c0
a1_sft_s0_task4_accum20_joint15_lr2.5e-7_seed10,157,4,20,0,10001570,0,0.800000011920929,-0.800000011920929,300,98e2d06491e8cc6103411b206ab4caf77c6921c0
a1_sft_s0_task4_accum20_joint15_lr2.5e-7_seed10,157,4,21,1,10001571,1,1.0,0.0,81,98e2d06491e8cc6103411b206ab4caf77c6921c0
a1_sft_s0_task4_accum20_joint15_lr2.5e-7_seed10,157,4,22,2,10001572,0,0.0,0.0,300,98e2d06491e8cc6103411b206ab4caf77c6921c0
a1_sft_s0_task4_accum20_joint15_lr2.5e-7_seed10,157,4,23,3,10001573,0,0.0,0.0,300,98e2d06491e8cc6103411b206ab4caf77c6921c0
a1_sft_s0_task4_accum20_joint15_lr2.5e-7_seed10,157,4,24,4,10001574,0,0.0,0.0,300,98e2d06491e8cc6103411b206ab4caf77c6921c0
a1_sft_s0_task4_accum20_joint15_lr2.5e-7_seed10,157,4,25,5,10001575,0,0.4000000059604645,-0.4000000059604645,300,98e2d06491e8cc6103411b206ab4caf77c6921c0
a1_sft_s0_task4_accum20_joint15_lr2.5e-7_seed10,157,4,26,6,10001576,0,1.0,-1.0,300,98e2d06491e8cc6103411b206ab4caf77c6921c0
a1_sft_s0_task4_accum20_joint15_lr2.5e-7_seed10,157,4,27,7,10001577,1,1.0,0.0,84,98e2d06491e8cc6103411b206ab4caf77c6921c0
a1_sft_s0_task4_accum20_joint15_lr2.5e-7_seed10,157,4,28,8,10001578,1,1.0,0.0,87,98e2d06491e8cc6103411b206ab4caf77c6921c0
a1_sft_s0_task4_accum20_joint15_lr2.5e-7_seed10,157,4,29,9,10001579,1,0.6000000238418579,0.3999999761581421,84,98e2d06491e8cc6103411b206ab4caf77c6921c0
a1_sft_s0_task4_accum20_joint15_lr2.5e-7_seed10,158,4,30,0,10001580,1,1.0,0.0,86,98e2d06491e8cc6103411b206ab4caf77c6921c0
a1_sft_s0_task4_accum20_joint15_lr2.5e-7_seed10,158,4,31,1,10001581,1,1.0,0.0,85,98e2d06491e8cc6103411b206ab4caf77c6921c0
a1_sft_s0_task4_accum20_joint15_lr2.5e-7_seed10,158,4,32,2,10001582,1,0.20000000298023224,0.800000011920929,85,98e2d06491e8cc6103411b206ab4caf77c6921c0
a1_sft_s0_task4_accum20_joint15_lr2.5e-7_seed10,158,4,33,3,10001583,0,0.4000000059604645,-0.4000000059604645,300,98e2d06491e8cc6103411b206ab4caf77c6921c0
a1_sft_s0_task4_accum20_joint15_lr2.5e-7_seed10,158,4,34,4,10001584,1,0.800000011920929,0.19999998807907104,83,98e2d06491e8cc6103411b206ab4caf77c6921c0
a1_sft_s0_task4_accum20_joint15_lr2.5e-7_seed10,158,4,35,5,10001585,1,1.0,0.0,78,98e2d06491e8cc6103411b206ab4caf77c6921c0
a1_sft_s0_task4_accum20_joint15_lr2.5e-7_seed10,158,4,36,6,10001586,1,1.0,0.0,88,98e2d06491e8cc6103411b206ab4caf77c6921c0
a1_sft_s0_task4_accum20_joint15_lr2.5e-7_seed10,158,4,37,7,10001587,1,0.6000000238418579,0.3999999761581421,86,98e2d06491e8cc6103411b206ab4caf77c6921c0
a1_sft_s0_task4_accum20_joint15_lr2.5e-7_seed10,158,4,38,8,10001588,0,0.0,0.0,300,98e2d06491e8cc6103411b206ab4caf77c6921c0
a1_sft_s0_task4_accum20_joint15_lr2.5e-7_seed10,158,4,39,9,10001589,0,0.0,0.0,300,98e2d06491e8cc6103411b206ab4caf77c6921c0
a1_sft_s0_task4_accum20_joint15_lr2.5e-7_seed10,159,4,40,0,10001590,0,0.0,0.0,300,98e2d06491e8cc6103411b206ab4caf77c6921c0
a1_sft_s0_task4_accum20_joint15_lr2.5e-7_seed10,159,4,41,1,10001591,1,1.0,0.0,79,98e2d06491e8cc6103411b206ab4caf77c6921c0
a1_sft_s0_task4_accum20_joint15_lr2.5e-7_seed10,159,4,42,2,10001592,1,1.0,0.0,72,98e2d06491e8cc6103411b206ab4caf77c6921c0
a1_sft_s0_task4_accum20_joint15_lr2.5e-7_seed10,159,4,43,3,10001593,1,1.0,0.0,79,98e2d06491e8cc6103411b206ab4caf77c6921c0
a1_sft_s0_task4_accum20_joint15_lr2.5e-7_seed10,159,4,44,4,10001594,1,0.6000000238418579,0.3999999761581421,79,98e2d06491e8cc6103411b206ab4caf77c6921c0
a1_sft_s0_task4_accum20_joint15_lr2.5e-7_seed10,159,4,45,5,10001595,1,1.0,0.0,86,98e2d06491e8cc6103411b206ab4caf77c6921c0
a1_sft_s0_task4_accum20_joint15_lr2.5e-7_seed10,159,4,46,6,10001596,1,1.0,0.0,83,98e2d06491e8cc6103411b206ab4caf77c6921c0
a1_sft_s0_task4_accum20_joint15_lr2.5e-7_seed10,159,4,47,7,10001597,0,0.0,0.0,300,98e2d06491e8cc6103411b206ab4caf77c6921c0
a1_sft_s0_task4_accum20_joint15_lr2.5e-7_seed10,159,4,48,8,10001598,0,0.20000000298023224,-0.20000000298023224,300,98e2d06491e8cc6103411b206ab4caf77c6921c0
a1_sft_s0_task4_accum20_joint15_lr2.5e-7_seed10,159,4,49,9,10001599,1,1.0,0.0,82,98e2d06491e8cc6103411b206ab4caf77c6921c0
